ID,text,date,label_name
1485,Ok but no one really understands how BAD I wanna meet {@Sam and Colby@} next weekend buttttt I didn’t get the meetup,2020-02-23,daily_life
2638,Some of the #ZackSnydersJusticeLeague fan posters are absolutely stunning.. really hope the winning posters gets to be the official poster for the #ReleaseTheSnyderCut {@Zack Snyder@},2020-02-02,pop_culture
491,I get to see {@David Spade@} in august!!!! Literally a dream I NEVER thought would happen!!! ❤️,2021-07-25,pop_culture
1835,Remember {@Lamar Jackson@} can t run in the NFL like he did at Louisville......,2019-11-10,sports_&_gaming
1173,Missed the homies so I threw on That s The Pod and drove around till I listened to all of em. And {{USERNAME}} {{USERNAME}} and {{USERNAME}} are 3 of the stupidest people to ever exist. Not one time did they have a clue what they were talking about. Felt just like home.,2021-08-15,pop_culture
1829,Harry Styles - Watermelon Sugar (Official Audio) {{URL}} via {@YouTube@}  x #HarryStyles is Yesssss!!!,2019-11-20,pop_culture
349,"“In 1919, Sylvia Beach sent a telegram to her mother in America: ‘Opening bookshop in Paris. Please send money.’“ That bookstore became the famed {{USERNAME}} . (Read “The Patron Saint of Bookstores” {{URL}} ",2019-10-06,arts_&_culture
1002,IM SO HAPPY I BOUGHT {@AJR@} TICKETS MY FAVORITE BAND AND I FINALLY GET TO SEE THEM NEXT YEAR ;---; bless you spotify presale,2021-04-14,pop_culture
1893,The Rolling Stones perform classic from FOUR separate locations {{URL}} via {@Daily Mail Celebrity@},2020-04-19,pop_culture
2486,I wish someone on the {@Cleveland Browns@} could just answer a simple question. Why the hell did we pass so many times when clearly we win when we run effectively {@Baker Mayfield@} {@Jarvis Juice Landry@} anyone?,2020-12-27,sports_&_gaming
1083,Scranton’s Matt McGloin with a TD run and a TD pass in his first three possessions in the XFL.  NY Guardians lead TB 14-0. {@WNEP Sports@},2020-02-09,sports_&_gaming
1880,FRESH FIND !! >> Discover New Music and Hot Talents!! Give a listen to Jabber Jaws by MoCity Jones {@YouTube@} #hiphop  #rap   #new_music {{USERNAME}} #GrooverEffect  Follow MoCity Jones: {{URL}} LISTEN HERE {{URL}},2021-08-22,pop_culture
2792,I will never understand why Newcastle went for Bruce over Benitez #TOTNEW #coyg #afc {@Arsenal@},2020-09-27,sports_&_gaming
831,Every CIX music video is #CIXPENSIVE  #CIX_TESSERACT #CIX #씨아이엑스 {@CIX@} {@CIXOfficial@},2021-06-27,pop_culture
1599,"Challenging conditions today, but Mansel Davies have once again done the job for us and collected milk for Glanbia Cheese with minimal disruption. Diolch {{USERNAME}} and team.",2021-01-24,daily_life
44,michael chaves desgr4çad0  My ★★★★ review of The Conjuring: The Devil Made Me Do It on {@Letterboxd@} : {{URL}},2021-06-05,pop_culture
615,. hii friends {@Zane Lowe@} i would love to hear Won t kill me by {{USERNAME}} on New Music Daily TY!! #WKMonNMD,2021-06-27,pop_culture
2108,Winter solstice 2019: A short day that s long on ancient traditions {{URL}} via {@CNN Travel@},2019-12-22,daily_life
762,"Box Office:  Bad Boys for Life  Zooms to $68M,  Dolittle  Bombs With $30M {{URL}} via {@The Hollywood Reporter@} ",2020-01-19,pop_culture
2147,". {@BTS_twt@}  Permission to Dance  on Spotify  Day 1: 13,491,639 Day 2: 11,021,531 (NEW)  Total: 24,513,170",2021-07-11,pop_culture
2874,Jets RB Le Veon Bell aims shot at Jamal Adams after trade saga - via {@ESPN@} App {{URL}},2020-07-26,sports_&_gaming
2062,. {@DiscoverySA@} CEO #RYANNOACH felt the heat and ran out the kitchen  {{USERNAME}} Great interview {@Carte Blanche@} Discovery are roques finish en klaar.,2021-07-25,business_&_entrepreneurs
493,Sooo the 120 new songs come out at midnight???? I guess that means I’ll be up all night again ( {{USERNAME}} ),2020-09-27,pop_culture
3008,"Marc Murphy should be getting a 1 week holiday courtesy of MRO, not just a 50m penalty for almost  breaking the ribs  of Jake Carlisle late in the 4th #aflbluessaints Someone get a video? That was far harder than Zach Merretts love tap! #LetsBeConsistent #afl {@AFL@} ",2020-07-02,sports_&_gaming
692,Fox News talking about {{USERNAME}} this morning. Didn’t know my pal was a racist!,2020-06-30,pop_culture
113,Preserving and Protecting the Line of David {{URL}} via {{USERNAME}},2021-03-21,daily_life
2748,"VCU was pulled from the NCAA Tournament on Saturday after what the school said were “multiple” positive COVID-19 tests within the past two days, ending the Rams  run in college basketball s annual showcase before it began. {{URL}} via {@WSPA 7News@} ",2021-03-21,sports_&_gaming
1084,"Happy mother s day to my sister {{USERNAME}} , Payten is yo clone fr I wouldn t have wanted it any other way",2020-05-10,daily_life
2050,"Oooh. So this is the story of  Ours , no wonder na sobrang iba yung tune nya haha. Ang galiiing! This is actually one of my fave songs of {@Ben Ben@} hehe. You guys did so well!! {{URL}} ",2019-10-27,pop_culture
488,Happy mothers day to all you beautiful mums out there {{USERNAME}},2020-03-22,daily_life
1411,"MLB *Game 2 of 3 (1-1) Yankees 7 White Sox 5 Final/10 innings {@Chicago White Sox@} 68-49 (L1 streak) 1st in AL Central {@New York Yankees@} 64-52 (W1 streak) 3rd in AL East  Series: 1,086-853, Yankees W1 streak, Yankees 2021 season: 4-1, Yankees",2021-08-15,sports_&_gaming
2229,"Bob Marley - Work [05] {{URL}} via {@YouTube@} Love this song, reminds me of my uncle Qani Skoti ",2020-02-09,pop_culture
1380,"The mad world of UFC 249: No fans, fighters hearing pundits ..  MailOnline - Coronavirus - News - Noticias - Bitcoin - CryptoCurrency - Forex - {{USERNAME}} > {{URL}} ",2020-05-10,sports_&_gaming
502,Trump Supporters Swarm Outside Bill Barr’s House To Demand He Arrest Biden {{URL}} via {{USERNAME}} Report,2020-11-01,pop_culture
600,on {@YouTube@} : Will WRECKER Execute ORDER 66 After Hitting His Head? (Strong Evidence) - Star Wars: The Bad Batch {{URL}},2021-05-16,pop_culture
398,"Blasting this track from {{USERNAME}} is transporting to a hot summer day cruising down Lake Shore Drive, windows down and your best friend yelling the lyrics beside you. {{URL}} ",2020-08-02,pop_culture
788,De La Soul - All Good (feat. Chaka Khan) [Official Music Video] {{URL}} via {@YouTube@} This is greatness,2021-02-28,pop_culture
3146,"Watching the XFL got me thinking why {@Johnny Manziel@} isn’t on my screen rn, come to find out people had my same thoughts for yesterday’s games and my mans had the time ✊",2020-02-09,sports_&_gaming
1499,Closer   {{URL}} 10 Years Later  {{URL}} That Person Must Be You  {{URL}} #winmetawin {@Winmetawin@} #แค่ไหนก็ใกล้1M,2021-05-23,pop_culture
2266,Teumes we still didn t trend the red carpet alreadt want to start TREASURE AT SMA #TREASURE_at_SMA {@TREASURE@} #TREASURE #트레저,2021-01-31,pop_culture
14,"Honing your voice, refining the details, and making your writing shine. Check out {{USERNAME}} {{URL}} #SPShow.",2021-03-21,pop_culture
1454,Linebacker Chazz Surratt Would Be a Foresight Pick by the Chiefs {{URL}} via {{USERNAME}},2021-02-10,sports_&_gaming
3165,"Dear {@TLC Network@} , We are going to need to break up if you keep showing commercials for your absolutely DISGUSTING show about peoples horrible feet. Honestly.... who in your marketing department said yes to this? FIRE THEM. #90DayFinance",2020-02-17,pop_culture
1840,Extremely Delighted To Release Thala #Ajith Sir’s 28th Year Anniversary Common DP   I m Sure All the #Thala fans Online Will celebrate this CDP {{USERNAME}} #28YrsOfAjithismCDPBlast #Valimai,2020-07-26,pop_culture
2300,The Naya Rivera Arrested After Allegedly Striking Husband In The Head & Bottom Lip Daily est en ligne! {{URL}} Merci à {{USERNAME}} {@Page Six@} #glee #nayarivera,2021-07-12,pop_culture
1581,The Bucks have to be considered a major disappointment if you look at the last two Playoff years. Is there enough talent there? Maybe a coaching change is required? Giannis might be MVP but the Deer don’t have a Lowry or a Butler. And they need a guy like that. {{USERNAME}},2020-09-06,sports_&_gaming
716,"1) It ll be very interesting to see how {@Telcoin@} handles the next few days  It is clear that the app is needed now.  Not in a month. If you keep waiting and assuming holders will put up with it, there may not be enough TEL in circulation to reach $5mm. {{USERNAME}} {{USERNAME}} ",2021-07-11,science_&_technology
326,I remember when {@The Chosen One I YOU FRESHIE 4EVER@} had {@Drizzy@} dancing in his music video lmao,2019-11-10,pop_culture
2795,New {@Marshall Mathers@} album is and the only people that don t think so are mumble rap loving 12 year olds.  That s just fax,2020-01-19,pop_culture
2518,Entering the decade with a dress that makes me feel  . . . Dress  {{USERNAME}} . . . Shoes  {@ShoeDazzle@} . . . Photo  credit - {{USERNAME}} . . . I wrote out #newyearsresolutions then deleted them because… {{URL}},2020-01-01,daily_life
1721,"Mike Tyson, 54, vows to fight again after bout against Roy Jones Jr., 51, ruled a draw - via {@ESPN@} App {{URL}} ",2020-11-29,sports_&_gaming
411,"Kobe might have passed away, but I’m gonna stay strong and live on with #MambaMentality #RIPMambaAndGianna {{USERNAME}} ",2020-01-28,sports_&_gaming
2451,"Ok so if you re looking for a good rom-com / a great movie in general, I recommend The Map of Tiny Perfect Things ( {@The Map of Tiny Perfect Things@} ) . Really good job {@KATHRYN NEWTON@} {{USERNAME}} {{USERNAME}} {@Lev Grossman@} and all involved!!! Loved it.",2021-02-28,pop_culture
758,Happy Easter {@Cher@} . I hope you have a great and wonderful Easter Cher. And I also hope that you find a lot of chocolate Easter eggs and bunny rabbits. Are you spending Easter with your Mom Cher? I am. We had spaghetti for Easter dinner.,2020-04-12,daily_life
1825,"Seriously {{USERNAME}} {{USERNAME}} , do you know of any place that offers a real corned beef sandwich on the peninsula? For St. Patty s Day, that s really all I want. Last year, instead of traditional boil, I baked - it was a revelation. This year the stores were cleaned out.",2021-03-17,arts_&_culture
1952,Deckchair Poets with Iced Buns from album Always Piste at Christmas now playing on the #progmill {{USERNAME}} {{URL}} Our final track of the decade! Finishing on a laugh!,2019-12-29,pop_culture
1095,"The doors are officially open NOW!! Come say hi and show him some love to {{USERNAME}} , maybe help us with a follow.  Making the world a better place 1 stream at a time. {{URL}} #Twitch #twitchaffiliate #SmallStreamerCommunity #SmallStreamersConnect #theducks #bighew",2019-10-06,pop_culture
2908,Omg!! {@Damien Cook@} never giving up! Well done. #GoRabbitohs,2020-06-19,sports_&_gaming
457,The Internet Wants Issa Rae and John Cho to Host the 2020 Oscars {{URL}} {{USERNAME}},2020-02-16,pop_culture
1806,Read: Alan Pergament ( {{USERNAME}} ) reviews the Bills announcers {{URL}},2019-12-22,sports_&_gaming
427,Iowa State from the Big12 at 8-3 overall & 8-1 in their confrence sitting atop the Big12 standings yet lost the Big12 Championship game to Oklahoma  vs Oregon the Pac12 Champions at 4-2 overall and 4-2 in confrence play in the 2021 {@PlayStation Fiesta Bowl@},2020-12-20,sports_&_gaming
1509,"Campers, show some love and help us send our #DJ {{USERNAME}} and {{USERNAME}} off to China in style!!! We are blessed that this busy, authentic, dedicated music man also loves and believes in the work of #teachers Have a Great trip #djmilnyc #chinaaintready",2019-10-06,pop_culture
2507,#ON by #BTS ft. {{USERNAME}} is the perfect match for tonight s #MostRequestedLive Thank you {@Most Requested Live@}   #BoyWithLuv #BestMusicVideo #iHeartAwards {@BTS_twt@},2020-02-23,pop_culture
1875,Metric Time and Non-Metric Time: The Speed of Light.   An {{USERNAME}} essay. Forgot to put the URL.  Here it is: {{URL}} The full essay.,2020-04-19,science_&_technology
346,Rod wave dude came out of the woods throwing haymakers this kid is unbelievable bro  straight music that hits the soul {@RodWave@},2020-04-05,pop_culture
2635,POP or DROP #KellyClarkson  is back with new music! You can listen to the full song and let us know know if this song should POP on Z or if we should DROP it?  Listen then tweet us with POP or DROP!  - {{USERNAME}} {{URL}},2020-04-19,pop_culture
141,"Naya Rivera Search Will Include Cabins on Lake Piru, Intensity Lessens {{URL}} via {@TMZ@} ",2020-07-12,pop_culture
1708,Had a {{USERNAME}} cigar before the big game tonight. Remembered why I love them so much!!!,2020-02-02,sports_&_gaming
1648,Xbox Game Showcase | Halo Infinite | State Of Decay 3 | Fable | Forza | ... {{URL}} via {@YouTube@} y’all tune in WWP and help them hit 2K viewers,2020-07-26,sports_&_gaming
3118,Trump Supporters & Protesters Outside Philadelphia Vote Counting—Jordan ... {{URL}} via {@YouTube@} #Philadelphia #electionprotest #ElectionResults2020,2020-11-05,pop_culture
883,New Music: {@For Times We Lost EP@} and {@KiDi@} Share  Feelings  on New Song {{URL}} #Boombuzzgh,2021-08-27,pop_culture
1780,The boys of {{USERNAME}} display a wide range of technical musical abilities on this track. A strong opener to the album and introduction for what s to come. #TheMidnightEmotion {{URL}},2019-10-06,pop_culture
1907,The latest The Movie theater Daily! {{URL}} Thanks to {{USERNAME}} {{USERNAME}} {{USERNAME}} #lunchtimeread #amc1000,2021-03-07,pop_culture
507,Lost power today for a few hours. Thankfully it came back on at 5:57. Just in time to watch {@Pitt Men s Soccer@} ! Thankful for the crews that got out in the nasty weather to restore the power,2020-11-15,sports_&_gaming
2358,"The king of Clay {@Rafa Nadal@} takes it, he wins his 12th Barcelona {@Barcelona Open Banc Sabadell@} title.. It took 3 hours 38 minutes with a 2-1 victory ( 6-4; 6-7; 7-5).. #BCNOpenBS #ATP #atptour",2021-04-25,sports_&_gaming
997,“I have $50 on the cowboys tonight” - El Filosofo {{USERNAME}},2020-09-13,sports_&_gaming
1490,The Suicide Squad was a masterpiece. {@James Gunn@} has done it again with allowing his creativity to thrive. The vfx work for action and letting the world flow together was done amazingly by Weta digital and other studios. Can confidently say it was 9.5/10. Hopefully more?,2021-08-08,pop_culture
1424,RIP Naya Rivera you beautiful talented soul. My heart absolutely breaks for you and your family {@Naya Rivera@},2020-07-13,pop_culture
175,i cannot put into words how much i love #HowLongDoYouThinkItsGonnaLast {@Big Red Machine@} every time i listen i fall in love with a new song. thank you for creating this absolute masterpiece ♥️♥️♥️ {@Aaron Dessner@} {@Bon Iver@} {@Taylor Swift@} cannot wait for what you’ll do in the future,2021-08-29,pop_culture
121,Rugby s World XV of the decade - Which players have excelled over the past 10 years? | {{USERNAME}} {{URL}},2019-12-31,sports_&_gaming
1603,So where’s the #HeN200 thread? Me & {{USERNAME}} have a collab to drop in a few hours.   ✨,2021-07-18,pop_culture
1023,J Lo fans trying to steal an Oscar award just to hand it over to their heartthrob is definitely out of the blue thing to do. #JenniferLopez #Oscar2020 #FanMoment {{URL}} via {{USERNAME}},2020-02-10,pop_culture
3089,"While the World is dancing to ‘Naari Naari’, I am still hungover on ‘Vaseegara’.. Please Please bring the audio to Apple Music.. {@Jonita@} #TeamJonita",2019-10-20,pop_culture
2708,Cause we dont need permission to dance {@BTS_twt@},2021-07-11,pop_culture
1519,"ICYMI:  The guys recapped the 1st Half of the NBA season on the {{USERNAME}} on {@Dash Radio@} ! Be sure to go listen! Subscribe, Share, Rate and Review! Thanks friends! {{USERNAME}} #NBA #NBATwitter #NBATwitterLive {{URL}} ",2021-03-03,sports_&_gaming
566,Bills Player After Cowboys Win: “I See Why You Don’t Pay Dak” {{URL}} via {{USERNAME}},2019-12-01,sports_&_gaming
558,"Reposted from {{USERNAME}} Happy Mothers day! 《Grandma, mother, daughter, sister, aunty》❤  #mother  #mothersday #mothersday2020 {{URL}} ",2020-03-22,daily_life
206,". {@Damian Lillard@} Releases New Album  Different On Levels The Lord Allowed  Ft. Lil Wayne, Blxst, Q-Tip, Snoop Dogg, More  Stream  {{URL}} ",2021-08-20,pop_culture
1098,"The heat islands are a recurring phenomenon of climate change. How to fight against them? Discover the solution proposed by {{USERNAME}} and {@VINCI Autoroutes@} , winner of the infrastructure award #GreenSolutions Awards #ClimateChange #ClimateAction #UNGA {{URL}} ",2019-09-24,science_&_technology
226,"Shoutout to {@Ron Rivera@} for breaking barriers, hiring the first African American Female full-time coach in the NFL Jennifer King",2020-02-09,sports_&_gaming
2583," {{URL}} If you re struggling with Depression or suicidal thoughts please hear this message from {@Louie Giglio@} ! You may not be ok, but Jesus is! Remember:  you are important, you are valued, your life matters!!",2019-11-10,daily_life
1892,"Watched the FA Cup Final last night,as I do every year How great to see {@Leicester City@} lift the Trophy,well deserved Great to see the fans back,atmosphere,noise credit on both sides The FA Cup was always magic when I was a kid and still is in my book The proof is in their tears #FACup",2021-05-16,sports_&_gaming
944,"“While the Bank made important commitments to ensure its financing does not actively support discrimination, rigorous monitoring will be required to ensure that pregnant schoolgirls’ fundamental right to equal access to education  “- {@Maria Sarungi Tsehai@} #ArudiShule #ElimuBilaUbaguzi",2020-04-19,business_&_entrepreneurs
1027,Disappointed at the results of the last two fights of UFC 251! {@Max Holloway@} got robbed from his tital and a 6 day notice led to a disappointing performance form Jorge ‍♂️20lbs cut in 6 days!,2020-07-12,sports_&_gaming
269,"At this time when the internet is not able to run properly, {{USERNAME}} {@Shivraj Singh Chouhan@} wants to take exam! When RGPV is not even able to declare the result properly without crashing the site. {@Dr Ramesh Pokhriyal Nishank@} {@Higher Education Department MP@} #ExamsInCovidASuicide #SayNoToUGCGuidlines {@Kamal Nath@} ",2020-07-19,science_&_technology
2716,"While I will beat the #NFL refs into the ground for SBLIV, I will of course congratulate {@Kansas City Chiefs@} . AFL fan and historian, I cannot go into detail how I admire LHunt and what he did for the present day #NFL. Mahomes is special and anyone who says otherwise is a moron #Endoftheyear",2020-02-03,sports_&_gaming
2208,The Game AI Show is live now - come listen to {@Luke Dicken@} deconstruct #GameAI and #GameDev! {{URL}},2019-09-08,sports_&_gaming
3033,Why is everyone glossing over {@ProFootballTalk@}  s Mike Florio s accusation that the Browns had bounties on Steelers players?  Pretty serious accusations.,2019-11-22,sports_&_gaming
2278,Wow... Within 15 mins it s trending at No.1 spot in india... The power of twitter king {@Sidharth Shukla@} and his kingdom.  Keep roaring fam!  . . #SidharthHits1MOnTwitter,2021-01-31,pop_culture
135,Rockin the white {@Gary Harris@} jersey tonight. I ain’t forget about u bra,2021-05-23,sports_&_gaming
64,Watch “The Velvet Underground-Who Loves The Sun” by {{USERNAME}} on #Vimeo {{URL}},2021-02-07,pop_culture
2390,Pag-Ibig Fortune Cookie - MNL48 (Music Video) {{URL}} via #HappyEckaDay #OurHappinessEcka || {@MNL48@},2020-05-05,pop_culture
2509,Greta Thunberg - Inspiring Others to Take a Stand Against Climate Change... {{URL}} via {@YouTube@} #GretaThurnberg,2019-09-25,science_&_technology
2201,So far I love on {@Disney@} The Imagineers and The World According to Jeff Goldblum the most. These two shows are really a delight. Did not expect that actually and I have to say I am a bit disappointed so far in The Mandalorian. I hope that that show will get better.,2019-11-17,pop_culture
414,"Fox News host Tucker Carlson said the  hysteria” of the Black Lives Matter movement was like a pandemic. “The Fox News personality likened the “hysteria” of the movement to a pandemic and claimed, “Minneapolis was our Wuhan.” {{URL}} #PurposeProfit {@HuffPost Politics@} ",2020-07-03,pop_culture
2667,"Every time ot6 come together and feel that heavy absence, at home too, every time they see a MBB , how long can we lie to ourselves. He HAS  to come back Stay strong Monbebes♥️ #SteadfastForMX7 #왜_시작했는지_잊지마 {@MONSTA X@} ",2019-12-01,pop_culture
2513,"Red Hot {@Red Hot ChiliPeppers@} , Patti Smith and more are set to participate in the #PathwayToParis Earth Day livestream concert. See the full lineup below! {{URL}} ",2020-04-23,pop_culture
2604," You can t change the direction of the wind, but you can adjust your sails to always reach your destination.  —Jimmy Dean via {{USERNAME}} ",2021-03-07,arts_&_culture
743,"so yes i was buzzed, watching legoshi plays VRchat with a friend of mine, {{USERNAME}} is running towards a building, and i go “what? what is that?” and legoshi turns towards the camera and says “its the bathhouse from spirited away!” and my first instinct was to say “thanks”",2021-08-15,sports_&_gaming
476,"The winter solstice, and how you can watch Monday s  great conjunction  {{URL}} via {@KARE 11@} ",2020-12-21,arts_&_culture
1798,Charm City Kings is . S/o {@Meek Mill@} & the rest of the Cast Members. {@CharmCityKings@} Great Production : Will Smith & {@Jada Pinkett Smith@},2020-10-11,pop_culture
1866,The CDC has confirmed that it is safe to watch {@Twitch@} without a mask on!,2021-05-16,daily_life
1482,"I don’t care. you gave him a shot, he is struggling put Joey in and see what he has to offer. This is the game  you decide who you want starting the Mississippi state game. {@Coach Gus Malzahn@} ‍♂️",2019-09-08,sports_&_gaming
1129,‘Star Wars: Rise of Skywalker’ Rules Christmas Day Box Office {{URL}} via {@Variety@},2019-12-26,pop_culture
271,Keep going Ras life babii {{USERNAME}} ha? Naa rako always mosupporta nimo  I LOVE YOU ALWAYS ❤️,2021-06-20,daily_life
1779,"Though #TheRiseOfSkywalker only just met my already low expectations, I m still grateful for #StarWars and all that it has given me over the years.  I wrote this for {{USERNAME}} just before #TheForceAwakens came out, but it s still appropriate. {{URL}} ",2019-12-25,pop_culture
369,so excited for {@Niall Horan@} ’s new album to come out this Friday! Tweet #HeartbreakWeather to unlock a preview of a new song and pre-order the album here {{URL}},2021-08-27,pop_culture
981,"Suns win behind Devin Booker.  Kendall done slapped the goodies on Devin, he plying out of his mind. Or with CP3 out of his mind. He’s the winner now. A little dab will do ya’ {@Paddy Power@} are staking Kendall {@Philadelphia 76ers@} {@FOX 29@} {@The Philadelphia Inquirer@} {@NBC Sports Philadelphia@} {{URL}} ",2021-06-21,sports_&_gaming
1256,ALPHA BETAS WAS FIRE KEEP UP THE HARD WORK {@Marcel@} {@Tyler Code WILDCAT@} {@VanossGaming@} {@TRRORISR@},2021-03-14,sports_&_gaming
1590,"I just waited over half an hour in a 16 car deep {@Jack in the Box@} drive thru line which is literally the only open business in town right now and they closed right behind me, and I wanna feel bad for the other people in line but I m not feeling particularly sympathetic.",2021-08-01,daily_life
720,Somebody send the offensive staff a copy of {@Warren Sharp@} because it seems like they love calling plays to get to 3rd and long,2019-10-06,sports_&_gaming
2013,HMU for Quality Assured Results; #essay due; #pay write #econometrics #paper pay #someone help paper #case study #javascript #homework  #macroeconomics #accounting #essay due #winter classes  #midterm exams #course work #stats #philosophy #assignment due Hmu {{USERNAME}},2021-08-29,business_&_entrepreneurs
2305,I will not be retweeting and posting Animal crossing content over at {{USERNAME}} our first post of art is already on there!!,2020-03-26,sports_&_gaming
672,"Celine Dion, Andrea Bocelli, Lady Gaga, Lang Lang, John Legend perform  ... {{URL}} via {@YouTube@} mooi #kippevel",2020-04-19,pop_culture
2133,The amount of rats in The Suicide Squad is an amount that {{USERNAME}} would approve of. All of the rats are so cute.,2021-08-08,pop_culture
655,why is there NO skin for the bocek bow in the battle pass? {@Apex Legends@} {@Respawn@} ? :(,2021-05-09,sports_&_gaming
1223,Opinion | Here s why it makes sense to keep your mask on even if the CDC says you don t need to {{URL}} via {@NBC News THINK@},2021-05-16,science_&_technology
1385,UK winter break in Lincoln {{URL}} via {{USERNAME}},2019-12-22,daily_life
109,". {@Akshay Kumar@} tops the 2019 cumulative #Bollywood Box Office with ₹ 700+* Crs Nett in #India  All his 2019 movies - #Housefull4 , #MissionMangal , #Kesari and #GoodNewwz* have tasted success at the Box office..   He is on a winning streak for the past few years..",2020-01-03,pop_culture
1138,#The100 Octavia is never giving the Disciples anything. Not unless Hope is safe. This must be why the Disciples know everything about Clarke’s people. Was cool to see young Murphy for a brief moment. {@Dicky Spooks@} {@Marie Avgeropoulos@},2020-06-18,pop_culture
1961,"I love living here at {{USERNAME}} - here s why we love the house. Has lots of room, big yard, and wooded area, just a beautiful home and a nice community. We really love how everyone in the community looks out for one another. {{URL}} #Community Rewards",2021-04-04,daily_life
923," Tyson Fury s trainer Ben Davison on Anthony Joshua s win over Andy Ruiz:  It was almost, not in a horrible way, like a poor man’s Tyson Fury. That’s not in a nasty way. He can’t do it to the level of Tyson, but it was the tactics he needed to employ and he done well.  [ {@IFL TV@} ]",2019-12-08,sports_&_gaming
886,Came out for a walk and ended up in {{USERNAME}} for a  substantial meal  (their breakfast burrito is particularly good). Somebody really likes {@Sticky Fingers@} I ve never used shazam so much before I realised they re playing an album,2020-12-20,pop_culture
2900,Come on {@Green Bay Packers@} get it together. A first round bye is on the line.,2019-12-29,sports_&_gaming
1418,"RIP: David Prowse, Darth Vader Actor in ‘Star Wars,’ Dead at 85 {{URL}} via {@Yahoo@} ",2020-11-29,pop_culture
971,"I have no horse in the race today, but I have to think having {@Ndamukong Suh@} & #LavonteDavid starting in The Super Bowl has to be huge for {@Erik Chinander@} and The  #Huskers #Blackshirts",2021-02-07,sports_&_gaming
1785,Trillions Upon Trillions of Viruses Fall From the Sky Each Day - The New York Times | {{USERNAME}} {{URL}},2021-02-07,science_&_technology
2452,I wanna throw a brick at the tv watching trump implying that masks are going out the back door {@Nicolle Wallace@} {@Reverend Al Sharpton@} {@John Heilemann@},2020-03-29,pop_culture
1051,Greetings {@Most Requested Live@} :) Can I please hear the most dope song in the world right now aka #MakeItRight by BTS feat. {@Lauv@} on #MostRequestedLive? {@BTS_twt@} #방탄소년단 #BTS,2019-10-20,pop_culture
2308,"Great sermon today but jmma need you to put some respect on my Celtics the big 3 was KG, Paul Pierce and Ray Allen  {{USERNAME}} ",2021-04-25,sports_&_gaming
1801,The fundraising foundation for the Baptist Health of S. Florida hospital system told donors who could afford at least six-figure financial contributions on New Year’s Day that they were eligible for the Covid-19 vaccine.  {@Ron DeSantis@} is a crook! {{URL}},2021-03-21,science_&_technology
713,The latest Gwadar Oil and Gas! {{URL}} Thanks to {{USERNAME}} #gwadar #hollywood,2020-05-03,science_&_technology
2044,Two 19-point second half comebacks in one year in conference play? On the road? One against the No. 12 team in the country? Are you kidding me?!!! {@WVU Men s Basketball@},2021-02-21,sports_&_gaming
119,"Another big time addition to our QB group. {{USERNAME}} out of Hesston, KS will be joining our 15U.   Hudson started the last 4 games as a Freshman for Hesston HS this past fall & put up 925 yards passing with 8 TDs in that span    The 2024 QB is one to keep eye on!",2021-03-07,sports_&_gaming
1224,"i was looking to see where the wildflowers might be out, and found this...  It is common for kangaroos to be spotted hopping through the bar at the John Forrest Wildflower Tavern. {{URL}} via {@ABC News@} ",2020-06-14,daily_life
2968,Bloodhound Gang - The Bad Touch {{URL}} #MMM Voor {{USERNAME}},2021-05-16,pop_culture
961,Trump Supporters Fill Streets of Beverly Hills:  The Silent Majority is Silenced No More  {{URL}} via {@Breitbart News@} Beverly Hills??? You can t make this stuff up!!!,2020-11-01,pop_culture
1606,I m really curious what {@Christopher Bell@} will show in the 20 next year. Great drive again today. #hollywoodcasino400 #NASCARPlayoffs,2020-10-18,sports_&_gaming
1042,Chelsea will be bringing the trophy home again #NeverWatchingAlone {{USERNAME}} The blues all the way,2021-05-29,sports_&_gaming
1694,I just realized that {{USERNAME}} seems to mean  I said yes  in Albanian.  Clever. If only.,2020-02-16,daily_life
1491,Enter to Meet a Jingle Ball Artist + WRAP BATTLE Sisanie at KIIS FM s SOLD OUT Jingle Ball Presented by Capital One from {@102 7 KIIS FM@} . {{URL}},2019-12-01,pop_culture
3108,Open House Today 12-1:30 19 3rd St Norwood - Come over and see this awesome home! {{URL}} via {{USERNAME}},2021-08-08,daily_life
1303,I was supposed to be seeing your Flawless face Saturday {@h@} and my heart breaks cause I’m not but I hope youre staying safe and well and see you front row pitt next year Beautiful. Xo & Happy Pride ️‍✨,2020-06-21,daily_life
2620,Xbox Battle Predicts the 49ers to Win the Big Game as {@Richard Sherman@} Defeats {@Travis Kelce@} in {@Madden NFL 22@} 20 Preview of Sunday’s Showdown!  #SBLIV {{URL}},2020-01-29,sports_&_gaming
1110,U13 track and field group back in this morning also nice to have Kobey popping in with his dad to get an extra bit of work in! ⚽️ {{USERNAME}} {@South Shields FC@} {{URL}},2020-09-20,sports_&_gaming
2210,I’m on {@975TheFanatic@} 12-4. Last Sunday without NFL. How many games do the Eagles win? How far can they go? What do the Flyers have to do to take the next step? Are you rooting for/against Jimmy Butler? Do you agree with me the Phillies will make noise in October?,2020-09-06,sports_&_gaming
2845,Rage Against The Machine - Killing In the Name (Official Music Video) {{URL}} via {@YouTube@} morning.,2020-08-30,pop_culture
215,"Listening to #VPN on {@933 KFM@} this morning, {{USERNAME}} , the host, shared this horrifying statistic; every 40s, someone commits suicide in the World.  Mental health is a big issue that needs critical attention. Check out a friend, relative or neighbor today b se u might be a savior.",2019-10-19,daily_life
2404,"Aliquippa/WVU graduate Dravon Askew-Henry with four tackles for NY in the XFL season opener.  Marcelis Branch, an {{USERNAME}} alum, is also in the XFL and had five tackles for Tampa Bay.",2020-02-09,sports_&_gaming
2973,Yippee ! {@ITV@} repeating #TheDurrells from the start ! #Corfu {@Keeley Hawes@},2020-07-05,pop_culture
1290,"The  underwater  #peckingorder games, on {@Crossy Road@} is still mightily unfair. Unlike the ground games, with train crossing signals giving you SOME warning,  in the wet games it really just is luck, if you get anywhere. #crossyroad",2020-04-26,sports_&_gaming
392,I read the Strike novels by {@J K Rowling@} when they came out. her feelings about trans women are obvious in 2 & 3. 2 has a trans character who stabs people because of their trans trauma. book 3 has  jokes  about not passing and compares being trans with  body integrity disorder,2020-06-07,pop_culture
27,"6 hour delay, no message, no alert. Lost a whole day of travel to visit with my family we won’t get back. Thanks {@JetBlue@} ",2019-11-29,daily_life
1489," A routine moment to us could be a moment of life or death to someone else. God can make our ordinary day an extraordinary day of service. So be open, be prepared, and be used of the Lord!  {{URL}} {{URL}} via {@CBN Online@} ",2021-06-27,daily_life
752,"2nd time me and rubs will have to cancel milan, 3rd time lucky next year maybe? {{USERNAME}} ",2020-10-18,daily_life
2804,"Join me to get {@Listia@}  s new $XNK #cryptocurrency for free! Use code  BTRLDD  for an extra 100 XNK. Just got this with my Ink, Make One for Baby ~ Relist {{URL}} ",2019-10-27,business_&_entrepreneurs
927,"2 maps the entire tourney, {@100 Thieves Esports@} Valorant team ain’t missing",2021-04-11,sports_&_gaming
478,Finished watching #Tenet {{USERNAME}} Not gonna say anything about the story (It felt complex for me in the 1st watch) What i loved the most is the Sound design. I read it s not mixed with Atmos but only Dolby 5.1. Immersive experience in terms of sound design/mixing.,2020-12-06,pop_culture
879,POWER BOOK 2 EPISODE 1 REVIEW!! (MY THOUGHTS) {{URL}} via {@YouTube@} #PowerGhost #PowerBook2 #PowerNeverEnds #PowerStarz,2020-09-06,pop_culture
2551,"Everyone at my hotel (@HiltonRiversid)  is cheering for the Texans because of {@Deshaun Watson@} , {@Deandre Hopkins@} , & {@Dj Reader@} . By the way, I’m a salty Cardinals fan who wanted Watson (Watson or bust) in the 2017 draft. #WeAreTexans #Clemson #ClemsonFB #CFP #LSUvsCLEM",2020-01-12,sports_&_gaming
1078,Pretty sure {@City of Aurora CO@} could fund their municipal budget for the next decade just by having {@Aurora Police Dept@} camp out and write illegal fireworks tickets in 80016.  So many dumbasses shooting off mortars right now it s not even funny.,2021-07-05,daily_life
1773,Nintendo Switch Lite Zacian and Zamazenta Pokemon Edition in stock at Walmart {{URL}} for $259 | Get The Tracker App {{USERNAME}},2019-12-01,sports_&_gaming
1260,permission to dance really has the power to make people happy instantly #ThankYouBTS {@BTS_twt@},2021-07-11,pop_culture
1336,The slowed-down time of the holiday season is the perfect time for some Dark Sky gazing. My latest for {@fodorstravel@} #darkskyparks {{URL}},2020-12-20,pop_culture
2985,omg {{USERNAME}} i love you you’re my favorite song out of superhuman,2020-08-09,pop_culture
2192,"Raekwon Davis made the {@NFL@}  s All-Rookie team last season, and the former {@Alabama Football@} standout has worked on and off the field to improve for the {@Miami Dolphins@} in 2021. {{URL}} ",2021-08-29,sports_&_gaming
619,solvesundsbostudio  ️‍ {{USERNAME}} #lgbtqia+ edition.   Wearing the opera costumes I designed for {@English National Opera@}  The Mask of Orpheus  directed by {{USERNAME}} composed by #harrisonbirtwistle.   The outfits in the… {{URL}},2020-07-19,arts_&_culture
3180,"Five questions for England to resolve during South Africa tour, including: Will Jonny Bairstow return to the side? {{URL}} via {@Telegraph Sport@} ",2019-12-15,sports_&_gaming
791,"Finally {@Landry Jones@} had #3 Flynn Nagel wide open but couldn’t see him. He had one person in mind and that who he was going to hit or die. See the field, man. {@Dallas Renegades@} {@Houston Roughnecks@} ",2020-03-01,sports_&_gaming
1845,#wrestlemania night 2 ready!!! Tonight is a big night for 2 of my absolute faves. {@Shayna Baszler@} is walking in as champ as her & Nia defend their titles against Nattie & Tamina. {@RheaRipleyWWE@} has a Raw women s title opportunity against Auska. Both are getting their moment,2021-04-11,pop_culture
868,i will never cease to be amazed by {@Harry Styles@} versatility as an actor and a musician. he was HILARIOUS last night on {@Saturday Night Live SNL@} and he gave an AMAZING performance of lights up and watermelon sugar!!,2019-11-17,pop_culture
1564,"Hi {{USERNAME}} , we are currently conducting some research around the food stall business in the UK and would love it if you were able to spare a few minutes to complete the survey in the link below, would be great to have your input!!   {{URL}} ",2020-09-20,business_&_entrepreneurs
1991,"‘Star Wars: The Rise Of Skywalker’ Climbs To $206M+ Through 4 Days, Eyes $70M+ Weekend; ‘Little Women’, ‘Spies In Disguise’ & More Open Christmas {{URL}} via {@Deadline Hollywood@} ",2019-12-25,pop_culture
2103,Awesome to be watching live sports again. Great job {@NASCAR@} ! That was a fun afternoon!,2020-05-17,sports_&_gaming
1299,"Flicked over to Star Wars on tv last night and {@Mark Hamill Mar@} could pass as Medivh, if the film s were to be back in action or tv series was made. Since Luke when he is older, looks like a grizzled Medivh anyway.",2019-12-22,pop_culture
283,#NowPlaying {{USERNAME}} -  Lead me in the dark  Apple Music: {{URL}} #NowPlaying {{USERNAME}} -  Lead me in the dark  BandCamp: {{URL}} Spotify: {{URL}},2019-12-15,pop_culture
1610,I swear {{USERNAME}} is the devil! Lemon Pepper with CajunRanch fries and then that Joy Juice Pineapple Lemonade is very disrespectful,2021-03-28,daily_life
563,Public Trust Feature Film | The Fight for America’s Public Lands by {@Patagonia@} {{URL}},2020-09-27,pop_culture
914,There s regular people and then there s {@Bailey Sarian@} being the Queen of EVERYTHING.,2020-09-06,pop_culture
1122,EPIC! President Trump Slams Horrible FOX News Hack Chris Wallace During FOX News Interview (VIDEO) {{URL}} via {{USERNAME}} FACT:  I just turn the TV OFF when Wallace is on air,2021-07-11,pop_culture
1601,jQuery Song {{URL}} via {@YouTube@} This was one of the first courses that I ever took. It was from {{USERNAME}} Would love to get the rest of the videos from these folks. The Ruby ones were especially great! So creative.,2021-07-11,pop_culture
188,The 50 Most Beautiful Cities in the World {{URL}} via {@Cond Nast Traveler@},2019-10-20,arts_&_culture
1547,I love this song  The size of Wales  off this new album by {{USERNAME}} {{URL}},2019-12-29,pop_culture
2412,"Happy Father’s Day to my main man!!  We love your Jesus-lovin’, hard workin’, mad skillz drummin’ heart! You’re our Superman. We love you, Daddy! {{USERNAME}} #Imwiththedrummer {{URL}} ",2020-06-21,daily_life
1269,"Til dig, {{USERNAME}}    This suggests there may be an untapped market for bundled news subscriptions in the UK. But at the Spotify price point, it would not be enough to pay the bills on its own.” {{URL}} ",2020-10-23,pop_culture
2790,{{URL}} BM’s new Song Music Video. Thanks to {@KARD@} ’s {@YouTube@} Channel for the Video.,2021-07-02,pop_culture
1246,"Robin quickly moves to stand behind {{USERNAME}} . Well, he’s more like hiding. From a few women who had, to his complete and utter shock, had wanted to take him to bed. He’s been avoiding them for the past hour. “Help...” he hisses as the three women turn the corner.",2020-07-26,daily_life
1282,I can eat more chocolate than you Everybody knows that it s true It s the only in life I ve been training to do I can eat more chocolate than you (new song I ve been working on {@Ron Sexsmith@} ),2020-12-27,pop_culture
2631,What s in It for Me?  Why Biden is Not Rushing to Show up in Texas Amid Blizzard Nightmare: {{URL}} via {@Sputnik@},2021-02-21,daily_life
1387,United States trends  follow {{USERNAME}} for insight (Bottom 10) Kate McKinnon #GoIrish #snipesafterdark Trevor Michael Che #Shusha Don Lemon Haney Brian Kelly Inkigayo  View Google searches trend insight   {{URL}},2020-11-08,pop_culture
723,Articles on data science best practices from the internet {{URL}} {{USERNAME}} #datascience #bigdata,2020-03-22,science_&_technology
2205,"Final day at the #wwcpdxhack2019! I had such a blast with my team learning about new technologies, hardware, and how to send our data to the cloud. Thanks {{USERNAME}} for organizing the event and {{USERNAME}} for hosting. ",2019-10-06,science_&_technology
2765,Rappers have been talking about this for decades and it was ignored.  Rappers have always been telling you the news. {@Ice Cube@} {@ICE T@} {@Chuck D@} {@Killer Mike@},2020-05-31,pop_culture
1232,End of the third quarter vs {{USERNAME}} and it’s 24-5to Chester!!! Looking good to get the win tonight!!,2020-02-23,sports_&_gaming
746,Report from {@Timothy Burke@} - NFL Films did NOT have any players mic d up for the Browns-Steelers game {{URL}} by {{USERNAME}},2019-11-21,sports_&_gaming
2189,"Woke up, and felt like I had to say how lucky I am to be {{USERNAME}} jelly I love swimming around her lagoon and meeting all the fun sea creatures ☺️ Wouldn t want to be anywhere else, I m so thankful to be able to serve you ",2020-05-24,daily_life
2268,Cmon boys let’s make this the start to a brilliant summer {@England@} #ENGCRO,2021-06-13,sports_&_gaming
597,"Happy new month {@Nengi Rebecca Hampson@} , you have a great run so far thanks to the Almighty God. May he bless you with good health and strength to keep going no matter how some days can be hard. May this month be filled with new projects, new opportunities and ppl who will open you doors.",2021-08-01,daily_life
314,Why don t they invest in #LivingWages and #WorkplaceSafety? #UnionizeAmazon #BreakupAmazon #antitrust  Amazon Needs to Invest Billions In Warehouse System To Keep Up With Demand: Reuters - Yahoo Finance {{URL}} via {@Google News@},2021-08-01,business_&_entrepreneurs
2379,‘After 10 years: Lakers back in Western Conference finals’ {{URL}} via {{USERNAME}},2020-09-13,sports_&_gaming
37,UNTIL DAWN - Streaming Now  From the Beginning! Myself and {{USERNAME}} are streaming our gameplay!  It’s my first stream in about 5 weeks so please come and say hello? It’s Becca’s 21st today so your support would mean EVERYTHING! {{URL}} {{USERNAME}},2020-11-01,pop_culture
425,"Altuve- “First off I wanna thank God and the fans and we deserved to be in the World Series because my team has been working really hard” send his team to the World Series, and puts everyone above him {@Jose Altuve@} you are the man!",2019-10-20,sports_&_gaming
898,"End of the first quarter and the Warriors lead the {@Minnesota Timberwolves@} #RaisedByWolves 23-21. Anthony Edwards with 8 for Minnesota. Catch the second quarter w/ {{USERNAME}} on {@News Talk 830 WCCO@} , {{USERNAME}} or online   {{URL}} ",2021-01-28,sports_&_gaming
2598,CONFIRMED   Eminem will be featured on {@FAT JOE@}  s new album  Family Ties  dropping on December 6th !   WORLD AIN T READY FOR THIS. {{URL}},2019-11-28,pop_culture
1856,"Ok, who should I draw next from the #DarkOrder?   Twitter only allows 4 options in a poll so please comment below if you’d like to choose Boom Boom {@Colt Cabana@} !",2021-04-04,pop_culture
1663,"Drivers license deserves all the hype it’s getting and I’m absolutely in love with Olivia’s voice, looks, and personality. {@Olivia Rodrigo@} brunch date ?",2021-01-13,pop_culture
2815,"Pop Mythology s {{USERNAME}} reviews the long-awaited {@Breaking Bad@} movie,  El Camino: A Breaking Bad Movie  {{URL}} #ElCaminoBreakingBad #ElCaminoMovie #ElCaminoABreakingBadMovie",2019-10-13,pop_culture
1702,"Permission to Dance  111,774,507  I vote for #BTS #Butter and #ARMY at the #KCAMexico  2021 {@BTS_twt@} ",2021-07-11,pop_culture
1943,“Once Upon a Time in Iraq” is the best documentary series the BBC has ever made. It is superb on many levels. I highly recommend it. BBC2 or BBC iPlayer. A documentary series of global significance.  says Andrew Neil and he is right. {{USERNAME}} is an incredible production company.,2020-07-31,pop_culture
653,"These are my favorite games of the decade, the order is completely random, and it s a long list, but I didn t want to leave anything out.#GamesOfTheDecade   Rimworld {@Crusader Kings III@} 2 {@Path of Exile@} Minecraft Assassin s Creed Odyssey ANNO 1800 {@Europa Universalis@} 4",2019-12-29,sports_&_gaming
299,#NowPlaying  Watermelon Sugar  de Harry Styles em {@TIDAL@} {{URL}},2019-11-17,pop_culture
443,"Liz Lemon said watching TV is fun, making it not so much. I understand that quote 1000%. That being said shoutout to {{USERNAME}} {{USERNAME}} {{USERNAME}} and everyone else for their hard work on The Bumpys’s tomorrow {@WWE s The Bump@} ",2020-07-29,pop_culture
2030,Happy Father’s Day to my baby daddy {@BTS_twt@} Taehyung! The kids got you gifts come home,2021-06-20,daily_life
1160,"Frogs are declining throughout the world and even in #Pakistan pollution, loss of habitat, climate change and poaching for medical labs are all contributing to their decline. Why aren t frogs protected under the law, what law protects them? {{USERNAME}} {{URL}} ",2019-09-24,science_&_technology
596,King Kami feat Zenire - RIOT (Official Music Video) {{URL}} via {{USERNAME}},2021-01-17,pop_culture
899,Watching the super bowl (on my phone during the game but watching only commercials and {@The Weeknd@} ) #SuperBowl #HalfTimeShow #TampaBayBuccaneers,2021-02-07,sports_&_gaming
1283,The NFL Plans On ‘Strictly’ Enforcing The League’s Taunting Rules In 2021 {{URL}} via {@Daily Caller@},2021-08-11,sports_&_gaming
2848,Ok #hbcu at the lakers game halftime show {{USERNAME}},2019-12-30,sports_&_gaming
1830,The {{USERNAME}} crew is all set for our first  Socially Distant  show!  Join us all for some fun! {{URL}},2020-03-29,pop_culture
667,Drop the votes or I will drop you off the building   I nominate TREASURE. #Whosfan_1st_Anniversary #후즈팬_1주년_축하해 #Whosfan_with_TREASURE {@TREASURE@},2021-05-23,pop_culture
1280,"Wake up to everyone eating Easter dinner, while me and {{USERNAME}} are making muffins for breakfast #nightshiftlife",2020-04-12,daily_life
2313,President Trump Arrives at UFC 244 in New York to Cheers from Crowd (VIDEO) {{URL}} via {{USERNAME}},2019-11-03,sports_&_gaming
546,So it’s 69 days until the {@NFL@} Draft & the {@Cleveland Browns@} still don’t have a FO who has has a successful draft. Happy Valentines Day from Maui! Mahalo.,2020-02-15,sports_&_gaming
1768,Check out my new album  The Best Is Yet to Come  distributed by {@DistroKid@} and live on Napster! {{URL}},2019-11-28,pop_culture
1872,. {@David L Bahnsen@} I m listening to Ep. 93 and just tweeted it. Did I hear you correctly? Did you say that FNMA and FHLMC led to the financial crisis? Did you mean they did so eventually b/c it was baked into the institutions from the start?,2020-01-05,business_&_entrepreneurs
2359,BTS on Apple Music | 210822 [6:40pm KST]  Korea Top 100   #4. Permission to Dance  #9. Butter #17. Dynamite  #60. Life Goes On  #65. Boy With Luv (ft. Halsey)  #BTS #방탄소년단 {@BTS_twt@},2021-08-22,pop_culture
666,Port Harcourt are you ready for the HOME & AWAY concert with {{USERNAME}} coming on the 17th of December 2019 at HIGI HAGA along Peter Odili Road.  Time - 6pm carpet | 7pm main event.  #HomeAndAway #musicconcerts… {{URL}},2019-11-24,pop_culture
2754,The Communards - For A Friend (OFFICIAL MUSIC VIDEO) {{URL}} via {@YouTube@} How apt at the moment. An underrated classic {@Richard Coles@},2020-05-03,pop_culture
1235,"New Year, New Hero - A Romantic Comedy by Susan Alison {{URL}} via {@Amazon co uk@} ",2019-10-06,pop_culture
768,"The Sound Of Silence by Wuauquikuna | Panflute | Toyos | {{URL}} via {@YouTube@} Cut 4, Indian Woodwind of a Classic. {{USERNAME}} {{USERNAME}} {{USERNAME}} {{USERNAME}} {{USERNAME}} {{USERNAME}} {{USERNAME}} {{USERNAME}} {{USERNAME}} {{USERNAME}} ",2021-07-11,pop_culture
1813,. {@ravish kumar@}  s two-part interview w/ {@The DeshBhakt@} is the best thing on the internet right now. Watch.  Part 1 {{URL}} Part 2 {{URL}},2020-08-30,pop_culture
1865,Check out {@Sunday Times Culture@} talking to the company of #Constellations ahead of performances beginning on Friday {{URL}},2021-06-13,business_&_entrepreneurs
2066,"Trump lashed out at the Open Championship for not using his Scottish golf club as a venue, saying its because he s  too controversial  {{URL}} via {@Yahoo@} ",2021-07-18,sports_&_gaming
1683,"UFC 265: Francis Ngannou, Jon Jones, Conor McGregor react to Ciryl Gane s interim championship win - via {@ESPN@} App {{URL}} ",2021-08-08,sports_&_gaming
191,"Up next on {{USERNAME}} in #Houston, #Texas catch an ALL NEW Eat! Drink! Smoke! with {@Tony Katz@} and {{USERNAME}} !  If you like food, bourbon and cigars- you will like #EatDrinkSmoke  Tune in NOW! {{URL}} #TX #Bourbon #Cigars #SundayFunday #food #Eats",2020-11-01,pop_culture
2029,Star Wars Signals The Future of Black Hollywood and Joe Biden Agrees {{URL}} via {@YouTube@} #KingTalk,2019-12-22,pop_culture
1449,Happy Mother’s Day to my twin sister and brilliant Mom {{USERNAME}} in NYC ❤️,2020-05-10,daily_life
2714,#MusicMatters -142 #EGHRadio is available for streaming #ListenAgain Feat. great new music from {{USERNAME}} {{USERNAME}} {{USERNAME}} {{USERNAME}} #TELQUIST {{USERNAME}} {{USERNAME}} #BOI +more Enjoy! #NewMusicAlert #NowPlaying {{URL}},2021-07-25,pop_culture
518,"I m really proud of the work we ve done in the last few weeks. {{USERNAME}} was forged at the closing moments of the decade, but we ve already come so far. I m looking forward to where we go from here. #BestOf2019 #NewYear2020",2020-01-01,daily_life
700,"50 Cent says Kanye West’s presidential campaign is “a diversion” {{URL}} via {@NME@} Music News, Reviews, Videos, Galleries, Tickets and Blogs | {{URL}} ",2020-07-15,pop_culture
2894,"Another year, another instance of {@Yodel@} being a truly awful courier. You must employ some of the most idiotic drivers in the land.",2020-01-05,daily_life
3099,#AsimWinningHearts  Too good  U are playing so well in the house But please don t destroy BB property next time .... Though Yo bro...Lots of love  {@Bigg Boss@} #BB13 #BiggBoss13  #AsimRiaz #BestAsim,2019-10-27,daily_life
229,The perfect dirty via {{USERNAME}} at barvonderfels .....: pizzafaceyyc  #martinihour  #dirty @ Bar Von der Fels {{URL}},2020-02-23,daily_life
766,"Spent the entire day watching {@Eric Nam@}  s YouTube videos... literally every single one lmao all his vlogs, performances, etc on his channel.",2019-09-22,pop_culture
2524,Brah we never gonna beat the titans now {{USERNAME}} {{USERNAME}} ‍♂️‍♂️,2021-06-06,sports_&_gaming
351,"David Prowse, towering actor who played Darth Vader in  Star Wars,  dies aged 85 {{URL}} via {@NBC News@} ",2020-11-29,pop_culture
1588,Success! Just solved Time Conversion on {@HackerRank@} . Can you complete the challenge? {{URL}} #programming,2021-08-15,science_&_technology
1918,"Trans person of the day - {@Elliot Page@} While not a trans woman, I think Elliot deserves this tweet. Elliot is an amazing actor. He s incredibly talented and I have adored him since the movie Hard Candy (if you haven t seen it, do so immediately).",2021-03-07,pop_culture
1804,. {@BTS_twt@}  Permission to Dance  Official MV has surpassed 97M views on YouTube.  #BTS #PermissiontoDance,2021-07-11,pop_culture
1831,Iconic play from Chiefs  Super Bowl LIV win coming to  Madden NFL 20  {{URL}} via {@Chiefs Wire@},2020-02-09,sports_&_gaming
1789,TEUMES PLEASE PRE-ORDER CHAPTER 3!! Our sales this comeback is kinda low so please    TREASURE MMM NOV6 #TREASURE_MMM_D2 {@TREASURE@},2020-11-04,business_&_entrepreneurs
838,Deejay Punk-Roc –  My Beatbox (Full Length LP Version) {{URL}} via {@YouTube@} 1998 Album Tournament Group 1 From the album chicken Eye,2021-08-22,pop_culture
564,Y’all leave {@50cent@} alone about that theme song. He done change the song back to the Joe version. ‍♀️ #power,2019-09-08,pop_culture
1767,Climate Change Extremists Need to Chill Out {{URL}} via {{USERNAME}},2019-09-24,science_&_technology
1592,Had such a wonderful time at {@Doctors for America@} NLC this year! Honored that I was able to moderate the Local Advocacy session with {@Lucy McBath@} {@Allyson Y Schwartz@} {@Congressman Raja Krishnamoorthi@} {{USERNAME}} Thank you to everyone who made this event possible,2021-08-08,daily_life
977,"Proud to be a part of a {@triple j Unearthed@} team that has such strong women at its helm. {{USERNAME}} Lord Mayor of radio, {{USERNAME}} programming genius and {{USERNAME}} making the Unearthed socials so spicy. Unearthed wouldn’t be what it is without.",2020-03-08,pop_culture
2713,"A tad embarrassed to say I hadn’t  yet been to {@City of Lenexa@} ’s City Center.   Wow!   With downtown apartments, library and County Square coming, I’m excited to see what the future holds for Olathe.  A place for gathering, eating and grabbing a drink.",2021-08-29,arts_&_culture
2527,"“The White Savior Industrial Complex is a valve for releasing the unbearable pressures that build in a system built on pillage. We can participate in the economic destruction of Haiti over long years, but when the earthquake strikes it feels good to send $10...” {@Teju Cole@} ",2021-02-28,daily_life
988,permission to dance   #BUTTER for TEMAZO MUNDIAL at the 2021 #KCAMexico {@BTS_twt@} {{URL}},2021-07-11,pop_culture
405,Great start for the Orange. Now let’s  see if we can keep up the intensity {@Syracuse Men s Basketball@},2021-03-21,sports_&_gaming
1158,The fight against Covid-19 and climate change are a united battle {@Climate Reality@} {{USERNAME}} #LeadOnClimate {{URL}},2020-10-01,science_&_technology
57,‘Glee’ Actress Naya Rivera Presumed Dead; Recovery Tactics At Lake Shift – Update {{URL}} via {@Deadline Hollywood@},2020-07-12,pop_culture
2318,Massive episode of Bunts&Bruises as the show welcomes {{USERNAME}} tonight! Logan comes to help preview the Stanley Cup Finals with {{USERNAME}} before breaking down the MLB season so far with {{USERNAME}} An electric episode on tap tonight with an OTBN cameo as well #nhl #mlb,2021-06-28,sports_&_gaming
731,"Argh, Clemson! This just never seems to go well for the Bucks.  Ohio State returns to College Football Playoff, will face Clemson {{URL}} via {@Columbus Dispatch@} ",2020-12-20,sports_&_gaming
2207,#WrestleMania night one was great from top to bottom good matches the crowd really makes such a impact thank you {@WWE@} for a stellar night,2021-04-11,sports_&_gaming
2972,Praying for all my New Orleans and Louisiana Family!!!  {@University of New Orleans@} {@NOLAsTeam@},2021-08-29,daily_life
238,"Polishing of a {@Michter s Distillery@} US-1 and starting The Queen’s Gambit on {@Netflix@} , because Kentucky.",2020-12-13,pop_culture
2215,"Watching the {@Georgia Football@} v. {@Tennessee Football@} game... Waiting for the refs to throw flags for targeting on commercials, fans, and maybe even the gentle autumn breeze. Becoming completely unwatchable.",2019-10-06,sports_&_gaming
3057,"Find someone who loves you well. Someone who never belittles you. Even in the heat of an argument. Someone who is gentle with you, but does not treat you like you are fragile.  KARJON STARMAGIC PRESSCON #KarJon {{USERNAME}} {{USERNAME}} ",2021-06-28,daily_life
2441,Pick your Emirates FA Cup Team Of The Round. {@Emirates FA Cup@} Which players impressed you the most in the second round? {{URL}},2021-01-29,sports_&_gaming
2606,#CESC is taking the full amount for 4 months & thus the payment being made in the highest slab which increases the bills by 20-30%. Thats clear theft & daylight robbery. While people don’t have money to eat 2 meals a day . This is so cheap!! #Electricity_Scam {{USERNAME}},2020-10-19,daily_life
402,DREW BREES RETIRES. Check out photos from his career. {{URL}} via {@NOLA com@},2021-03-14,sports_&_gaming
1972,[Carman]  A Steelers lineman after the game admitted  The Browns came out to bully us  - {@Aditi Kinkhabwala@} {{URL}},2019-11-19,sports_&_gaming
2396,I hope {@Donny van de Beek@} moves on and find a club that actually gives him the platform to perform. He is a quality player and Ole doesnt even know he is in the squad. The amount of chances Fred gets to screw things up is actually alarming. #ManUtd  #OleIn {@Manchester United@},2021-08-22,sports_&_gaming
1100,"i am so disappointed in {@Air Canada@} ’s way of handling COVID-19. I flew into heathrow using {@Aer Lingus@} , where the staff made sure to keep us at least a meter apart in the line, they protected their workers by not letting passengers stand close to the check in desk, they let people-",2020-03-21,daily_life
891,"The amount of needless anxiety y all are causing me, {@FC Barcelona@} ....",2021-04-25,sports_&_gaming
1900,showmore - now (feat. SIRUP) (Official Music Video) {{URL}} {@YouTube@} より,2020-05-03,pop_culture
670,Dallas Cowboys kicker tryouts held tomorrow {{USERNAME}} .m. Serious inquires only. Call 1-800-Replace-Maher. Look forward to seeing you guys there,2019-10-06,sports_&_gaming
1533,"Contest! Your chance to win #trx & 100 engraved #ledger Nano X!  You can now manage & earn Tron on Ledger Live. To celebrate, join our contest to be one of the 100 winners. Don t pass this up: {{URL}} {{USERNAME}} airdrop 500000 VYA 50",2020-04-19,business_&_entrepreneurs
1495,Surprised the 1 min  mental health clip was not shown on MOTD; when they showed all the grounds at the start. Would have had massive reach {@Match of the Day@} {@BBC 5 Live Sport@},2020-01-05,sports_&_gaming
452,"Parents are canceling well-child visits. Mass. family physician Kristina Gracey, MD, is offering house calls when possible to maintain vaccine schedules and provide preventive care during #Covid19.  #positiveprofessionalism #familymedicine {{USERNAME}} {@AAFP@} {{URL}} ",2020-04-26,daily_life
134,repost via {{USERNAME}} from {{USERNAME}} Jesus died to rescue us from our sins and reconcile us with God. He rose from the grave and is alive!⁣ ⁣ #ourdailybread #resurrectionsunday #resurrection #greifoverturned… {{URL}},2020-04-12,arts_&_culture
2196,Mary J. Blige - Family Affair (Official Music Video) {{URL}} via {@YouTube@} Qtrypta® Patch | Joy no Migraine in Life | Zosano Pharma  Abc:Fox:Oan:Cnn:Cbs:Nbc:Bbc:Msnbc:Whtm:Cnbc:Ma:Nv:Can:Co:Pbs:Wtnh:Gop:Dc:Ny:Aoc:Oh:Gbr:Wa:Aus:Ita:Ca:Dems:Pelosi:Mi:Pa:Mn:Ga;Ms:Fl,2021-06-27,pop_culture
1059,Huge thanks to {{USERNAME}} for spinning “Eating Up The Sky” on his New Music Fix show on {@BBC Radio 6 Music@} last night ! ❤️❤️❤️❤️ {{URL}},2021-08-20,pop_culture
912,"The Super Bowl Champion Tampa Bay Buccaneers are on the clock for the final selection in the 2021 Expert Mock Draft. Up next {@Greg Auman@} joins the guys to make the pick for the Bucs. Listen to the show on Fox Sports Radio 1230/1320AM, 94.7FM or {{URL}} ",2021-04-28,sports_&_gaming
991,[Sep 9] Softbank Hawks vs Lotte Marines game highlights from Yahoo Dome {{URL}} via {@com TV@} #npb,2019-09-09,sports_&_gaming
1713,Tall Ship Trinket Box by RetroMollyTreasures {{URL}} via {@Etsy@} Stop by {{URL}} for our Labor Day weekend sale 20% off of the entire store!!,2020-09-06,arts_&_culture
487,Pissed {@AT T@} . Power outage in the days of remote work. REALLY,2021-06-23,daily_life
1670,The SuperstaR Mahesh is the name to enough to destroy the box office records   #SarkaruVaariPaata  #MaheshBabuBdayCDP {@Mahesh Babu@},2020-07-26,pop_culture
2115,Crazy amount years later and still waiting for temptation and shock the world unreleased songs from {@J Cole@} and {@Kendrick Lamar@} ❤️‍,2021-05-23,pop_culture
438,Soooo it’s official.... {@Marshall Mathers@} dropped 81 points in a game with the new Album,2020-01-19,pop_culture
748,Mark Hamill Salutes Fellow ‘Star Wars’ Actor And ‘Darth Vader’ Persona David Prowse {{URL}} via {@Deadline Hollywood@},2020-11-29,pop_culture
244,"July 18, 1993 Rockies Came Up Empty Handed in Bid for Fred McGriff {{URL}} via {{USERNAME}} ",2020-07-19,sports_&_gaming
940,. {{USERNAME}} had 182 yards rushing in the 1st half. The #CUBuffs record for yards in a game is 342 by Charlie Davis in 1971 against Okie State.,2020-12-06,sports_&_gaming
609,"Konnichiwa {@sugawitter@} {@MOFA of Japan@} {@The Gov t of Japan@} {@MofaJapan_jp@} please let couples and families safely reunite. It’s possible, we can test and we can quarantine, we can show proof and we can keep everyone else safe❤️ please let us reunite   #LoveIsNotTourism",2021-02-21,daily_life
2094,. {{USERNAME}} absolutely hits the nail on the head with this one; Great video {{URL}},2021-07-19,pop_culture
935," This state has shown a willingness to lead on clean and renewable energy. We can t stop now,  writes {{USERNAME}} in editorial calling on lawmakers to make #CEJA part of veto session agenda. {{URL}} ",2019-09-23,science_&_technology
2718,The Fire Tones -  Do They Know It s Christmas? (Feed the World)  [Offici... {{URL}} via {@YouTube@},2019-11-02,pop_culture
2372,Looking at {{USERNAME}}  s tweets today you d think the Seahawks were bad and not 5-1.,2019-10-13,sports_&_gaming
882,The power of the piano again on display there as we enjoy High Flavour s {{USERNAME}} X s offering #Monolithic on #BumpInTheHump. Stream and tracklist here: {{URL}},2020-07-26,pop_culture
2628,"Sad News: Actor David Prowse, Who Played Darth Vader In Original  Star Wars  Trilogy, Dead At 85 {{URL}} via {@Yahoo@} #RIPDavidProwse",2020-11-29,pop_culture
1548,"Leading from the front in their first-ever Elite Group #VijayHazareTrophy match, Chandigarh captain {@Manan Vohra@} (117) has scored a match-winning second List A century to seal a 300-run target against the likes of Yuzvendra Chahal, Mohit Sharma and Rahul Tewatia.",2021-02-21,sports_&_gaming
1615,‼️REMINDER‼️   Please do not post #Taemin’s new song after #TAEMIN_BeyondLive please!! It will spoil his comeback and this is the last before he goes on hiatus. So let’s not sabotage it!   #SHINee #onew #jonghyun #key #minho {@SHINee@},2021-05-02,pop_culture
2014," First up for the new {@RCD Espanyol de Barcelona@} manager after the Christmas break, a clash against {@FC Barcelona@} #LaLiga {{URL}} ",2019-12-23,sports_&_gaming
1377,The #Pirates celebrating the 50th anniversary of that 1971 World Series team had one of those games tonight. One of those games that get put into top 10 lists on . {{USERNAME}} it was incredible to witness and almost surreal. In a difficult season these games make summer fun!,2021-07-18,sports_&_gaming
1632,JV Gallego has received his release papers from NU and is now enrolled with San Beda. He will undergo a one-year residency (two semesters) before he can officially suit up for the Lions. | {@Joey Villar@},2020-09-13,sports_&_gaming
330,"Guys Happy New Year! ✨ Intejaar huaa khatam, Finally {{USERNAME}} Sir ka New Song Pancheshwar Baandh song Out Now. ❤ {{URL}} ",2021-01-01,pop_culture
2118,Did Jesus Christ Really Rise From the Dead? {{URL}} #Faith via {{USERNAME}},2020-04-12,arts_&_culture
3176,"Wait a second, the {@Pittsburgh Penguins@} were allowed to host a limited number of folks to view a special at the arena today, but that same number of folks are NOT allowed to be at a game? What s the difference? I m so confused.",2021-02-28,sports_&_gaming
2779,"Depression is real Chuck  : Charles Barkley Blasts Paul George For Bubble Depression, Stop Complaining!. {{URL}} via {@Google News@} ",2020-08-27,sports_&_gaming
426,Stay Home cost the gas and electric bills sky rocketing. Why not the government {@Boris Johnson@} {@Rishi Sunak@} {@UK Prime Minister@} capped the bills during lockdown? Why the utilities company {@British Gas@} {{USERNAME}} {@United Utilities@} reviews the milions of UK household’s bill?,2020-05-31,daily_life
2323,"Unfortunately vicariously {@Boris Johnson@} has picked up a polling reward for the success of the vaccine rollout and the reward and praise has not gone to the real source of the success of the vaccine rollout out, which is our great NHS public service.",2021-04-18,science_&_technology
2047,"I’m not quite understanding the recent steam of the Saints. Yes, they have a good ATS on the road, but Brees & Goff home road splits favor Rams. Also short week for Saints after emotional MNF game / public must love Saints after watching that {{USERNAME}} ",2019-09-13,sports_&_gaming
3020,Stephen Jones saying the ship will be righted quickly for the cowboys. HUH? {{USERNAME}} hasn t the ship been sinking for years save the temporary cork used a couple of yrs ago losing to GB in playoffs,2020-12-15,sports_&_gaming
2869,MALE VOCALIST OF THE DECADE. {@SAUTI SOL@}  s Bien.   Bien has the voice of a well ironed trouser.  A Nigerian Proverb.   Bien s voice is alike a well perfected Kikuyu stew with just the right amount of water.  Centro.  #ShowMeABetterMaleVocalist #BienTosha #SautiImeumbwaIkaumbika,2019-12-29,pop_culture
2857,"happy #InternationalWomenDay2020 to the most inspiring, beautiful and strong women I know, aka {@Selena Gomez@} ; {@Ariana Grande@} ",2020-03-08,pop_culture
1161,"i love you, you are my number one, lee taemin {@SHINee@} ",2020-12-06,pop_culture
943,"Thiago will tell Bayern chiefs his intention to join Liverpool after the Champions League final, with the Reds already making tentative steps to sign him. [ {@Kevin Palmer@} ]",2020-08-23,sports_&_gaming
2230,Ok... I have had more them 1 twitter account... over the past few years... and the amount of people that I have become friends with is crazy such as {{USERNAME}} {{USERNAME}} {{USERNAME}} {{USERNAME}} {{USERNAME}} {{USERNAME}} @3Kevintimm {{USERNAME}},2021-04-25,daily_life
517,"Ep 428- {{USERNAME}} and I spotlight She-Ra and the Princesses of Power s4, plus Last Week Tonight with John Oliver, Rick and Morty, Chihayafuru, The Final Table, Drag Race UK, The Good Place, The Mandalorian, Evil, Supergirl, and Black Lightning. Check it out! {{URL}} ",2019-11-17,pop_culture
778,24/7 Electronic: Please Stay {{USERNAME}} by Jazzykat on {{URL}},2020-03-29,pop_culture
1288,Lemme start Big Mouth b4 football come on. What this new season hittin for {{USERNAME}} ?,2020-12-06,sports_&_gaming
2717,#नन्हा_फरिश्ता designed by {@Dr GURMEET RAM RAHIM@} . Thank you papa for everything. Love you,2020-06-20,daily_life
2695,"The cron.weekly newsletter - a weekly newsletter on Linux, programming, and open-source by {{USERNAME}} . Highly recommended. Sign up here: {{URL}} ",2020-01-26,science_&_technology
2938,Re-watch all goals and opinions from our win over {{USERNAME}} now using the link below: {{URL}} #FSAPRO #FSAFamily #WeAReTheFoxes {{USERNAME}} {{USERNAME}},2020-09-20,sports_&_gaming
581,OH today my friend told me to listen to drivers license by {@Olivia Rodrigo@} and it really did make me cry about my ex from two years ago... so yeah there’s that.,2021-01-12,pop_culture
812,"Watch: #Oklahoma musician {{USERNAME}} releases new album  The #Christmas Light,  with the music video for  Home Movies  #HappyHolidays {{URL}} ",2019-11-29,pop_culture
459,Der Nino aus Wien - Taxi Driver {{URL}} via {@YouTube@} Song of the year 2020,2021-01-03,pop_culture
1700,Check out what I just added to my closet on Poshmark: Kansas City Chiefs Football Cards - Lot of 3. {{URL}} via {@Poshmark@} #shopmycloset,2020-02-09,sports_&_gaming
984,[Live Now!]  Playing The Walking Dead: Season 1 - Episode 4 & 5. First Playthrough!   #twitch #twitchstream #smallstreamer #stream #streamer #RoadToAffiliate {{USERNAME}} {{URL}},2020-10-11,pop_culture
817,The Political Settlement Under The {@VoteANC@} Has Expired The Implications Are Bad And The People Like Always Will Feel The Heat. {@Cyril Ramaphosa VoteANC@} Your Divergent  Won’t Work Because Churches Are Anti Your Cult And We Will Take It To The Streets.Will Collapse Your {@Presidency South Africa@} For Sure,2021-07-02,daily_life
896,"“The place where I grew up, Sonoma County, is burning. Again.” {{USERNAME}} , author of THE ENSEMBLE, wrote about the California fires for {{USERNAME}} . {{URL}} ",2019-11-01,daily_life
303,"Kabir Singh didn’t won any filmfare award, I mean are you seriously kidding me? No wonders why India will never win an Oscar. HYPOCRITES!! {@Shahid Kapoor@} {@Sandeep Reddy Vanga@} #kabirsingh #Filmfare #Filmfare2020 #FilmfareAwards2020 #",2020-02-16,pop_culture
132,So pleased with myself (and {{USERNAME}} ) this morning: our first assignment in our  Intro to major  class was to make an introductory video - so great to actually SEE our students without masks so we can start learning names and personalities.,2020-08-26,daily_life
2913,#FOMO ? Pretty sure this is all you have to do to get blocked by {{USERNAME}} #boycottharveynorman,2021-05-30,arts_&_culture
676,UFC 249 PPV starts in minutes!! Life is good!! {@UFC@} #ufc249,2020-05-10,sports_&_gaming
526,A good result for the U14s; 4-1! Another great result in a weekend of great results for {@FC Barcelona Masia@} {{USERNAME}} !,2021-04-11,sports_&_gaming
933,I just discovered this on Poshmark: Bundle for an extra 20% off 2+ items!. {{URL}} via {@Poshmark@},2019-10-27,business_&_entrepreneurs
2242,Dear {@Access Bank Help@} I dont understand why you guys will be deducting N100 as stampduties per online transaction I do. That charge is not only excessive and unwarranted but is also illegal. I intend to challenge it and move my account to {@Stanbic IBTC@} or {@UBA Group@},2020-06-28,business_&_entrepreneurs
2272,Olivia Rodrigo - drivers license (Official Video) {{URL}} {@YouTube@} より,2021-01-11,pop_culture
144,I have the Police Chief here.  What do you make of this?  Well apparently Netflix has annoyed fans of this Lucifer fellow. He seems to have great influence on them. I m not allowed to discuss this case further at this time. #KeepLucifer #Devil666 {@Netflix@} {@Warner Bros TV@} {@BRUCKHEIMER FILMS TV@},2020-02-02,pop_culture
107,Gas in Vegas $4.55 per gallon.  Border is in total chaos.   Afghanistan just fell to the Taliban  Covid is Raging.  Defund the police and substantial increase in Crime.  This is just a start.  When does your I got a plan start {@President Biden@} ?  Dont blame me i voted for the other guy,2021-08-15,business_&_entrepreneurs
1772,so watch me bring the fire and set the night alight  I vote #Dynamite for #TheSong category at #PCAs2020 2020 {@BTS_twt@},2020-10-02,pop_culture
2140,The only thing salvaging 2020 is the {@Los Angeles Dodgers@} winning the World Series,2020-10-29,sports_&_gaming
204,I’m humbled to have a verse on the new album by {{USERNAME}} {@QUIP@} K.I.M. 3 Sigue La Movida {{URL}},2020-01-03,pop_culture
41,Hilarious moment little boy and sister shave head with electric razor {{URL}} via {@Daily Mail Online@} {{USERNAME}} Hope you find it Chris,2020-05-10,daily_life
3031,I just saw ANOTHER bus driver using his phone while driving with passengers. I didn t see the phone and don t have video this time so I won t report but that is shockingly poor form by {@Translink@} . Your drivers need retraining.,2019-09-18,daily_life
1544,Anyone else just seen a amazing meteor shoot across the sky !? {@BBC Yorkshire@} {@ITV News Calendar@},2021-02-28,science_&_technology
2460,FULL POST FIGHT - {@TYSON FURY@} speaks on his KNOCKOUT of Deontay Wilder in dominant performance : {{URL}},2020-02-23,sports_&_gaming
2805,I love you #SEVENTEEN you icons  #세븐틴 this won’t make any sense #헹가래 ok my kings #Henggarae will win awards #Left_n_Right will win soty and {@SEVENTEEN@} are the bestest boys,2020-06-16,pop_culture
2921,"College football fans:  If Bama beats UF, ND Beats Clemson and Ohio State wins, who is your final team in the playoff? {{USERNAME}} #CollegeFootball #CFBPlayoff",2020-12-17,sports_&_gaming
1276,Changing For The Better Mixed By {{USERNAME}} Official Music Video Out Today  Edited by {{USERNAME}},2020-05-24,pop_culture
1049,"Samy Kramer, German pilot, makes point with syringe in the sky | {@Reuters@} {{URL}} ",2020-12-27,daily_life
3098,Really exciting discovery : Scientists accidentally breed climate change-resistant oysters {{URL}} via {@ABC News@},2019-09-27,science_&_technology
1292,Monopoly for Millennials in stock at Walmart {{URL}} for $40.99 | Get The Tracker App {{USERNAME}},2019-12-01,business_&_entrepreneurs
1245,Check out my new album  6 Feet In The Jungle  distributed by {@DistroKid@} and live on Apple Music! {{URL}},2021-08-17,pop_culture
4,"#HappyWomensDay2020 If there s one thing for you girls and women out there to read/listen to/watch as you are marking this special day, then I very much recommend this {{USERNAME}}  s Facebook post {{URL}} ",2020-03-08,daily_life
1293,#NP #NowPlaying on {{USERNAME}} #radio  Ambition  by Dalek I Love You {{URL}} ♬,2020-08-09,pop_culture
1038,"[SPOTIFY]  #GFRIEND s Only 1 surpassed 1,200,000 streams on the platform. It s the 4th song on the full album to do so! Congratulations to our girls.❤️ {{URL}} {@GFRIEND@} #여자친구",2020-07-04,pop_culture
1370,Great big fight feel main event in {@Tessa Blanchard@} v {{USERNAME}} . Tessa s reign full of excellent matches adding to the legacy. Big time cool moment for new champ #wowsuperheroes,2019-11-24,sports_&_gaming
2479,#joeroot on the way to be added in the team of the decade.  #SAvsENG {@Cricbuzz@},2019-12-29,sports_&_gaming
2409,Latest News from Tokyo: The Polish Swimming Federation (PZP) mistakenly sent 23 athletes to Japan instead of 17. The group have since threatened legal action and have called for the head of the PZP to resign. Video via {@editorji@},2021-07-20,sports_&_gaming
2328,#SundayFunday on {{USERNAME}} kayaking and then a much needed lunch at #Hanks. Mask up #DC and stay outside when you can!,2021-08-08,daily_life
3015,Happy National day to the Republic of Mali  commemorating its independence today. {@Kamissa Camara@} {{USERNAME}} {{USERNAME}},2019-09-22,arts_&_culture
17,"Lap 126: {@Kevin Harvick@} bring the car to pit road for four tires, fuel and a track bar adjustment. Says car isn t turning quite as well in turns 3 & 4. Came in first and left first.",2020-05-17,sports_&_gaming
2053,I’m still not sure why senecio 2 (part time in class and part time virtual learning) wasn’t put in place to reduce class sizes and bussing needs? This would also give parents/kids who heave underlying health conditions an option to stay safe! Can you explain {@NLESD@} {@Dr Janice Fitzgerald@},2020-08-19,daily_life
1212,THE Cyclones will have a chance to separate themselves from the pack this month.  Iowa State s remaining October schedule:  10/10 vs TTU (2:30 P.M. on {@Local 5 News@} )  10/17- BYE  10/24- @ #10 OK State (TBD)  10/31- @ Kansas (TBD),2020-10-05,sports_&_gaming
390,Sterling angrily bounced the ball on the ground because the referee s decision went against him and the ref only called to warn him! Kale dey Premier League sef? Cc {{USERNAME}} {{USERNAME}} {{USERNAME}},2021-02-21,sports_&_gaming
2079,"Barbara Bailey is the queen of broadcast news in central & eastern Kentucky    After growing up watching her anchor the news, it was a great honor to call her coworker & friend. I loved saying “back to you, Barb” while reporting.  Cheers, {{USERNAME}} {{URL}} ",2020-09-04,pop_culture
2113,"2/3 wins for the club yesterday! 1s beat {{USERNAME}} by 51 runs, {{USERNAME}} with 77 and 5-41 , ably assisted by {{USERNAME}} 71.  2s got the better of {{USERNAME}} , being bowled out for 141 before bowling the visitors out for 70! Highlights being {{USERNAME}} 5-7 1/2",2020-08-23,sports_&_gaming
1467,"I should be racing the {@ASICS UK@} 10k this morning but due to early matinee {@Joseph the Musical@} , I won’t be. Good luck to all runners! Glad the heat is gone for this race. Should be a good condition for a PB runners! Have fun! #ukrunchat {{USERNAME}} ",2021-07-25,sports_&_gaming
2131,QUEEN OF THE RING IS IN THE BUILDING JUNE 26 LIVE AND FOR FREE ON {@Caffeine@},2021-06-18,pop_culture
2747,Our {{USERNAME}} tells us what gives the 49ers defense the #FantasyFootball edge in the #SuperBowl this weekend. {{URL}},2020-01-29,sports_&_gaming
890,I’m apologizing in advance for my actions on May 21st. {@Olivia Rodrigo@} ‘s album comes out that day and I cannot be sure what I will or will not do as a result so please keep this in mind thank you.,2021-04-04,pop_culture
251,Middle Man {{URL}} via {@YouTube@} Get the album NOW! {{URL}},2021-05-09,pop_culture
1332,"Anthony Joshua looked amazing last night, he is definitely the strictly come dancing winner of 2019. #Humble fight by trade coward at heart  {{USERNAME}} ",2019-12-08,sports_&_gaming
357,"Okay, Ate {{USERNAME}} is now one of my inspiration, even though  di ko pa nababasa ang WV (mapanakit daw eh) pero, I ll read it. I love you, Ate Kean!",2020-08-09,pop_culture
2500,Congratulations to {@Rangers Football Club@} on winning the title today! Well deserved and the better team over the season.   Hope {@Celtic Football Club@} respond which I’m sure they will and put up a stronger challenge next season!!,2021-03-07,sports_&_gaming
3000,Ha {{USERNAME}} saying they haven’t seen Michelle on camera. Is that due to the wind factor too??,2021-01-17,pop_culture
1633,I have three game previews this week for {@Athlon Sports@} .  #PennState vs #Pitt  #MichiganState vs #ArizonaState #Purdue vs #TCU  Some good stuff here.,2019-09-10,sports_&_gaming
232,The camera work and storytelling for the #Wrestlemania36 Boneyard match is legit perfect. If wrestling was a movie this is perfectly done. {@AJ Styles@} is the white girl in the woods in the old horror movies!,2020-04-05,pop_culture
610,"Dear {@eero@} , please stop making me log into your app every time I open it. Annoying as hell.",2019-10-27,science_&_technology
1225,Hi {@Most Requested Live@} ! BTS is conquering the world right now! Pls help us celebrate by playing #MakeItRight by BTS feat. {@Lauv@} tonight on #MostRequestedLive!⭐ {@BTS_twt@} #방탄소년단 #BTS,2019-10-20,pop_culture
2004,Gallagher may aswell have a 3rd pop...let’s see him in with a bigger banger {@Callum CJ Johnson@},2020-12-20,pop_culture
937,i love the : WATERMELON SUGAR high WATERMELON SUGAR high WATERMELON SUGAR high WATERMELON-SUGAR-HIGH {@Harry Styles@} i really hope someone understands what i’m saying,2019-11-17,pop_culture
781,I’m proud to be apart {{USERNAME}} man we suffered long enough through our down years I still cringe remembering those bad starting lines but we made it onward to the western conference finals #lakeshow,2020-09-13,sports_&_gaming
2356,Cheat Sheet breaks down  Star Wars: Rise of Skywalker  Easter eggs you might ve missed {{URL}} via {@Entertainment Weekly@} #StarWars,2020-04-05,pop_culture
1992,JIHOON BLUE HAIR SELCA AAAAA {@TREASURE@},2021-04-25,pop_culture
993,Chris Brown Jr. {{USERNAME}} Happy Glo hope your day was blessed,2020-05-10,pop_culture
1766,A social media trend has people identifying as  super straight.  The transphobic campaign was meant to divide LGBTQ+ people. {{URL}} via {@Yahoo@},2021-03-09,daily_life
2918,Come join the awesome {{USERNAME}} for day 3 of Rainbow Island~ ♥ Animal Crossing : New Horizons ♥  #AnimalCrossing #AnimalCrossingNewHorizons {{URL}},2020-03-22,sports_&_gaming
2275,UFC 251 Post-Fight Matchmaking: Jessica Andrade ( {@Jessica Andrade UFC@} ) vs Michelle Waterson ( {@Michelle Waterson@} ) / Angela Hill ( {@Angela Hill@} ) winner,2020-07-12,sports_&_gaming
2100,New Music + Video: {@What a Life@} - John Cena {{URL}} via {{USERNAME}},2019-09-27,pop_culture
1512,". {{USERNAME}} led at EAGL Championships after the 1st session, but Temple’s 196.500 in the second session narrowly topped the Pack’s 196.050.  The Wolfpack will find out on March 22 if it did enough to qualify for the NCAA Regionals.  {{USERNAME}} {{URL}} ",2021-03-21,sports_&_gaming
1959,We want everyone to have a chance to win   The words of {@Apex Legends@} Yet I play match after match with noobs against pros. Match after match I get killed by players crouch spamming &/or jumping off walls: things that you need to use the claw or elite controllers to do.  #Lying,2021-01-24,sports_&_gaming
3175,Camels defeat Owensboro Catholic 6-5.  Aydan Hamilton drove in 3 and Logan Stevenson hit the go ahead home run in the bottom of the 6th and threw the final 3 innings to pick up the win. {{USERNAME}},2021-05-09,sports_&_gaming
3034,July the 4th ...information regarding the election.  Watch {{USERNAME}}  s broadcast. {{URL}},2020-06-30,pop_culture
2522,Waiting for {{USERNAME}} Sunday vlog like food stamps on the 1st.,2020-08-02,daily_life
1264,Congratulations to {@BTS_twt@} for the 1st win Best Dance Performance Male Group!!!  #MAMAVOTE  #BTS #Dynamite,2020-12-06,pop_culture
2218,Check out this talented singer #EricDisiac with his hit song #Jelly - This Music Video is outstanding with a {@FOX31 Denver KDVR@} type of vibe: {{URL}},2020-06-28,pop_culture
636,"Putting this season in perspective, the Rams had two 1k receivers, Goff easily surpassed 4k, Donald/Fowler each with 11+ sacks, Gurley with 13+ TD’s in limited touches. But, this team obviously underperformed for a variety of reasons. Not just one key thing. {@J B Long@} ",2019-12-22,sports_&_gaming
784,UP NEXT!! The Main Event!! Let s Go {@KAMARU USMAN@} #TeamUsman #NigerianNightmare #AndStill,2021-04-25,sports_&_gaming
522,#아스트로 #ASTRO #GATEWAY #Knock #널찾아가 #ASTRO_GATEWAY_OPEN {@ASTRO@} So the fact that I’m me and no one else is one of my greatest assets. Emotional hurt is the price a person has to pay in order to be independent.,2020-05-03,daily_life
1238,Currently at number eighteen. With limang libong TC  The Light MV link here: {{URL}} BGYO THE LIGHT ON ASAP #ASAPHitback  #BGYO {@BGYOPH@},2021-01-31,pop_culture
1535,The family man is a well made tv series. I was overwhelmed watching {@manoj bajpayee@} . His acting along with Dhriti s acting was worth talking. {{USERNAME}} and Neeraj madav were too good. Completed the full season at one go. Well done guys. Kudos!,2019-09-22,pop_culture
1017,#mothers_day Let s respect women they are our mothers they gave us life without them we nothing I couldn t be here without them you have my bless all the women out there all the mothers out there @mathiasiyaloo A… {{URL}},2020-05-10,daily_life
1523,"Big show tonight ! Daytona {{USERNAME}} winner {@VenturiniMotorsports@} {@Michael Self@} will join us live , also in the race with a 6th {@Jason White@} plus {@NASCAR Camping World Trucks@} Series director Brad Moran & more form {{USERNAME}} World Series 645 pm on our stream {@SXMCanadaTalks@} 167 9pm ET",2020-02-09,sports_&_gaming
2751,I’m super invested in this Colin case you know {@MS@} nice to have some light relief in the media if nothing else,2021-04-18,pop_culture
145,"Ah, the age old question... Christmas music or {@Corpse Husband@} music???",2020-12-06,pop_culture
8,Check out Patrick Mahomes Football Mini Helmet Display Case With A Chiefs Nameplate #BobbysHangUps {{URL}} via {{USERNAME}} #PatrickMahomes #ChiefsKingdom #SuperBowl #MiniHelmetCase #EngravedNameplates available at {{URL}},2020-02-09,sports_&_gaming
1897,"I still like you, like the wind walked eight thousand miles, do not ask the return date.#DrHASKINxGulf #GulfKanawut {@gulfkanawut@} ",2021-03-07,pop_culture
1390,"Hi My RCB team, {@Virat Kohli@} RCB is been great this year the problem is consistency and dependency on Kohli and AB  playing 11 with batting order- 1. Paddikal 2. Finch 3. Kohli  4. Gurukeerath Mann 5. ABD 6.Negi/Dube 7.Chris Morris 8.Sundar 9. Isuru Udana 10. Chahal 11 Saini",2020-10-05,sports_&_gaming
1457,#IndvsSA: Heavy downpour in Dharamsala ahead of first T20 {{URL}} via {@The Tribune@},2019-09-15,sports_&_gaming
162,"A girl on {@Bumble@} had in her Bio that she like guys with intellectual conversation, ended up telling me her favorite writer is Chetan Bhagat and I judged her.",2021-08-22,daily_life
2351,The Gates of HELL opened & the demons emerge from  floors of R sanctuaries in R churches. Moral relativity & inability to preach moral clarity from the pulpit is 1 reason why the party of Abortion/Infanticide gains power in the USA. {{USERNAME}},2020-12-13,daily_life
3064,#Win $10 Amazon #BookTour #Giveaway #BookBoost #Suspense #Family #Crime #OutOftheShadows {{USERNAME}} {{URL}},2020-04-26,arts_&_culture
2456,The University for Foreigners of Perugia | Ambassador of the Italian Identity around the World  official video {{URL}} via {@YouTube@} #Italy #Italian #Italiano #MadeInItaly,2019-10-20,pop_culture
359,. {@TOMORROW X TOGETHER@} has now surpassed 3.3 MILLION followers on Spotify. They remain the 9th most followed Korean male group on the platform. {{URL}},2021-04-11,pop_culture
486,2021 All Ireland Senior Championship {@OfficialCorkCamogie@} 1:12(15) {{USERNAME}} 0:6(6) Tight angle free but Katrina puts it over the bar 01:40 Second Half,2021-07-18,sports_&_gaming
13,BTS (방탄소년단)  Permission to Dance  Official MV {{URL}} a través de youtube {@BTS_twt@},2021-07-11,pop_culture
2704,"Boris, you must tell the Queen to sack Harry and Meghan {{URL}} via {{USERNAME}} ",2021-03-14,pop_culture
1611,"Idk why I was just sitting here & thinking about momma swift, please stay healthy and safe during this time  #PrayersForMommaSwift {@Taylor Swift@} {@Taylor Nation@} ",2020-03-29,pop_culture
379,Some England fans give us such a bad Rep we are not all like that majority of people are happy we even made it to the final but there’s that 1% who think it’s cool to be racist {@Bukayo Saka@} {@Marcus Rashford MBE@} {@Jadon Sancho@} head up boys,2021-07-11,sports_&_gaming
3049,Lucky number etneb HAHHA  MORISSETTE NEW MUSIC {{USERNAME}} LYS TEASER RELEASE,2020-11-22,pop_culture
1477,"I ve been trying to figure out that recent paper in {@Science Magazine@} about pesticide toxicity over the last few days. There are a few things that don t make sense to me, so I m going to make a thread here as kind of my scratch pad. Maybe I ll write a blog post about it later.",2021-04-09,science_&_technology
2331,Remember us whippin it up on the line just shouting out WHEEZY OUTTAHERE lmao {{USERNAME}},2020-11-06,pop_culture
757,"Big shout out to the {@Baltimore Orioles@} Spring Training Organization for providing an awesome afternoon of fun, family, girl power with {@Girls Inc@} for International Women’s Day and America’s favorite pastime!   My family had… {{URL}} ",2020-03-08,sports_&_gaming
1063,Gaming setup sponsored by Nook Inc. and {{USERNAME}} for the generous gift invite to Animal Crossing! (Mr. Nook had no control over this message),2020-03-22,sports_&_gaming
2238,"Lately, every time I step foot on a {@Delta@} flight, I wonder why I fly them enough to get status every year.",2021-07-18,daily_life
1270,“All legends fall in the making “R.I.P. {@JuiceWorlddd@},2019-12-08,pop_culture
2590,"“I woke up to hear knocking on glass. At first, I thought it was the window until I heard it come from the mirror again.”  Sometimes the shorter the story the scarier! This story originated on Reddit from user {{USERNAME}} via {{URL}} ",2021-03-28,arts_&_culture
1055,"The many inspiring components of this April 2020 general conference — and the sacred week that we now begin — can be summarized by two divinely decreed words,  Hear Him.  {@Russell M Nelson@} #GeneralConference",2020-04-05,business_&_entrepreneurs
1460,"ICYMI: Today’s  Coast to Coast  on {@SportsGrid@} {@Scott Ferrall@} reacts to sports being shut down across America... {@Craig Mish@} & Dr Mitchell Roslin join, plus {{USERNAME}} in Hour 2 #GetontheGrid {{URL}} ",2020-03-14,sports_&_gaming
966,Why is {@CNN@} reporting on the projectiles hitting law enforcement but not on the excessive force police officers continue to use on protesters across the country?   #BlackLivesMatter #EndPoliceBrutality,2020-05-31,daily_life
2436,Softball will get back under way soon. Approximately 6:30 Boyle and Johnson Central will finish. Then {{USERNAME}} game vs {{USERNAME}} will follow. The late game will be Henry County vs Green County. Folks are working hard on the field. Watch live on {{URL}},2021-06-13,sports_&_gaming
59,姚莉 - 春風吻上我的臉 - Yao Li - The Spring Breeze Kisses My Face {{URL}} via {@YouTube@} heard this on old school FM Radio this morning. Really sets the mood for the start of the year.,2020-01-05,pop_culture
3109,"The number of people filing for #unemployment benefits last week was greater than expected, raising concern about the state of the #economy as #lawmakers struggle to move forward on a new #pandemic #stimulus package via {@CNBC@} {{URL}} ",2020-08-21,business_&_entrepreneurs
963,The state of sports watching in Canada is really sad. There are 10 NCAAF games on currently. {@TSN@} is playing 1. Oct bloopers of month 2. Replay of 2016 mls cup 3. Mizz @ uga NCAAF 4. Mem @ Dal nba  5. Ufc fight  2/5 not live events...,2019-11-10,sports_&_gaming
2784,"Congratulations on a great season, VMHS Eagles! You make us proud! Fly high!  #VMHS #CCISD {{USERNAME}} {{USERNAME}} {@CCISD@} ",2019-12-07,sports_&_gaming
1074,Anyone who knows me knows I’m a fan of theatre. “In the Heights” took what I love about theatre and brought it to my tv. BRAVO {@IN THE FRIGHTS Disney s ESPANTO tick tick BOO@} and the entire cast & crew. Brilliant on every level. Glad Piragüero won the day.,2021-06-13,pop_culture
2432,I want {@Mason Rudolph@} to play (#GoPokes) but you can’t pull Ben because of one bad half in a game the {@Pittsburgh Steelers@} knew they would lose. #steelersvspatriots,2019-09-09,sports_&_gaming
2420,"NFL officials love the replay but why can’t they get it right the first time. Ball clearly out before crossing the line and the {@NFL@} {@NFL Officiating@} rule a touchdown. If they don’t say fumble and clear recovery by Miami, this will be another example of terrible officiating",2020-11-22,sports_&_gaming
1692,I just discovered this on Poshmark: JENNIFER LOPEZ Gold shimmer straight leg pants. {{URL}} via {@Poshmark@},2020-02-09,pop_culture
2211,"NBA: Lakers overwhelm Rockets, advance to conference finals {{URL}} via {@ABS CBN News@} ",2020-09-13,sports_&_gaming
2698,"So Jio Mart kick started its operations! And its currently serving even tier 2 cities(like mine for ex Dhanbad ,JH) and it’s just the start, just made me realise how much potential this country and mota bhai has if one thinks in the right direction! {@JioMart Support@} #JioMart",2020-07-19,business_&_entrepreneurs
2829,Sunday morning catch up {{USERNAME}} #Cricket #INDvsENG #channel4cricket #Brentwood #Billericay {{URL}},2021-03-14,sports_&_gaming
2252,"The latest The Darkweb, Deepweb, and other Netherwolds of the Internet Daily Newz! {{URL}} Thanks to {{USERNAME}} {{USERNAME}} #bnb #fiat",2020-07-19,science_&_technology
440,Álvaro Cervera addressed the media after the {@LaLiga English@} clash in Granada which saw his side secure a win which practically secures top flight status for the club. {{URL}},2021-05-02,sports_&_gaming
1698,"#ldc2018joining  Honorable @ ashokgehlot51 ji 11000 youth, their parents, their family relatives are all waiting for your order when they will get the appointment? You understand the pain of unemployed also as a sensitive Chief Minister. {@Ashok Gehlot@} {@Sachin Pilot@} {@CMO Rajasthan@} ",2020-04-26,daily_life
477,"Boooooooommmm!! {{USERNAME}} reference alert!!! RFC 2396 is an update  in order to define a single, generic syntax for all URI (Uniform Resource Identifiers)  from the Internet Engineering Task Force. {{URL}} {{USERNAME}} {{USERNAME}} {{USERNAME}} ",2020-02-16,science_&_technology
2865,"Watching the latest episode of {@Top Gear@} - I have to say, these guys have made strides towards resurrecting the old magic! {@Paddy McGuinness@} , Flintoff and Harris are excellent together.   The Speedtail vs F35 race was the definition of the word EPIC!   #awesome #TopGear",2020-02-02,pop_culture
715,The latest The Dawn Bell Journal! {{URL}} Thanks to {@MaRS@} {@STAT@} {{USERNAME}} #biotech #hr,2021-08-08,pop_culture
1118,Long Island hockey goalie raising money for breast cancer awareness with  October Saves  program {{URL}} via {@Eyewitness News@},2019-10-13,sports_&_gaming
2063,Sad love songs that s my {@Toni Braxton@} I wanna hear,2020-02-16,pop_culture
2781,Congratulations to Ashburn #1 16U AA or it s 6-2 victory over Montgomery Blue and CBHL championship.  Ashburn #1 vs. Piedmont in the Virginia State championship series next weekend  Howard Blue vs. Montgomery Blue in Maryland.  Best of three. Winners go to {@USA Hockey@} Nationals.,2020-02-23,sports_&_gaming
6,I know I missed #tbt....but this  is throw back to the last time the Lightning were in the Stanley Cup! Later won it {@Tampa Bay Lightning@} #gobolts {{USERNAME}} {{URL}},2020-09-25,sports_&_gaming
125,I strongly believe that the time left for Paul George to find his rhythm back is gone. The team can’t afford Pandemic P to take 15 shots just to find his rhythm in this series no more. Coaches must adjust his minutes and attempts along with rotations. #ClipperNation {@LA Clippers@},2020-08-24,sports_&_gaming
1431,Drew Brees  I will NEVER disrespect the flag by kneeling.  {{URL}} via {@YouTube@} Why don’t you watch the whole video,2020-06-07,sports_&_gaming
708,"The Wellington Cowboys are back. For the first time since 1994 the Cowboys won the #Group11 first grade title. In a performance worthy of the occasion, the Cowboys downed minor premiers Dubbo CYMS to spark emotional celebrations. {{USERNAME}} {{USERNAME}} {{URL}} ",2019-09-08,sports_&_gaming
2981,"PM {@Narendra Modi@} Ji & {@Amit Shah@} Ji, If Tick tock and Zoom Meeting app are a Chinese app & both are Stealing Our Mobile Data similarly Country Data also. Both are Banned in America, Request U 2 Kindly Ban in Our Country also.",2020-04-10,science_&_technology
1827,Maaann if the market drops any more at all im f#cked! my {@Aave@} loan health is 1.05 and gas is so high that i cant afford the gas to do anything about it! Its 3.48am here and ive been up all night trying to find places to scrap enough $ to de-risk my loans! argh #cryptocrash,2021-05-23,business_&_entrepreneurs
391,FRESH FIND !! >> Discover New Music and Hot Talents!! Give a listen to Popstar (dnb remix) by doozy {@YouTube@} #hiphop #rap  #new_music {{USERNAME}} #GrooverEffect  LISTEN HERE {{URL}},2021-08-22,pop_culture
220,Gabriel Jesus offers glimpse of what Man City always hoped he could be   By {@Mark Critchley@} {{URL}} #mcfc,2020-08-10,sports_&_gaming
2254,"#ElCaminoMovie was great, I’ll watch anything from the Breaking Bad world and always have slightly rose tinted glasses because of my sheer love of the show but this felt like a solid addition that makes me desperate for season 5 of {@Better Call Saul@} ",2019-10-13,pop_culture
3024,{{URL}} via {@GIPHY@} Buffalo Chicken Pierogi for the Super Bowl - {{URL}},2021-02-07,sports_&_gaming
1041,Ohio State is NOT a top 4 team!   If the College Football Playoff Committee puts them in...even if they win...it’s a complete joke! {@Ohio State Football@} {@College Football Playoff@},2020-12-19,sports_&_gaming
58,"Hy {{USERNAME}} , is unstaking and claiming rewards for 1inch tokens suspended or is the problem on my end? Thank you!",2021-02-21,business_&_entrepreneurs
568,"According to the line {{USERNAME}} and the size of people’s grocery carts, I guess corona virus is taking a break for the 4th of July ‍♀️",2020-07-03,daily_life
1762,RODGERS I JUST SAW YOU DO A MINI DISCOUNT DOUBLE CHECK!!! {@Aaron Rodgers@} {@Green Bay Packers@} {@Pat McAfee@} I wanna see him give a full all out discount double check!!!! {@State Farm@},2020-12-20,pop_culture
2439,"Bucks need to finish the job now. Had this kinda game 5 against nets, only to lose game 6 at home. Get the job done on home court, don’t push your luck by coming back to PHX {@Milwaukee Bucks@} ",2021-07-18,sports_&_gaming
703,Check out Stephen Curry Swingman #NBA #DubNation  Jersey Chinese New Year White Small Youth Used #adidas {{URL}} via {{USERNAME}},2021-03-20,sports_&_gaming
2706,"Wait, was nobody gonna tell me that {@James Gunn@} is actually on Spotify?? Like, I don’t just have to wait for him to make a movie to get new music recs??",2021-08-22,pop_culture
261,"Everyone picking the #Titans today to cover seem to ignore the {@Baltimore Ravens@} scored 40+ five times, haven’t lost since September & are 14-2 with an MVP QB. The Titans beat up a collapsing #Patriots team last week, but let’s not overplay it. Bet the #Ravens! #NFLPlayoffs #NFL #BALvsTEN",2020-01-11,sports_&_gaming
2162,Join {@Mark Zinno@} and myself as we broadcast live from Life University this afternoon from noon to three. Few things we’ll get to...  Did Zinno make money off the XFL yesterday? Kevin Durant is still soft. Zinno on the Red Carpet National Signing Day {@680 The Fan@},2020-02-09,sports_&_gaming
1357,I’m so confused about the piece I just watched {@CBS@} Sunday Morning where Erin Moriarty interviewed Philip Galanes about Social Q’s and Coronavirus yet there is no way they were 6 feet apart during that interview?,2020-04-05,pop_culture
1324,10:25 seconds left in the half {@Detroit Lions@} vs {@Los Angeles Chargers@} Flag on punt return saves Detroit from a serious fumble tragedy! {{USERNAME}} {{USERNAME}} But they can t get anywhere with these special teams issues!,2019-09-15,sports_&_gaming
1709,"Join me to get {@Listia@}  s new $XNK #cryptocurrency for free! Use code  CCNFLP  for an extra 100 XNK. Just got this with my Ink, Victorias Secret Rebel Perfume Li l Glass Spray Fragrance {{URL}} ",2019-10-27,business_&_entrepreneurs
1025,"I m not lucky this time but it s okay I still love you very much.Will remember this moment. all the Phiballs in the world share the same goal, even though it s like a competition, it s really fun  {@gulfkanawut@} #14วันฝากใจไว้กับกลัฟ",2021-07-25,pop_culture
384,"Check out largest crowds ever for a basketball game! Phil Arena aims to set new attendance record for FIBA World Cup final in 2023, targets over 50,000 & if FIBA allows SRO, 60,000! Incredible! {{URL}} {@The Philippine Star@} {{USERNAME}} {@Philstar Sports Hub@} ",2019-09-08,sports_&_gaming
588,"Please don t stop streaming. Are views aren t rising. K-onces are doing a great job, I hope we can do better too. Stay safe everyone! Fighting! #ICANTSTOPME {@TWICE@} ",2020-11-02,pop_culture
2399,So hopefully the neighbors don t let off fireworks after the {@Seattle Seahawks@} win cause of the air quality and the burn ban,2020-09-13,sports_&_gaming
1386,Jump-starting the fight against climate change: The courts - Bulletin of the Atomic Scientists {{URL}} via {{USERNAME}},2019-09-27,science_&_technology
2988,Three QB turnovers in the second half.  Can t win football games against Akron or Ohio State when that happens. {@Northwestern Football@},2020-12-19,sports_&_gaming
2878,"Yellow vs Blue, Me vs You - Aila Donovan , Whitney Wright, Ricky Johnson Color schemes collide! {{USERNAME}} and {{USERNAME}} tease and taunt the camera {{USERNAME}} #brazzersِ  ⬇️⬇️CLIC HERE⬇️⬇️ {{URL}} ",2021-08-15,pop_culture
1363,Watching Harry Potter and The Prisoner of Azkaban and I want {@Alfonso Cuaron@} to go back and remake all of the other Harry Potter films please.,2020-04-05,pop_culture
1230,"new year, new album from {@BRETTKISSEL@} ! Listen on {@Apple Music@}  {{URL}} ",2020-01-02,pop_culture
3017,A night to remember - Honorees and our founders {{USERNAME}} celestialstyleandbeauty {@Boukman Eksperyans@} {{USERNAME}} nafeeza_1 neenaa_1   • • Photo  {{URL}} •• ••  #Honors #creoleimagehonoree #creoleimage… {{URL}},2019-11-10,pop_culture
855,I have had a crush on John Travolta since the days of Welcome Back Kotter & the Boy in the Plastic Bubble. I would be thrilled if John dropped me a HELLO! {{USERNAME}},2021-07-18,pop_culture
1185,Wowwee! {{USERNAME}} knocked their virtual Women of Excellence Awards out of the park. Congratulations to all of the nominees and winners and thank you {{USERNAME}} for always being the bestest emcee. #inspired,2020-06-14,pop_culture
2684,"Rays are in the 11th with the Red Sox, Indians are down by two in the 8th. A’s are up by 7. {@Oakland A s@} stay hottt!!! ",2019-09-22,sports_&_gaming
2060,The issue that we have in our game at the moment is there is no clear officiating of the rules.” Former {@All Blacks@} coach Steve Hansen,2021-08-29,sports_&_gaming
3101,Paul Turner on debut for the {@Vodafone Warriors@} is an exciting prospect for the club. All the best to the bloke. Used to partner Dylan Brown in the halves as a kid.  #NRLBulldogsWarriors #NRL,2020-08-23,sports_&_gaming
2842,A successful project depends on how the entire system team works & here the team is very solid & experienced in their field. You can see the future by their vision & hard work. #MocktailFinance #MocktailSwap #MOK #blockchain   #crypto #BNB #cryptocurrencies #fintech {{USERNAME}},2021-04-10,business_&_entrepreneurs
2482,Via {@NBC News Health@} : Celebrities like Gwyneth Paltrow made the 2010s the decade of health and wellness misinformation {{URL}} {@Timothy Caulfield@} {@Jennifer Gunter@} {@Andr Picard@} {@Theresa Boyle@} {@Vik Adhopia@} {{USERNAME}} {@David Gorski MD PhD@} {{USERNAME}} {{USERNAME}} {{USERNAME}} {{USERNAME}},2019-12-29,pop_culture
1056,Saw the ESBC #boxing video released and {{USERNAME}} there WON T be the corner man mini games in between rounds a la Fight Night.  Kinda bummed at that.  Everyone is about to get beat when this drops still.  #games {{URL}},2021-03-28,sports_&_gaming
819,Dear sir/Mam I order for refill my indane gas  cylinder and I made the payment online after 2 day my booking is cancelled even I didn t cancelled it Plz help and take a strict action for the same Order No-2-000359417960 Invoice No-5-100384132673 Bank Ref-012210670637 {{USERNAME}},2020-05-03,daily_life
2657,shoutout to {{USERNAME}} for being literally the only person on this app live tweeting the xfl like it’s game 7 of the finals,2020-02-09,sports_&_gaming
1666,Read Now: Anthony Joshua regains heavyweight titles with classy points win over Andy Ruiz Jr: latest live reac {{URL}} #jokohq #Nigeria #boxing #HotNow #Trending via {{USERNAME}},2019-12-08,sports_&_gaming
455,"#ElCaminoMovie was perfect. Anxiety for 2hours. Those 2 minutes you breathe and are happy. Thank you to {@Aaron Paul@} , Vince Gilligan and the rest of the BB cast. It brought me back and relive the greatness that is breaking bad.",2019-10-13,pop_culture
52,Battle Royale – The Movie {{URL}} via {{USERNAME}},2021-03-07,pop_culture
3171,Swallows chairman {{USERNAME}} confirms to #SLSiya that two players are leaving the club. {{URL}},2021-06-27,sports_&_gaming
20,I’ll put my hand up and say {@Essendon FC@} are the unluckiest team not in the bottom half of the 8. Especially when we have a train wreck teams such as WCE that are clogging up valuable real estate #AFLDonsSwans,2021-08-01,sports_&_gaming
3078,Permission to dance 100M !!!  Good jod ARMY !!!   #PermissiontoDance #PermissonToDance #PermissionToDance100M #BTS #BTSARMY {@BTS_twt@},2021-07-11,pop_culture
194,Tiger King and Ozark have justified a years worth of {@Netflix@} Everything else is just gravy.,2020-03-29,pop_culture
1354,"Final score: {@Green Army@} 1 (Tice) South Africa 0, winning start to Olympc year for the Irish women",2020-01-19,sports_&_gaming
1086,A winter Campus Team wonderland   Who all woke up to snow this morning? Campus Team Member {{USERNAME}} sure did  @ The Ohio State University {{URL}},2020-12-17,sports_&_gaming
264,"Take away thus far through the prelims {@michael@} has really found his comfort zone calling fights! He is in rare form this evening, ready for the main card. #UFCFightIsland #UFC251",2020-07-12,sports_&_gaming
1771,I still see his shadows in my room   RIP {@JuiceWorlddd@},2019-12-08,pop_culture
1691,Happy Mother’s Day to my lil sister {{USERNAME}} love you girl,2020-05-10,daily_life
1586,The Conjuring: The Devil Made Me Do It — Saturday movie night. LFG {@HBO Max@} !,2021-06-05,pop_culture
2461,Lies. More cheers than boos greet President Trump at UFC 244 at MSG {{URL}} via {@New York Post@},2019-11-03,sports_&_gaming
2302,"CG employee sisters and their brothers..to {@CMO Chhattisgarh@} {@T S Singhdeo@} A very big thank you for being our companion, our protector and being equally weird with us. Happy Raksha Bandhan! {@Bhupesh Baghel@} bhaiya! Please provide #28%_DA! {{USERNAME}} {{USERNAME}} ",2021-08-22,daily_life
2449,Stay safe everyone!!!   I followed {@96 5 TDY@} and I vote #LISA of #BLACKPINK for #BiggestCrush at #TDYAwards {@96 5 TDY@} {@BLACKPINKOFFICIAL@},2020-11-01,pop_culture
2680,Troup County becomes home to the first solar road in the United States #wrblwx #gawx #solar ##solarpower #renewableenergy #solarenergy #cleanenergy {@Bob Jeswald WRBL@} {@Nicole Phillips@} {{URL}},2019-12-22,science_&_technology
579,.thought of the day...no one not even the {@NFL@} wants to see the {@Buffalo Bills@} in the super bowl,2021-01-12,sports_&_gaming
2800,Ballad of the Oregon Employment Department {{URL}} via {@YouTube@} BEEP BEEP THE LINE IS BUSY !,2021-03-21,pop_culture
1403,So {@Netflix@} cancelled Santa Clarita diet but is giving the hype house a show??? Make it make sense,2021-04-25,pop_culture
1922,"Respect to {@Kevin Durant@} for sticking around and congratulating the winning team. James Harden straight to the locker room, shows what type of a person he is… Must have learnt from Lebron #nba #GoBucks",2021-06-20,sports_&_gaming
48,"Happy first Mother’s Day to my sister! She’s such a good mom  ❤️❤️ proud of you sis, now make more {{USERNAME}} ",2020-05-10,daily_life
3016,Watermelon sugar high!! #LSS {@Harry Styles@} #WatermelonSugar,2019-11-17,pop_culture
803,Yo {{USERNAME}} people have to cook Easter dinner. Cmon man,2020-04-12,daily_life
1244,"Dear {@Elon Musk@} please stop petting your own ego. Sincerely, Every. Single. Person.",2021-06-06,pop_culture
223,I m a housewife only have some money that was stolen from my husband pocket not a big amount from Fauji family but a little bit contribution. I hope everyone cobtribute according to their pocket this is our duty now. {@Narendra Modi@},2020-04-12,daily_life
585,{{USERNAME}} stock up 12.01 @ $114.07 #NYSE since Friday - People are Sheep,2020-03-15,business_&_entrepreneurs
2505," Sha Tin Tips  {{USERNAME}} bagged 2 double figure pops at last week s Sha Tin meeting.  She shows 2⃣ 1️⃣% POT at the track over the past 90 days,  See her best for today & back her HOT Bets  ⤵️ {{URL}} ",2021-02-14,sports_&_gaming
1513,#amc #amcapes #AMCSqueeze  #AMCARMY {{USERNAME}} {{USERNAME}} {@Matt Kohrs@} {{USERNAME}} {{USERNAME}} {{USERNAME}} {{USERNAME}} in the words of Winston S. Churchill   We Shall Never Surrender  {{URL}},2021-06-27,business_&_entrepreneurs
2729,"While I expected {@Hikaru Nakamura@} to come back, I didn’t think it would be due to Magnus miscalculating an endgame transition like that. Should be an exciting finish to the set. #ImpactChess",2020-08-16,sports_&_gaming
829,"#BTSconcert {@BTSofficial@} {@BTS_twt@} This may be the only BTS concert I ll ever attend but they were so uplifting ,honest,kind and Humble. I have so much gratitude in my heart for RM,Jin,Suga,J-Hope,Jimin,V and Jungkook. You are all truly angels on earth and what we need right now.",2020-10-11,pop_culture
1300," In The Loop Hour 1   - {@John P Lopez@} has an #NFLDraft conspiracy theory  - Lopez {@Landry Locker@} review the Houston Sports Awards, how attendees and non-attendees paint the perfect Texans offseason picture  - & The OG chats with Gary Kubiak   ️ {{URL}} ",2021-04-27,sports_&_gaming
3090,Major sidenote of the MSU game: How about the media team making custom graphics for the uniform!? Killing it!   Give em  a follow: {{USERNAME}} {{USERNAME}} {{USERNAME}} {{USERNAME}},2019-09-08,sports_&_gaming
1732,Austin Hooper the Browns back up!  he’s on the falcons and the number 2 TE in the league!  {{USERNAME}},2019-11-20,sports_&_gaming
964,Lullaby (Juice Wrld Type Beat) by ReidGoCrazy {@BeatStars@} {{URL}} #NowPlaying #NP {@SoaR@},2020-04-05,pop_culture
1652,"Confirm, #Bharaate hogey ne. {@SRIIMURALI@} oure, olle films maadi sir. Nodokinna munche ne helbahudu, that Bharaate will be a bad movie and the trailer proved it. Did you forget that you went into a flop spree after making such routine movies? Life is too short to make bad movies",2019-10-13,pop_culture
1147,"Housing Starts Jump 22.6% Higher, Much Better Than Expected {{URL}} via {@Breitbart News@} ",2020-08-18,business_&_entrepreneurs
286,"MINIEEEEEEEE ❣ You re so lively and lovely today. Stay safe both of you, with Jin Hyung. :)) #JIMIN #JIMINIE #JIN #BTS #StaySafe {@BTS_twt@} ",2021-03-28,pop_culture
1746,I just want to say how thankful I am to {@Harry Styles@} for giving me courage & excitement for the future & the life I want to live. I also want to thank him for giving me the opportunity to have all of you. I love you all so much. I’m so thankful for the support & love you give,2019-11-29,pop_culture
2690,Ohio State vs. Indiana picks for today from me {{USERNAME}} and {@Stephen Means@} {{URL}},2019-09-14,sports_&_gaming
97,#WonderWoman1984review as a woman who loves superhero movies i found this installment patronizing. Trying to walk the line between a love story ‘for the girls’ and action ‘for the boys’ it ended up doing both badly. {@Wonder Woman 1984@} 5/6,2020-12-27,pop_culture
1099,Sid And Naaz Are Inseperable!!! Sid And Naaz Love Each Other!!! Sid And Naaz Care For Each Other!!!  Sid And Naaz Are The Perfect Examples Of True Love!!! And That s Make Our SIDNAAZ!!!!! #WeMissOurSidnaaz {@ColorsTV@} {{USERNAME}},2020-02-23,pop_culture
3001,"So {@Emily Sweeney@} still has the fastest run of the second heat, but Tatyana Ivanova s first run lead is enough to put her in the leader s box.  No worse than 16th for Sweeney, she just needs one more sled to have a little bit of a problem to move into the Sprint World Cup race.",2021-01-24,sports_&_gaming
2746,New article:  Mastercard Updates First-Quarter and Full-Year 2020 Net Revenue Outlook Based on the Impact of the Coronavirus  has been published on Fintech Zoom - {{URL}} {{USERNAME}} #Fintech #Blockchain #Crypto #Cryptocurrency #ICO,2020-02-24,business_&_entrepreneurs
1736,"A remarkable stretch by Ivey Moreland at first base retires the side in the bottom of the 5th. To the 6th: {{USERNAME}} 2, {{USERNAME}} 1.",2021-05-07,sports_&_gaming
795,"*Fixes headline  Man merely being detained by a FAMILY MEMBER, is QUICKLY RELEASED, UNHARMED, for violating the law and encroaching on a beach in San Diego.   Did this happen to FBA in Florida?  #FirstThem {{URL}} {@Tariq Nasheed@} ",2020-04-26,daily_life
2831,"Two types of People : one with the Experience and the second one with Results , which one you are !  Watch my video response on it exclusively only on {@DTube@} , I hope you will gonna love to hear my opinions on it  . #dtube  , #hive  . {{URL}} ",2021-01-25,daily_life
1570,felix can you spoil the album a bit?? #StrayKidsComeback {@Stray Kids@},2021-08-22,pop_culture
285,". {@Greta Thunberg@} is doing more for this planet than literally EVERY world leader, revolutionary, and even Captain Planet. She s going into the public eye and calling politicians out on their BS. I hope she succeeds in her quest to help get people more aware in climate change.",2019-09-24,science_&_technology
557,Saw a guy in our parking lot with a {@MrBeast@} sweatshirt on.  1 - dude it’s hot outside   2 - now I have the theme song stuck in my head,2021-06-04,pop_culture
2175,"I just need the giants to score once right now that’s it, is that too much for Danny dimes to accomplish??? {{USERNAME}} ",2020-12-13,sports_&_gaming
1444,Animated Atrocities || Bart vs. Itchy and Scratchy [The Simpsons] {{URL}} via {@YouTube@} Wow the Simpsons has really... yeesh.,2020-05-17,pop_culture
3172,The #NFL playoffs early look #Betting play from our {{USERNAME}} Time to make that $$$!! #Football #bettingtip {{URL}},2021-01-10,sports_&_gaming
1703,I choose to not let go of X1. I ll stay forever and no one can stop me! Fly High! #RebootX1_2020  #BraveForX1 {{USERNAME}},2020-02-23,pop_culture
926,"New Hampshire governor, {@Chris Sununu@} , keeps the state’s mask mandate to placate Massachusetts citizens. Chris, you serve the freedom loving people of New Hampshire not the communist state of Massachusetts. LIFT THE MASK MANDATE! #FireFauci",2021-03-07,daily_life
133,Show everyone that you are the best and that this tournament is yours. And give it to all your fans and devotees. You re the coach of the club of the century. You are the best ❤ {@Pitso Mosimane@} #Ninth_star_Mosimane,2020-11-22,sports_&_gaming
2294,"So is Washington just going to play 65 games in the second half of the season, or? {@NBA@} Adam Silver",2021-01-19,sports_&_gaming
1665,#RBBattles I don t get why some people that thought {{USERNAME}} cheated cus must of the content creators practiced! Its like when your at a basketball game and the other team says that you cheated but you practiced over the weekend. Its fair to be a good sport and the last 4,2020-12-06,sports_&_gaming
602,I’m finally watching that NBC version of Jesus Christ Superstar that {{USERNAME}} told me about. It seems pretty good so far but NO “HEY COOL IT MAN” 0/10,2020-04-18,pop_culture
1464,Demon’s Souls could be closer than expected if a recent rating is any indication  [from Jordan Devore {@Destructoid@} ]  #destructoid #gamer #games #gaming #videogames {{URL}},2020-08-21,sports_&_gaming
1103,"Happy Father’s Day dad . Every time I fall, you help me get back up again, even when I really don’t think I can. I’ve made a heart breaking decision recently and you’ve supported me every step of the way. Thank you {{USERNAME}} ",2020-06-21,daily_life
2905,"Oh my days. Just seen that the latest season of {@Narcos@} is out. Sal, that decorating is going to have to wait. Kids, we’ll catch up next weekend.   ",2020-02-28,pop_culture
2963,Trump Supporters Claim FRAUD in Philadelphia (But Can t Cite Any) {{URL}} via {@YouTube@} {{USERNAME}} Guy in the beanie is spot on.,2020-11-06,pop_culture
949,Leicester City vs Manchester United Live Streaming Premier League in India: Watch LEI vs MAN UTD live football | via {@India TV@} {{URL}},2020-07-26,sports_&_gaming
1217,"I m leaving on a jet plane...Oh wait, I m not. After an hour delay before we could board, I m now stuck on a plane with no power. Anyone have a spare set of booster cables? {@Air Canada@} #DF19",2019-11-18,daily_life
996,I hope everyone has a lovely Easter tomorrow!   50% OFF ALL PENS EASTER WEEKEND! Check it out now!  Orders of $20+ ship FREE to the US!  LINK IN BIO { {{USERNAME}} }  Ships Worldwide!  Pens handcrafted in the… {{URL}},2020-04-12,business_&_entrepreneurs
3103,Motives - Reap and Sow (Official Music Video) {{URL}} {@YouTube@} より,2020-05-03,pop_culture
11,"BOTTICELLI IN THE FIRE ⁦ {@Hampstead Theatre@} is pretty compelling.  Great production, strong cast headed by the wonderful {{USERNAME}} Go see. {{URL}} ",2019-10-28,arts_&_culture
1476,Hard fought 3-3 tie in post-tourney rematch vs relentless and hard working Boston Advantage.  Boys played well - good game all around.  One more practice and then off to the {{USERNAME}} playoffs next weekend!,2020-02-23,sports_&_gaming
2330,"The tree is more than first a seed, then a stem, then a living trunk, and then dead timber. The tree is a slow, enduring force straining to win the sky.  HotSummerVibe JeremyG {{USERNAME}} ",2021-05-30,pop_culture
442,"Kyle Farmer may be my new favorite {@Cincinnati Reds@} . Presumed starting SS. Almost didn’t make team after Suarez moved from 3rd to SS. Didn’t pout, just kept working. Will play ANYWHERE on the field to get in the lineup. {{USERNAME}} this is our kind of dude!",2021-05-16,sports_&_gaming
1281,"I know y’all saw that video of the white girl spray painting #BlackLivesMatter on the {@Starbucks Coffee@} building. So, they get to vandalize property, but we get blamed for it? Wow. #protests2020 #PROTESTING",2020-05-31,daily_life
2314,Did {@JALEN CRUTCHER 1 0@} just tear out SLU’s heart for the second straight year? Go Flyers. {@Dayton Basketball@},2021-01-27,sports_&_gaming
157,I like the {@NFL@} because I remember being a kid 35 years ago {@Larry Fitzgerald@} making incredible catches to save the game. {@Arizona Cardinals@},2019-09-08,sports_&_gaming
3044,"I started watching New Girl over the weekend. I was watching an episode when {@Rachael Harris@} suddenly appeared, and I looked at my mom and went  She s from Lucifer!! ",2020-05-04,pop_culture
505,new tagging game :p  1. {{USERNAME}} 2. {{USERNAME}} 3. {{USERNAME}} 4. idk 5. {{USERNAME}} and {{USERNAME}} 6. {@larri@} 7. {{USERNAME}} 8. {{USERNAME}} 9. {{USERNAME}} 10. {{USERNAME}} reply with an emoji for the questions uwu,2019-09-08,sports_&_gaming
2960,"Sir its not my duty to leave my work, go to court and fight for #CryptoKoLegalKaro , case is on 5th November so please {@Imran Khan@} have a look at this {{URL}} ",2020-11-04,business_&_entrepreneurs
2158,#staraikelungal so far the only survivors  are the wicket keepers from both teams.. Experts {@S Badrinath@} epadi evanga matum not out.. Solunga,2021-02-14,sports_&_gaming
18,I like how me and {{USERNAME}} don t chat during the weekend   out chats resume on Monday. You can tell she really is my boss,2020-12-06,business_&_entrepreneurs
2901,Manchester City lost but I saw {@Koe Wetzel@} in South Padre so I won today,2021-05-30,sports_&_gaming
200," I started meditation and began to focus on some of the fun things I could do to prep for the baby. I felt myself coming back to normal, and saw it was helping me be more productive during the day too.  Congrats, {{USERNAME}}  #meditation {{URL}} ",2020-09-20,business_&_entrepreneurs
646,Rapper Kanye West to hold first presidential campaign event {{URL}} via {@Eyewitness News@},2020-07-19,pop_culture
1503,". {@Rice Football@} Week 2 is in the books.  | Rest of C-USA | {{URL}} | Next Up, Tom Stewart? | {{URL}} | Game Recap | {{URL}} #GoOwls #IntellectualBrutality",2019-09-08,sports_&_gaming
2808,"I-ARMYs! We are SLACKING!  PLEASE LET S HAVE THE SAME ENERGY THE J-ARMYs, K-ARMYs, C-ARMYs and US ARMYs HAVE.  KEEP ON STREAMING DYNAMITE ON SPOTIFY AND APPLE MUSIC!   #BTS_Dynamite #ExaARMY  #ExaBFF {@BTS_twt@} {{URL}} ",2020-08-27,pop_culture
47,I wonder what {{USERNAME}} thinking about seeing former Sooner Trey Serman being reason Ohio State makes the playoffs and possibly keeps Oklahoma out at end?,2020-12-19,sports_&_gaming
1748,. {@Kevin M Kruse@} Perhaps a fairly uninteresting question but after JFK was assassinated was Jackie and family given time to transition out of the White House while still grieving?,2020-11-22,pop_culture
2235,"So Doug Williams and Co. didn’t score 28 in a quarter in the Super Bowl. Jan 26, 1992! What I miss? {@Sunday Night Football on NBC@} ",2021-01-11,sports_&_gaming
3154,I said: Pain and sorrow. He said: Stay with it. The wound is the place where the light enters  you.  ~Rumi {{USERNAME}} Lord of Shadows,2021-02-21,arts_&_culture
1675,"I think the guys over {@Activision@} did a great job with the New #CallOfDuty #ModernWafare game. Love the graphics, love the story line/campaign, multiplayer is Amazing. Game of the year? Thoughts?",2019-10-27,sports_&_gaming
1199,". {@Drizzy@} & {@Yung Rnzl@}    Lemon Pepper Freestyle  debuts on the UK Spotify Chart at #3 (475,391 Streams).  This is Drake s 185th & Rick Ross  15th entries on the chart.  This is now Rick Ross  highest peaking song on the UK Spotify Chart surpassing  Down Like That ",2021-03-07,pop_culture
2772,Glad to be rewatching that 2019 lost lands {@Liquid Stranger@} set. It’s so nasssttyyyy,2020-04-19,pop_culture
2083,#Glamberts {{USERNAME}} {{USERNAME}} {{USERNAME}} {{USERNAME}} {{USERNAME}} {{USERNAME}} {{USERNAME}} {{USERNAME}} {{USERNAME}} {{USERNAME}} {{USERNAME}} {{USERNAME}} {{USERNAME}} {{USERNAME}} New Video coming later.....,2020-09-20,pop_culture
2640,stay safe everyone  wag patangay hehe <3  I followed {@96 5 TDY@} and I vote #LISA for #BiggestCrush at #TDYAwards {@BLACKPINKOFFICIAL@},2020-11-01,pop_culture
2462,"Pearl Jam - Just Breathe To all the souls, South of the Canadian border, all of us Canadians, thoughts are with you. Remember to have happy thoughts, spend time with loved ones and breathe. Please stay safe, hydrate and wear a mask in public! {@Pearl Jam@} {{URL}} ",2020-11-04,pop_culture
897,"Remember Des O’Connor coming over to sort out our table at the Sony party {{USERNAME}} {{USERNAME}} ? We were being a bit rowdy & Des rolled his shirt sleeves up & said “who wants it, then?” I ended up singing Solitaire with him on the grand piano. Genuinely, a diamond. RIP x",2020-11-15,pop_culture
1062,Reaction from {@Lewis Hamilton@} after one of the hardest-fought wins of his career   One that gave him victory in the season opener for the first time since 2015   #BahrainGP  #F1 {{URL}},2021-03-28,sports_&_gaming
657,rolling loud looks like the BEST music festival  i’m so jealous.. can it please come to toronto {@Rolling Loud@},2019-10-13,pop_culture
1573,"Reflections from our {{USERNAME}} staff.  My feelings and emotions are my own during this difficult time, but i know I m not alone and that I have the support of my work family at Prestons. We are all in this together ",2020-04-29,daily_life
1376,Okah {@Olivia Rodrigo@} go offf.... Drivers License is a perfect mix of a heart break but also learning to move past but still be okay,2021-01-11,pop_culture
2906,The Squad Calls for UN Inquiry Into Alleged Human Rights Abuses at Trump’s DHS {{URL}} via {{USERNAME}},2020-10-25,pop_culture
2613,Throwback #twitchclips  This really takes me back. I made a badge for {{USERNAME}} like two summers ago  it gives you the power of love and authenticity  I love and appreciate you sm Sarah ❤️ {{URL}},2021-01-31,daily_life
1010,"Watching Olympics breakfast to catch up on what has happened overnight, like most people would. Watching the golf playoff with 7 players in contention. Low and behold {@BBC Sport@} {{USERNAME}} things its good idea to inform everyone at the bottom of the screen who won the golf. #getagrip",2021-08-01,sports_&_gaming
1763,i cannot believe all these men who have to get married to asian women ... what is going on here . all the ultra smart rich men now have asian wives  Bill Gates Fall in Chinese Honey | Bill s 4th Child | China s Son-in-law? {{URL}} via {{USERNAME}} {{USERNAME}},2021-05-09,daily_life
413,"I remember when #MIL by {@Wizkid@} came out, one guys for here say Album wey na just Sax  full inside.... Guy shey you don see where Sax  blow the album reach ",2021-08-22,pop_culture
2128,"Opening night, {@Hartford Athletic@} with {{USERNAME}} and {{USERNAME}} 1-1 draw, great night! @ Dillon Stadium {{URL}} ",2021-05-16,sports_&_gaming
254,"So, Thursday sees {{USERNAME}} at Stoke Sugarmill. Been really looking forward to this. Even more so now I ve heard the new album which is remarkable. Get down there Stokies!",2019-10-27,pop_culture
2087,"Center of Tropical Storm Cristobal headed toward Grand Isle, eastern Livingston Parish, will pass through Albany, Springfield areas {{URL}} via {@The Advocate@} ",2020-06-07,science_&_technology
2450,HAPPY OBAMA DAY !!!! {@Barack Obama@} Thank you Mr .President for being who you are! We honor you today! We want you back! SALUTE!  #HappyObamaDay  #FavoritePresident #WeNeedObamaBack,2020-06-14,daily_life
684,touch-free human/computer interfaces  {@Chris Dixon@} your predictions could come true with #Google #Soli. Need to wait on who ll find the perfect use case to make it mainstream. Hope {@Google@} finds it themselves.,2019-11-03,science_&_technology
300,"So far, I’ve heard quite a few {{USERNAME}} selling points: kick-off rule; shorter games; half-time cam; extra-point rules. Nothing about the football—they’re out there selling side-stories and quirky procedures. I wish ‘em the best, but unless they affiliate w/the {@NFL@} , they will fail.",2020-02-15,sports_&_gaming
128,ready for night two of #WrestleMania {@WWE WrestleMania@} tonight on {@Peacock@} & {@WWE Network@} everywhere else. awesome night one of #WrestleMania37 ‍♂️‍♀️❤,2021-04-11,pop_culture
1054,"Although the future of {@Carolina Hurricanes@} head coach Rod Brind Amour remains up in the air, it appears he wants to prioritize the futures of his staff over his own. {{URL}} ",2021-05-02,sports_&_gaming
1515,"Labor Day Weekend Raffle - Apple Watch, Fitbit Versa, and more! {{URL}} via {{USERNAME}} ",2020-09-06,business_&_entrepreneurs
3119,HAYLEY MISSING THE LYRICS IS SO CUTE KDBDKDBDKDBKDBS LOVING U {{USERNAME}},2020-04-26,pop_culture
1257,I d like to see {@Saracens Rugby Club@} beat {@Leinster Rugby@} .  That s pretty much been the Irish team for 15years anyway,2020-01-19,sports_&_gaming
1105,EAST COAST Tune in at 2pm for an all-new episode of “The Talk@Home!” The fabulous {@Laverne Cox@} talks #Disclosure and shows off her opera skills . Plus chef {@Chef Curtis Stone@} shows us how to prep some delicious steaks just in time for the 4th!,2020-06-29,pop_culture
846,"Joe and Seijun Suzuki raise the bar for yakuza cinema with sophisticated savagery and beautified brutality, YOUTH OF THE BEAST ★★★★½ | Jō Shishido s Baddest Gangster Hits #3! Steaming on {@BFI@} Player now as part of #Japan2020 {{URL}} ",2020-06-14,pop_culture
1808,I miss {{USERNAME}} & {{USERNAME}} ’s crazy family ❤️ I literally do not stop laughing w them,2020-04-26,daily_life
386,"Rangers on fire, again, now over to you {@Sheffield United@} don t ruin the weekend again! ⚔",2020-12-06,sports_&_gaming
651,"Sometimes #FeelReal is a little #Surreal, and that s ok. Family Puts Up  Jurisdiction Of The Ministry Of Silly Walks  Sign In Front Of Their House, Films 30 Silly Walks By Passersby {{URL}} via {@Bored Panda@} ",2020-04-26,daily_life
2491,Big Match for Both Teams in Division 2 of the National Football League.  Delighted to join Joe Garry on {{USERNAME}} for CLARE vs LAOIS in Ennis from 2pm  We ll be online on {{URL}} @ Cusack Park (Ennis) {{URL}},2020-02-23,sports_&_gaming
805,Check out my new album  Storm Soldier  distributed by {@DistroKid@} and live on Spotify! {{URL}},2019-10-27,pop_culture
1775,"I was a little worried that {@Here to do great thingsbich@} might have compromised when she made an album. I didn’t need to worry, the fire and passion is all still there. {{URL}} ",2020-03-29,pop_culture
366,"Upon {{USERNAME}} advice I shall wait a few days to give my thoughts on #TheLastofUsPartII since I know some of my close friends are playing through it. If you watched xqc s stream, you know my thoughts",2020-06-19,sports_&_gaming
2428,"Christian conversion mafia working feeely in {@BJP@} rule ,they are changing demography of India villages as expected than before.Why BJP is not doing anything. #NoConversion {@Narendra Modi@} {@Amit Shah@} {@Jagat Prakash Nadda@} {@B L Santhosh@} {@Smriti Z Irani@} {@Rajnath Singh@} {@vinod_bansal@} {@Dr Surendra Jain@} ",2020-08-16,pop_culture
2433,Madonna - The Power Of Good-Bye (Official Music Video) {{URL}} via {@YouTube@} in the mode.,2020-07-26,pop_culture
3104,Yuta I would like to recommend this song to you. I think you ll like the lyrics    And maybe try to cover too?   #ユウタ #中本悠太 #유타 #YUTA897 {@NCT 127@} {{URL}},2021-06-13,pop_culture
2212,"RIP thank you for the memories Deadline: Markie Post Dies: Actress Known For ‘Night Court’, ‘The Fall Guy’ & More Was 70. {{URL}} via {@Google News@} ",2021-08-08,pop_culture
2977,The replies on the {@BBC Sport@} account are always the pit of the internet.,2020-02-16,sports_&_gaming
2757,Jamal Adams on my {@New Orleans Saints@} would have made our defense tough  {@Jamal Adams@},2020-07-26,sports_&_gaming
1412,VG247: Call of Duty: Warzone gets 120fps update on Xbox Series X but not PS5. {{URL}} via {@Google News@},2020-11-15,sports_&_gaming
1263,"DJ Khaled - Higher ft. Nipsey Hussle, John Legend {{URL}} via {{USERNAME}} #blacktwitter #afrotech #blackbusiness #blackintech #blackisbeautiful #BlackFamily #BlackConnections #recycleblackmoney",2020-04-21,pop_culture
1355,"The difference between me and {@Kevin Durant@} , besides basketball talent, I’d still be lying on the ground under the hoop.",2021-05-23,sports_&_gaming
458,"#THEN&NOW: I had the pleasure of introducing America to {@jon batiste@} on {{USERNAME}} Six years later, I had a chance to catch up to him LIVE on {{USERNAME}} this fall! @ CBS This Morning {{URL}} ",2021-03-14,pop_culture
1211,iOS 14 literally gave me the keys to ignoring unwanted calls and carrying on as if nothing happened. Thank you {@Apple@},2020-09-20,science_&_technology
1012,"I m so proud of you, Joo. I love you so much bb  #MonstaXLiveWithLuv {@MONSTA X@} ",2020-08-09,pop_culture
1662,Watching {@Cliftonville FC@} v Linfield on {@BBC Northern Ireland@} . Fairly sure {@Barry Town United@} took more fans to Solitude than the Blues have!,2021-05-29,sports_&_gaming
1240,im pretty sure my neighbors loved  the {@ILLENIUM@} show as much as i did,2021-07-04,pop_culture
2914,Power outage in my area today: 9am-11.30am came for 1 hr 12.30pm-4:30pm 9.30pm-12am And after providing full 40 minutes of power it s gone again 12.40am- unknown Who can ask you for accountability {@KE@} ? Achi badmashi lagai wi hai! Bijli dou nahi aur bill banate rahou,2021-06-22,daily_life
1030," Let s go home, get drunk and watch Disney +.  {{USERNAME}} I know why I m dating this man now ",2019-11-17,pop_culture
1947,Win Wonder Woman 1984 On Blu-Ray {{URL}} via {{USERNAME}},2021-03-21,pop_culture
87,Finally watching Aaron Hernandez documentary on {@Netflix@},2020-01-19,pop_culture
3048,Travis Scott Falls During Rolling Loud Festival and Injures His Knee {{URL}} via {@TMZ@},2019-10-13,pop_culture
1191,Girard Indians vs John F Kennedy Eagles {{USERNAME}} {{URL}} #HSBOH_W3R13,2019-09-11,sports_&_gaming
1494,Thousands  of labours working at Kandla port living in  crowded slums..crew from vessels of Corona infected country can infect them & create a huge spread of corona in kutch ....REQUESTING FOR IMMEDIATE  ACTIONS TO AVOID THIS SITUATION. {{USERNAME}},2020-03-22,daily_life
2739,Playing on Satelite with the boys yesterday and {{USERNAME}} goes  It s supposed to be the Cold War and there s no snow,2020-09-19,sports_&_gaming
1018,"Fam, thanks for doing our best   Stay safe and take care. We love you {@mewsuppasit@} #มิวมาคอสมาเช่",2020-11-29,daily_life
1754,Anton Lienert-Brown clearly the best centre in the world. Why do people not talk about him in the same way they do Farrell or Kerevi? He never makes a mistake and changes every game he plays in! World player of the year? {{USERNAME}} {{USERNAME}} {@Bryan Habana@},2019-10-20,sports_&_gaming
2995,Hi {{USERNAME}} I’m trying to call for curbside pickup but no one is picking up the phone!,2020-09-27,daily_life
876,Great action between {@Wisconsin Hockey@} and {@Northeastern Huskies@} in the NCAA women s hockey championship. Too bad it s only on {@TSN@} app and not on TV. #StickInTheGround,2021-03-21,sports_&_gaming
444,"Come kick it with me on {@Twitch@} from 4pm BST today! Live {@Football Manager@} Season 1, Episode 2 - Newcastle United : Pre Season  Only the Tea Lady is Safe  while also reacting to Sky Sports  Premier League 19/20 final day coverage! Bring some {@Patrn Tequila@} a know a will be!! ‍⚽️",2020-07-26,sports_&_gaming
161,Random Access Memory (RAM)   You can join our family  {{USERNAME}} 1️⃣ Share with your friends. 2️⃣Join our #LearnEEE family  {{USERNAME}} 3️⃣Visit our Website {{URL}} 4️⃣Visit our Youtube channel… {{URL}},2020-04-25,science_&_technology
2057,Supernatural British Columbia: A Halloween Special {{URL}} via {@Audioboom@},2020-11-01,pop_culture
249,The pathetic bias of {@BT Sport@} {@Football on BT Sport@} seen again tonight favouring ManU just like Man City last night - let’s be impartial #MUFC #MUNSEV,2020-08-16,sports_&_gaming
2955,"#SouthAfricaForBTS {@BTS_twt@} Namjoon, I know you ve been checking out South Africa.. even going as far as pronouncing  Johannesburg  in a very Afrikaans accent   Afrikaans is one of the 11 official languages in SA   Namjoon ons leier = Namjoon our leader   #BTSwins10s",2019-12-15,pop_culture
980,Check out this listing I just added to my #Poshmark closet: Simple Cute Crop Top. {{URL}} #shopmycloset {@Poshmark@},2021-03-21,business_&_entrepreneurs
3158,A special team at the {@The Wall Street Journal@} put together this 142 page report to figure out how to drive growth at the newspaper  This is exactly what you d expect when you design by committee {{URL}},2021-04-11,business_&_entrepreneurs
1639,6+ hours of  power outage in the hub of Ariyalur district. This is unwelcoming and unbecoming sir {@V Senthilbalaji@},2021-06-26,daily_life
1397,"Vietnam has shown an astonishing ability to increase rooftop capacity by 9.3GW in just the second half of 2020. Exactly the same demand exists in SA, writes Peter Attard Montalto, head of capital markets research at Intellidex, in his {@Business Day@} column. {{URL}} ",2021-01-19,business_&_entrepreneurs
173,#UFC257  Correction {@Daniel Cormier@} he’s the SECOND #MMA fighter signed to {@Floyd Mayweather@} ‘s team...3.5 years after me.,2021-01-24,sports_&_gaming
1553,Super Bowl Live Updates: Preparing for the Chiefs to Play the Bucs {{URL}} Via {@The New York Times@},2021-02-07,sports_&_gaming
2578,"Over the years, with all the experience, I ve become more mature about the subjects I pick. I have a better understanding of what works at the box office.-mahesh {@Mahesh Babu@} #SarkaruVaariPaata  #MaheshBabuBdayCDP",2020-07-26,pop_culture
2947,Missing the #ds106radio love cos sleep and commuting - catching up with last week’s {{USERNAME}} {{USERNAME}} {{USERNAME}} goodness at my desk in the oven that is the office. Strange Fruit to start - beautiful,2020-06-07,daily_life
822,F1 through the decade: Most points scored shows Hamilton and Vettel battle {{URL}} {{USERNAME}},2019-12-29,sports_&_gaming
2429,You can take everything I have You can break everything I am Like I m made of glass Like I m made of paper Go on and try to tear me down I will be rising from the ground.   ~ {@Demi Lovato@} - Skyscraper ~  ❤,2020-08-23,pop_culture
665,$krrt Cobain x Lil Wretched - Cookin featuring {{USERNAME}} Prod. {{USERNAME}} out now on spotify/apple music/google play etc.  Tracks sittin at about 6k+ on Soundcloud so keep that same energy n run it up on these other streaming platforms!  ⬇️⬇️⬇️⬇️ {{URL}},2020-08-27,pop_culture
1313,Tuchel is a magical genius looking at how he managed to turn everything around from losing all  hope this season to achieving the greatest trophy .And doing all this with such a young team and very few experienced players . {@Chelsea FC@} Let TT stay forever,2021-05-30,sports_&_gaming
1583,"Cole grabs K No. 6 and gets a ground-ball out, which nearly knocked Correa over, to send Martin Maldonado to the plate for the #Astros with the top of the lineup to follow #ALDSGame2 {{USERNAME}} ",2019-10-06,sports_&_gaming
2735,"I can’t recall a year I have chased both Christmas Eve and New Years Eve in the same year. {{USERNAME}} and I were chasing Christmas Eve tornado in Mobile, AL about 8 years ago during an El Niño winter. Never stop chasing",2020-12-27,daily_life
2637,...and the second part of {{USERNAME}} article on WCAG 3.0 {{URL}},2021-01-26,arts_&_culture
158,Briggs AP vote: How long can Iowa State keep Matt Campbell? {{URL}} via {@The Blade@},2020-10-04,sports_&_gaming
139,"btw what is love by twice is the best kpop music video ever made, just saying✨ {@TWICE@} ",2020-11-29,pop_culture
574,Oh my God! I feel it s special dayyes Rosie it sme You made my dayThank youuuu I hope you had amazing valentine s day! Love you so much( {@Rose Ellen Dix@} {@Roxetera@} ) #cameofameo {{URL}} через {@Cameo@},2020-02-16,daily_life
1371,The final game of a four-game series between the Cubs and Reds in Cincinnati has been postponed because of rain.   by {{USERNAME}} {{URL}},2020-07-30,sports_&_gaming
3050,Desert Hawks?   Gila Monsters?   Rattlers?  An inside look at the naming and logo design processes for the NHL’s Las Vegas franchise — including some names that didn’t quite make the cut. | {@Jesse Granger@} {{URL}},2020-04-29,sports_&_gaming
1786,"Very much looking forward to using this Gin Kit from {{USERNAME}} in January! A very thoughtful Christmas gift from my in-laws to-be ☺️ The smell coming from the box is amazing too, very botanical! Love… {{URL}} ",2019-12-30,daily_life
1895,Kinney comes in to pitch in the bottom of the 6th and his defense backs him up to keep the score at 7-1. {{USERNAME}} {{USERNAME}},2021-05-08,sports_&_gaming
1837,tfw when you remember Selina Meyer was a fictional character {@Julia Louis Dreyfus@} {@Armando Iannucci@},2020-11-08,pop_culture
342,The latest The Food truck Daily! {{URL}} Thanks to {{USERNAME}} #rochesterny #roc,2021-07-18,daily_life
792,#NewFlorida #Duval #Jacksonville ⛽️⛽️Seddy Hendrinx - Lowkey [Official Music Video] {{URL}} {{USERNAME}},2020-03-01,pop_culture
1000,"Happy Father’s Day..No wait, Happy Father’s Day to the real fathers who actually take full responsibility in raising their kids.  FAMILY is the one of strongest words on this world, The letters of F-A-M-I-L-Y means Father And Mother I Love You {@Vindu Dara Singh@} {@Sidharth Shukla@} ",2020-06-21,daily_life
2993,Weak Winning Mentally  Deontay Wilder slammed Anthony Joshua {{URL}} {{USERNAME}} #UpdateBlog24  #AnthonyJoshuavsAndyRuiz,2019-12-08,sports_&_gaming
441,"There isn’t really “crowds” of angry Trump supporters, are there ? Bit like the Leave Marches .. see a longer queue at Tesco’s ? {@James OhBrien@} {@Dr Mike Galsworthy@} ",2020-11-05,pop_culture
789,Take A Look Around - Limp Biskit (Music Video) HD 720p {{URL}} via {@YouTube@} . X.,2020-03-01,pop_culture
1302,I’m so thankful to you for being the reason that I’m living for. I love u so much! {@Harry Styles@},2019-11-29,pop_culture
1555,. {{USERNAME}} : “this is a new song. this ones for...JK Rowling”  me: YASSSSSSSSSSS TELL HER.,2020-12-27,pop_culture
1559,"Kara is in year one. Apart from concern about her health, we cannot risk her going into the general population and bringing Covid-19 home and infecting us. Who would look after her, and her sister, if we got sick, or worse? This isn t a game.  Well, {@Boris Johnson@} ?",2020-05-10,daily_life
2803,"The #Seahawks have already confirmed they won t tag Jedeveon Clowney. The #Giants and #Colts are interested, per {@IG JosinaAnderson@} Not all that surprising. Both teams loaded with cap space. As for Clowney, I LOVE the impact he makes on the field, but the injury history scares me.",2020-02-27,sports_&_gaming
535,Harry Potter  actress Katie Leung responds to J.K. Rowling s comments about trans women {{URL}} via {@Yahoo@} omg try to keep up with the multitude of identity groups it’s babal,2020-06-07,pop_culture
2213,"A sweet Easter Sunday afternoon. It’s dinner here in Winnipeg. Housemates cooked Easter dinner all afternoon while I got to listen to records. Lucky me. Much love to you all. Have a lovely sleep, Brits. Thank you {@Tim Burgess@} , {@Pulp@} {{USERNAME}} #timstwitterlisteningparty",2020-04-12,daily_life
916,"Matt tried in Hixson, TN! Man Bought 18000 Bottles Of Hand Sanitizer But Now He Can t Sell Them! - {{URL}} via {@WORLDSTARHIPHOP@} #WSHH #WORLDSTAR",2020-03-15,business_&_entrepreneurs
2386,Proud of you {@BCCI Women@} cricket team. You played remarkably well throughout the tournament. It s just a bad day but You ve already made us proud of by reaching the WC final. You all are already champions and are inspiring so many women out there.  #ICCWomensT20WorldCup2020,2020-03-08,sports_&_gaming
43,Rapper Lil Nas X Nike ‘Satan Shoes’ contain 1 drop of human blood {{URL}} via {@Strange@} Sounds,2021-03-28,pop_culture
2743,#Skyrim is The best game of the decade “in my opinion” {@Bethesda@},2019-12-29,sports_&_gaming
2555,I m going to watch Halftime report Monday just so I can hear {@Scott Wapner@} explain how he realized on the weekend the economy is in bad shape.,2020-05-03,business_&_entrepreneurs
80,"Permission to Dance  95,526,951  I vote for #BTS #Butter and #ARMY at the #KCAMexico  2021 {@BTS_twt@} ",2021-07-11,pop_culture
1341,Columbus Crew 30 for 30 on #SaveTheCrew to MLS Champs needed! {@30 for 30@} {@ESPN@} {{USERNAME}},2020-12-13,sports_&_gaming
270,#MacGeeksTip (via {@Apple Support@} ) : Learn how to turn on Dark Mode. {{URL}},2019-09-23,science_&_technology
1854,"I love the Hong Kong protestors, {@tiffanydcross@} but {{USERNAME}} is correct {@Hillary Clinton@} WON the week. OK {@DeanObeidallah@} {@Nancy Pelosi@} too, leading the world really. Powerful women speaking truth! Yes {@Ayman@} Women in Space (& correcting trump in real time) won too! #AMJoy",2019-10-20,pop_culture
2012,I don t understand why people want {@Karan Johar@} to cast Good Actors? Film ki script toh waise bhi kharaab hoti hai aur upar se achhe actors ko cast karke unki acting skills ko kyon kharaab karna?  #Nepotismrocks,2020-06-28,pop_culture
475,Supreme Court of India: Video/ Tele consultation for home treatment of Covd-19 patients. - Sign the Petition! {{URL}} via {@Change org Mxico@},2020-06-21,science_&_technology
532,"The XFL as a whole should be really proud. Liking what every team has to offer, but it’s still {@Dallas Renegades@} all the way ",2020-02-09,sports_&_gaming
2892,. {@Al Horford@} must be really proud watching these guys. He s mentored most of them,2021-03-28,sports_&_gaming
1323,"I rarely put up anything less than 6/4.  Anyone can do that.  If you want to profit long term you have to cast a wide net and take advantage of the prices, especially on {@Betfair@} Layers on Betfair can be silly!",2021-02-07,business_&_entrepreneurs
1602,Our new song Drive will be getting its first radio play this afternoon on The Sunday Show with {{USERNAME}} ! Tune in from 2pm on {{USERNAME}}  {{URL}},2021-07-04,pop_culture
2416,Anyone know why the #Dodgers #Orioles game next Thursday 9/12 is on Fox?? That’s arguably the last game on the entire schedule I’d imagine being on Fox. {@Bill Shaikin@} {@Eric Stephen@} {@David Vassegh@},2019-09-08,sports_&_gaming
267,So today #insiders Australians told to stock up for two weeks. People on #Newstart and pensions have no hope of stocking up for two weeks if in a non-payment week. {@Anthony Albanese@} you were right to ask for Parliament to be recalled now - the $750 is needed now.,2020-03-15,business_&_entrepreneurs
233,I just saw Mr Newsom on Fox news and he said he wants jobs and opportunities for black Americans and better education and that s exactly what {{USERNAME}} has been trying to get done but Dems in Congress are blocking. Ya ll Neeson to listen to what Trump has been saying!,2020-06-28,pop_culture
2458,Happy New Year to {@MOUZ@} really love you {@ropz@} {@Chris de Jong@} {@karrigan@} {@Bymas@} {@David eransk@},2020-12-31,daily_life
2329,on {@YouTube@} : How to send a message on WhatsApp without save a contact on your mobile {{URL}},2019-10-06,science_&_technology
2025,"The #DaBears take on the Lions at 12:00 p.m. CDT today! Before kickoff, be sure to get your preview and X-Factors for today s game! {{USERNAME}} {{URL}} ",2020-09-13,sports_&_gaming
1604,"Crafting midterm message, Republicans seize on crime spikes {{URL}} via {@NBC News@} No one wants to defund the police except GOP liars.",2021-07-04,daily_life
287,Updating {@DailyChronicle Preps@} with some videos I took at state wrestling that I was too tired to upload last night.   Danny Curran talks about his podium finish. {{URL}},2020-02-23,sports_&_gaming
1091,"Seriously {@Sky News@} , I m watching the service of rememberance and your voice over guy decides now might be a good time to mention the upcoming GE? REALLY? Couldn t just let the service be shown so we can all remember those lives lost ",2019-11-10,pop_culture
733,"Fun fact I’ve never shared:   Starting out on the internet reviewing tech and whatnot, I always looked up to {@Rene Ritchie@} . Dating back to “The iPhone blog” days. Always admired his ambition, talent, and voice (written and spoken for video).   Thanks for being an inspiration. ",2020-02-16,science_&_technology
2601,Check out 1958 Topps Baseball Card TCG #263 Eddie Bressoud San Francisco Giants VG #sfgiants {{URL}} via {{USERNAME}},2020-09-13,sports_&_gaming
512,Gun to the Head – Keith Banks {{URL}} via {@WordPress com@},2021-07-21,pop_culture
810,George Benson - Give Me The Night (Official Music Video) {{URL}} via {@YouTube@} #WDMV362 Radio  Cause There s Music In The Air And Lots Of Loving Everywhere So Give Me The Night!  #GeorgeBenson,2021-05-02,pop_culture
2019,I will never understand why {@Britney Spears@} didn t release Strangest Love.  Easily one of her best songs.  Her unreleased stuff is better than most people s albums!,2019-10-06,pop_culture
2102,. {@daya@} released her new EP; ‘The Difference’.   Stream: {{URL}},2021-05-16,pop_culture
815,"omg we did it, finally got episode 1 cleared with only 1 death  i call that progress   #songofhorror {{USERNAME}} {{USERNAME}} {@YouTube Gaming@} {@Twitch@} {{URL}} hope you all enjoy the game ,  looking forward to  episode 2 #horror #games",2020-01-05,sports_&_gaming
828,"Stop waiting for the perfect moment, take the moment you have and make it perfect!  WE BeLIEve IN YOU @itsmeangelieofc",2020-11-28,daily_life
1261,"So honored and grateful  to celebrate #FathersDay ‍♀️‍♂️ —- what a privilege to honor the beloved, model perfect [husband x human being] father of my children, best friend forever and husband on this upcoming special day. {{USERNAME}} {{URL}} ",2020-06-20,daily_life
2180,Drivers license by {@Olivia Rodrigo@} is so good!!!! Go stream if you haven’t!!! Masterpiece.,2021-01-11,pop_culture
279,2/3 tried to push me towards formula feeding. Fast-forward to today when my baby is EBF & thriving. My {{USERNAME}} midwife made all the difference & really took care of me. But mothers all over the UK are being let down by lack of support stemming from lacking govt support.,2021-06-27,daily_life
1620,"ICYMI: {{USERNAME}} held a livestream for Earth Day yesterday. Margaret joined the livestream to talk about the compressor station fight.  Watch the full event on Youtube below. Thank you, {{USERNAME}} for organizing this event and for sharing our story! {{URL}} ",2020-04-24,pop_culture
1277,"Social Distancing Day 7 Update:  I have retired the navy cargo shorts, I am now wearing olive green cargo shorts (of note, the green ones qualify as nice cargo shorts, the navy ones were casual cargo shorts)  AND I shaved {{USERNAME}} is the luckiest girl in the world",2020-03-19,daily_life
250,"Happy New Years EVE! We have good news when it comes to how quickly we re vaccinating in Connecticut. Plus, nursing homes will be getting a funding boost. Join us for the LAST GMCT of 2020 so we can say  good riddance!  together! See you on TV! {@WTNH News 8@} {{URL}} ",2020-12-31,pop_culture
1636,IKEA the so called international company is pretty lax in its nature.we ordered a  single seater sofa for which they have sent covers and cushion covers of a two seater.Its like sending size XL for a baby.Clean up ur act IKEA.. {{USERNAME}} {{USERNAME}},2021-03-24,business_&_entrepreneurs
2082,"Bay Area on fire weather watch due to heat wave, dry lightning: {{URL}} via {{USERNAME}} #sanjosecommunity #sanjose #siliconvalley #sanjosecommunity #siliconvalleycommunity via {{URL}} ",2020-08-16,pop_culture
1950,Check out what I just listed on Mercari. Tap the link to sign up and get $10 off. ⁦ {@Official Hobby Lobby@} ⁩ {{USERNAME}} #hobbylobby #mercari #print #prints #frames #decor #homedecor #resale {{URL}},2020-01-26,business_&_entrepreneurs
2074,Watch NEW MUSIC VIDEO #HeavenAngel by {@The Driver Era@} {{URL}},2021-07-25,pop_culture
1045,Check out my new single  Never Leave U  distributed by {@DistroKid@} and live on Apple Music! {{URL}},2019-12-15,pop_culture
31,"#PVSindhu congrats keep going, sky is the limit. Best of luck for Gold in Paris Olympic {@Pvsindhu@} ",2021-08-01,sports_&_gaming
2971,UEFA Champions League | Manchester City v Chelsea | Highlights. {{URL}} #SSFootball via {@SuperSport@},2021-05-30,sports_&_gaming
864,The key to being happy is knowing you have the power to choose what to accept and what to let go. {{USERNAME}} DJLOONYO AOSStayHomeParty,2020-07-26,daily_life
3003,The Super Straight Movement Has The Trans Community FURIOUS. {{URL}} via {@YouTube@} #SUPERGAY #supergays {@Blaire White@},2021-03-09,daily_life
1824,"“Do you want to watch Anaconda?”  No, we already watched it this year.  “But it’s one of the best movies ever made. About snakes.” {{USERNAME}} ",2020-04-18,pop_culture
2312,Jared hits approach  just right of the flag in good position {{USERNAME}} {{USERNAME}} {{USERNAME}},2020-09-13,sports_&_gaming
2065,Twitter reacts to Stephen Thompson s victory over Vicente Luque at UFC 244 {{URL}} via {@MMA Junkie@},2019-11-03,sports_&_gaming
2707,The {@Jay Som@} gig was so  that the fire alarm literally went off after the guitar solo from “Super Bike”,2019-10-28,pop_culture
842,OOOO WAITWAIT PUT TAP DANCING SOUNDS FOR THE KID {{USERNAME}} #ArmyMovieNight,2021-04-11,pop_culture
2426,"Shining through the city with a little funk and soul So I ma light it up like dynamite, woah-oh-oh {@SB19 Official@} #SB19 #SB19onWishNotesOfHope",2020-08-23,pop_culture
1462,{{URL}} do me a solid and pre-save on spotify and apple music by checking out this teaser clip.  Release 8/27/21 #indie #supportmetal #rtItBot {{USERNAME}},2021-08-22,pop_culture
2085,Disgraced rockers Brand New allegedly scrubbed from Spotify Wrapped lists|from {{USERNAME}} {{URL}},2019-12-08,pop_culture
2453,I love you {@AJ Hinch@} and I just want you to know you have alot of Houston supporting you!  I m a proud fan of my {@Houston Astros@} and the world series in 2017 and I will be forever grateful for that beautiful memory!  And NO ONE can ever take that from me!!   #itsnottainted,2020-02-09,sports_&_gaming
2193,THREW TOGETHER A REMIX OF AN OLD AUDIOTOOL CLASSIC {{URL}} {{USERNAME}},2021-02-21,pop_culture
1928,"WOW! We streamed for 7 hours today playing through Until Dawn! It was a relatively quiet stream, but i had some cool folks like {{USERNAME}} , my new homie RAIDING me, DJCool4, {{USERNAME}} , {{USERNAME}} , and Nightwing_of_Hyrule decide the fight of some teens. Thank you!",2020-10-18,sports_&_gaming
2243,plasticsimz: Hot Girl Summer Collection(BRANDY X PLASTIC) ATTENTION ALL MY LADIES!!! It’s Hot Girl Summer Time in sims! CLICK LINK BELOW TO DOWNLOAD ❤️ A big thank you to brandy sims this was a dream come true! {{USERNAME}} Tou Found in Full... {{URL}},2020-06-24,daily_life
1393,aha you wanna sub to my YouTube channel {{USERNAME}} so bad   I m gonna be posting an animatic sometime in the near future so please go and do that if you re interested !!♥️,2021-04-04,pop_culture
309,I probably shouldn t say this But at times I get so scared When I think about the previous Relationship we ve shared  MAYDON TimeHeals {@Maymay@} {@Donny@},2020-06-30,daily_life
3084,Searching for tweet from {@Mercedes AMG PETRONAS F1 Team@} about {@Max Verstappen@}  s recovery and wishes...  404 Not Found.  Success going into the head... #Disrespectful,2021-07-19,sports_&_gaming
1715,4 facts + 4 people i wanna know about   i ❤︎ gummies way too much  used to be a paper driver but overcame it because my motion sickness got really bad  drama/movie OST   i ve jumped from the 1st floor of a flat to chase a cat XD  thanks for the tag {{USERNAME}} ^^,2020-09-06,daily_life
490,The thought of being with you tomorrow gives me the strength to go on today.  #FumiYam #TheFumiYamShow #YamyamGucong  #FumiyaSankai {{USERNAME}} {{USERNAME}},2021-02-14,pop_culture
818,"So {{USERNAME}} and I have been watching Queen s Gambit and it s just ok. The first 2 episodes were great, but the pacing of the next two wasn t as good. Does it pick up?",2021-02-07,pop_culture
1463,#VwithSudheer {@Sudheer Babu@} don t know why lots of sites gave mixed reviews. Movie lived to the hype..I am especially happy that your role is not dummy as u balance nani s act very well,2020-09-06,pop_culture
1914,Dear {@Fox Footy@} what is it going to take to remove Gerard Healy from commentating Melbourne FC matches?  Unless he stops being so negative about the club please stop giving him the gig.   It’s worse than Eddie barracking for the Pies.,2020-07-26,sports_&_gaming
2588,"The Hutchinson Overide may be better suited to tamer paths and pavement, per {{USERNAME}} See why on {{USERNAME}}  At The Finish  review here: {{URL}} #tarvelbygravel #graveltravel",2019-12-01,science_&_technology
1850,I just earned the  Middle of the Road (Level 95)  badge on {{USERNAME}} ! {{URL}},2021-02-21,sports_&_gaming
2870,Game day!   We look to take a 2-1 lead in the o-train series tonight in an exhibition game VS Carleton.   To see how we tied things up last week check out {{USERNAME}} article below for a recap.   #GGNation | #HorseBaseball ⚾️ {{URL}},2019-09-18,sports_&_gaming
2112,Sunday Fun-day {@The Old Republic@} stream starts at 10 AM Pacific. Come join Nexu and myself for some Star Wars FUN! {{URL}},2019-12-22,pop_culture
1259,#YourFavoriteTexasPromoter #BornPaidEnt️️️ NEW MUSIC VIDEO BY MY BROTHER bornpaidzeezy - #untold shot by {{USERNAME}}  #4E #hoodfame #OakCliffAmerica #BornPaidWorldWide #DallasWallStreet #ripfresh #bp5l… {{URL}},2020-05-03,pop_culture
1165,Nash Grier Shares 1st Photo Of Newborn Son & Reveals Fiancee Taylor Gave Birth In The Living Room {{URL}} via {@HollywoodLife@},2019-09-28,pop_culture
892,"Update! the light official music video as of 1:33 am  views: 2,743,298 likes: 158k subscribers: 176k comments: 202k  keep streaming guys #BGYO {@BGYOPH@} ",2021-04-04,pop_culture
970,Listen to {@Simon Brew@} chat to Birds Of Prey (2020) director Cathy Yan on {{USERNAME}} #film #podcast #BirdsOfPrey {{URL}},2020-02-09,pop_culture
1658," {@Kurt Warner@} : With the Greatest Show on Turf {@Los Angeles Rams@} , my WR getting was about SEPARATION. With {@Arizona Cardinals@} , my WR getting open was about POSITIONING. #TightWindow #FootballOpen #NFLopen   always great, gotta love it ! {@NFL Network@} {@Las Vegas Raiders@}  {@Miami Dolphins@} ",2020-12-27,sports_&_gaming
2483,Check out my new album  Fractal  distributed by {@DistroKid@} and live on Apple Music! {{URL}},2021-08-19,pop_culture
1188,"Had 3 New Years kisses with {{USERNAME}} because we kept thinking it was already 2020 when it wasn’t, what a treat to start the decade x",2020-01-01,daily_life
2095,Great night at {{USERNAME}} last night:  Guys: Colin Sahlman(1500m) 3:46.39 Leo Young ( Mile) 4:10.95 Lex Young ( Mile) 4:12.15 Girls: Sam McDonnell ( Mile) 4:48.41 Ailish Hawkins ( Mile) 5:05.78                   #npxc {{USERNAME}} {{USERNAME}} {@MileSplit US@} {@RunnerSpace@},2021-05-16,sports_&_gaming
1716,"So, I picked up my preorder of {@The Outer Worlds@} today and I played it for about three hours.  This game is amazing. Combat is crazy good. Interacting with characters is enjoyable and hilarious. The lore of the world and the story is absolutely one that I can sink my teeth into.",2019-10-25,sports_&_gaming
521,"A better vocal cannot be delivered. She might not be THE queen, but she is a once-in-a-generation talent. And as far as covers go, this has to be near the top.   Without You  - Mariah Carey {@Mariah Carey@} #Mariah #MariahCarey #Mimi #newmusic #listenhere {{URL}} ",2021-03-14,pop_culture
2982,Streaming these Masterpiece because I miss {@BTS_twt@} Keep safe everyone {{URL}},2020-05-31,pop_culture
393,"Join us LIVE from day 2 of #LAB19 with {@SERA Labour s Environment Campaign@} for their Uplands, National Parks & Climate Change: Supporting Nature for the Many fringe event featuring {@Daniel Zeichner@} {{USERNAME}} {@Hilary Benn@} {{USERNAME}} {@RSPB@} {{URL}} ",2019-09-23,pop_culture
77,Stay safe everyone.  GOD BLESS US! {@SB19 Official@} #SB19,2020-11-01,pop_culture
1417,"The {@College Football Playoff@} needs to incorporate ALL TEN CONFERENCE CHAMPIONS and six at large teams. This nonsense on teams based on HYPE, I am looking at you Notre Dame and Ohio State, needs to STOP.",2020-12-20,sports_&_gaming
262,I would like to offer you and your family {{USERNAME}} our deepest and most sincere condolences and my the soul of your step Dad rest in peace .My the Lord comfort you and ur family Stay Strong & We love you,2019-12-01,daily_life
1878,"Never give up, moas! Victory is right behind the corner  I nominate TOMORROW X TOGETHER  #Whosfan_1st_Anniversary  #후즈팬_1주년_축하해  #Whosfan_with_TOMORROWXTOGETHER {@TOMORROW X TOGETHER@} ",2021-05-23,pop_culture
1458,The first scientist in the world are the Biafrans.. I could remember genetically when our forefathers will look at the sun and tell exactly what the times is.. If you don t embrace who you are and your culture then you will die a slave. {{USERNAME}},2021-02-07,science_&_technology
240,The Irish win big here {{USERNAME}} over Trotwood by the final score of 100-78. {{USERNAME}} finishes with 42 points in a dominant second half.,2020-01-19,sports_&_gaming
721,So are we celebrating the 4th of July or not. Asking for a friend {{USERNAME}},2020-06-29,daily_life
2863,Happy International WOMEN S Day to Every Women Out there Especially to u Maa...!! #HappyWomensDay2020 {@Asim Riaz@} #AsimSqaud     #JacSimFever,2020-03-08,daily_life
1637,I see {@Bafana Bafana@} disappointed the country once again - Jordan and his cadres are running our football to the ground.,2021-03-28,sports_&_gaming
2172,I used a gas station to finally hear Half Of My Heart by {@John Mayer@} {{URL}},2020-05-03,pop_culture
1058,"I love youuuu, {@Vester@} #SinongUmiyak #STELLshineDAY {@SB19 Official@} ",2020-06-18,pop_culture
2919,Congratulations to Rylee Gust on placing fourth at state and becoming the first female wrestler in {{USERNAME}} history to place in a state wrestling tournament at the high school level! {{USERNAME}} {{USERNAME}} {{USERNAME}} {{USERNAME}},2020-02-23,sports_&_gaming
799,Taylor Swift Fans Are Obsessed With Taylor s New  Hey Stephen  Laugh {{URL}} via {@Teen Vogue@},2021-04-11,pop_culture
2764,Add my new album  &#34;F&#39; the World  on Spotify: {{URL}} (powered by {@DistroKid@} ),2019-10-22,pop_culture
1448,Ugh I m so happy. On Friday I had lunch with my co-makoti and the men topped up our alcohol and it turned into a girls night in.  Last night my newly found sister {{USERNAME}} came through and takanamwa zviri correct and she made these pork chops. My weekend has been great.,2020-12-27,daily_life
381,The Parish Eucharist is in the building at 9:30am and our online service is available here {{URL}} {{USERNAME}} {{USERNAME}},2021-06-20,arts_&_culture
2572,. {@Hero MotoCorp@} The passion pro i3S I bought in Nov 2019 is troubling me ever since. No single day I could go out with 100% confidence of it starting without hassles. It never starts without choke. Your service center says it’s expected and live with it.,2020-08-16,science_&_technology
2691,I rated Shawn Mendes - Wonder on {{USERNAME}} ! Vote & get this song played! {{URL}} false,2020-10-04,pop_culture
2407,So sad to hear the passing of {@JuiceWorlddd@} . To think we were the same age and he isnt with us anymore is so hard to comprehend. He had so much going for him and it s hard to process. But he will live on through his music and all ot his fans. Too soon man. Reast in peace.,2019-12-08,pop_culture
1036,VanillaLace vs dupe with pink himalayan sea salt Argan Hemp ORganic Handmade Luxury Soap Cakes Bestselling VEgan Soapas Mothers Day Soap {{URL}} via {@Etsy@},2019-09-15,business_&_entrepreneurs
1210,"Bible Verse About Strength: But the Lord stood with me and strengthened me, so that the message might be preached fully through me, and that all the Gentiles might hear. Also I was delivered out of the mouth of the lion.  ~ 2Timothy 4:17 {{URL}} via {@Pinterest@} ",2021-03-28,daily_life
2816,"THE PAT KENNY SHOW {{URL}} via {@NewstalkFM@} Prepare and brace yourself for whats going to come from President Trump, yesterday, he accused the Supreme Court a Co equal branch of government, of not liking him because of there ruling relating to DACA. Be safe all.",2020-06-19,pop_culture
106,Shania Twain - That Don t Impress Me Much (Official Music Video) {{URL}} via {@YouTube@} {@Olga Khazan@} Sigh ...,2021-02-28,pop_culture
85,"These were the biggest street style stars of the decade, from {@Rihanna@} to {@Gigi Hadid@} : {{URL}} ",2019-12-29,pop_culture
1226,#NowPlaying  Get  Em Up [Prod. by Mr. Brady] - {{USERNAME}} #MICCratesRadio   Download the app. @ {{URL}} Submit your music today!,2020-07-12,pop_culture
1039,"I backed into my {@The Daily Orange@} career and pondered leaving after writing one article.   More than three years later, I consider {@Daily Orange Sports@} my family. Proud to now be an alum.  My ‘hack’ and final piece for the D.O.: {{URL}} ",2020-04-26,daily_life
474,Did you have a recce of our new song/video over at {{USERNAME}} yet? We worked hard on it :) Available on most platforms from this Friday.    Video Premiere: Fauxchisels – Edge Fund – Joyzine {{URL}},2021-04-07,pop_culture
1195,Finally got a chance to watch the {{USERNAME}} Presents: Our Country .... in place of the {@ACM Awards@} the artists performed from their homes. Absolutely amazing performances.  What a great way to share the music. I hope this continues in some fashion in the future #ACMOurCountry,2020-04-12,pop_culture
1142,{{URL}} So August ft Rick Ross has a new song out. He s defining entanglement. No Cap. It s a jam. #entanglements {@August Alsina@},2020-07-19,pop_culture
2703,i m so pumped to watch {@CeeDee Lamb@} play with the Cowboys,2020-09-13,sports_&_gaming
2508,DeAngelo Hall says free agent Chris Harris of the Broncos best fit would be with the Super Bowl Champion Kansas City {@Kansas City Chiefs@} hey Veach I agree! That makes our secondary one of the best in the {@NFL@},2020-02-11,sports_&_gaming
431,Check out GIRL POWER! Available for the next 1 day via {{USERNAME}} {{URL}},2020-03-08,daily_life
1979,Epi 7 of {@The Morning Show@} - {@Mindy Kaling@}  parading around a couple of white women to show how progressive the network is...while the brown people are left to make sure the trains of their dresses don t touch the ground.  I find this extremely ironic when her character is AUDRA.,2019-12-01,pop_culture
3166,MLS Cup final: Seattle Sounders v Toronto FC – follow it live with {@Beau Dure@} ! {{URL}} #MLSCupFinal,2019-11-10,sports_&_gaming
1351,Check out my new album  RSF  distributed by {@DistroKid@} and live on Apple Music! {{URL}},2021-08-20,pop_culture
1819,REQUEST {@ARASHI@} {@MTV@} #FridayLivestream   o｡｡.｡｡oo｡｡.｡｡o  Please play the music video for ARASHI s  Turning Up  on Friday Livestream.  o｡｡.｡｡oo｡｡.｡｡o  STORY IN THE SUMMER / Kite Whenever You Call ARASHI   ↓↓OK  copy & paste OK,2021-02-24,pop_culture
633,Ohio State will get a {@College Football Playoff@} berth even though I’m not sure they’ve earned it. Nevertheless here we are and Ohio State has to be hoping Notre Dame wins this game. Alabama will roll them as the 4th seed.,2020-12-19,sports_&_gaming
2337,So {{USERNAME}} hits on most of what I loved about #BirdsOfPrey in her excellent review: {{URL}},2020-02-14,pop_culture
629,sorry {@Harry Styles@} i don’t stream lights up on spotify  i do it on deezer,2019-10-13,pop_culture
2306,IM SO HAPPY I GET TO SEE HARRY {@Harry Styles@} ❤️,2019-11-25,pop_culture
2669,"Man tough sledding....lost another 12 followers tweeting about the Bills yesterday, really must have been everything positive hey {{USERNAME}} ?  :---)",2019-12-22,sports_&_gaming
2529,The fight should ve been called after he dropped from a broken leg then it wouldn t of been Tko for cry baby {@The Diamond@},2021-07-11,sports_&_gaming
1757,A message for Jenna Marbles. {{URL}} via {@YouTube@} #jennaweloveyou #jennamarbles,2020-06-28,pop_culture
345,#mclassradio #Nowplaying  2TRU - Riders In The Front(Eng By Ducey_DaPhatom) {{USERNAME}} #newmusic #trendinghits #yycmusic #todaysmusic  Listen Live on: {{URL}},2021-02-21,pop_culture
2370,Yes. The rumors are true. Since the office is shut down for the time being I will be working at {@ALDI USA@} for the time being. Gotta make money in these trying times.,2020-03-16,daily_life
2415,Why wasn’t the Seahawks player flagged for removing his helmet? {@NFL@} #CLEvsSEA,2019-10-13,sports_&_gaming
1526," Hey, Dani. Do u remember that time watching {@Liquid Stranger@}  s set at {@Lost Lands Festival@} when u were stuck and couldnt move?.... No? .... yeah, me either.    Favorite set from the whole weekend!",2020-04-19,pop_culture
2052,Greta Thunberg & Allies File Climate Complaint Against 5 Countries (Not China) {{URL}} via {@Breitbart News@} SAD LITTLE GIRL BEING USED BY THE GLOBALISTS.....WHEN MATURE SHE WILL BE VERY ANGRY I THINK,2019-09-24,science_&_technology
310,"#sts70s thanks for the company twitterati, stay safe everyone and see you next week. #SOTN Don McLean. Close second {@Billy Joel@} ",2021-03-28,pop_culture
735,Thought we forgot about you huh?? {@RobertEasterJr@} You up next  !!! #OHIO,2020-11-01,sports_&_gaming
187,#archive Which is the right way to remember brother Robert Mugabe: From {@Prof Makau Mutua@} {{URL}} From {@David Ndii@} {{URL}},2019-11-10,daily_life
1695,"Lilies please vote for Lisa, down vote others  #LISA #리사 #BLACKPINK #블랙핑크 #LALISA {@BLACKPINK GLOBAL BLINK@} {{URL}} ",2020-06-07,pop_culture
677,6 years ago today {@Sleeping With Sirens@} were on channel 4’s Sunday brunch and I was so excited to see them on U.K. tv!!  Was so so good!! Ahh  I miss you guys!,2021-04-11,pop_culture
2592,The Sound of Silence - Pentatonix {{URL}} via {@YouTube@} <iframe width= 560  height= 315  src=  {{URL}}   frameborder= 0  allow= accelerometer; autoplay; clipboard-write; encrypted-media; gyroscope; picture-in-picture  allowfullscreen></iframe>,2021-02-07,pop_culture
3149,The {@Green Bay Packers@} survived the {@Dallas Cowboys@} and the refs.   What a game!  #NFL #CowboysvsPackers #refs #Packers,2019-10-06,sports_&_gaming
415,Randy Arozarena s first major league home run extends the Cardinals lead to 5-2 in the 6th inning in Arizona. {@KMOX St Louis News@} #TimeToFly #STLCards,2019-09-25,sports_&_gaming
516,I really like how {@Katori Hall@} {{USERNAME}} {@Thomas Q Jones@} @ ALL their castmates 2 show love! Everybody included and thAts as dope as the show! #PValleyStarz,2020-08-16,pop_culture
917,"Y all, we hit the ground RUNNING raising money for the heckin kids! Thank you for smashing our first milestone goal and unlocking a horror stream in the future   Thank you {{USERNAME}} and {{USERNAME}} for the raids!  We sent the party over to {{USERNAME}} to keep the love alive!",2021-05-02,business_&_entrepreneurs
1493,"“When Jesus spoke again to the people, he said, “I am the light of the world. Whoever follows me will never walk in darkness, but will have the light of life.”  VANJOSS OnKTnXChristmasConcert PaskongKapamilya With Vanjoss {{USERNAME}} ",2020-12-20,arts_&_culture
344,"Sunday emails so far, {@easyJet@} offering me a cheap holiday to Turkey {@Betfair@} offering to match my £10 bet & 50 odd from a Nigerian uncle I never knew I had",2020-05-03,daily_life
294,Game day!!! {@Ito Smith@} #NFL100 #InBrotherhood #RiseUp #AtlantaFalcons #NFLKickoff @ Mercedes-Benz Stadium {{URL}},2019-09-08,sports_&_gaming
1096,"Ohio just shut down all bars and restaurants (assuming fast food/drive-thru orders might still be ongoing), effective 9 PM tonight.  Again, I ll give credit and praise where due: {@Governor Mike DeWine@} is doing what is necessary to keep Ohioans safe.",2020-03-15,daily_life
904,5️⃣0️⃣％ of the goals Danny Ings has ever scored in the Premier League have been for {@Southampton FC@} this season (21/42)  #SOUSHU,2020-07-26,sports_&_gaming
642,The UFC 251 Viewing Party with {{USERNAME}} & {{USERNAME}} and our listeners begins at 10 pm  YouTube link: {{URL}} Discord chat: {{URL}},2020-07-12,sports_&_gaming
3039,"The main event of yesterday s NJPW show was really good, I thought. So excited for Tanahashi vs Shingo on Saturday! #njnbg {@Kevin Kelly@} does such a great job as always in making you care about every current story. It s so good, thank you! ",2021-01-26,sports_&_gaming
2421,"#Australia {@ipbes@} World s oceans at a tipping point, indicates UN s Intergovernmental Panel on Climate Change report {{URL}} via {@ABC News@} ",2019-09-25,science_&_technology
2944,"Love the pink socks! #LivePd Thank you for wearing them, {@Dan Abrams@} {{USERNAME}} {@Tom Morris Jr@} I lost my sister to breast cancer last Christmas Eve. This cause hits home for me. Thank you ",2019-10-13,daily_life
2553,Apple Confirms New Warning Affecting Almost All iPhone Users - {{URL}} via {@Shareaholic@},2020-04-26,science_&_technology
3110,I m an old ARMY & everytime BTS wins an award i would always cry so grammys do ur job properly so i can cry tears of joy instead sadness early in the morning  #LightItUpBTS #BTSARMY #BTSGrammy {@BTS_twt@},2021-03-14,pop_culture
2346,"Dear {@Notre Dame@} and {@Notre Dame Football@} please make an announcement about your stadium for the fall  so we can either get a refund, credit or plan my Saturday’s accordingly this fall... sincerely all season ticket holders",2020-08-23,sports_&_gaming
1168,Apparently Tyson Fury went to a night club after the post fight press conference. So basically {@TYSON FURY@} has stopped off at the MGM Grand and battered Deontay Wilder on his way for a night out!! #WilderFury2,2020-02-23,sports_&_gaming
593,Scott Morrison says Greta Thunberg s fiery UN speech is giving kids  needless anxiety  about climate change (via {@Business Insider Australia@} ) {{URL}},2019-09-25,science_&_technology
1982,"#NowPlaying ♫ #Np {@TRAVIS SCOTT@} F/ {@Drizzy@} - SICKO MODE  ♫ at {{URL}} Listen LIVE {{URL}} {{URL}} Wake Up To {@Notorious VOG@} In The Morning #NITM☕ M-F 6:30-11a, {{USERNAME}} Urban Talk, News, Laughs & More!",2019-12-29,pop_culture
2521,Check out this awesome Spotify playlist for new music & inspiration for your weekend  Massive thank you & S/O to {{USERNAME}} for including our new single #WaitingForRain feat. {{USERNAME}} {{URL}} #SaturdayThoughts #NewMusic #weekendvibes #spotify #NP,2021-04-10,pop_culture
260,Attention everyone - don’t fly {{USERNAME}} {@Delta@} … apparently my friend told me the flight company they have their own variant of covid they are manufacturing and spreading called the Delta variant - stay safe #how us non vaccinated folks role!,2021-08-29,business_&_entrepreneurs
832,Theophilus London - Century Girl feat. Devonte Hynes (music video) {{URL}} {@YouTube@} より,2021-02-28,pop_culture
1343,Check out Rare Wayne Gretzky 1972 6th Annual Burlington Horseshoe Program Mint! {{URL}} via {{USERNAME}},2019-09-22,sports_&_gaming
1758,Every brother is special to his sister & Every sister is special to her brother ✨ Happy raksha Bandhan ---️---  Happy rakshabandhan bhai {{USERNAME}} #HappyRakshaBandhan #Rakhi2021  #RakhshaBandhan #art #brothersisterlove ❤️,2021-08-22,daily_life
1115,Deobis we are so close to 2M so if u are free pls stream the stealer full version on yt and also on naver   THE BS WE GOT THIS #THEBOYZ #더보이즈 #StanWorld {@THE BOYZ@},2021-04-04,pop_culture
500,Played {@Hearthstone@} for the 1st time in 3mths today and felt like I never stopped. Loving the new features and quest logs!,2020-12-06,sports_&_gaming
3055,"Maybe {@NCAA Football@} should just start the season with the final 4 of Alabama, Clemson, Ohio State and Oklahoma. It s that predictable (and quite boring YoY). I ll stick with the excitement of {@NCAA March Madness@} .",2020-12-20,sports_&_gaming
2130,manchester is red  {@Manchester United@} #MUNMCI  #InternationalWomensDay  #CHEEVE,2020-03-08,sports_&_gaming
1649,Also Harry performed watermelon sugar and released it at the same time as snl exactly how we predicted. Someone s losing their peps eh {@Harry Styles@} ?,2019-11-17,pop_culture
3079,Hope everyone is staying safe and enjoying Easter Sunday {{USERNAME}} {{USERNAME}} {{USERNAME}} @,2020-04-12,daily_life
2284,Clay Travis of Outkick Media to Lawmakers: ‘Big Tech Controls the Country’ {{URL}} via {@The Epoch Times@},2021-03-14,science_&_technology
3069,"Looking forward to diving into this - The History of Spiritual Jazz: Hear a Transcendent 12-Hour Mix Featuring John Coltrane, Sun Ra, Herbie Hancock & More {{URL}} via {{USERNAME}} ",2020-01-05,pop_culture
2033,"Please tell me how Maguire, lindelof and de gea get away with stinking the place out week in week out. How can ole sit there and watch these jokers and still pick them please please tell me because I am baffled {@Manchester United@} ",2021-02-21,sports_&_gaming
2545,"2 अक्टूबर को गाँधी का जन्म हुआ था,  20 अक्टूबर को आँधी  का जन्म हुआ... {@Virender Sehwag@} not played for country... Not for records... Not for team... He played for crowd,  ONLY ONE Mission PROVIDE FULL Entertainment. Most destructive batsman in the world.",2019-10-20,sports_&_gaming
2078,"Our game had everything this morning {{USERNAME}} v River Juniors Rio.   Goals, disallowed goals, penalties, shots hitting the frame of the goal, injuries, players not turning up, players turning up late or at half time... Grassroots football at it’s finest, well done both teams ⚽️",2020-02-23,sports_&_gaming
3140,"Episode 415, powered by {@Blue Microphones@} : The guys and {@Chris Jericho@} analyze “I’m Leaving You” from the 1984 Scorpions album Love at First Sting! #podcast #podcasting #PoweredByBlue {{URL}} ",2021-07-25,pop_culture
2619,"Finally {{USERNAME}} {{USERNAME}} I finished ff14 what an amazing ride from AAR to Shadowbringers the story’s and characters are some of the best I experienced in gaming, and I’m glad y’all got me back into it thank you .",2021-01-03,sports_&_gaming
2796,Anyone else not able to play the Vandy@Purdue game via BTN+? {@Big Ten Network@} I’m currently paying for a streaming service that doesn’t stream the game I wish to see....,2019-09-08,sports_&_gaming
2573,"UFC 244 results, highlights: Darren Till makes successful 185-pound debut with win over Kelvin Gastelum {{URL}} via {@Circleboom@} ",2019-11-03,sports_&_gaming
1571,"Dear {@Houston Astros@} and {@MLB@} ,  I ve loved the Astros since I was 6 years old. In the 30 years since I ve cheered them on in the World Series and through 100 loss seasons, but quite frankly I m sick to death of this scandal. Rooting for the Astros in the 90 s was great... (1/4)",2020-02-12,sports_&_gaming
2549,Yo what’s with the {@UFC@} refs tonight. Are we on another planet?!?! These guys are Bambi on ice getting tagged with big hits/ chokes. Unacceptable,2021-03-28,sports_&_gaming
3013,"According to the {@American Gaming Association@} Association there are 17 casinos open in the United States, including 11 commercial in Deadwood, SD, and six Native American properties (3 OK, 2 WA, 1 ID). The other 972 remain closed.",2020-05-10,sports_&_gaming
360,"#AsimRiaz is such a cute, innocent boy at heart, kiddish sometimes, goofy sometimes, lovable, kind and polite most of the times! #AsimForTheWin {@ColorsTV@} {@Bigg Boss@} ",2020-02-02,pop_culture
2814,The reporters at the {{USERNAME}} have done a beautiful job covering how people of faith in Dubuque have been observing their holidays in the time of COVID. This look into the Kassas family as they broke their fast was stunning: {{URL}} #ProudSubscriber,2020-04-26,daily_life
620,"The amount of vuvuzelas for just winning a beer cup? What would have happened if they won #CCL, {@Al Ahly SC@} saved us from this madness #Amakhosi4Life",2021-08-01,sports_&_gaming
2263,"*Blinks slowly* what day is it? Is it almost New Years Eve? More importantly, when is {{USERNAME}} open next?",2020-12-30,daily_life
986,Earning gift cards for selling my stuff on {@Listia@} ! Join me using code  BLQBTN  for an extra 250 PTS. I just listed this:  2020 Topps Star Wars: The Mandalorian Season 1 #54 - Pursuit and Escape {{URL}},2020-12-25,pop_culture
34,There s a very young looking {{USERNAME}} on the tv right now courtesy of #PoliceInterceptors,2021-06-13,pop_culture
690,Listen to the Story of BMF - The Rise and Fall of Big Meech and The Black Mafia Family {@Spotify@} spotify:album:6pJzjGBr3A19nlhliLNoqw,2021-04-27,pop_culture
2836,Congrats {{USERNAME}} — ISHSHA State Champs!!,2021-03-07,sports_&_gaming
1717,Relaxing music video || Meditation music video|| Calm music || Stress Re... {{URL}} via {@YouTube@} #relaxingmusic  #meditationmusic #sleepingmusic #stressreliefmusic For more videos please visit my youtube channel & subscribe. {{URL}},2021-06-27,pop_culture
376,Paris Hilton x Kim Petras s  Malibu  Music Video {{URL}} via {@YouTube@} Paris Rocks I Love This Is On Fire I Love Her Shes Super Sexy She Make My 4th Of July This song She Rips It Great !!!,2020-07-04,pop_culture
101,"The {{USERNAME}} team shutout the BHSU Yellow Jackets Sunday afternoon, 2-0! Click the link to get all the details on the great win! #RangerUp {{URL}} ",2021-03-21,sports_&_gaming
1710,Stanley Cup Final Game 1 Live Blog: Lightning vs. Stars Sent with {@NHL@} {{URL}},2020-09-19,sports_&_gaming
1486," Name a pretty fandom  I hereby present to you, the prettiest, the kindest, the most peaceful bad*ss fandom... MOMENTS OF ALWAYSNESS!! istg you re all pretty aaa {@TOMORROW X TOGETHER@} ",2021-05-09,pop_culture
2629,Had a fantastic weekend in Budapest with family. Then it s time for {@easyJet@} to ruin it. Should ve flown 21.20 Sunday evening. Still sat I m Budapest now. No flight till 14.30pm today‍♂️‍♂️  17 hour delay. Granted a hotel was provided at 03.00am but still...shambles,2019-11-25,daily_life
3170,Lmao the sky is getting brighter help!   @RheasRiptide   It’s almost 6,2021-05-02,daily_life
946,Mortal kombat little known to {@Ed Boon@} and {@John Tobias@} is real but its every 1000 years the elder gods wage war here on earth for the power over us mortals.,2020-10-07,sports_&_gaming
1962,The way one voice only vlive has the power to clean the timeline. #BTS saves the day. #MTVHottestBTS   Now we wait in anticipation of the {@BTS_twt@} selca,2020-07-26,pop_culture
2088,Join us online for Open Day 2021 at 12 noon! Find out about studying #Criminology at {@University of Melbourne@} …,2021-08-22,pop_culture
2194,"UFC 249 results: Bryce Mitchell puts on grappling clinic, dominates Charles Rosa | MMA Junkie via {@MMA Junkie@} {{URL}} ",2020-05-10,sports_&_gaming
1455,UFC 251 Post-Fight Matchmaking: Jose Aldo ( {@Jose Aldo Junior@} ) vs Rob Font ( {@RobFont@} ),2020-07-12,sports_&_gaming
506,New Episode! Lady Anglers In Here! Interested In Fishing? In Here!!! {{URL}} via {@YouTube@}  {{USERNAME}} {{USERNAME}} {{USERNAME}} {{USERNAME}} {{USERNAME}} {{USERNAME}} {{USERNAME}} {{USERNAME}} {{USERNAME}} {@Black Rifle Coffee@} {{USERNAME}} {{USERNAME}},2020-01-26,pop_culture
1453,Streaming some Overwatch w/ {{USERNAME}} then later some Osu and Animal Crossing :D {{URL}} Hope to see ya there!!! <3   #overwatch #osu #animalcrossing #keystohearts #SupportSmallStreamers,2020-03-22,sports_&_gaming
1550,PUT MIRROR ON THE ALBUM PLZZ  #Wonho #shownu #minhyuk #jooheon #im #kihyun #hyungwon #monbebe {@MONSTA X@},2019-10-06,pop_culture
1205,Hope you have a good day! Please rest well ❤️❤️❤️ {@Stray Kids@} #StrayKidsComeback,2019-12-08,pop_culture
61,Giveon - Heartbreak Anniversary (Official Music Video) {{URL}} via {@YouTube@} #musicpick,2021-05-02,pop_culture
1175,New Music - Capitol Cuts {@Black Pumas@} live at the studio: {{URL}} #music,2021-07-25,pop_culture
2855,"I will be attending the UCF vs Stanford Game! Saturday, September 14th, 3:30pm {@UCF Football@} {{USERNAME}} {{USERNAME}} {@UCF Football Recruiting@} {{USERNAME}} {{USERNAME}} #KnightNation ⚔️",2019-09-14,sports_&_gaming
2099,Drivers License by {@Olivia Rodrigo@} is the best little love addict in training ballad I have ever heard- kids these days are such GENIUSES,2021-01-12,pop_culture
2822,"The MN Gophers rise to No. 7 in the AP college football poll, their highest ranking since 1962.   Row the boat! {{USERNAME}} {{USERNAME}} {@Eric Miltsch@} {{USERNAME}} {{USERNAME}} {{USERNAME}} ",2019-11-10,sports_&_gaming
2542,"Sa mga wala pang group at may free time sumuporta sa SB19, {{USERNAME}} is one of the family na good for you. Streaming, votings, fun activities and more! Para sa SB19. *Suspended yung main account, please follow the new account of SB19 UNITED AS ONE. Thankyou! (kung gusto nyo lang)",2021-08-15,daily_life
1990,Ahh can’t wait to use my annual pass at Galaxy’s Edge once it’s open again!  So glad I got to ride Rise Of The Resistance at least once in the before era!  : {{USERNAME}}  #Nerdpins #Pingame  @ Star Wars Galaxies… {{URL}},2020-04-05,pop_culture
1116,"Excellent lasagne at the Three Horse Shoes, Wensley DL8 4HJ Just the job after ringing handbells for {@Yorkshire 2019@} at Middleham Bridge and then getting drenched by a car in a big big puddle #Worlds2019  #WorldChampionships #cycling {{URL}} ",2019-09-29,sports_&_gaming
3092,Tyson Fury serenades crowd with  American Pie  after beating Deontay Wilder {{URL}} via {@New York Post Sports@} “Fury sings the “blues”” !! after a TKO run on Wilder at 7 !!,2020-02-23,sports_&_gaming
519,". {@Jason Isbell@} for your Red Rocks show tonight - it s also #coloradoday, the 145th Anniversary of our becoming a state - in 1876, thus the Centennial State. And home to the greatest performing arts venue in the world :)",2021-08-01,pop_culture
1761,Sniper Morning Sunday is LIVE! Playing {@Paladins The Game@} ! **SNIPER ONLY**  Grab a ☕️ and a  and let s chill! {{URL}},2020-08-30,sports_&_gaming
147,Music Video Still Pic For “The Way I Feel” Directed By Founder Of BELRUZ26 {{USERNAME}} Videography By Carlos Colon visualimagefilms Music Video Link In Bio #thewayifeel #belruz26films #leruzlarose… {{URL}},2020-03-01,pop_culture
2485,Happy #InternationalWomensDay to all the women out there who are breaking through boundaries. This playlist is for you {{URL}} Special shout out to {@Juno Dawson@} {@Liz Carr@} and {{USERNAME}} as the women whose tweets inspire me the most  #IWD2020,2020-03-08,daily_life
2106,"Rewatching one of my favorite movies, LADYHAWKE, for an eventual {{USERNAME}} with {{USERNAME}} and it mostly holds up but what is going on with the sky color in this scene? They put a pink filter across the top third of the frame? {{URL}} ",2021-02-07,pop_culture
50,"So {@Floyd Mayweather@} is willing to fight {@khabib nurmagomedov@} for $600 MILLION, Then {@khabib nurmagomedov@} counters the offer by saying he s goinna give him $100 million and make the fight 11 rounds of boxing and 1 round MMA.  This should be really interesting.",2020-03-08,sports_&_gaming
72,"40 Garden of Salvation Clears.  73 first timers sherpa d.  Average time taken per sherpa is sitting at an hour 45ish.  Currently number 5 in the world for Garden sherpas.  Numbers are cool, but y all have no idea how proud I am of myself and {{USERNAME}} for helping so many newbies ❤️",2019-10-20,sports_&_gaming
2997,Johnny Cash - Ragged Old Flag (Official Audio) {{URL}} via {@YouTube@} YOU can NOT have The 4th WITHOUT Johnny !! TO GOD BE THE GLORY !!!!,2020-07-04,pop_culture
36,"“Music is a dead man’s heartbeat. It can interleave your atoms with the stars. A chemical. It will not be described.”   Dear {{USERNAME}} & {{USERNAME}} , Orsino’s Dilemma has been swirling in my head all week. What gorgeous music to such stunning words. Hope you’re both well!",2020-10-04,pop_culture
2569,Seriously {@Coca Cola@} {@The Coca Cola Co@} ? {{URL}} Are you offended by the thought of Palestine or Black Lives Matter?,2021-06-24,business_&_entrepreneurs
2114,“Warning! You have violated the rules!”  Reminds me of Skyrim’s “STOP! YOU HAVE VIOLATED THE LAW”  Only fellow staff members from {{USERNAME}} will understand the first quote and what the full version of it is~,2020-04-24,sports_&_gaming
1783,"hi {@Sina Deinert@} , recently a friend of mine passed away and you were her favorite now united member, her name is Alicia. I would like to ask you to pray for her and know that she loved you until her last breath+",2020-01-26,daily_life
3136,"Shout out to the many England fans that have put the hard yards in over the years following England home & away, today is for you   Whilst the county is naturally excited & buzzing for today, its fans like you that deserve it  My man {{USERNAME}} is one of those people  ",2021-07-11,sports_&_gaming
2132,Enjoy the little things in life.  KYLE SizzlingHotOnASAP {@Kyle Echarri@} {{USERNAME}},2021-02-28,daily_life
142,Yeah boi... {{USERNAME}} he did it.... Anthony Joshua defeats Andy Ruiz Jr to regain world heavyweight title glory | Boxing News | Sky Sports {{URL}},2019-12-08,sports_&_gaming
1471,someone dedicated carolina by harry styles {{USERNAME}},2019-11-24,pop_culture
1818,Happy Labor Day Weekend from the team {{USERNAME}} - Enjoy Your Day Off! {{URL}} #laborday #cincinnatimarketingsolutions #outsourcedmarketing,2020-09-06,business_&_entrepreneurs
2245,Preparing Raymond James Stadium Super Bowl LV {{URL}} via {@10 Tampa Bay@} They need to cancel the Super bowl here in Florida. That s crazy to hold in Florida where the virus is  is spreading faster every day !! There is a bad bad pandemic case load here in Florida.,2021-01-15,sports_&_gaming
2123,"Big shout out to the homie {{USERNAME}} . Judging by the media meal in the pressbox at US Bank Stadium for a preseason game, we’re gonna be eating GOOD this season for home games. Beat writers of visiting teams, you’re in for a treat. #BestInTheBiz",2021-08-15,sports_&_gaming
2687,Joe Biden almost drops F-BOMB during speech about President Trump {{URL}} via {@Daily Mail Online@},2020-06-14,pop_culture
2142,Tiger Congratulates Matsuyama: Woods says Hideki is making Japan proud:  This historical Masters win will impact the entire golf world  ( {@Tiger Woods@} ) {{URL}},2021-04-11,sports_&_gaming
2655,FRESH FIND !! >> Discover New Music and Hot Talents!! Give a listen to Diego by Opty {@YouTube@} #hiphop #rap   #new_music Follow Opty: {{URL}} LISTEN HERE {{URL}} via {{USERNAME}} #GrooverEffect,2021-08-22,pop_culture
1192,The Best Rapper At #RollingLoudNYC Was Trillavelli When He Performed VLONE RUNTZ The Fans Went #730 {{URL}} via {@YouTube@} {{USERNAME}} {@WORLDSTARHIPHOP@} {@No Jumper@} {@adam22@} Rolling Loud NYC Weekend Lit #RollingLoud #RollingLoudNY #casanova #22gz #donq #popsmoke #sheffg #new,2019-10-13,pop_culture
2841,#SharonNicholas {{USERNAME}} #Wellness Journey  Event & #Wedding #Designer #PaperFlorals #Artist  #GraphicDesigner  Collaborate #Author  United States {{URL}},2020-05-10,business_&_entrepreneurs
1317,The fortune teller told me  the power s in your mind  {@KATY PERRY@} #KatyPerry #Smile #nottheendoftheworld,2020-10-04,pop_culture
2641,"Wow, love this Mom! Happy Mothers Day {{USERNAME}} @ Mono, Ontario {{URL}} ",2021-05-09,daily_life
2899,"#NowPlaying  Comfortable  by Lil Wayne, Babyface on {@TIDAL@} {{URL}} ",2021-07-04,pop_culture
3183,The next morning.... my mom can’t stop talking about how much she loves {{USERNAME}} and {{USERNAME}},2020-07-05,daily_life
1170,"Trainer Kevin Attard will send out a pair of runners in search of his second career victory in today’s $225,000 Cup and Saucer Stakes for Canadian-bred 2-year-olds over 1 1/16 miles on the E.P. Taylor turf course at Woodbine, writes {{USERNAME}} {{URL}} ",2019-10-06,sports_&_gaming
1931,"Wow...Vito has that goal from Rusnak 10/10 times, he surely lost his footing there. Bad luck. {@Real Salt Lake@} up at {@Allianz Field@} vs {@Minnesota United FC@} 0-1. #MNUFC | #MINvRSL | #COYL",2019-09-15,sports_&_gaming
3124,"#Drishyam2 Though the first hour seems like a drag, director #JeethuJoseph skilfully connects all the plot points to achieve a satisfying finale. The movie keeps you guessing and that’s what works. {@Mohanlal@} as #Georgekutty steals the show. Rating-3.5/5.",2021-02-21,pop_culture
152,"The Dodgers are World Series champions, and {@David Waldstein@} wrote about all the joy, all the close calls that preceded it, and all the history. {{URL}} ",2020-10-28,sports_&_gaming
1451,Super game - {@New Orleans Saints@} win in a thriller #SaintsGameday #TexansvsSaints,2019-09-10,sports_&_gaming
2843,Chiefs finna win the super bowl yessir arrow nation  {@Kansas City Chiefs@},2020-01-05,sports_&_gaming
1626,"I’m watching {@Spectrum News NY1@} rn, and I just witnessed a live proposal..she said YES.. my serotonin is through the roof rn! Idk them, but wow.. what a way to start the new year! Sincerely happy to see others wholeheartedly happy! Happy New Year, everyone. God bless! ❤️",2021-01-01,pop_culture
2879,The sun is somewhere shining even when it rains. DESERVING WINNER RUBINA {{USERNAME}},2021-02-07,pop_culture
1073,"Girlfriend Brutally Dumps Poor Boyfriend For Rich Man, Ending Is Shockin... {{URL}} via {@YouTube@} ( I love all his Videos they are all telling the truth keep up the good work Dhar Mann )",2021-03-14,pop_culture
42,The time is now! The 1st edition of the  192  ezine is live on the Poets  Directory.  You can read all of the amazing poems here: {{URL}} Thanks to everyone who submitted - it s been a pleasure to read all of your amazing work. Big shout to {{USERNAME}} as well!,2020-09-06,arts_&_culture
2759,"winning aside, the least we need to do is put up a strong fight for iKON. don t give up, let s keep going together!!!  - keep streaming on yt/korean sites - vote on mwave/whosfan - vote on idol champ  STREAM NOW iKONICs {@iKON GLOBAL iKONIC@} #iKON #아이콘",2021-03-05,pop_culture
5,Brand New! PWR at the Movie! Thunder in Paradise {{USERNAME}} {{USERNAME}} {@Hulk Hogan@} {{URL}},2021-03-07,pop_culture
55,"The Impact of Climate Change on Kivalina, Alaska—via {@The Atlantic Photo@} {{URL}} ",2019-09-24,science_&_technology
1735,Our love ballad is officially out now!  Go check out the music video for  Some Type of Way  at the link in our bio!  Big thanks to {{USERNAME}} for his vision and ability to make this video special. {{URL}},2021-01-12,pop_culture
987,Also to my angel {{USERNAME}} I want you to know how amazing you are and how thankful I am to have you by my side constantly. You deserve everything and more. Thank you for showing me and many love and gratitude. So thankful for you.,2021-06-20,daily_life
1067,Massive congratulations to the  {@Lewis Hamilton@} . One of the UK s greatest sports stars ever and also an outspoken vegan and human rights activist. What a man,2020-10-25,sports_&_gaming
2948,.. {@LSU Football@} up to number three nationally ... behind Alabama and Ohio State ... and ahead of Georgia .. in the 24/7 rankings #WGNOtv,2020-12-16,sports_&_gaming
511,"Red Knights hold on to defeat Harrisburg by a score of 71-66. Tough week for the Red Knights, but a huge bounce back win tonight ends the 3 games in 4 days at 2 and 1. Stay safe all! #RSDproud #ThankfulForTheOpportunity {{USERNAME}} {{USERNAME}} {{USERNAME}} {{USERNAME}} ",2021-01-31,sports_&_gaming
3023,“Happy New York!” {@PJ@} New Years Eve 2020,2020-12-31,daily_life
2670,Look what Sugar and Bird just dropped on {@OpenSea@} ! #nft #opensea {{URL}} It s Easter eggs allright! Easter 2021 special NFT original #abnarmolities #3DNFT #NFToriginal,2021-04-04,sports_&_gaming
1335,Great write-up about Mama Aneb {{USERNAME}} . She is a close mentor and has helped nurture me and other artists at {{USERNAME}}  s annual art festival and artist retreat every year. My letter has been sent. {{URL}},2021-02-14,arts_&_culture
241,"Fascinated by the power of the #opensource community to put up the {{USERNAME}} conference together. 109 tracks, tonnes of {@Matrix@} {{USERNAME}} rooms, hundreds of talented engineers dedicated to build open source systems. Wow!",2021-02-06,science_&_technology
2793,Check out new work on my {@Behance@} profile:  Zurana - Official Music Video | Kryso & Sun | Zeeshan K  {{URL}},2020-05-03,pop_culture
255,"I sat down and watched an FA Cup final yesterday for, I think, the first time since 2006. Especially pleased for {{USERNAME}} ",2021-05-16,sports_&_gaming
1279,10 days ago the seahawks squeaked out a win against the rams. 6 days ago the {@San Francisco 49ers@} dominated the Browns. Today the seahawks barely won against the same Browns and the Niners erased that rams offense with less time to prepare. What excuses will the national media find this week?,2019-10-13,sports_&_gaming
871,Dear {@Dr Pepper@} {@The Coca Cola Co@} a friend of mine just said that she was told that #DrPepper is no longer being manufactured and that the stores are not sure when they ll have more. Please tell me it s not true. #news #infoneeded,2020-05-03,business_&_entrepreneurs
3173,Congratulations To Trezeguet and Mohamedy and Team Aston Villa Stay in Premier League {@Trezeguet@} {@Aston Villa@},2020-07-26,sports_&_gaming
2493,10+ booking points and 5+ corners in each of the Euro 2020 games on Sunday 13th June {@Sky Bet RequestABet@},2021-06-13,sports_&_gaming
893,So watch me bring the fire and set the night light  I vote for #BTS under #TheGroup category at the 2020 #PCAs {@BTS_twt@},2020-10-02,pop_culture
1419,Everything you need to know about {@AJ McLean@} on “DWTS” (Updated 10/5 @ 11:45 p.m.) {{URL}} #dwts #ajmclean,2020-10-06,pop_culture
2574,oh ya also remember to vote ok #MAMAVOTE #monstax {@MONSTA X@},2019-11-10,pop_culture
915,The economic impact of the Covid-19 pandemic and related lockdowns has forced Nedbank to revise its medium-term targets. The bank is the first in the country to provide updated targets. via {{USERNAME}} #SouthAfrica #news #economy #nedbank #covid19SA {{URL}},2021-03-18,business_&_entrepreneurs
2943,i love you so much my heart is so so full right now {@BTS_twt@},2020-10-11,pop_culture
473,"Climate change:  We ve created a civilisation hell bent on destroying itself – I m terrified , writes Earth scientist via {@The Conversation Africa@} {{URL}} ",2019-09-27,science_&_technology
2776,BBC News - Greta Thunberg:  Leaders failed us on climate change  {{URL}} {{USERNAME}},2019-09-23,pop_culture
985,"Groom Face Mask, Wedding Mask, Choice of Tie, Bow Tie Mask, Gr by Pennypillowsanddecor {{URL}} via {@Etsy@} ",2020-10-04,business_&_entrepreneurs
335,"The Suicide Squad grossed an estimated $35.0M internationally this weekend.  Estimated international total stands at $45.7M, estimated global total stands at $72.2M.  #TheSuicideSquad  #BoxOffice {@Warner Bros@} {@The Suicide Squad@} ",2021-08-08,pop_culture
551,Multiple arrested as NYPD use pepper spray at mob protest in NYC {{URL}} via {@Daily Mail Online@} It s time to clean up the park and restore law & order.,2021-06-06,daily_life
1285,Watching nationwide Sports Twitter (including Baylor #SicEm fans & {@ESPN@} ) rally behind Mike Boynton while questioning the refs in that game has really warmed my  heart. #okstate #WeGetIt. Your move {@Big 12 Conference@} .,2020-02-09,sports_&_gaming
328,I was definitely going for the Chiefs but I’m glad the problem child got him one {@AB@},2021-02-08,sports_&_gaming
2653,Lots and lots of sanitation stations going out today and before you all ask YES WE STILL HAVE (SOME) STOCK get your business ready to open on the 4th of July {{USERNAME}} can design bespoke sanitation units to… {{URL}},2020-06-29,business_&_entrepreneurs
66,I fancy {@Collin Morikawa@} to win The Open today. It’s a shame that {@Jordan Spieth@} dropped those shots on the last few holes yesterday. Would’ve been a great spectacle seeing the leading 3 all within a shot of each other going into the last 18 holes #TheOpen,2021-07-18,sports_&_gaming
3086,Dj Wayne McCarlde  just rated {{USERNAME}}  s beat called  HANDS DOWN  >>> {{URL}},2020-04-05,pop_culture
2649,Liquid stranger reminding us how he killed us {@Lost Lands Festival@},2020-04-19,pop_culture
718,"Barnoldswick Barons are looking for coaches for two of our current teams, a girls U9’s and a mixed U11. Both teams are full, they have new kit sponsors, kits ordered, new equipment and all of the children have bundles of energy and are a joy to coach. {{USERNAME}} ",2021-08-15,sports_&_gaming
1898,"I want to listen to the new Kid Cudi and the new Jack Harlow... but {@Chance The Rapper@} just put #MCLM up on Spotify so even though I’ve listed to it so many times, it’s still number one on the queue ",2020-12-11,pop_culture
1923,"Coming up on The Crossover {{USERNAME}} 97.3FM {@1440 101 9 WNFL@} Green Bay We finish our Bracket in {{USERNAME}} Pie in the Sky Oven Contest, he almost shot a 58, plus 1st Quarter NFL Awards and a shot at $1000 {@Dario Melendez@} {{USERNAME}} {{URL}} ",2020-10-08,sports_&_gaming
140,"Exciting day for England fans  Ahead of the match I want to celebrate Frank Soo, the first non-white footballer to represent England.  An ex Luton player of mixed Chinese & English heritage whose achievements have long been overlooked {@The FA@} {{USERNAME}} {{URL}} ",2021-06-13,sports_&_gaming
1097,I had SO much HOPE for you {@Deji@} and I have to say that I am EXTREMELY happy with the fact that you pushed yourself to get in the ring for a second time against someone.   Much love! Can t wait to support you further content,2021-06-13,sports_&_gaming
1029,"New Music: {@Lotic@} will release her new album Water on October 29 via Houndstooth. The lead single from the record ‘Come Unto Me’ is streaming online, with a video directed... {{URL}} ",2021-08-19,pop_culture
1082,Adarsh your performance in the #TheWhiteTiger  was brilliant I can t wait to see what next projects  you do all the best and congratulations to the entire team of #TheWhiteTigerNetflix {@PRIYANKA@} {{USERNAME}},2021-04-11,pop_culture
2161,". If he keeps it up,#Richardson is going to lose this game for the {@Cleveland Browns@} . 3 penalties in last 5 mins of play.",2019-09-08,sports_&_gaming
2347,Video Is Up And Is Epic {{URL}} {@DUE PROCESS@} I m so sorry sandwich,2021-05-30,pop_culture
3135,Calm down British media! I know Fury fought well but let s be honest Wilder was way off his best. He s not ok and I actually think he s downplaying how bad his leg is. The Bronze bomber is a true sportsman & I m sure he ll reclaim his title {@ESPN@} {@Boxing on BT Sport@} {@Sky Sports News@},2020-02-23,sports_&_gaming
583,Skip the line. Purchase your {{USERNAME}} ticket for Friday’s Senior Night game here. {{URL}} $8.10 for adults and $6 for senior citizens. You will enter through the pass gate if you do purchase online. {{USERNAME}} {{USERNAME}} {{USERNAME}},2019-10-31,sports_&_gaming
3111,Watching the fall of the Berlin Wall:  I downed almost an entire bottle of schnapps  {{URL}} - Do you remember where you were or what you did when the wall came down 30 years ago? {@The Guardian@} #Germany,2019-11-10,daily_life
2666,"Judge, Gallo slug to knot set with White Sox Sent with the {@MLB@} app {{URL}} ",2021-08-15,sports_&_gaming
2622,Haaaaaaaapy Birrrrrrrthday to you {{USERNAME}} I love you so much Hope you enjoy it.,2020-02-17,daily_life
2204,I don’t care what anyone says ... {@Mike Tyson@} still got it ... I was so happy to see him in the ring again ... #IronMike,2020-11-29,sports_&_gaming
1119,The latest The School Apps Daily! {{URL}} Thanks to {@Fiona Millar@} {{USERNAME}},2020-05-24,daily_life
1628,Turned on the TV yesterday and was surprised to see {@Ottawa Senators@} vs. Bruins from the 2017 playoffs. Launched the kids into a Go Sens Go chant. My six-year-old daughter started jumping up and down: “Oh I haven’t said that in SO long!” Proud moment over here.,2020-11-22,sports_&_gaming
102,Recently on {{USERNAME}} : We took a look at the Hori SD Station for the Nintendo Famicom {{URL}} We looked at the latest firmware update for the beta of the Satiator SD solution for the Sega Saturn {{URL}},2020-02-02,sports_&_gaming
3004,#1 Inspirational Station On The Internet YRM (Your Righteous Mind) by {@Donald Lawrence@} Listen online at {{URL}},2020-02-16,pop_culture
2571,". {@Rochelle Walensky MD MPH@} {@President Biden@} - I’m questioning the CDC director’s leadership. The new mask guidance is confusing & discriminates against the disabled & children. And to go from “impending doom” to this in 45 days? I’m on your team, Joe, but I have doubts about Walensky. #COVID19",2021-05-16,science_&_technology
3105,"Everyday is Easter when your a {@Taylor Swift@} stan, we spend our lives hunting Easter eggs #Easter #EasterEggHunt",2021-04-04,pop_culture
3096,Anybody else still listen to the cookout by {@Chevy Woods@} like 10 years later ? Just me ?,2020-10-10,pop_culture
278,IM MAD ASF I KANT ‍♂️PERFORM UP AT ROLLING LOUD {{USERNAME}},2019-12-15,pop_culture
2712,Current updated run on the {{USERNAME}} Kokrak 45/1 win (CSC) Armitage 66/1 win (PEO) Higgo 50/1 (Palmetto)  Guido 225/1 place (US Open) Harman 30/1 place (Trav) Power 80/1 place (RMC) Lebioda 50/1 place (JDC) Scheffler 45/1 place (The Open) Macintyre 55/1 place (The Open),2021-07-18,sports_&_gaming
185,"I got the second {@Moderna@} vaccine on Thursday {@Yale New Haven Hosp@} , and I was sore and had chills for 24 hours. I know that many people are distrustful of the vaccine, and I was nervous too. I found these FDA reports to be very reassuring, and I was comfortable after reviewing the data.",2021-01-30,science_&_technology
2903,Pre-save our new single  Right In A Moment  on Spotify: {{URL}} (powered by {@DistroKid@} ) #Right #In #A #Moment #McDanielBrothers,2020-11-22,pop_culture
2414,Drinking a Day of the Dead by {{USERNAME}} @ Untappd at Home — {{URL}},2020-11-02,pop_culture
1193,I voted #TheBrainEvilGenius on {@The Tylt@} —because he s been practicing how to take over the world for a while now. {{URL}},2019-10-20,pop_culture
1887,"finished watching {{USERNAME}} vlog, {{USERNAME}} wig install for the second time and {{USERNAME}} posted a vlog thank y’all for getting me through the day ",2021-01-27,pop_culture
3022,Sad that I couldn’t make it to {@Michelle Creber@} ’s stream today. Work and injury got in the way sadly Dx :c But I hope everyone had a wonderful time at her stream c:,2020-04-12,pop_culture
724,I have a hunch (and some circumstantial evidence) that {@NFL Officiating@} was allegedly attempting to sway the #TitansvsBrowns game yesterday. The NFL is entering some sketchy territory. I’ve got my  on you. More to come.,2019-09-09,sports_&_gaming
2962,Congratulations {@Islamabad United@}   What a nail biting finish it was..  Kudos to both teams    #LQvIU #IUvsLQ #PSLV2020,2020-02-23,sports_&_gaming
19,Looks like {@Adam Miller@} & the #3News crew have been busy . . . Congratulations to the entire {@WKYC 3News@} team! {{URL}},2019-09-25,pop_culture
1150,"Excellent fight with {@LOMA@} and Teofimo Lopez. Loma started a little too slow but dominated the second half of the fight, losing the first 6 was pivotal though. Lopez secured the win in the final round imo, if Loma won that to me it was a draw.",2020-10-18,sports_&_gaming
468,"Mad respect to BOTH Fighters, wished that {@Deji@} didn’t go all in on the 1st round, but it’s always a different story when you’re actually in the ring itself. Deji came in for the kill on sight, {@Vinnie@} held his own and saw his moment. Wonderful sportsmanship in the end. ",2021-06-13,sports_&_gaming
3075,IDK when {{USERNAME}} came up with the Axis concept. But {@Planet Coaster@} players have been doing that since we got the swinging mine train coaster back in 2017.  Did Planet Coaster players inspire the Axis coaster?,2020-07-19,sports_&_gaming
54,"The Cowboys have Mike McCarthy, the Texans need a new coach now, {@Lincoln Riley@} ? I hope at least, #Texans #FireBillOBrien #BoBSucks",2020-01-14,sports_&_gaming
1213,. {@NIC@} Ministry of Company affairs sends OTP for email verification and has validity of 10 minutes. And in those 10 minutes mail never reaches the {{URL}} inbox. I am just fed up of trying. What to do don’t understand?,2019-09-30,science_&_technology
1529,[News] Epica release a new music video and set challenge to adopt six grey wolves from WWF {@Nuclear Blast Store@} {@NUCLEAR BLAST@} {@Nuclear Blast Records@} {@Epica@} {{URL}},2020-11-29,pop_culture
3167,The Act of 1871 - The 2 Constitutions - Corporate America {{URL}} via {@YouTube@} cc {{USERNAME}} {{USERNAME}},2020-12-13,business_&_entrepreneurs
1088,Yo skip {@Skip Bayless@} stop talking man talk about the cowboys or tump you trynna jinx the lakers {@LeBron James@} won’t let it happen tell himmm {@shannon sharpe@},2020-09-19,sports_&_gaming
3137,Earning #cryptocurrency for selling my stuff on {@Listia@} ! Join me using code  BJSRMP  for an extra 100 XNK. I just listed this: 5 white 4 O’CLOCK seeds {{URL}},2020-03-01,business_&_entrepreneurs
2537,Tyson Fury is the heavyweight champion after blitzing Deontay Wilder {{URL}} via {@MailOnline Sport@},2020-02-23,sports_&_gaming
2109,I hope everyone knows {{USERNAME}} is the only thing keeping me from getting a cat rn,2020-04-12,daily_life
1537,"Check out Phone case product by ut makers! Available for the next 1 day via {{USERNAME}} {{URL}} Please suport me this is my first step in to the online business so please suport me make an order of my products from this site,thank you every one ",2020-08-23,business_&_entrepreneurs
2093,The bounce went {{USERNAME}}  s way.  Trae Klatt s tip-drill TD catch late in the 4th helped the Raiders beat CPU in the Class 2A first round. #iahsfb {{URL}},2020-10-17,sports_&_gaming
1137,"Why is the internet dropping out every few min in Dayton, OH.? {@Ask Spectrum@} #spectrumoutage",2020-02-16,science_&_technology
2226,"So far the only survivors are the wicket-keepers from both teams, probably both read the pitch very closely. #INDvENG {@Star Sports@} #AskTheExpert",2021-02-14,sports_&_gaming
750,"A quick update from Rob Andringa and a sampling of the support the former {@Wisconsin Hockey@} player has received from teammates, friends and the hockey community (and beyond): {{URL}} ",2020-05-03,sports_&_gaming
1791,"Happy Fathers’ Day to {{USERNAME}} Every day is an adventure and I am so thankful for your love, care, concern and silliness with and for our girls! {{URL}} ",2021-06-20,daily_life
1126,PERMISSION TO DANCE 100M  #PermissionToDance100M  #Permissiontodance  #BTS #방탄소년단 {@BTS_twt@} STREAMING {{URL}},2021-07-11,pop_culture
82,. {{USERNAME}} I refuse to see Muse in America. I must see them in Japan. This is...the greatest thing I ve ever seen. {{URL}},2021-04-11,pop_culture
122,Slapper alert. CupcakKe - Crazy Story Remix (Official Music Video) {{URL}} via {@YouTube@} {@Marilyn MonHOE@},2019-09-22,pop_culture
3138,Congratulations to {@A ja Wilson@} and {@dawnstaley@} on winning the gold medal over Japan 90-75!#Gold #TeamUSA #ForeverToThee,2021-08-08,sports_&_gaming
2378,"Hope all the farm women out there have had a good International Women s Day. I m thinking it should be like Nollaig na mBan - lots of tea, cake, wine or gin. I like how {{USERNAME}} has highlighted many farm women today too  #IWD2020",2020-03-08,daily_life
3054,The latest The Dead Zone Detector™! {{URL}} Thanks to {{USERNAME}} {{USERNAME}} #technology #agile,2020-11-03,science_&_technology
2168,Watermelon Sugar sounds even better live. So good {@Harry Styles@} .  #HarryOnSNL,2019-11-17,pop_culture
2983,Check out 2019 Donruss TAYSOM HILL Gold Press Proof 01/50 First One 1/1 SAINTS  {{URL}} {{USERNAME}},2021-01-03,sports_&_gaming
1753,"Jackson Wang - 100 Ways (Official Music Video) {{URL}} 30,610,989 {@Jackson Wang@} #JacksonWang {@GOT7@} #GOT7",2020-06-28,pop_culture
1568,So glad I hammered the titans to win tonight. BIG W for my bank account thanks to {@King Henry@} and the {@Tennessee Titans@},2020-01-12,sports_&_gaming
2786,I don’t celebrate thanksgiving but I just want to say how thankful I am for {@One Direction@} for being 5 amazing guys with 5 wonderful albums! I love and miss you guys  {@Liam@} {@zayn@} {@Louis Tomlinson@} {@Harry Styles@} {@Niall Horan@},2019-11-28,pop_culture
3116,"SHAMEFUL that Tom Flores has waited this long to be inducted into the {@NFL@} Hall of Fame. He had QUITE a history WAY before coaching and now he can barely enjoy his moment. WHY?? Again, SHAMEFUL. Such a disappointment and disgrace to the so called “standards” the NFL subscribes.",2021-08-08,sports_&_gaming
1372,#MapOfTheSoulOne_D1 #MapOfTheSoulOne_D2 this was the best concert I have ever been to ... I’ve never seen bts concert in person but this made me feel like I was part of that ARMY ocean. The performances were incredible. I will never forget this  {@BTS_twt@} {{USERNAME}},2020-10-11,pop_culture
3059,Eric Abidal will not continue as technical secretary of the club & the news is expected to be officially announced in few hours ⏳  [ {@Achraf Ben Ayad@} ],2020-08-18,sports_&_gaming
1765,wowsers. dude nails 58 yard fg. {@St Louis BattleHawks@} . {@New York Guardians@} not looking good here. #OnDuty,2020-02-23,sports_&_gaming
2823,"⚪ 1 John 4:8 If you tinker with water you get wet, if you tinker with God, you get loved! ⚪ When God raised Christ, it s not only the head that raised but the body as well! The church is the body of Christ! You are the body of Christ! (Eph 1:22-23)  ~ {{USERNAME}} #RECALIBRATE",2020-02-02,daily_life
689,"I think we can all agree that when the Astros lose, America wins. Congrats {@Tampa Bay Rays@} on heading to the #WorldSeries. Time to bring on the {@Los Angeles Dodgers@} ",2020-10-18,sports_&_gaming
1146,Congratulations {@Olivia Rodrigo@} on your song ‘Drivers License’ taking over my entire fyp,2021-01-11,pop_culture
1069,"New podcast with {@Bill Landis@} breaking down Ohio State’s playoff pursuit, more Michigan talk and, of course, a bunch of recruiting {{URL}} ",2020-12-14,sports_&_gaming
214,on {@YouTube@} : PAIN - Party In My Head (OFFICIAL MUSIC VIDEO) {{URL}},2021-06-27,pop_culture
2164,ended the decade with my favorite song  (OCEAN) by sevenlions and started the new year with a song jestin and I love (FIRST TIME) it’s going to be a great year {@Seven Lions@} ❤️✨,2020-01-01,pop_culture
2445,The {@Development Academy@} should consider allowing one overage player per team per game. Just an idea I had coaching my first {@Development Academy@} games today with {{USERNAME}},2019-09-08,sports_&_gaming
1951,"Lights Up and Watermelon Sugar get down and go hard, but i need a song on Fine Line to go HARD. LIKE CAN’T STOP DANCING FORGET WHERE I AM HARD. LIKE KIWI BUT EVEN HARDER {@Harry Styles@} will there be one? FRFR ASF TWINZZZZZ",2019-11-17,pop_culture
38," Our demands are clear: financial institutions must stop funding climate destruction. Why is this so important? $4.6 billion in bank loans to Enbridge, the company behind the Line 3 and Line 5 tar sands pipelines...  {{USERNAME}} {{URL}} ",2021-07-20,business_&_entrepreneurs
2639,"Please help us, Expat Properties of Bangalore {{USERNAME}} #Scam #Fraud have cheated thousands of investors total worth crores. #BigExpatScam. I have invested 7.25 lakhs in 2013 and no reply from Expat. I registered my grievance online with docket no: 2230713. Help {@Ravi Shankar Prasad@} ",2020-09-20,business_&_entrepreneurs
1929,"I’m starting to accept the fact that there’s no way we sign Lonzo Ball, and Evan Fournier is going to get a massive deal elsewhere. My attention is now on Lauri Markkanen - he would be the perfect stretch 4 for this team. {@Boston Celtics@} {@Dan Greenberg@} - thoughts?",2021-08-01,sports_&_gaming
2738,Manchester is RED  Beautiful for all fans. #GGMU #MCIMUN #MUFC #ManchesterDerby {@Luke Shaw@} {@Dean Henderson@} {@Rio Ferdinand@} {@Bruno Fernandes@} {@Anthony Martial@} {@Harry Maguire@} {@Scott Mctominay@},2021-03-07,sports_&_gaming
1322,#MexicoWillPay #BackTheBlue #LawAndOrder #TrumpUniversity #MakeAmericaGreatAgain It s all A Yuge Con Job and TrumpSupporters #MAGAts are #SuckersAndLosers His Business is Breaking Promises and Making Suckers pay the bills. {{USERNAME}} {@Malcolm Nance@} {{URL}},2020-10-20,business_&_entrepreneurs
1076,Ight {@FanDuel@} I been trying to place a wager now since at least 15 mins before the start of the game and couldn’t. What’s going on. {@FD Customer Support@},2020-01-05,sports_&_gaming
796,DJ Cheyanne Blues n up your #Sunday  Chained To The Blues #CommercialFree  {{URL}} Coming Up!  #EricStarczan #JenniferJordan #IanSegal I Wanna Lay Down {{USERNAME}} Corner Strut {{USERNAME}} My Sexy Guitar {{USERNAME}} #ChrisFillmoreBand Well well Well,2021-05-23,pop_culture
1625,The {@Buffalo Bills@} wins even with the refs against us. That shows you how good this team really is.,2019-10-06,sports_&_gaming
2961,I’m still happy af the browns won now {@Dallas Cowboys@} let’s get this W,2019-11-17,sports_&_gaming
2736,#HappyValentinesDay!  I’ve got so much for you. {@Justin Bieber@} tickets at 10:20 and 11:25am. And tickets to see The Masked Singer live at 10:40am. {@103 5 KISS FM@},2020-02-14,pop_culture
339,"Sana may mabuting loob na nagccompile ng mga ganapSSs ng boys , because the busy tita can t keep up! i missed them! {@SB19 Official@} #StarFMExclusiveWithSB19  #AHJustin #100AsianHeartthrobs2021",2021-05-30,pop_culture
1528,Caught On Camera: DeAndre Hopkins Flipping Off Trump Supporters {{URL}} via {@YouTube@} facts!,2020-10-27,pop_culture
315,"Dutch “media outlet” {@AD nl@} says that Naya Rivera jumped in the water and never came up. Ehm, she was in the water with her son who she pushed on the boat and drowned afterwards (likely because she was out of energy). Get your facts straight. This outlet has it facts wrong AGAIN.",2020-07-15,pop_culture
2119,Happy St Patrick s day photo greeting card for all real IRISH :   St. Patrick s Day Photo Invitation Template Saint Patrick s Day Celebration Flyer Instant Download Fully Editable Patty Party Printable {{URL}} via {@Etsy@},2020-03-08,arts_&_culture
159,"So the {@Buffalo Bills@} lost to the Chiefs but like, it s not like it was a blowout. Definitely improved on not making as many mental penalties until the end of the game. Missed a field goal at 50+ yards. We will be 4-2. Y all acting like the Bills are going to lose every single",2020-10-19,sports_&_gaming
293,Lucas the Spider and His Friend the Fly Try to Understand Why Red Leaves Are Falling Off of Trees {{URL}} via {@Laughing Squid@},2019-10-06,pop_culture
318,Prince - Sign O  The Times (Official Music Video) {{URL}} via {@YouTube@} #RMC,2021-01-17,pop_culture
1676,Fun to watch {@Lee Kiefer@} dominate in the semis. Good luck in the gold medal match! #Tokyo2020 {@Notre Dame Fencing@},2021-07-25,sports_&_gaming
717,Pharrell Williams - Happy (Official Music Video) {{URL}} via {@YouTube@},2020-06-29,pop_culture
2675,Move {@Timmy Hill@} to second with a big move past {@William Byron@} on the inside!  #eNASCAR | #ProInvitationalSeries,2020-04-19,sports_&_gaming
3179,Why so many earthquakes are rocking Puerto Rico {{URL}} via {@Nat Geo Science@},2020-01-12,science_&_technology
2756,UFC 251 Post-Fight Matchmaking: Rose Namajunas ( {{USERNAME}} ) vs Weili Zhang ( {{USERNAME}} ),2020-07-12,sports_&_gaming
190,"#make it happen {@Chelsea FC@} ,bring the boy Home ",2021-07-18,sports_&_gaming
598,Manchester City 2 - Real Madrid 1 - Champions League CC {{USERNAME}} {{URL}},2020-08-09,sports_&_gaming
978,"#ATINSuggest  Listening party for GITZ album led by the boys of SB19.  Tweeted about this countless times before. Better if this was done within the first week, but I think it will also help now to hopefully bring back the hype.  [1/3] {@SB19 Official@} #SSB9 {{URL}} ",2020-08-16,pop_culture
1728,Please tell me that the two women who are speaking on {@MSNBC@} right now have both tested negative for coronavirus. They re sitting shoulder to shoulder - yikes.,2020-03-29,pop_culture
2994,"Watch “11am  Easter Service April 4,, 2021” by {{USERNAME}} on #Vimeo {{URL}} ",2021-04-04,pop_culture
2291,"Halfway into the ride and remarkably I m now slightly up on schedule ‍♂️  I m doing a 30 mile circuit. Really enjoying the tailwind out but it s quite a headwind on the way back   Never mind, only 4 laps to go   #Training for the #3DaysNC500 in support of {{USERNAME}} ",2020-08-16,sports_&_gaming
2111,Watching the Super Bowl in the hopes of winning the #MahomesZoneSweepstakes {@adidas@} because I need that gift card for {@IVY PARK@},2021-02-07,sports_&_gaming
2442,"Drew Brees Officially Retires from NFL, Kids Help with Announcement {{URL}} via {@TMZ@} ",2021-03-14,sports_&_gaming
1661,seriously been tagging the wrong person    Colorado clouds messing with me ‍♀️‍♀️ @michael_saylor please please please do an interview with {{USERNAME}} all George s want to see this interview we know it will be extremely insightful and give us hodlers a little extra Hope,2021-07-18,sports_&_gaming
1733,"I just want to know the reason behind selin s audacity and self confidence .. She knows that engin , aydan .. Will tell him the truth so how she can stop them ?! It seems that she has a big plans .. Watch and see  cumartesi 20:00 Fox #EdSer #SenÇalKapımı #cumartesi {{USERNAME}} ",2021-01-27,pop_culture
3127,"Very sad to hear the bad news about Donal O Donoghue dying of Covid on 3rd Jan 2021. He was a good egg, and we shall all miss him. {{USERNAME}} ",2021-01-04,pop_culture
2367,"Miramar 2022 WR Marvin Simms {{USERNAME}} transfers to Champagnat Catholic {{USERNAME}} . Simms (6’ 170) makes the move to the 2A State Champs & adds to one of the most loaded WR cores in Florida. In ‘20 he was a do-it-all player for Miramar, accounting for 375 YD & 7 TD in 5 games",2021-03-14,sports_&_gaming
2202,Take notes {@Tampa Bay Buccaneers@} on what a good running game can do for you! Sign or draft a #1 RB this offseason. Congrats to {@Derrick Henry@} and all of the titans fans for making it this far!,2020-01-12,sports_&_gaming
1841,A Bestselling Sci-Fi Author Reviews  The Mandalorian  {{URL}} via {@YouTube@} . . . (WARNING: Plot Spoiler Alert!),2019-11-17,pop_culture
811,"Permission to Dance  99,757,114  I vote for #BTS #Butter and #ARMY at the #KCAMexico  2021 {@BTS_twt@} ",2021-07-11,pop_culture
2333,"#NowPlaying ♫ #Np FIND YOUR MBC VOICE AD - FIND YOUR MBC VOICE AD  ♫ at {{URL}} Listen LIVE {{URL}} {{URL}} Wake Up To {@Notorious VOG@} In The Morning #NITM☕ M-F 6:30-11a, {{USERNAME}} Urban Talk, News, Laughs & More!",2019-12-29,pop_culture
534," Didn t We Almost Have It All  is the second single from Whitney Houston s second album Whitney. The song was written by Michael Masser and Will Jennings and produced by Masser. The song was released on August 13, 1987 by Arista Records. {{USERNAME}} {{URL}} ",2021-01-28,pop_culture
2625,Leader Trophy 1st round 1st leg: {{USERNAME}} vs {{USERNAME}} Res,2019-09-15,sports_&_gaming
479,Destiny s Child - Jumpin’ Jumpin’ (Official Music Video) {{URL}} via {@YouTube@} this song takes me right back to high school,2020-11-29,pop_culture
2166,Streaming a new game #minionmasters come stop by and join me!! {{USERNAME}} {{USERNAME}} #FearThePack #supportsmallstreamers #SmallStreamersConnect #smallstreamer #twitchaffiliate #twitch #twitchprime #subtember,2019-09-08,sports_&_gaming
1885,I wonder what songs GOT7 will perform at the award shows!! ♥️ Probably Eclipse + a song from the new album? (The title one?) {@GOT7@} #GOT7 #MAMAVOTE #JB #Mark #Jackson #jinyoung #youngjae #bambam #Yugyoem,2019-10-29,pop_culture
2567,"Manchester is RED, blue just for film {{USERNAME}} {{USERNAME}} ",2020-03-08,sports_&_gaming
974,"#BREAKING - TASMANIA WILL HOST 2 {@AFL@} FINALS NEXT WEEKEND!    ELIMINATION FINAL: {@Sydney Swans@} v {@GWS GIANTS@} : UTAS Stadium on Saturday, 28 August at 3:20pm.  ELIMINATION FINAL: {@Western Bulldogs@} v {@Essendon FC@} : UTAS Stadium on Sunday, 29 August at 3:20pm.  History!",2021-08-22,sports_&_gaming
2871,Miles in the bank with 1.5 mi each 4  Oscar & Yr 5 Charlie with a run/walk in the park inc the mystery trail  4.25 mi in the parents total 4 p1 run/walk plus 1 mi 4 p2 walking {{URL}} #sacpsk100 #sacpsk234 {{USERNAME}} {{USERNAME}},2020-05-24,sports_&_gaming
1295,"So, we have this empty vase with lights in it on our dining table. I accidentally tapped it with my knife and it made a ‘ding’ noise. My sister’s reaction was to say “dinner is served!” But you can tell I watch too much {{USERNAME}} because I said “top of morning!” ‍♀️",2020-05-10,daily_life
726,Another amazing streaming weekend comes to an end. Thank you to everyone who came by for Community Game Night! I hope you all had a great time! Huge shoutout to {{USERNAME}} for the raid! See you all next weekend!,2020-07-27,sports_&_gaming
1540,New music video with {@Laycon@} out  everywhere. Go run it up guys! #HipHopVideo,2020-11-25,pop_culture
1421,The only reason anyone should like the Titans at this point JA {{USERNAME}} - the guy is a real class act.,2020-01-12,sports_&_gaming
2470,"9:07 3Q | #Baylor 31, #Kansas 7  John Lovett off tackle from 7 and the Bears are rolling #Big12FB {{USERNAME}} {{USERNAME}} ",2020-09-27,sports_&_gaming
1358,A Special Place In Hell by Reid Henry {{URL}} #NowPlaying   Check out this AMAZING new release by {@Reid Henry@} !! Go give him the support he deserves! <3,2021-04-18,pop_culture
2253,#ShiningTheSpotlight  It’s the guys at {{USERNAME}} . It’s their first time at {{USERNAME}} ’s #SMMW20 and they have a booth where they will show you the latest stats and the all important Twitter leader board.   Will I retain pole position?  {{URL}},2020-03-01,business_&_entrepreneurs
3155,"The Lakers spoil the Suns  late comeback attempt, 117-107 {{URL}} via {@WordPress com@} ",2020-01-02,sports_&_gaming
2760,Picked up this deck of cards from {{USERNAME}} amazing! And check out the King of Diamonds!,2019-12-01,sports_&_gaming
2307,{{URL}} | Navarro: Bulldogs want to return to JUCO World Series. {{USERNAME}} {{USERNAME}},2020-02-09,sports_&_gaming
2862,Thomas Tuchel:   It will not change too much no matter what the result was [against Man City]. But surely it is not a disadvantage to us to have this experience in such a short time to have the possibility to beat them twice.   [via {@Nizaar Kinsella@} ],2021-05-09,sports_&_gaming
2277,Coldplay won t tour its new album until the band s concerts can be environmentally  beneficial  - Music News - ABC News {{URL}} via {{USERNAME}},2019-11-24,pop_culture
1008,Remember that time {@Caroline Kitchener@} and I tried to bake a gingerbread house and didn’t turn on the oven...,2019-11-10,daily_life
2768,I just heard a kid say  I HAVE THE POWER  while wrestling his brother in the parking lot and I blame {@KevinSmith@},2021-08-01,daily_life
1228,I feel so sorry to hear about your sickness and how I cannot visit you! Sending you lots of love and blissful wishes for you to recover as soon as possible! I want to see you active and joyful like you always are.Get well soon {@dilipkpandey@} {@AAP Mumbai@} {@AAP@} {@Swara Bhasker@},2021-04-25,daily_life
408,"Never mind, its #GTFC vs {@Cleethorpes Town FC@} next weekend.  Back to football that matters!",2021-07-11,sports_&_gaming
434,Stephanie Van Hook: Beyond Coping -- How to Find the Strength to Take on Climate Change {{URL}} via {{USERNAME}},2019-09-24,science_&_technology
2116,Selena Gomez - Lose You To Love Me (Official Music Video) {{URL}} via {@YouTube@} {@iJustine@} {@Jenna Ezarik@},2020-03-01,pop_culture
219,Gens fall 5-1 to the Storm tonight. {{USERNAME}} win the goal for the Gens. Back at it Thursday on the road against the Cougars.,2020-01-12,sports_&_gaming
383,The Chiefs have announced that if they win they will let {@Elizabeth Warren@} be the head chief for the parade.,2020-02-02,sports_&_gaming
2777,The only way James harden is gonna win a ring is to join {@Julio Jones@} at {@Tennessee Titans@}  or {@Tom Brady@} in {@Tampa Bay Buccaneers@},2021-06-20,sports_&_gaming
272,"The {@Celeste boo@} devs truly outdid themselves with Chapter 9, and I do not regret a single second playing it. What an amazing experience the whole game was, even.",2019-09-09,sports_&_gaming
88,SI Sooners: Former OU golfer Abraham Ancer falls to 2nd at The Masters going into Sunday’s final round  #Sooners {{URL}} via {{USERNAME}},2020-11-15,sports_&_gaming
1936,"Happy Resurrection Sunday/Easter  from all of us {{USERNAME}} , may the resurrection power that raised Christ from the dead also resurrect every good thing that s dead in our lives and may it kill this deadly… {{URL}} ",2020-04-12,daily_life
2780,Pretty sure {@Darren Bent@} called 3-1 Arsenal and {@Andy Goldstein MBE@} ridiculed him for it. Apology {@Andy Goldstein MBE@} ?,2021-02-28,sports_&_gaming
813,"Lavonte David says Tom Brady told a teammate to stop crying about reaching the Super Bowl {{URL}} via {@Yahoo@} #1 so, i think brady will have a great game and it might come down to the last drive-tied and KC would score to win by 4-capturing the point spread and #2",2021-02-07,sports_&_gaming
2970,NHS Diary:  Patient s family asks me not to tell him his twin died  {{URL}} via {@Daily Mail Online@} You must read this......     You will definitely listen to the government  STAY IN SAFE DISTANCE  Keep your kids/grandkids   SAFE,2020-04-26,daily_life
866,The Code Switching song from Big Mouth season 4! Brilliant! {{USERNAME}},2020-12-06,pop_culture
1999,{{USERNAME}} Steven i hope to catch a Fury game after.the College Baseball fall.season ends. I enjoyed watching you play last season and grandson Nate heaps much praise upon you.,2019-09-08,sports_&_gaming
2946,I just went to order {@Starbucks Coffee@} And the app automatically put me in a different location  And I can’t cancel the order.  So I hope someone enjoys my order.,2020-07-12,daily_life
268,So {{USERNAME}} put my little sister on Trina and she been using my speaker since hers is busted and......,2020-05-10,daily_life
1774,"Fell asleep listening to an episode of {@No Such Thing As A Fish@} and ended up having a weird nightmare where I was Anna s intern (I m 39) à la Devil Wears Prada, and {@James Harkin@} kept popping up with a trolley of homemade food with a napkin tucked under his chin.",2021-08-22,pop_culture
481,Kudos to the music crew on {@NBC Entertainment@} {{USERNAME}} with some {@Drivin N Cryin@} #aintitstrange,2021-01-10,pop_culture
1567,“What happens in Vegas stays in Vegas” ... my new music video is dropping  tomorrow (6/29/20) at noon. Video is shot/directed by : {{USERNAME}} #lasvegas #sincity #jakeandguneproductions #IMAXonthebeat #Youtube… {{URL}},2020-06-28,pop_culture
561,Fearless (Taylor s Version)  Is Here & We ll Be Listening to Taylor Swift Music All Weekend {{URL}} via {@Just Jared Jr@},2021-04-11,pop_culture
2801,The reserve team man of the match sponsored by {@Domino s Pizza UK@} Gorseinon is {{USERNAME}} Kai was superb in the 4.1 win {{USERNAME}} getting on the score sheet with a great goal. Well done Kai #UppaVillage #OneClub {{URL}},2021-06-13,sports_&_gaming
205,I love having rich friends who don’t even realize they’re paying for certain streaming subscriptions so I can slide on there and watch. Now watching Judas and the Black Messiah. Thanks {{USERNAME}},2021-02-14,pop_culture
1682,Implementing Dark Mode in iOS 13 {{URL}} via {{USERNAME}} #ux,2019-09-25,science_&_technology
2561,The last Friday of the Decade!! Thanks to {{USERNAME}}  s Matty Cole for the music and to vaughnderfulvideo videography! Don t miss your last chance to ride the Pirtae Ship before the end of the decade. Only a few… {{URL}},2019-12-29,pop_culture
1516,"Brothers and sisters, friends and family, Eid Mubarak to you all. From the bottom of my heart, I pray that the Almighty makes our lives beautiful and our struggles meaningful Eid Mubarak  {{USERNAME}} {{USERNAME}} #ElimikaWikiendi",2020-05-24,daily_life
2174,"I d like to request #ON by  BTS feat. {{USERNAME}} . {@Most Requested Live@} #MostRequestedLive, let s keep up the requesting together  ARMY!     #iHeartAwards #BestFanArmy   #BTSARMY {@BTS_twt@} ",2020-03-01,pop_culture
1428," | It s half-term for Manchester United, so how would we grade the Red Devils over the first half of the season?  My latest piece for {@VAVEL@} grades #MUFC as the second half of the campaign is set to kick off... {{URL}} ",2021-01-26,sports_&_gaming
1382,"Ha! Power just went out for the {@Los Angeles Angels@} @ {@Los Angeles Dodgers@} game. Yesterday, it was the fire alarm.",2020-09-27,sports_&_gaming
2750,I’ll be interviewing {{USERNAME}} tomorrow at 12:30 EST / 18:30 SAST. We’ll be talking about his “96° in the shade” collection   Come join us! {{URL}},2021-08-22,pop_culture
347,Simsboro victorious by 3 over Anacoco in the Class B championship game. Congrats to Coach Josh Brown and his squad on the state title. The entire team and staff are commended on a job well done. Awesome for the community. State champs! {{USERNAME}},2021-03-13,sports_&_gaming
2326,"#delhihighcourt  J. Hari Shankar: Can t make the head and tail of what the matter is, the matter runs into 277 pages. Synopsis is insufficient.   Order: petitioner to put on record a synopsis of not more than 5 pages. {@Bar Bench@} ",2021-07-19,daily_life
1145,"“It’s going to go down as one of the greatest Astros moments in our history,” {@Houston Astros@} president of baseball ops {@Jeff Luhnow@} said of {@Jose Altuve@} ’s walk-off 2-run home run in Game 6 of the #ALCS to send the Astros to the World Series.",2019-10-20,sports_&_gaming
658,Patch.United States Air Force.For Denim.Jean.Jacket.BackPack.Great Quality.Vintage Style.Retro.60s.Vivid Colors.Fully Embroidered. {{URL}} via {@Etsy@},2020-01-12,arts_&_culture
590,"Cowboys vs. Giants LIVE Week 17 watch party, presented by {@MANSCAPEDTM@} A win keeps the Cowboys  playoff chances alive until at least Sunday Night Football  Come join us on {{USERNAME}}   Dallas Cowboys Report: {{URL}} ",2021-01-03,sports_&_gaming
2990,Leonard Fournette carves up the Chiefs D to make it 28-9 #EDFsports {{USERNAME}} {{USERNAME}} {{USERNAME}} {{USERNAME}} {{USERNAME}},2021-02-08,sports_&_gaming
1647,Rocketman is finally on Sky.  An hour in {{USERNAME}}  s comment was bang on - I can see why he is so f**ked up now.  Highly recommended.,2020-03-27,pop_culture
1953,"The 2010s weren t always kind to the Steelers. Here s a look at the best and worst moments of the decade, via {@Ed Bouchette@} and {@Mark Kaboly@} : {{URL}} ",2019-11-26,sports_&_gaming
1724,UFC 245 post-fight press conference video {{URL}} via {@MMAFighting com@},2019-12-15,sports_&_gaming
2929,"#NowPlaying  Luxury Tax  by Rick Ross, Lil Wayne, Jeezy, Trick Daddy on {@TIDAL@} {{URL}} ",2021-03-07,pop_culture
89,"“ {@Rochelle Walensky MD MPH@} has charged all of the offices and centers under the CDC to develop interventions & measurable health outcomes in the next year, addressing racism in their respective areas. & she s made clear that is a priority for the entire CDC.” #leader  {{URL}} ",2021-04-11,science_&_technology
2126,"Happy International Women s Day to all good women out there, especially my woman {{USERNAME}} An equal world is an enabled world. #IWD2020  #EachforEqual",2020-03-08,daily_life
644,So {{USERNAME}} bought a yellow and black teddy bear with chocolate... wow {{USERNAME}} {{USERNAME}} a young king has fallen,2021-02-14,daily_life
760,Birikwalira says that Vipers president is surrounded by treacherous people.  He adds that he will not miss the club despite bring there for five years.  He advised the club to always respect the long-serving players  Like - {{USERNAME}} {{URL}},2020-08-23,sports_&_gaming
1050,. {@SuperSport@} I think Timo Werner will be the matchwinner in Saturday s #UCLFinal. Who do you think will prove to be the MVP on the night? #SSWerner. The Blues will carry the day.,2021-05-29,sports_&_gaming
177,99/100 people made it into the top 100 for #FaZe5 I have been waiting so long and been anxiously refreshing {@FaZe Clan@} twitter. I have been grinding for 3+ years. Please help me reach my dream. Thanks and good luck to everyone. Hopefully I wake up to the news that I made it!,2020-10-25,sports_&_gaming
823,Turns out {@David Gray@} is releasing a delux edition of White Ladder on the same day I release my Albumn 14-2-20 His is 20 years old Mine is 20 years in the making & fair to say White Ladder was an inspiration I ve a fair idea who will sell more. Will I send you a copy {@David Gray@} ?,2019-10-05,pop_culture
1543,Lakers Advance To Western Conference Finals After Blowout Win In Game 5 {{URL}} {{USERNAME}} #ByTheNumbers,2020-09-13,sports_&_gaming
1234,‘Night Stalker : How Dianne Feinstein Jeopardized the Search for Serial Killer Richard Ramirez {{URL}} via {@Yahoo@} SAME WOMAN WHO CLAIMS NOT TO HAVE KNOWN SHE HAD A CHINESE SPY ON HER PAYROLL FOR 25 YEARS!,2021-01-17,pop_culture
2184,"Carbon nanotubes key to next-gen heat shields for hypersonic aircraft {{URL}}  ...temperature of 1,900 degrees centigrade...  !!!  Had a passing familiarity with  buckyballs  not  buckypaper . Had no idea about the heat resilience. {{USERNAME}} ",2019-11-17,science_&_technology
2832,Pretty sure {@Channing Tatum@} is the only person that can pull off cowboy boots with a bowler hat,2021-08-29,pop_culture
1117,Hawks take game 1 v WBC 17u at the 4th of July Riverhawks classic 2-1 behind strong pitching from {{USERNAME}} and {{USERNAME}} . The offense was paced by 2023 2b Drew Tucker’s 2-3 performance! {{USERNAME}} and Harris has RBI’s.,2020-07-03,sports_&_gaming
2232,Liverpool  could miss out on title if coronavirus cuts league short  {{URL}} via {@Daily Mail Online@},2020-03-01,sports_&_gaming
1520,Did you miss {{USERNAME}} on #cnbc Squawk Box? Click here for the full length interview! ( {{URL}} ),2020-04-19,pop_culture
2454,The reason why Mihrimah made me proud of her is to have chased Şah Sultan out of the palace and given her a worthy lesson⭐ {{USERNAME}},2021-02-21,arts_&_culture
2584,{{USERNAME}} can you please send me the link for bts concert. I ll be grateful . Thank you Borahae,2020-10-11,pop_culture
1855,Watch {@Rodney Howard Browne@}  s broadcast: The Gift of Faith - Part 2 - the Main Event at the River at Tampa Bay | Day 100 {{URL}},2020-09-13,sports_&_gaming
785,Prince Harry says people cannot ignore science about climate change... unless you are leading N E Lincolnshire Council? {{USERNAME}} {{USERNAME}} {{USERNAME}} {{USERNAME}} {{USERNAME}},2019-09-26,pop_culture
2,Ok so I just got home from the club and I realized the lgbtq community plays  a lot of {@yg@} but does that man really support us??!,2021-06-27,pop_culture
2271,LIVE PLAYING SOME STAR WARS BATTLEFRONT 2 THEN SOME VIGOR!! {{USERNAME}} {{URL}},2020-12-20,sports_&_gaming
2376,i was tagged by {{USERNAME}} height: 5 3 shoe size: 9.5 US  zodiac: ♋️  tattoos: 2  piercings: 1?  fav color: yellow and blue  fav food: sushi  favorite drink: vodka or rum   tag 4: {{USERNAME}} {{USERNAME}} {{USERNAME}} {{USERNAME}},2019-12-15,daily_life
108,#RealHeroArnab Arnabjiyou are the real hero of our nation all citizens are with you go ahead without fear we love you❤so much and we salute you heartly.@arnab5222 {{USERNAME}} #worriors4SSR #JusticeforSushantSingRajput,2020-08-09,pop_culture
2041,New album is ! But like who broke my baby’s heart tho!  #UnlessimwithYou {@Jackson Wang@},2019-10-29,pop_culture
2382,"Booze delivery from {{USERNAME}} , plus artisanal bespoke hand crafted hand sanitizer:  A DC Distillery Is Making Hand Cleaner to Give Away With Bottles of Booze {{URL}} ",2020-03-15,business_&_entrepreneurs
3139,"#ReformPoliceNG {@Nigeria Police Force@} not #EndSARS the entire {@Nigeria Police Force@} is the problem not only the SARS operatives,i remember sometime in 2017,it was the {@UEFA Champions League@} season,around 10.30-11.00pm,myself and two of my friends watched the game a street opposite my street,on our way back,",2020-10-10,sports_&_gaming
171,Anthony Joshua beats Andy Ruiz Jnr by unanimous points decision {{URL}} {@MailOnline Sport@},2019-12-08,sports_&_gaming
412,I hope {@shannon sharpe@} keeps it a G tomorrow with the lacksy daisy play of the Lakers ...letting Suns hang around,2020-01-02,sports_&_gaming
1836,Saturday s actions wraps up with the Ravens facing off against the Titans.  Check out our picks and predictions to help you with your bets on this game here!  #nfl #picks #predictions #divisional #ravens #titans #spreadhacker {{URL}} via {@WordPress com@},2020-01-11,sports_&_gaming
416,United Nations: Have a serious discussion of climate change on Earth. {@PA House Republicans@} : Set up new bureaucracy to repeal rules protecting the environment. Won t keep that majority for long with bad ideas like #HB1055. Get serious. #Plan4PA,2019-09-24,science_&_technology
1367,Holy Spirit Invades the White House as Worship Leaders Call Upon the Name of Jesus {{URL}} via {{USERNAME}},2020-03-01,arts_&_culture
1906,There is a time limit on how late I can do anything requiring left brain activity and I always go past it and make dumb mistakes. Today I accidently disconnected the {{USERNAME}} RSS feed from the main site. This is probably an easy fix. But it will have to wait till tomorrow.,2019-11-01,daily_life
1294,petition for twitter user {@Timothe Chalamet@} to post his apple music replay,2019-12-15,pop_culture
2231,I like the format. Love the prime time spot !!!! Think they should’ve put Biffles tires off his start car so it would have been a little more fair for the field. Came from last to the lead in 15 laps!!! But… can’t take it away from the local. {@Coby Fleener@} … he’s doin great #SRXracing,2021-06-13,sports_&_gaming
2806,"Bucks are looking like a G league team. {@NBA on TNT@} needs to stop calling Middleton one of the best players in the league, stop calling Bud a top coach. Take out Jrue Holiday, and this team is Giannis carrying a bunch of bums. Y all slobbered when Lebron was going at it solo",2021-06-06,sports_&_gaming
2480,Geoffrey Pyatt:  There is nothing more special than Greek Easter  {{URL}} via {{USERNAME}},2020-04-19,arts_&_culture
364," Win today, and we walk together forever.  -Fred Shero Flyers Coach 1974 Stanley Cup Cup Final. Probably one of the greatest quotes ever uttered. {{USERNAME}} {{USERNAME}} {{USERNAME}} {{USERNAME}} {{USERNAME}} {{USERNAME}} {{USERNAME}} {{USERNAME}} {@Spittin Chiclets@} ",2021-08-15,sports_&_gaming
2596,"Didn’t watch Harry Styles on #SNL this weekend? Don’t sweat it, {@Kate Halliwell@} has you covered with her ranking of everything the former One Direction member did as dual host and musical guest: {{URL}} ",2019-11-19,pop_culture
2554,SO FREAKING EXCITED!!!!!!!!!!  AUGUST 21   #BTSISCOMING {@BTS_twt@},2020-07-26,pop_culture
2915," Family is just a set of memories disputed, resolved or recalled between one group of people over a lifetime, isn t it?  {@lemn sissay OBE@} in his brilliant memoir  My name is why  on what you lose when you can t remember together. {{URL}} ",2019-11-10,daily_life
740,Successful second Halloween! Went to see Birds of Prey with the amazing {{USERNAME}} . Thank you alyssasbeautyspace for styling my hair to the best Khaleesi it can be.   I finally found the funkos I was looking for.… {{URL}},2020-02-15,pop_culture
73,Thiago Silva basically a done deal? As {{USERNAME}} picked up the narrator literally said  The captains last game for the club,2020-08-23,sports_&_gaming
2488,Crowded House - Don t Dream It s Over (Official Music Video) {{URL}} {@YouTube@} より,2021-01-17,pop_culture
2541,☑️ Recover from covid  ☑️ Win the Masters   Congrats {@Dustin Johnson@},2020-11-15,sports_&_gaming
1265,Check out American Trivia Family Edition Board Game #OUTSET {{URL}} via {{USERNAME}},2020-04-26,sports_&_gaming
2035,"Ooooh okay {@Fallout@} 76 yeah your game was completely void of humans and now they are all back. What s the reason, treasure you say?!   Wow really well thought out! If the content matches the premise then Jesus Christ! ‍♂️",2020-04-14,sports_&_gaming
312,I wonder what match of Wrestlemania night 2 {{USERNAME}} is looking forward to tonight ^^,2021-04-11,sports_&_gaming
1888,Encantadia (2006) plot can be a good book series like Game of Thrones and Harry Potter. Sayang sana naging books siya after the series para napreserve yung story. {@Suzette Doctolero@},2020-04-05,pop_culture
856,Pros and Cons - UFC 265: Lewis vs Gane Twitter analysis ( {@Anton Tabuena@} ) {{URL}},2021-08-08,sports_&_gaming
378,"Congratulations to Comeback Player of the Year Alex Smith, to the NFC East Champion Washington Football Team, and to {{USERNAME}} ",2020-12-13,sports_&_gaming
1949,Everyone go follo {{USERNAME}} Now or else DD will show up in your house when your asleep,2020-05-24,daily_life
1492,#LaySuperShow #LAYZHANG #LAY #lay_is_exo {@Lay Zhang@} ❤️❤️❤️❤️❤️ I love youuuu,2020-06-18,pop_culture
154,"I wasn t able to watch #PrettySavage performance yesterday but i saw a lot of tweets that they don t like the choreo. For me tho, I HONESTLY LOVE IT. THE CHOREOGRAPHY WAS SO FULL OF SASSINESS. It s  and PRETTY SAVAGE INDEED. {@BLACKPINKOFFICIAL@} ",2020-10-11,pop_culture
1216,Jed York: Give Frank Gore a Superbowl ring if the 49ers win the Superbowl. - Sign the Petition! {{URL}} via {@Change org@},2020-02-01,sports_&_gaming
772,Anthony Joshua V. Andy Ruiz Highlights. AJ DANCES around Andy Ruiz as he wins by decision! {{URL}} via {@YouTube@} @anthonyfjoshua {@AndyRuizjr@},2019-12-08,sports_&_gaming
2374,PARK JIHOON WITH BLUE HAIR !? +#(@*%-&# {@TREASURE@},2021-04-25,pop_culture
2773,YES!!!!!! Well done {@Lewis Hamilton@} #SPOTY2020 True inspiration!!! Have a good Christmas and New Year Lewis #TeamLH,2020-12-20,sports_&_gaming
2812,Unearthing this from 2014 when {@Laurent D Tardif@} was just drafted by the NFL.  5 things you didn’t know about: Laurent Duvernay-Tardif | {{URL}} {{URL}},2020-02-09,sports_&_gaming
2652,Communications Secretary Martin Andanar encouraged youth leaders to join the fight against the coronavirus disease (Covid-19) pandemic. {{URL}} #PolitikoNews {{USERNAME}} {{USERNAME}},2020-10-20,science_&_technology
930,Congratulations to our boys on getting into the NCAA tournament. Pulling for all of you! {{USERNAME}} {{USERNAME}} {{USERNAME}} {{USERNAME}} !   #LetsGo #NCAATournament,2021-03-21,sports_&_gaming
2342,So are people giving the {{USERNAME}} a go while the off season of the NFL? What time are you backing?or just enjoying not backing a team and the stress,2020-02-09,sports_&_gaming
2538,"I m so sick of this fake love, fake love, fake love I m so sorry but it s fake love, fake love, fake love  Fake Love I m Voting for #Dynamite by BTS under #BestMusicVideo category at #iHeartAwards 2021( {@BTS_twt@} )",2021-04-25,pop_culture
308,Watermelon Sugar ft. Nice to meet ya - Harry Styles / Niall Horan (New H... {{URL}} via {@YouTube@} {@HSHQ@} {@Harry Styles@} {@Niall Horan@} this is absolutely sick,2019-11-24,pop_culture
1001,"Anybody else watching The Laura Kuenssberg Show this morning on {@BBC@} ? With her guest, Comrade Andrew Marr. #DefundTheBBC",2021-03-21,pop_culture
631,#Quinnipiac field hockey takes on Vermont in an out-of-conference matchup this afternoon.  They fell short their last time out against UConn. For more on that game (via {{USERNAME}} and {{USERNAME}} ) ➡️ {{URL}},2019-09-22,sports_&_gaming
143,Stay home—social distancing flattens the curve. Don’t go to the ER unless you need emergency care (not because you want a #covid19 test).  My {@The Washington Post@} op-ed on the actions we can all take now to avoid overwhelming our hospitals & save lives. {{URL}},2020-03-15,daily_life
965,2021 Easter Sunday celebration! Watch the Easter service via the link for a powerful message from Rev. Abisimo Okanlawon  #Easter2021  #MarvellousThings2021 {{URL}} via {@facebookwatch@},2021-04-04,pop_culture
2319,Brand new interview with Cuban Pete on {{USERNAME}} from last night/this morning {{URL}},2020-08-30,pop_culture
1080,"“Climate change is not a trend. It’s not a big, sexy issue. It’s a constant problem.” - {@Elizabeth Yeampierre@} ",2019-09-22,science_&_technology
1405,"A great read from {@Brian Hoxsey@} (with some great pics from {{USERNAME}} to boot!) on {@Michael Hermosillo@} ‘s season to this point, his two-hit game Sunday vs the {@Chicago White Sox@} and his goals for the rest of the season and beyond with the {@Los Angeles Angels@} ... {{URL}} ",2019-09-10,sports_&_gaming
632,"According to the Suns broadcast, the lakers are gonna walk to the locker feeling like they lost because they blew a big lead. Cool. Still a W. {@Phoenix Suns@} ",2020-01-02,sports_&_gaming
1456,Feel like I’ve waited so long for this. Come on then {@UFC@} we in for a serious treat with this main card I reckon keithy,2020-07-12,sports_&_gaming
1884,"Dear {@Archive Governor Andrew Cuomo@} , NYers have been camped out in the heat waiting for you to answer calls to have a conversation about your plans to cut down our trees, pave over our grass & reduce the grass space our kids use to play #pausethesaws {@Chuck Schumer@} {{USERNAME}} {@Rep Nadler@} ",2021-06-30,daily_life
1851,16 years later; Congrats soon to be 51 year old {@Phil Mickelson@} {@PGA Championship@} ⛳️‍♂️ #koreangolfnews #pgachampionship #golf #instagolf #golfing #media #korea  via PGA @ PGA Championship {{URL}},2021-05-23,sports_&_gaming
2634,I hope all our seniors get to go yard tonight #HailState bring it home boys! {@Will Bednar@} give em the heat ✊,2021-06-30,sports_&_gaming
955,Rooting for the Dallas Stars in the Stanley Cup finals for my boy {{USERNAME}} !,2020-09-24,sports_&_gaming
1969,"WATCH: Trump Supporters Sing  God Bless America  in Scranton -- in Harmony, in the Snow {{URL}} via {@Gab com@} ",2020-11-03,pop_culture
1802,Shout out to all the teachers who have been pushing for this while also making sure their students will be careful for if and when schools shut down.  Coronavirus in NY: NYC schools will close {{URL}} via {@New York Post Metro@},2020-03-15,daily_life
1881,yugbam really are soulmates and besties same time frame of their comebacks and appearing on the same musuc showsI REALLY LOVE THEM SO MUCH  YUGBAM ON INKIGAYO #YGBB_SBSInkigayo {@yugyeom@} {@BamBam@} #riBBon #PointOfViewU {@GOT7@},2021-06-20,pop_culture
2144,A fall from Grace was Phenomenal! Amazing job {@Tyler Perry@},2020-01-19,pop_culture
178,"Throwback music video for the song “Dream About You” by #QuindonTarver (August 4, 1982 - April 1, 2021) off of his album project #Quindon [Produced & Directed by {@Chris Stokes Director@} ]! | {{USERNAME}} {{URL}} ",2021-05-02,pop_culture
498,Episode 11 - Sword Money is out! In this one we meet the coolest barkeep ever and honestly Patrick can we keep her?! Can she join our party and be our friend and teach us to be cool?!?! {{USERNAME}} {{URL}},2020-04-25,pop_culture
340,Approval from FDA for saliva test for virus expected to start in {{USERNAME}} CLIA lab in the coming weeks (. Welcome news #ThankYouScience {@Yale School of Medicine@} Yale’s rapid COVID-19 saliva test receives FDA emergency use authorization {{URL}},2020-08-16,science_&_technology
2324,B.I 비아이 - [WATERFALL] PRODUCTION PROCESS FILM {{URL}} via {@YouTube@} awwwww my hanbin really work hard for this❤️ what a talented boy so proud of youuu babbyyyy {@shxx131bi131@},2021-05-30,pop_culture
484,Starting The Bears Defense Vs Falcons Today in my Yahoo League {@ESPN@} {@NFL@},2020-09-27,sports_&_gaming
1669,Wait it isn t main event time already is it? {@WWE@} #NXTTakeoverWarGames,2019-11-24,sports_&_gaming
1738,Trying to put the water back and hope the heat goes away via {@The New York Times@} {{URL}},2021-07-03,daily_life
2774,"“If it were up to government, money, or education alone it would have worked already. But it hasn’t. The answer is Jesus. The heart of the problem is a problem of the heart.” Powerful message about unity this morning by {{USERNAME}} Jesus you alone!",2020-07-05,daily_life
198,Why Rolling Loud about ain’t book you Cuz {@Fivio Foreign@},2019-10-13,pop_culture
3005,"Happy summer solstice—we’re enjoying the extra hours of sunshine today and kicking back with refreshing sips of ZEPHYR.  . . . : {{USERNAME}} @ Brattleboro, Vermont {{URL}} ",2021-06-20,daily_life
2058,"Hi {@Tennessee Titans@} ,  Please don’t kick field goals anymore.  Frustrated Fan",2019-10-06,sports_&_gaming
2447,Starting #30DaysOfCode with {{USERNAME}} today. I Will be documenting the journey here. Feel free to join us!,2021-08-01,science_&_technology
1853,The Mandalorian is how a spin off show should be. Well done {@Jon Favreau@} .,2019-11-17,pop_culture
877,I just published the first episode of my new podcast! Listen to John Cusack As The Teenage Me or The Movie Of Your Life on {@Anchor@} {{URL}},2021-03-07,pop_culture
1166,#tbt #throwbackthursday To the Birds of Prey show we have each summer to conclude our summer reading program! {{USERNAME}} you’re the best! Thanks for everything   {{URL}},2020-02-13,pop_culture
1976,"I compare the communication in cancer and our scientific communication in the field.If our communication becomes more solid and collaborative as cancer, this would make things easier. So this week on #cancer & #metabolism & #aging by {{USERNAME}} ! {{URL}} ",2021-05-16,science_&_technology
1340,I always love someone who goes against the grain. I’m with you {{USERNAME}} . I think the Chiefs will win. #WattersWorld,2021-02-07,sports_&_gaming
1220,on {@YouTube@} :  Emotional  David Silva speaks following his final Premier League game for Man City! {{URL}},2020-07-26,sports_&_gaming
3128,PERMISSION TO DANCE 100M  #PermissiontoDance100M  #Permissiontodance  #BTS #방탄소년단 {@BTS_twt@},2021-07-11,pop_culture
1339,The refs in this Duke-Carolina game make the Blazers-Jazz refs look impeccable {@NBA@} {@NCAA@} {@ESPN@},2020-02-09,sports_&_gaming
2581,Apple Music Global   #12. (+9) Butter #13. (+7) Permission to Dance #35. (+12) Dynamite #BTS #BTS_Butter #PermissiontoDance #BTS_Dynamite {@BTS_twt@},2021-08-22,pop_culture
759,Proud to be a part of this important research lead by Sam Pironon: Potential adaptive strategies for 29 sub-Saharan crops under future climate change {@NatureClimate@} {{USERNAME}} #ClimateChange {{URL}} Also the News & Views piece on it: {{URL}},2019-09-25,science_&_technology
170,I got the job finally. Christmas came early  -  Dreams do come true. Looking forward to great things ahead - {{USERNAME}} ..,2020-12-15,daily_life
1597,"I m so fine wherever I go, and I will not stop requesting #MakeItRight by BTS ft. {@Lauv@} on #MostRequestedLive! ARMYs all over the world MUST hear it tonight!@MostRequestLive {@BTS_twt@} #방탄소년단 #BTS",2019-10-20,pop_culture
1356,Did we learn more about the {@Buffalo Bills@} or {@New England Patriots@} yesterday? Patriots always seem to win when they need to which could be a good sign going forward. The Bills had some folks think the D was fraudulent and they aren’t ready to take the next jump. We will know in a few weeks.,2019-12-22,sports_&_gaming
773,Also {@KACEY@} dropped a new music video for her new song “Justified”,2021-08-27,pop_culture
1673,"Take out Mithali Raj s innings and the score is nothing... 72(108) may not be that good considering strike rate, but its decent considering the match situation... A team needs only one Anchor {@Mithali Raj@} .. No comments on Harman, should try someone else..  #INDvENG",2021-06-27,sports_&_gaming
2512,Dear {@2K@} please stop making launchers. No one wants or needs them. Your latest one is all but game breaking the startup process of Civ 6. I m on a twitter sabbatical and I had to redownload the app just to ask you to please stop.,2021-06-12,science_&_technology
2722,NEW MUSIC VIDEO {{USERNAME}}  Yams To The Repass   (Link In His Bio)⁣ ⁣  Hoodie Season III  coming soon!!⁣  #GodOverMoney #hogmobministries #dafixxradioshow #pray #artsoulradio #prayforhiphop… {{URL}},2019-09-23,pop_culture
2645,"UFC 249 results: Francis Ngannou scores highlight-reel KO, floors Jairzinho Rozenstruik in 20 seconds {@MMA Junkie@} {{URL}} ",2020-05-10,sports_&_gaming
1598,The {@Miami Dolphins@} have the 11th best odds to win the Super Bowl next year. I’m already pumped for September #FinsUp,2021-02-08,sports_&_gaming
992,why does outro: cross the line sounds so ✨ fancy ✨ THE ALBUM PREVIEW IS OUT NOW #BorderDayOne_Medley {@ENHYPEN@},2020-11-22,pop_culture
45,. {{USERNAME}} Playlist: Nick Cave & The Bad Seeds—Spinning Song. Streaming at {{URL}},2021-01-05,pop_culture
3052,"Women #entrepreneurs are struggling with digital adoption, increased home care demands, & other challenges that make economic stability difficult to retain. {{USERNAME}} offers steps the private sector can take in a gender inclusive response to this crisis: {{URL}} ",2020-08-16,business_&_entrepreneurs
467,"Rainbows Over Cedarwood by {{USERNAME}} ~ The moment Ashley gave up looking for the right man, he showed up in the form of restaurateur Colt Harrison. Sexy has never looked this good. #pridepublishing {{USERNAME}} #gay #gayromance #kindle #hotread {{URL}} ",2019-11-03,daily_life
2234,I was only 7 Months old the last time the Dodgers won a World Series Please wrap this up tonight boys {@Los Angeles Dodgers@} #dodgers,2020-10-27,sports_&_gaming
2124,Ok so the question is: which halloween costume do I wear to the {{USERNAME}} open next weekend?,2019-10-20,daily_life
2357,celebrating watermelon sugar at disneyland #streamit {@Harry Styles@} {{URL}},2019-11-17,pop_culture
1843,I literally refuse to die until I am able to hug this man and tell him how much I love him.  Please excuse me while I fangirl this early in the morning. {@Harry Styles@} Harry Styles: Watermelon Sugar (Live) - SNL {{URL}},2019-11-18,pop_culture
2316,Happy Father’s Day to my baby daddy and ace boon {{USERNAME}} . I’m so proud of you ❤️,2021-06-20,daily_life
3120,hi {{USERNAME}} {@Z100 Portland@} !! could you please play #wonder by shawn mendes? thankss,2020-10-06,pop_culture
1496,"Lord, {{USERNAME}} compton is straight wildin over here! We got a full mexican band playing across the street.",2021-02-21,pop_culture
319,So looking forward to joining {{USERNAME}} tomorrow at the exploration of love in organisations at {{USERNAME}} . Could incoporating love in business make the difference in fundamental shifts we need to make to create a regenerative economy?,2019-11-03,business_&_entrepreneurs
184,Full on entertainment. #JL50onSonyLIV on the {@SonyLIV@} just watched the 1st four episodes and it s just wow man,2020-09-06,pop_culture
2752,Happy Mother’s Day! Truly the most important of jobs! Blessed to have such a great mother myself and very proud to have the absolute BEST mom raising our boys! #love #HappyMothersDay {{USERNAME}},2020-05-10,daily_life
2190,"￼Morning jog, going up the wall, migraines are being returned back home￼ {{URL}} via {@facebookwatch@} ",2020-08-30,daily_life
304,Future On Working With Young Thug & Travis Scott For  High Off Life  {{URL}} via {@HotNewHipHop@},2020-05-17,pop_culture
1998,Live look at {@Joanna Jedrzejczyk@} walking into her locker room after the fight.   #UFC248 {{URL}},2020-03-08,sports_&_gaming
2281,ARMY please vote here ! {@BTS_twt@} #BTSconcert #MapOfTheSoulOne_D2 {{URL}},2020-10-11,pop_culture
2155,Phil Simms just took the Jets to beat the Bills on {@Inside the NFL@},2020-10-22,sports_&_gaming
839,Hi! I’m available now! pls avail my VC and video bundle contents PROMO FOR TODAY!!!  Telegram @margaqtyy  NOTE: If you’re filipino and your reading comprehension’s like the guys from the slums then don’t even try   #alter #alterpinay #jakol #alterph #alterworld #altermanila,2021-07-25,pop_culture
2200,"Up early watching this {@Netflix@} doc called, “Night Stalker: The Hunt for a Serial Killer.” This doc is very scary.",2021-01-14,pop_culture
2656,"Huge thanks to {{USERNAME}} & {{USERNAME}} for playing my brand new song  Rebuilt and Remade  on their pod last night - & for saying such lovely things about it. I recommend you listen to the whole show, but if you want to hear my new track, it s at 49m 40s: {{URL}} ",2021-05-02,pop_culture
744,#ChristmasinRome {@Hallmark Channel@} {@Sam Page@} {{USERNAME}} Wow those are amazing bright christmas lights outside the Hotel.,2019-12-01,pop_culture
539,REQUEST {@ARASHI@} {@MTV@} #FridayLivestream   ……❀…  …❀……  Please play the music video for ARASHI s  Turning Up  on Friday Livestream.  ……❀…  …❀……  Love Rainbow / Daylight IN THE SUMMER / Kite Whenever You Call ARASHI,2021-02-23,pop_culture
1154,I can’t thank everybody who watched and donated at “Hey Girl w/Matt & Kyle” w/ {@Sam Jay@} last night enough. We raised close to $700 for homeless black trans women & we love you for it. Here’s the link to give if you missed it: {{URL}},2020-06-13,pop_culture
1642,"Texas  grid operator warns rolling blackouts are possible as winter storm escalates demand for electricity {{URL}} via {@Texas Tribune@} This is how it started, but didn t end up working the way it was explained: 15-45 minute blackouts rolling through the state. Yeah",2021-02-16,science_&_technology
801,Did {@Target@} Drive-Up... never again.  1st- They marked my order as complete before I even parked...  2nd- Just got home to see I don’t have my full order but the app options are grayed out...  3rd- They store doesn’t want to answer the phone...  I just want my money back,2020-07-12,daily_life
2700,#NowPlaying Probe the Act 2 by Official Shiraz / {{USERNAME}} listen now { {{URL}}} #dremtgi #dremstuff,2020-07-19,pop_culture
2054,Squirrels seem to be ultra busy in Thoraipakkam. Power outage for 15-30 minutes every day. Today now more than hour. {{USERNAME}} {@Greater Chennai Corporation@},2021-06-26,daily_life
1135,Lavanderboyz chillcast feat {{USERNAME}} {{USERNAME}} coming out next weekend  jus got done recording,2020-02-23,pop_culture
2361,Sad to hear of the passing of {@Jeopardy@} host Alex Trebek. Always enjoyed tuning in when in the US. Rest in Peace,2020-11-08,pop_culture
1422,"Labor Day Weekend... so odd to drive by {{USERNAME}} and there’s very little activity, where it normally be hustling with our County Fair! 2021 can’t come soon enough!  #signofthetimes #countyfair #statenisland #nyc #LDW",2020-09-06,daily_life
210,Lachie Whitfield has been replaced by {@GWS GIANTS@} medical substitute Jeremy Finlayson after copping a knock to the head #AFLGiantsSuns,2021-07-11,sports_&_gaming
1988,Enter to win {@Star Wars@} Star Wars: The Rise of Skywalker Blu-ray at Heck Of A Bunch {{USERNAME}} US #giveaway {{URL}},2020-04-05,pop_culture
2890,Fancy sending your 142 million out on loan to win the champions league with another club so nice of barca well done {@FC Bayern English@} {@Philipe Coutinho@} Joined the 6️⃣ club,2020-08-23,sports_&_gaming
65,I have to give a huge shoutout to {{USERNAME}} for making the best KH3 guides on the internet. Without his Flantastic 7 guide and his Ultima Weapon guide (which also contains a guide for the dreaded sledding minigame and a guide for synth locations) I would have taken forever!,2020-01-26,sports_&_gaming
863,"Check out my new album, My Windows on {@Audius AUDIO@} #Audius {{URL}} listent it on Spoty too! {{URL}} #Spotify #EP #LofiHipHop #lofi #ChilledVibes",2021-08-15,pop_culture
2332,Check out what I wrote on this mouth watering encounter in Lisbon. Everything you need about the champions league final via this link {{URL}} #BAYPSG #PSGFCB {@Jay Jay Okocha@} {@BBC Sport@} {@Sky Sports@},2020-08-23,sports_&_gaming
2198,"Easter Dinner #quarantine style.  Nice little spread from {{USERNAME}} #mastroscityhall @ Scottsdale, Arizona {{URL}} ",2020-04-12,daily_life
2160,I remember when {@Oklahoma Football@} used TE’s. {@Cyclone Football@} using TE & killing us over the middle.,2019-11-10,sports_&_gaming
203,I see {@GB News@} in its own way is already profoundly woke. It s alt-woke. My brief astrology on this new channel below this post. The start tonight not great. Tech problems and a lot of baloney-speak. Dan Wootton is a major mistake. Charmless slob.,2021-06-13,pop_culture
1132,The United States is Losing the battle against #COVIDー19   We are on the wrong side of it. Death records set daily in U.S. Over industrialized nations.   national mask requirement needed  Listen to the science  #FauciIsAHero {@Vice President Kamala Harris@} {@Alex Azar@},2020-07-19,science_&_technology
2038,CHEERS *To 4:5O am alarm clock *To 3 hrs of sleep  *To Starbucks Christmas cups coming out just in time for the Cincy Holiday Market!  *To Pumpkin spice lattes!  *To the {{USERNAME}} … {{URL}},2019-11-08,daily_life
1021,The Clovis North girls basketball team survived a tough matchup against rival Clovis to advance to the Open Division finals next weekend at Selland Arena against Clovis West. {{USERNAME}} {{USERNAME}} {{USERNAME}} {{URL}},2020-02-23,sports_&_gaming
2882,Shows popularity is based on controversy and criticism. And the makers have consistently been able to garner the right amount every season.  NME: ’13 Reasons Why’ criticised for controversial Season 4 plot twist. {{URL}} via {@Google News@},2020-06-07,pop_culture
1026,Idc that some of my Indian friends call him a sell out I still will forever love {@Hasan Minhaj@},2020-06-21,pop_culture
2769,Anyone out in {{USERNAME}} getting out in the rain for some miles before the Super Bowl?  Gotta work for those wings!,2021-02-07,sports_&_gaming
341,Underdogs are covering almost 66% of the games so far in the NCAA men s tournament.   But {{USERNAME}} analyst Roy Larking says these favorites will buck the trend today. {{URL}},2021-03-21,sports_&_gaming
2448,Watching Attack on Titan 60 on Crunchyroll! {{URL}} {{URL}} #crunchyroll via {@CrunchyrollPT Assista Platinum End aqui na CR@},2020-12-06,pop_culture
875,8:00am this morning; second Gold Bracket game. Please watch us on {{USERNAME}} “VA Glory 14u Johnson-Avvisato.” Team # is  004322.  ❤️,2020-07-05,sports_&_gaming
1506,EDWARD BARBER sings  Please Stay  {{URL}} via {@YouTube@} #MAYWARDMYXEmojiCharades {@Edward Barber@} {@Maymay@},2020-03-29,pop_culture
1120,Iowa State returns to Amway Coaches-USA Today football poll {{URL}} via {@Des Moines Register@},2020-10-04,sports_&_gaming
3159,Breaking: #Colts and LB Darius Leonard agree to a 5 year $99.25M extension to make him the highest paid ILB in the NFL per {@Ian Rapoport@} . The deal pays Leonard $20M per year the first 3 seasons,2021-08-08,sports_&_gaming
372,"I want an official announcement first. Huhu but with all these tweets, please stay strong {{USERNAME}} , tita {{USERNAME}} and kuya {{USERNAME}} All my prayers are with you and your family. Sending hugs from where am I to where you all are. ❤️",2019-12-01,daily_life
576,YESSSS!!! Huge congratulations to {@FC Bayern Frauen@} on winning the league!❤️ What a season and very well deserved,2021-06-06,sports_&_gaming
942,Alexander Volkanovski beats Max Holloway to retain UFC featherweight title at UFC 251 - via {@ESPN@} App {{URL}},2020-07-12,sports_&_gaming
211,"PHOTOS: Island Mercantile Reopens at Disney’s Animal Kingdom with One Entrance, Social Distancing, and Other Health and Safety Measures - {{URL}} via {{USERNAME}} ",2020-08-02,daily_life
520,“Common looking people are the best in the world: that is the reason the Lord makes so many of them.”-Abraham Lincoln {{USERNAME}} #abrahamlincoln #abrahamlincolnquotes #usa #usapresident #president… {{URL}},2019-10-20,daily_life
1475,I m very looking forward to the debut of dustin {{USERNAME}},2020-01-05,sports_&_gaming
939,Finished the first round of publisher edits to my MG/YA book. I also made some cover art suggestions. I think it’s super cool that they asked me for my input. {{USERNAME}} you all are top notch! #publishers #publishing #WritingCommnunity #author #edits #books,2021-06-13,arts_&_culture
889,Check out what I just added to my closet on Poshmark: Retrolicious dress constellation glow in the dark. {{URL}} via {@Poshmark@} #shopmycloset,2021-01-24,business_&_entrepreneurs
1258," {{URL}} 5 man down! I repeat 5 man down! Slow and steady wins the fight, but dont do what these guys did. Dont let someone push up stairs and take you down! #EscapefromTarkov {@Battlestate Games@} #twitch",2020-02-02,sports_&_gaming
2740,Jimin you nice keep going  #JIMIN #JIN {@BTS_twt@},2021-03-28,pop_culture
2880,#nowplaying the blues by red eye$ hiii via {@Audiomack@} {{URL}},2021-05-27,pop_culture
2369,"#NowPlaying ♫ #Np {@Flipp Dinero@} F/ {@Lil Baby@} - HOW I MOVE  ♫ at {{URL}} Listen {{URL}} {{URL}} Wake Up {@Notorious VOG@} In The Morning #NITM☕ M-F 6:30-11a, Urban Talk, News, Laughs & More!",2020-07-05,pop_culture
1325,I am unable to understand why Adnan Sami is awarded padamshree . {@BJP@} {@PMO India@},2020-01-26,pop_culture
354," {{USERNAME}} - After Alice - Morning playing on MPG Radio..  Rock Town Lounge - {{URL}} - Rock and Mainstream Post Grunge Popular compositions projecting stylistic mid-tempo powered rhythms, radio-ready attitude and modern rock rotations.",2020-07-05,pop_culture
1811,"So Friday was my leaving do from {@Oxleas NHS@} after 5 years  The teams working within forensic services are just immense and I feel proud to have worked alongside you. Good days and challenging, all very special. Thank you for my send off and humbled by the 50+ who came incredible",2019-10-06,daily_life
2733,Check out what I just added to my closet on Poshmark: San Francisco Tote Bag Canvas. {{URL}} via {@Poshmark@} #shopmycloset,2020-09-13,daily_life
96,I always get reflective on my b day.  It s the perfect day for me to contemplate how lucky I am to have such wonderful people in my life.  Thank you all for your love and support.  I love you all. {{USERNAME}} {@ANGELA WHITE@} {{USERNAME}} @BrooklynSnowXXX,2020-02-23,daily_life
2005,Dubai attracts Dh12bn in FDI in the first half of 2020 despite coronavirus {{URL}} via {{USERNAME}},2020-08-30,business_&_entrepreneurs
2621,I am thankful for {@Bernie Sanders@} and {@Harry Styles@} . #treatpeoplewithkindness #NotMeUs #Thanksgiving,2019-11-28,pop_culture
1644,"MORNING HAS BROKEN - Cat Stevens (Lyrics) {{URL}} via {@YouTube@} She s the Queen church-go-ers  May a man never beat you, or we ll get  em!",2020-05-03,pop_culture
589,. {@PECO@} is worse than the airlines. Over 12 hours into a power outage and still refusing to share information with its customers. Will not provide an ETA. Have a sick child with me too and no heat.,2019-11-01,daily_life
2151,Penn State takes game two 3-2 over {@Minnesota Men s Hockey@} and further separates themselves at first place in the standings by earning all three points in regulation. Gophers do have another conference series and could regain the lead if they do well against Michigan next weekend,2020-02-23,sports_&_gaming
1689,The street needs some new secrets... Wya {@Roddy Ricch@},2021-01-17,pop_culture
2925,Please check out my new video - How to Draw an Owl  - cute cartoon sketch {{URL}} via {@YouTube@} #owl #sketch #drawing #cartoon #popart #elearning #remotelearning #color #pencilsketch #brown #red #tutorial #learn #bird #cute #easy,2020-09-20,arts_&_culture
129,"‘Twas the night before Christmas & the Ramirez Family is very content. Thankful for our country, economy & {{USERNAME}} We wish blessings to all & to all a good night.",2019-12-25,daily_life
513,Why doesn’t respawn switch the color of the red shield? It’s very confusing sometimes with flesh vs red. What about the people that are color blind how can you tell the difference? Maybe change the lvl 5 to green shield? {{USERNAME}} {@Apex Legends@} {@Respawn@},2021-06-29,sports_&_gaming
71,Happy Sunday !!  It is during our darkest moments that we must focus to see the light. {{USERNAME}} @ Nobu Los Cabos {{URL}},2021-01-31,daily_life
1635,NEW YEARS EVE EVE!! TURN ME UP! Going live NOW! Stop by for the good vibes and the laughs! Thank you {{USERNAME}} for this clip. {{USERNAME}} you the homie! LMFAO {{URL}},2020-12-30,pop_culture
3081,Connor is looking forward to been back his normal school tomorrow and seeing some of his friends he not seen for a while! {{USERNAME}} {{USERNAME}} {{USERNAME}} {{USERNAME}} {{USERNAME}} {{USERNAME}} STAY SAFE EVERYONE!!! xxx,2020-05-31,daily_life
2104,spotify ww  #30 baila conmigo (+1) *2 meses*  OUT: dancing with the devil *2 dias* {{USERNAME}} {{USERNAME}} {{USERNAME}},2021-03-28,pop_culture
2526,Happy father s day to the most amazing father I have ever known. Before I saw how you were with Charlotte I had no idea fathers could love and give as much as you do. You re incredible and I am so happy to have you and Charlotte in my life. {{USERNAME}},2020-06-21,daily_life
1507,At least Yorke has enough insight to understand that he is: {@Radiohead@} ’s Thom Yorke concedes he s a ‘hypocrite’ on climate change {{URL}} #FoxNews,2019-09-26,pop_culture
3006,"“ {@CNN@} : President Trump’s campaign directed the removal of thousands of ”Do Not Sit Here, Please!“ stickers intended for social distancing from seats in the Bank of Oklahoma Center in the hours before the President’s much anticipated Tulsa rally. {{URL}} ",2020-06-28,pop_culture
2699,Image shared by #Medway archieve of a hand written letters patent between Charles II & {{USERNAME}} but also has an engraved printed portrait of the King {{URL}},2021-06-20,arts_&_culture
370,Nice project developed by Swapneel Redkar. {{USERNAME}} See the link  {{URL}},2020-09-20,business_&_entrepreneurs
1788,"Gashi Feat. Dj Snake, Afro B & Chris Brown - Safety 2020    #Gashi#DjSnake#AfroB#ChrisBrown #DaHubRadio #NowPlaying : {{USERNAME}} If Ur # d Above So We Can {{USERNAME}} You In Future ...Update Tune Tags {{URL}} ",2020-04-05,pop_culture
456,Kyle Shanahan wanted former Redskins QB Kirk Cousins with the 49ers {{URL}} via {{USERNAME}},2020-01-30,sports_&_gaming
725,"#Amsterdam, #Bspa, #Mechanicville, #Schenectady and #Niskayuna are just some of the districts on a 2 Hour delay this morning {@CBS 6 Albany WRGB@} ",2019-11-19,daily_life
68,Happy Mother’s Day to all the mommas out there - especially the ones committed to matching with their littles  {{USERNAME}} #Bodenbyme {{URL}} #liketkit {{URL}} {{URL}},2020-05-10,daily_life
2070,I always put on some {@Wale@} an {@J Cole@} when im doing up spring clean. But always end up having to sit down and recover from the way the lyrics hit different,2020-08-02,pop_culture
1268,The Sound of Silence (Electric Version) {{URL}} via {@YouTube Music@} wonderful song!! {{USERNAME}} {{USERNAME}} {{USERNAME}} {{USERNAME}} {{USERNAME}} {{USERNAME}} {{USERNAME}} {{USERNAME}} {{USERNAME}} {{USERNAME}} {{USERNAME}} {{USERNAME}} {{USERNAME}},2021-07-11,pop_culture
1820," Never end the job interview before asking this No. 1 question,  says career expert of 15 years. (via {@CNBC Make It@} ) {{URL}} ",2021-07-18,business_&_entrepreneurs
3150,I’m so proud of you {@Meek Mill@} . Good job with Charm City Kings.,2020-10-11,pop_culture
881,Mike Perry feels  like a dumbass  following 90-second loss at UFC 245 Yeah really dawg!! {{URL}} via {@MMA Junkie@},2019-12-15,sports_&_gaming
737,"I m so glad to see #TuckerCarlsonTonight characterize {@The Babylon Bee@} as the brilliant satire site that it is, and call it  the funniest site on the Internet.  They have become absolutely hysterical, and they make me belly laugh on a daily basis.",2021-06-16,pop_culture
231,Click to #win Wonder Woman 1984 on Blu-ray with {{USERNAME}} {{URL}},2021-03-21,pop_culture
377,Congrats to {@Tampa Bay Rays@} . Go spank the Dodgers. #WorldSeries   Salute to the #Astros. Build off this run and go get ‘em next year. #fortheH,2020-10-18,sports_&_gaming
2576,"#कबीरपरमात्मा_को_पुकारो After coming to the shelter of the full saint Rampal Ji Maharaj, God Kabir also avoids death. The sage came after coming to the saint s shelter. The one who is impregnated in the forehead should be put off in a thorn. {{USERNAME}} {@Saint Rampal Ji Maharaj@} Savior God",2021-04-18,arts_&_culture
862,Jesus ain’t come back from the dead for {@Chick fil A Inc@} to be closed on Sundays!!!,2020-04-12,business_&_entrepreneurs
432,"The NCAA Tournament {@NCAA March Madness@} is in full swing!  Between the games, take a look at our own basketball history #inHendricks.  We uncovered some interesting nuggets you must read. {{USERNAME}} {@Town of Avon Indiana@} {{USERNAME}} {{URL}} ",2021-03-21,sports_&_gaming
3133,"Another #MNF game, another insightful call by the analysts.  An end-of-half field goal attempt increases the {@Denver Broncos@}   Game-Winning Chance (GWC) by about 1%.   Keep up the good work, {@Brian Griese@} , {@Louis Riddick@} , and {@Steve Levy@} !  #DENvsOAK",2019-09-10,sports_&_gaming
2010,"Impressive signing by the Knicks to grab Noel for $5 million.   As {{USERNAME}} has noted, Knicks could easily just waive Ed Davis to open up an extra roster spot, giving them Mitch and Noel as their two interior defenders in a Thibs-anchored defense",2020-11-22,sports_&_gaming
1751,Chelsea FC 0-1 Leicester City: Youri Tielemans wonder goals wins FA Cup Final {{USERNAME}} {@Leicester City@} {@Chelsea FC@} {@Emirates FA Cup@} #FACup #football #England #LagosMetropolitan #LagMetro #metro {{URL}},2021-05-16,sports_&_gaming
1361,Quicker end than expected. Had a blast {@USA Softball@} with these girls and coaches. Teammates for life! #softball #memories,2020-08-16,sports_&_gaming
994,"Jenna Marbles getting on camera, highlighting her ignorance, posting receipts of said incidents, addressing them directly and apologizing gave this idiot {@Shane Dawson@} the “courage” to own up to absolutely NOTHING. Burn his shirts like y’all did Kap’s jersey. I’m waiting.",2020-06-28,pop_culture
301,Trouble Is Brewing For J&J s Covid Vaccine — What You Need To Know {{URL}} via {@Investors com@},2021-04-11,science_&_technology
2090,Rockwell - Somebody s Watching Me (Official Music Video) {{URL}} via {@YouTube@} {{USERNAME}} be over after I’m done listening to Rockwell,2021-01-17,pop_culture
1378,. {{USERNAME}} hey mate I m not sure who you made you upset but I would like to apologise. my uncle knows the head brewmaster behind young henry s so if you drop on by to the brewery after lockdown I ll shout you a couple of beers hope all is well  keep yourself safe,2021-07-11,daily_life
1591,#nba making changes to schedules due to games being postponed. #hornets will play the #wizards at home on 2/7 at 1pm instead of facing the #blazers.   the game against portland will be moved to the second half of the season   #allfly {@WCCB Charlotte s CW@},2021-01-27,sports_&_gaming
1143,Watching Leicester City v Villa game and seeing Evans head the ball clear and sprints forward while yelling to everyone else to sprint forward and wonders why MUFC defenders stand still whenever they clear the ball..  {@Manchester United@} {{USERNAME}},2021-02-21,sports_&_gaming
2233,"DJEFF vs Projeto Kaya - Beija Flor, Out now, full music video on YouTube {{USERNAME}} #projetokaya #wdbmanagement #kazukutarecords {{URL}} ",2019-09-16,pop_culture
172,. {{USERNAME}} isn’t shooting well and turning the ball over a decent amount. Rossview is capitalizing. 28-14 midway through the second. {{USERNAME}},2021-01-27,sports_&_gaming
1679,arrest the cops that killed Jacob Blake {{USERNAME}},2020-08-26,daily_life
1815,Everybody is doing their bit... {@DJ EZ@} is playing a live 24 hr set right now If you like proper music  check it out on {{URL}} An absolute legend trying to brighten up the lockdown  #Covid_19 #StayHomeWithDJEZ,2020-03-29,pop_culture
1876,It s Sickening  {@Jim Trotter@} joins me to discuss the recent reports of the NFL using Race Norming in studying retired players concussions.  Click the link for the full video presented by {@Blue Wire@},2021-06-06,sports_&_gaming
2636,"“When you come up against an obstacle, the problem is never the problem. It’s how we think about the problem,”  If you want to be an online sales success here are Stanton’s top tips. {{USERNAME}} {@Forbes@} {{USERNAME}} #entrepreneur #businessstrategy {{URL}} ",2021-02-21,business_&_entrepreneurs
1248,I have joint top rated in the 6:15 {@Musselburgh Racecourse@} See them here plus the computer rankings  {{URL}},2021-07-25,sports_&_gaming
814,Kardashian Christmas Party 2019 – Look Inside with These Pics! {{URL}} via {@JustJared com@},2019-12-27,pop_culture
208,The iOS 14 Privacy and Security Features You Should Know #secureyourphone #privacy #bigbro {{URL}} via {@WIRED@},2020-09-20,science_&_technology
218,Looking forward to the battle of Florida in the playoffs!! #wow #heatingup {@Tampa Bay Lightning@} {@Florida Panthers@},2021-05-09,sports_&_gaming
948,"Anyone else in Springdale, AR see the band or train of lights tonight in the sky? I thought I was going CRAZY but looks like there is a good explanation behind it. {@Dan Skoff@} {{URL}} ",2021-05-30,science_&_technology
16,"Human birth is to liberate oneself from the birth cycle and to attain ultimate salvation. It is possible by meditating the holy divine words. So, Spend your Sunday in God s remembrance and make it #SpiritualSunday {@DSS News and Updates@} {{URL}} ",2021-07-25,arts_&_culture
2026,A new video by {@Lee Camp Redacted@} Moment Of Clarity with Lee Camp: 5 Hidden Facts About Ruth Bader Ginsburg & The Supreme Court (Moment of Clarity) {{URL}},2020-09-20,pop_culture
2020,"“Once we clear away the chaff of Aurangzeb the myth, we can confront the fascinating puzzle of Aurangzeb the king. A pivotal figure in the Indian medieval past” Fascinating, unbiased, historical and gripping account by {@Dr Audrey Truschke@} ",2020-06-28,arts_&_culture
2406,"“Great things don’t come easy” — Morissette 2021   If you really want it, you need to work hard for it  -Morissette 2021   MORISSETTE MusicXFanMeet {{USERNAME}} AsiasPhoenix LIVEforHOH",2021-05-30,pop_culture
367,"The word is Christian Fussell ( {{USERNAME}} ) is announcing his college decision tomorrow. He is between MTSU, VCU, and Dayton. 6’10 player from the Atlanta area. Would be a great first get for the Blue Raiders’ 2020 class.",2019-09-29,sports_&_gaming
1406,"Bank account: *$1,400 stimmy hits*  Me to {@Katsuhiro Harada@} : “bring me the queen of the iron fist”",2021-03-14,pop_culture
1128,Selena Gomez Surpassed 13 BILLION streams on Spotify (All credits)   - Selena needs less than 300M streams to overtake Sia and become the 6th most streamed female artist of all time - HELP US STREAM DAILY- {@Selena Gomez@} {{URL}},2021-05-09,pop_culture
884,Them : What high school did u go to?   Me : Watermelon Sugar High     #FineLine #WatermelonSugar {@Harry Styles@},2019-11-17,pop_culture
1319,"Tracing Your Irish Family History on the Internet (2nd edition) is available online from {@Pen Sword Books@} at {{URL}} #genealogy #familyhistory #Ireland.  And for extra help, coming soon from P&S is my next book, Tracing Your Irish Ancestors Through Land Records...!",2021-06-13,daily_life
1388,"Oh and BTW, I m pledging my allegiance to {@Dallas Renegades@} for the XFL. #RaisingHell",2020-02-09,sports_&_gaming
2838,Looking forward to #ImACelebrityAU starting tonight and everyone trying to work out what {@Charlotte Crosby@} is saying,2020-01-05,pop_culture
2964,"Gulf morning I still like you, like the wind walked eight thousand miles, do not ask the return date. #GulfKanawut {@gulfkanawut@} #ลูกบอลของคุณบิ๊กกลัฟ  #PhiBalls",2021-01-22,daily_life
2096,Seems like an appropriate time to rewatch Jesus Christ Superstar. Had almost forgotten how awesome (and buff!) {@Tim Minchin@} was in this!,2020-04-13,pop_culture
2954,"Every time the {@CBC@} tweets, and no matter what they tweet, the internet is replying “Renew Anne with an E” and it’s shutting them down (they actually stop replying to anyone). I literally love the CBC but this is hilarious.",2020-02-16,pop_culture
2922,I really appreciate how {@Trey Songz@} has been using his platform lately. Dude been going hard for the cause,2020-06-21,pop_culture
2043,Tweet for RM We don t need permission to dance #방탄소년단RM #RM #김남준 #Namjoon #BTS {@BTS_twt@},2021-07-11,pop_culture
2682,"Rapper Lil Nas X Unveils Nike ‘Satan Shoes‘ Containing Human Blood, Limited to 666 Pairs {{URL}} via {@Breitbart News@} ",2021-03-28,pop_culture
1848,#AndTheNew get in there {@TYSON FURY@} . Deontay Wilder proven to be a one trick pony #ponysquadnotbombsquad,2020-02-23,sports_&_gaming
2422,"Shiels to Mitchell... the Hawks need a goal. The Blues know they’re in trouble, it’s like being in the bathtub with the Loch Ness monster! He kicks it to the flank... well,  Kreuzer went into that pack optimistically and came out misty optically, {{USERNAME}} !",2021-05-28,sports_&_gaming
2593,I ve been laying in bed doing nothing for years but several months ago I saw {@Ricky Gervais@} talking about his {@Netflix@} series #AfterLife and I watched it and enjoyed it but now I ve been waiting months for #AfterLife2. The living have a responsibility to keep the dead entertained.,2020-04-13,pop_culture
1171,"So glad things are working out for {@Ryan Tannehill@} I still a Dolphins fan, but I m hopping on the Titans train because of him #TitanUp #OnceADolphinAlwaysADolphin #Finsup",2020-01-12,sports_&_gaming
394,"R. I. P. {@JuiceWorlddd@} we still see shadows is our rooms,mate",2019-12-08,pop_culture
1935,The {@Jessika Carr@} news is amazing. While watching the main event tonight i thought to myself you’ve become one of the best Refs around.,2019-11-28,sports_&_gaming
2327,Arguments - Into the Void (Official Music Video) {{URL}} {@YouTube@} #Arguments #Djent #Metalcore #MetallicHardcore #Metal,2021-06-27,pop_culture
1624,The Bank of England’s chief economist reckons the UK could surprise most forecasters and announce annual growth of 10% or more by this time next year. Via {@Finimize@} {{URL}},2021-02-14,business_&_entrepreneurs
2531,"Our first match in the CWC Challenge League is tomorrow morning Vs. hosts {{USERNAME}} from 4am CEST. Match Centre here  {{URL}} There will be no extra update on this feed, follow Match Centre for teams, toss, weather. #dkcricket",2019-09-15,sports_&_gaming
542,Some of the news book in Atlantic Canada reviewed by Evelyn C. White. Happy that she reviewed my latest Black Matters. {{URL}} {{USERNAME}} {@TWUC@} {@Dalhousie University@} {{USERNAME}} {{USERNAME}},2020-10-25,daily_life
1459,The CW: Get CW to pick up Green Arrow and the Canaries - Sign the Petition! {{URL}} via {@Change org@},2021-02-07,pop_culture
1668,So bro {{USERNAME}} how was your first day as a Man City fan?,2021-05-09,sports_&_gaming
1903,TAMMY ABRAHAM LETS GOOOOO. This is why I wake up early on Saturdays! #CHEARS {@NBC Sports Soccer@} {@Chelsea FC@},2019-12-29,sports_&_gaming
552,"Our own {{USERNAME}} will be speaking with Jearlyn Steele on {@News Talk 830 WCCO@} to talk about his book,  Signature Wounds: The Untold Story of the Military s Mental Health Crisis  TONIGHT at 8:30 pm! Make sure to tune in ",2020-01-12,pop_culture
362,"A new episode of #TheGivShow is available to listen to on {@SoundCloud@} Like, Comment, and Follow  Follow {{USERNAME}} #Givnation #SportsTalk {{URL}} ",2020-01-26,pop_culture
549," Haunted by the thought of what I should have been continuing A mission that was rooted in a 20-year affinity In rickety condition with an ID crisis Nap on the front lawn, look up in the sky, it s...  Rings - {@Aesop Rock@} Resonates hard every time I listen",2021-08-17,pop_culture
81,Satan Worship - Im the Devil via #PureSteel #Premier #HardRock {{USERNAME}} supporting Artists since 2000 at {{USERNAME}} {{URL}} #Premier HiQ Radio,2021-05-30,pop_culture
1730,I wonder what it s like for {@Scott Morrison@} {{USERNAME}} and their ilk knowing that their footnote to history will be  they were part of the last generation that thought they could get away with denialist conservatism by pretending climate change didn t exist ? #auspol,2019-09-23,science_&_technology
2978,#NoProphetAfterMuhammad  Tell him this and bid him to be brave at heart.  Muhammad PBUH is the BEST {{USERNAME}} {{USERNAME}},2021-01-03,arts_&_culture
355,#PowerNeverEnds. Watch the series premiere of {@STARZ@} ’s Power Book II: Ghost tonight 9/8c on Philo! {{URL}},2020-09-06,pop_culture
554,Yo {@Tyrann Mathieu@} I think you need to reach out to the 10 year Doni Morales who lost his football to you guys at the parade when Patrick mahomes threw it. {{URL}},2020-02-09,sports_&_gaming
693,Joaquin Phoenix DESTROYS Dairy Industry | LIVEKINDLY {{URL}} via {@YouTube@} #veganism #veganfoods #nodairy #plantbased,2020-02-16,pop_culture
2366,"Yo thank you {{USERNAME}} for this huge bag! It’s perfect for all my orders !  Thanks everyone for the support!  (This is a older video) I’m shipping every order out this week tho love you guys @ New York, New York {{URL}} ",2020-05-07,business_&_entrepreneurs
649,"Lakshmi puja is performed during Diwali to invite goddess home so that our New Year is filled with peace, wealth & prosperity! Return our money,give us a reason to perform the ritual this year! agar lakshmi hi nahi raha kiski puja kare #SavePMC {@Narendra Modi@} {@ReserveBankOfIndia@} {@Shaktikanta Das@} ",2019-10-06,arts_&_culture
2575,Coaching time with my BIG BRO le geant Catalogue {@Dikembe Mutombo@} *Make it Make Sense* @ United States of America {{URL}},2020-01-12,sports_&_gaming
2630,"Harry Styles: ‘Watermelon Sugar’ Stream, Lyrics, & Download – Listen Now! {{URL}} via {@JustJared com@} ",2019-11-18,pop_culture
420,The problem with #MSM is that they give #Farage prime airtime. He’s pointless and highly divisive. Why are you giving him prime airtime {@Sophy Ridge@} ????,2020-10-04,pop_culture
1229,"#Atlanta activist spent $200G in Black Lives Matter donations on house, personal expenses: FBI. {{URL}} via {@Google News@} ",2020-09-27,pop_culture
1089,"Cause ah,ah,i m in the stars tonight so watch me bring the fire and set the night alight  Shoes on get up in the morn cup of milk lets rock and roll  Sambung lirik lanjutkan guys   I vote #Dynamite under #TheSong Category at  #PCAs  2020 {@BTS_twt@} ",2020-10-02,pop_culture
2974,Ekoh ft. Vin Jay- Villain (Official Music Video) {{URL}} via {@YouTube@} Check out {@EKOH@} new song #vaillain ft. Vin Jay,2021-07-03,pop_culture
960,"Facebook might be the biggest propaganda machine. First it affected US and European politics and now affecting Indian politics heavily for past few years with all the fake news and propaganda. You   know what s happening on your platform, right? {@Facebook@} ",2020-02-16,science_&_technology
1164," Climate change  all day, but not a peep on this!   Cue {@Ben Shapiro@}  s  Good Trump/Bad Trump . Definitely GOOD Trump!  Pastors praise Trump for skipping UN panel on  imaginary  climate crisis for  real  problem of religious persecution {{URL}} #FoxNews",2019-09-23,science_&_technology
371,#KaporPortolio company {@Thrive Market@} announced that their CEO will be donating his salary for the remainder of 2020 to the Thrive Market COVID-19 Relief Fund—to ensure that every deserving family who applies for a grant can become a recipient #KaporCapital {{URL}},2020-04-21,business_&_entrepreneurs
2810,"I m at Jack in the Box - {@Jack in the Box@} in Albuquerque, NM {{URL}} ",2020-12-27,daily_life
2999,AXIOMS OF SPACE CADETS ON ICE!!!!! FOLLOW US {{USERNAME}} become a SPACE CADET!!!!!!!! FOR DAILY UPDATES ON the new ALBUM  THE abDUBcted!!!!!!!!!!!!!   #axiomsalbumwinter2020 #axiomsofspacecadetsonice… {{URL}},2020-01-02,pop_culture
1575,UFC 249 has a stacked card! Here we go! {@UFC@},2020-05-10,sports_&_gaming
1484," LIVE {{USERNAME}} on {@YouNow@} - Come watch KarstonWilson, LIVE on YouNow. {{URL}} ",2019-11-03,pop_culture
1858,L.O.L. Surprise! Bigger Surprise! in stock at Walmart {{URL}} for $129.96 | Get The Tracker App {{USERNAME}},2019-12-01,business_&_entrepreneurs
258,I can’t wait to watch this Main Event Fight tonight on UFC Fight Night Presented by Modelo: Brunson vs. Holland - via {@ESPN@} App #LetsGoHolland {{URL}},2021-03-21,sports_&_gaming
769,"ICYMI I chatted w/ {@Ben Volin@} on Sirius XM Mad Dog Sports Radio s Sports Sunday about the NFL s revised CBA, how a potential lower salary cap could impact 2021 free agency, whether there s enough padded practices, Jamal Adams trade, Cam vs Stidham & more {{URL}} ",2020-07-26,sports_&_gaming
2061,I’m pretty sure {@Snoh Aalegra@} cant make a bad song. ‍♀️ never heard nobody say that new Snoh ain’t hitting like that.,2021-07-09,pop_culture
2018,"Cos I-I-I m in the stars tonight, so watch me bring the fire and set the night alight! I vote #Dynamite for #TheMusicVideo category at #PCAs 2020 {@BTS_twt@} ",2020-10-02,pop_culture
114,the local enterprise offices in every council across the country do an exceptional job supporting SMEs  >Just imagine it: how we are going to make the future as bright as can be {{URL}} {@Independent Business@} @lasireland {@Enterprise Ireland@} {@Department of Enterprise Trade and Employment@},2021-03-14,business_&_entrepreneurs
1816,King Kai for {@Chelsea FC@} - Chelsea lead Man City in the 2021 Champions League Final. Well deserved for the blues but can they hold on? I’m saying 2-0 full time!! Great game so far!,2021-05-29,sports_&_gaming
1594,Happy #WorldSpaceWeek {@NASA@} {@Blue Origin@} {@ULA@} {@SpaceX@} {@Elon Musk@} {@Rocket Lab@} and all the other organizations that bring us that much closer to the stars and launch satellites for the betterment of all humans!,2020-10-04,science_&_technology
957,I spent most of this Christmas break watching the {@BLACKPINK GLOBAL BLINK@} reality show. I DIDN T EVEN REALLY LISTEN TO THEM BEFORE. HOW DO THEY GET YOU HOOKED LIKE THAT.,2019-12-26,pop_culture
679,Add my new album  2 Easy Ep  on Spotify: {{URL}} (powered by {@DistroKid@} ),2019-10-27,pop_culture
56,"hi love {@Harry Styles@} if you see this tweet, could you please take a sec to follow ME {{USERNAME}} {{USERNAME}} {{USERNAME}} and {{USERNAME}} ? it’d mean the world to us <3 i hope you’re having a wonderful weekend angel!",2019-10-20,pop_culture
3045,Honestly {@Jacksonville Jaguars@} could trade picks #1 and #33 and a player for {@Deshaun Watson@} . A mega-trade like that would be GENIUS for both teams. {@Houston Texans@} get Trevor Lawrence to go with their new HC (probably Eric Bienemy) and {@Jacksonville Jaguars@} get the second or third best QB in the league,2021-01-27,sports_&_gaming
435,"BREAKING BAD fans!!!! Kyle and I just watching El Camino, which follows one of the main characters after the ending of season five to Breaking Bad!! {@Netflix@} did a phenomenal job  It is a must watch!!! — watching Breaking Bad",2019-10-13,pop_culture
1057,Hard to believe that I m about to leave for the last {@All Time Low@} show of the decade  about to be fully in my feelings the whole night (or at least more so than usual),2019-12-29,pop_culture
155,I wanna go to {@gabi demartino@} ‘s fancy sleepover but then I remember living in Toronto makes me too far away,2019-11-10,daily_life
2265,The amount of times I have listened to Non living things on #NoPressure is crazy…Bless {@Sarkodie@} for this masterpiece album,2021-08-01,pop_culture
1016,Happy Mother’s Day to my beautiful sister {{USERNAME}} thank you for blessing me with a nephew ♥️,2020-05-10,daily_life
60,The TV reviews Daily is out! {{URL}} Stories via {{USERNAME}} #brooklynninenine,2020-03-29,pop_culture
2077,I’m so happy that my {@Kansas City Royals@} won the  2015 World Series without cheating!!! The {@Houston Astros@} players & ownership will forever be linked as cheaters for the rest of their careers #2017championshipistainted,2020-02-14,sports_&_gaming
782,"So I watched. I found miked-up aspect intriguing: the QB complain or plead to go for it on 4th and the official deliberations. And sue me, I enjoyed the games. The XFL kicks off with its first two games of the season {{URL}} {{USERNAME}} {@Mr Media Interviews podcast by Bob Andelman@} {{USERNAME}} ",2020-02-09,sports_&_gaming
35,#NASCARIsBack and I can t wait to watch some live sports for the first time in 2 months!!!! #NASCAR #Sports {@FOX NASCAR@},2020-05-17,sports_&_gaming
2668,Did The Federal Reserve Just Purposely Try To Crash The Stock Market? {{URL}} via {{USERNAME}},2020-03-17,business_&_entrepreneurs
1650,"Fowler - 3 sacks, FF, 1TFL  Ramsey - held the best WR in the world to 60 yards when he was covering him, and a forced fumble. Bortles - being the Boat Thank you {{USERNAME}} ",2019-10-20,sports_&_gaming
1060,Requesting Hall Of Fame by the Script to go out to {@FC Bayern Mnchen@} For winning the Champions League. {{USERNAME}} {@Capital in the Morning@} #aminaandfareed,2020-08-24,sports_&_gaming
358,"I hope everyone enjoyed Valentine s Day! Also, happy 15th {@YouTube@} !",2020-02-16,daily_life
1123,"I do not have the chance to be present tomorrow for the preview of your album, but know that I love you more than anything. I am broken but I keep a little hope of one day meeting you. I hope that you are happy and that you are well that s all that matters to me. {@Harry Styles@} ",2019-11-26,pop_culture
3129,-Good Night {@Twitter@} thank you guys so so so much for all the   love and support you guys have showed me today it  has meant  a lot to me..  you guys mean the world to me see everyone tomorrow!!,2020-06-14,daily_life
524,Dr. #Fauci says we are in the  bottom of the 6th  when it comes to where we are in the pandemic. I hope to Christ they don t call in the {@Philadelphia Phillies@} bullpen to finish it. {{USERNAME}} {{USERNAME}} #pandemic,2021-05-05,daily_life
1200,"HTFP Jobs: {@UK Supreme Court@} is looking for a Media and Communications Manager to Provide day-to-day support directly to the Head of Communications on media issues and communication campaigns, based London {{URL}} ",2021-07-13,business_&_entrepreneurs
2472,Up next on #amjoy {@Karine Jean Pierre@} and {@Cindy McCain@} .  Join us on #MSNBC2020,2020-11-01,pop_culture
265," {{URL}} Lara, you are such a talented, amazing, funny and down to earth Aussie piano muso! You should be proud of your massive fanbase {{USERNAME}} always watching your great streams, keep up the great work mate! Liam (herecomeslee/BluebellsofEngland)",2020-03-01,pop_culture
1585,[20:59] Purple Disco Machine / Sophie & The Giants - Hypnotized #nowplaying {{USERNAME}} {{URL}},2020-12-13,pop_culture
1664,I ts Day 3 of #RUNLHH and our 2021 co-chairs John Harrity and Sandy Maxey from {{USERNAME}} and David Jaffe of {{USERNAME}} are here to pump us up and count us down one last time for the start of the 31st #RUNLHH. {{URL}} Finish strong!,2021-06-13,sports_&_gaming
1968,[GWB PROMO] Chance$ By {{USERNAME}} Stream On Apple Music : {{URL}},2019-12-15,pop_culture
1518,"I would normally empathise with the {@British Airways@} IT team for a global failure like today, but I m a passenger with a 22 hour delay, 13 hours from home.  Personally, IT camaraderie doesn t extend to these lengths.",2019-11-21,daily_life
2179,A UN report warns extreme weather events that historically happened about once in 100 years could hit coastal cities yearly by 2050. Cities need to prepare now. {{URL}} via {@Bloomberg CityLab@},2019-09-26,science_&_technology
2489,Fox News host Tucker Carlson said the  hysteria” of the Black Lives Matter movement was like a pandemic. {{URL}} #PurposeProfit via {@HuffPost Politics@},2020-07-03,pop_culture
2267,"A lot on my mind tonight:  - the news of {{USERNAME}} ’s passing is so sad.  - I’ve been blessed with so many great people in my life.   - If there were more people like {{USERNAME}} in the world, we’d be doing alright.   - Merry Christmas! Jesus is awesome.",2019-12-25,daily_life
336,Great to see our President {{USERNAME}} at the great American race!!!,2020-02-16,sports_&_gaming
1156,Looking forward to the start of the new {@NASCAR@} season and THE #DAYTONA500 it’s a fresh new season and one with the most adjustments schedule-wise. Progress and evolution of the sport in  relevant ways on and off the track. #greengreengreen #NASCAR,2021-02-14,sports_&_gaming
887,Classic service from {@Ryanair@} book the early flight to make the most of a weekend in Dublin. 2 hour delay but the next flight is boarding an leaving on time #ryanair #gatwick,2019-11-23,daily_life
494,Saw the Ohio State football team getting off the bus downtown.  I yelled “YOU DIDN’T EARN IT!” {@JMV1070@} {{USERNAME}} {{USERNAME}},2020-12-18,sports_&_gaming
580,The {@Philadelphia Flyers@} just ran the table against three of the best teams in the {@NHL@} . This team is legit. Lord Stanley s Cup is coming home to Broad street.,2020-08-09,sports_&_gaming
2931,Ay {@SAINt@} you had the best performance today at rolling loud and this new song is firee  I wish you performed Monica Lewinsky though,2021-07-25,pop_culture
2262,Wishing my homie {{USERNAME}} a Happy Eid Mubarak,2020-05-24,daily_life
2410,"guess who s been listening to watermelon sugar and lights up today with nonstop!! {@Harry Styles@} (hint, me) #WatermelonSugar",2019-11-17,pop_culture
1189,New   F.Y.N Music Video comin soon.....  Touchdown by @NewyBaggz419 toni_baby_55  Davi Boy & Kane  Shot by travarescraig952 & edited by {{USERNAME}} #musicvideo #trapsoul #ohiomusic #hotmusic #vibes #studio… {{URL}},2019-09-24,pop_culture
2597,15 min listen... the Heat Dome in the NW. Will it lead to a run on A/C units? What about planes that can t take off full? Hospitals that see more patients on top of pandemic? There s a reason why climate change is systemic {@Andrew Freedman@} on ProRata {{URL}},2021-06-29,science_&_technology
212,Lea Michele Deletes Her Twitter After Naya Rivera’s Disappearance - Follow {{USERNAME}} for more celebrity news! {{URL}},2020-07-12,pop_culture
2411,Pictured: Woman who died from blood clots linked to vaccine {{URL}} via {@Daily Mail Online@},2021-04-17,science_&_technology
1064,"Permission to Dance  97,378,370  I vote for #BTS #Butter and #ARMY at the #KCAMexico  2021 {@BTS_twt@} ",2021-07-11,pop_culture
75,"given that {@Beatport@} has devoted 12 different genres to house music, it would be amazing if they could give one to  electro ! electro is always totally lost on Beatport, and it would really make sense that they add this genre as it deserves it! {{URL}} ",2020-09-28,pop_culture
2543,#righttolearn  Listen to our side of the story too. We are the parents who want our children to keep learning about the world through their online classes. #BanBedaChoiceBeku #OnlineClasses {@B S Yediyurappa@} {@S Suresh Kumar@} {{USERNAME}} #NimmaSureshFail,2020-06-21,daily_life
1312,Seriously {@DAZN Canada@} why are you showing Messi documentary at half time on the final day of the Premier League????,2020-07-26,sports_&_gaming
1031,"Game Day...  ⚽️| vs #OxleathersFC | {{USERNAME}} Div 3 ⏰| 1030 | Sponsored by The Roebuck at Draycott in the Clay | The Lowers, Abbots Bromley School   #CmonTheStags",2019-09-15,sports_&_gaming
2766,"The time and date is December 13, 2020 at 4:43pm and Adam Gase is still the head coach of the {@New York Jets@} {@NFL@} #NFL #SundayFootball #NYJets",2020-12-13,sports_&_gaming
247,The most savage thing the {@Cleveland Browns@} could do is release a ‘Building the Browns’ episode with the audio of Mason calling Myles the n word,2019-11-23,sports_&_gaming
1595,Over the Christmas break head yourself over to {@BBC iPlayer@} where #kinggary resides along with every episode of #murderinsuccessville sweet times. {@BBC One@},2019-12-28,pop_culture
1500,"Really bad journey back on {@NET Nottingham Tram@} last night. People not wearing masks, not following social distancing. Other people arguing with those not following the rules. No sign of anyone trying to enforce or encourage the new rules. Absolute free-for-all.",2020-08-02,daily_life
1919,Did anyone count the {@Southampton FC@} players at the start of the second half? I think there’s about 15 of them!,2020-07-05,sports_&_gaming
186,I am SO STOKED!! I will be working the sidelines with {@Ron Capps@} carrying a parabolic microphone for San Francisco radio station KNBR {@KNBR@} during Sunday s game between the 49ers and the Kansas City Chiefs.,2020-01-30,sports_&_gaming
2239,Jihoon blue hair Jihoon forehead Jihoon specs Jihoon turtle neck  TALENTED MC JIHOON  #ProIdolMCJihoon #지훈 #트레저 {@TREASURE@},2021-04-25,pop_culture
2015,Harry Styles Says One Direction ‘Became Closer’ After Zayn’s Departure {{URL}} {@PopCrush@},2019-11-24,pop_culture
2056,. {@Mike Ryan Ruiz@} {@Dan Le Batard Show with Stugotz@} {{USERNAME}} {@Jon Weiner@} {{USERNAME}} Tedd Ginn is on the Bears???,2020-09-27,sports_&_gaming
2837,B.MORGAN  Str8 Jacket  Official Music Video (Dirty) {{URL}} {{USERNAME}},2021-06-27,pop_culture
1622,High off life is the closest thing to DS2 I’ve gotten in years.  I’m happy {@FUTURE FREEBANDZ@},2020-05-17,daily_life
2248,"3 Episodes of {@Bridgerton@} left to watch.... I don t want it to end  literally gonna keep them till New Years Eve to bring in NYE in style, jammies, chocolate and Simon... ",2020-12-28,pop_culture
1075,I m still ticked at {@NBC Sports@} for moving a NASCAR race that was still going for the Kentucky Derby.  I m not as mad about missing the end of the race.  I m more mad that NBC now thinks so little of NASCAR that it s just another sport in their portfolio and expendable if needed.,2020-09-06,sports_&_gaming
2209," Lying  from {@Dan Shay@}  s upcoming album Good Things is out now!   The guys shared “This is the most fun we’ve ever had making a music video.   WATCH it now, right here... {{URL}} ",2021-07-30,pop_culture
1781,Laughing Watching {@FRIENDS@} With Him Yea We May Have To Get Married,2020-04-19,pop_culture
1655,Enjoying sounds of  Defected Radio - House Track Of The Decade Special (H...  by {@Defected Records@} #nowplaying on {{URL}},2019-12-29,pop_culture
32,10 years younger and a fitter body...I m pretty sure I can bat batter than Virat Singh and Abhishek Sharma combined . #SRHvDC {@SunRisers Hyderabad@},2021-04-25,sports_&_gaming
1124,Looking forward has the chair of {{USERNAME}} working with {{USERNAME}} {{USERNAME}} {{USERNAME}} {{USERNAME}} {{USERNAME}} in moving forward to reducing the amount of meat we use in the #PublicSector. Listening to our customers and driving forward #Together  #LeadingtheWay,2020-01-05,business_&_entrepreneurs
2287,Why didn’t The Rolling Stones ask {@Owain Wyn Evans@} to do the drumming if Charlie Watts didn’t have a drum kit for #TogetherAtHome ?,2020-04-19,pop_culture
445,Greta Thunberg wins  alternative Nobel Prize  for climate change activism {{URL}} via {@CBS News@},2019-09-26,science_&_technology
464,Remember! #justiceforssr #BoycottChineseProducts  What s the update? {{USERNAME}} {{USERNAME}},2021-05-09,business_&_entrepreneurs
3148,brightttt i just wanna sayyyy I LOVE YOUUUU ❤️❤️❤️❤️ {@bright@},2020-06-20,daily_life
1681,Shout out to {@Dominick Cruz@} great fight ... The champ is ready to re-clams his belt,2021-03-07,sports_&_gaming
1809,"Dillon Tate pitches the 7th for the Orioles and strikes out the side, 5-2 Tor. {@WGRZ@} #Orioles #WeAreBlueJays",2021-06-27,sports_&_gaming
1946,Defense on the field WAY too much already and it showed on that touchdown by the Steelers... {@Seth Joyner@} #Eagles,2020-10-11,sports_&_gaming
2170,Midfield three of Thiago Keita Fabinho next weekend please {@Liverpool FC@},2021-08-22,sports_&_gaming
243,"Dear {@FanDuel@} ,  Please make Paul George $3,500.... having him at over $8k plus is too much...it’s playoffs",2020-08-24,sports_&_gaming
1704,"Yessss! I am now a proud patron of Hunt the Front on {@Patreon@} , and you should be too: #NewPatron {{URL}} ",2021-08-22,daily_life
401,"Lovely Easter dinner, thanks Mamo! {{USERNAME}} ",2020-04-12,daily_life
2032,Announcing a new project - {{USERNAME}} has aquired the entire run of Brighton Hot Dog Shoppe sippy cups from 1992-2000 at auction for $15,2021-06-13,business_&_entrepreneurs
1984,I can not get enough of {@Jensen McRae@}  #Immune is on {@Spotify@}  s Chill Singer-Songwriter playlist AND she is the cover? The power  #OrchardAmbassador {{URL}},2021-01-31,pop_culture
450,#htownrush {@Chita Craft@} {@Xavier Walton@} {@Stephanie Simmons@} {@BrandiKHOU@} Good Tuesday morning. Laura not looking good for us and LA. Have a great day today and be safe. Be prepared. Think of others. WEAR THE MASK .,2020-08-25,daily_life
1227,U guys happy now? Please respect jennie and Rosé! {@BLACKPINK GLOBAL BLINK@},2020-06-18,daily_life
2484,"WTH, even a published {@The Associated Press@} article mindlessly defaults  Iowa State  to  Ohio State.  Check out the Barta quotes near the end. Unbelievable... {{URL}} ",2020-12-17,sports_&_gaming
2457,The was telling me to shut up and down speak. {@Andrew Holness@} is this the way persons should be treated after an ancient?,2020-10-04,daily_life
471,"So {@Netflix@} , I caved to the pressure and started Tiger King. I can literally feel brain cells dying with each episode I watch #TigerKing #why #StayAtHomeAndStaySafe #crazy",2020-03-29,pop_culture
2310,"So, {{USERNAME}} , I know we’re not supposed to take legal advice from a podcast, but can we take criminal advice? I’m just suggesting the bank robbery matryoshka houses have some merit and I’d like to explore further. {{URL}} ",2021-03-21,business_&_entrepreneurs
2885,Elon’s Energy Consumption Rants: Is Anyone Paying Attention?  By {{USERNAME}} #Bitcoin Maximalists Beef Against {@Elon Musk@} This☝️tweet put the entire #crypto      market in the red leading to a          tsunami of responses.  Thoughts  in The Comments {{URL}},2021-05-29,business_&_entrepreneurs
2741,Congrats to {@Team USA@} Women and Mens Basketball on winning the Gold Medal in Tokyo,2021-08-08,sports_&_gaming
1674,“These facilities have the stature of a Football League club.”  We sat down with {@Wales@} Euro 2016 semi-finalist {@Dave Edwards@} following his visit to the club yesterday afternoon,2021-06-27,sports_&_gaming
2178,Jade has to bee the masked singer {@Little Mix@} please say I’m not wrong #MaskedSinger I’m losing my mind,2020-02-09,pop_culture
1787,Bighit release the full Korean version of I like it pt. 2 {{USERNAME}},2020-04-19,pop_culture
1833,"Celebrating The 4th with the fam or a few friends? Create your own fireworks with our wine 6 pack, Sangria, dips, pie AND patriotic chips!!   {{USERNAME}} cilantro_artisan_foods abcpie #FourthOfJuly #ShopLocal… {{URL}} ",2020-07-01,daily_life
611,Final 1-1 for JV {{USERNAME}} vs the {{USERNAME}} .  Good game girls!,2019-09-09,sports_&_gaming
1407,Supporting NitroEx Exchange for my own Future. NitroEx for all the people of the future. #NitroEx #NitroExForMyFuture {{USERNAME}} {{USERNAME}} {{USERNAME}},2021-02-28,business_&_entrepreneurs
3085,"Another twinbill split for {@Down East Wood Ducks@} , setting up a decisive Game 5 against Fayetteville Sunday afternoon.  Winner advances, loser calls it a season.",2019-09-08,sports_&_gaming
2443,Earning gift cards for selling my stuff on {@Listia@} ! Join me using code  BLQBTN  for an extra 250 PTS. I just listed this: 2020 Topps Star Wars: The Mandalorian Season 1 #47 - The AT-ST has Awoken {{URL}},2020-12-25,pop_culture
2473,picking up some takeout at {{USERNAME}} and ran into {{USERNAME}} ! i hadnt seen him since mid march and it made me so happy!! @ Hoagies and Hops {{URL}},2020-07-01,daily_life
2122,I just don’t get it .. Martial is never going to be good enough Fred Maguire Lindelof Bisaka all absolutely shocking. Can’t beat the bottom teams or even play against them with desire. Worst game I’ve watched {@Manchester United@},2021-02-14,sports_&_gaming
2398,I already know {@Harry Styles@} new album will sound even better in the Spring. Songs like “Sunflower Vol. 6” and “Adore You” will play beautifully under 70 degree sunlight ☀️ #FineLine,2019-12-29,pop_culture
2523,I didn t speand a penny today. I m glad not to have been caught in a stampede. Sounds like hell and the antithesis of Christmas/ Winter solstice. Shoppers spend £3.3m a minute during  Stampede Sunday  {{URL}} Sent via {{USERNAME}},2019-12-22,daily_life
2437,Review:  Greenland  is the perfect disaster flick {{URL}} via {@WordPress com@},2020-12-20,pop_culture
2632,"A year ago, Louisville struggled to beat an FCS opponent, ISU.  Yes they won 31-7, but score wasn’t indicative of the game flow.  Today, they are demoralizing a better FCS opponent in EKU. {@Coach Satterfield@} thank you!! {{USERNAME}} , glad you’re gone.",2019-09-08,sports_&_gaming
1218," At some level, the details are not transmissible. They’re not copyable...The things that you do greatest are the things that you know not how you do.  {{USERNAME}} and {@Siddha Performance@} in conversation here {{URL}} If you are a creator, you have experienced this truth.",2021-03-21,pop_culture
1776,The latest The Family Adventure Project! {{URL}} Thanks to {{USERNAME}} #travel #mortgage,2020-04-26,daily_life
1498,Watch Kawhi (36 PTS in Game 5) warm up as his {@LA Clippers@} look to advance to their first-ever Western Conference Finals! #NBAPlayoffs   : LAC/DEN at 1 PM ET on ESPN  Music by {@UnitedMasters@} {{URL}},2020-09-13,sports_&_gaming
2789," 3 men in the box...   Well....actually, no I won t. I ll leave that to {{USERNAME}} #MCYvSYD",2020-08-01,daily_life
2097,"“You remember your first love because they show you, prove to you, that you can love and be loved, that nothing in this world is deserved except for love, that love is both how you become a person and why.” ( {@John Green@} in Turtles All the Way Down)   YA is beautiful.",2019-11-10,daily_life
1729,u like {@ylona@}  s new song u LIE SO WELL,2019-10-27,pop_culture
540,"These two big banks are refusing to get $1,400 stimulus checks to Americans as quickly as possible {@Wells Fargo@} {@Chase@} {{URL}} ",2021-03-14,business_&_entrepreneurs
110,"Talking the Blues, Manchester City (a) & end of season report. The bluntest assessment of what is required to make us successful. Change the culture by changing the leadership of the club. Otherwise we are wasting our time. {{USERNAME}} {{URL}} ",2021-05-23,sports_&_gaming
1631,Monday’s Google Doodle Celebrates Jupiter And Saturn On The Winter Solstice via {@Forbes@} {{URL}},2020-12-21,science_&_technology
510,So {@NFL@} we not gonna support breast cancer awareness this year ?  #BCA,2019-10-13,sports_&_gaming
1613,Hi {@Louis Tomlinson@} !! Hope you and your family are doing well! Please darling keep your self busy and entertained in this lockdown and always stay positive! Better days will came and we will get through this stronger! Have a good day and stay safe! Sending love and cuddles xx,2020-11-05,daily_life
1995,Guardiola’s tinkering ends in familiar Champions League exit for Man City {{URL}} via {{USERNAME}} #SatMusicSport,2020-08-16,sports_&_gaming
3025,Mobile payments firms in India are now scrambling to make money #fintech {@Paytm@} {@Google Pay India@} {@UPI@} {{URL}},2020-04-05,business_&_entrepreneurs
2045,"great stat about {@Colorado Buffaloes Football@} . in 2 games, they ve led for 103 min, tied for 8 and trailed for only 3. While both games have ended up being one score affairs, the 2-0 start is no fluke & {@Colorado Buffaloes@} have been the better team. #CUBuffs",2020-11-15,sports_&_gaming
2092,{{URL}} New Song Alert! {{USERNAME}} - Let Us Praise Him Ft. Enitan Adaba & Oyiza Adaba.   Let Us Praise Him  is a song that will stir and push you to praise The King of all Kings JESUS CHRIST the reason for this season and every other season.,2020-12-27,pop_culture
1719,#AttackonTitanFinalSeason #AttackonNetflixindia {@Netflix India@} please include all seasons of Attack on Titan including final season on Nexflix india We fans are really hoping to watch it on Netflix For last few days Attack on Titan craze in india has gone crazy. From {{USERNAME}},2020-12-06,pop_culture
1607,The Tampa Bay Lightning signed Alex Green to an entry-level contract {{URL}} via {@Raw Charge a Champa Bay Lightning web site@},2020-09-13,sports_&_gaming
2490,1. {{USERNAME}} 2. {{USERNAME}} UwU 3. {{USERNAME}} 4. {{USERNAME}}  5. {{USERNAME}} 6. {{USERNAME}} 7. Okie EVERYONE 8. {{USERNAME}} 9. @ ehh??  Nobody am fwends with all UwU xD 10. @ I got no one B)   Drop an emoji and I will send the questions!!,2019-10-06,daily_life
78,Congrats to #TysonFuryGypsyKing this was well deserved. Looking forward to his fighting {{USERNAME}} very soon.  #FuryWilder2  Wilder vs Fury II: Tyson Fury hands Deontay Wilder his first career loss  #WilderFury2 {{URL}},2020-02-23,sports_&_gaming
2258,NEW DAY NEW WORLD #thespoons music video for positive mental health during COVID to #CoreyHartNow  (Corey rocked!) #janesiberry #ImagesInVogue #aFlockSeagulls #PeetandReet #yourtvniagara {@Richard Crouse@} These folks rocked it! Watch video: {{URL}},2020-05-03,pop_culture
1996,The man who built each & every step of his SUCCESS by his own & made the entire world to gaze at him  I Started liking him for his onscreen performance & grownup by admiring his Offscreen character  He is a complete package of SUPERSTAR {@Sidharth Shukla@} #BrokenButBeautiful3,2021-05-30,pop_culture
313," Analysts like Patrick Heusser, the head of trading at Crypto Broker AG, argue that the coin could have further to fall — potentially even to US$20,000.  via {@Stephanie Hughes@} {{URL}} ",2021-07-21,business_&_entrepreneurs
1307,Hunter Renfroe just did what the {@Los Angeles Dodgers@} don’t do.....with two on and two outs he popped up.  The Dodgers get it done and get those runs home.  Just a different level of offensive baseball.  #worldseries,2020-10-25,sports_&_gaming
911,Please note that our staffed opening hours today and tomorrow are 9.30-4pm. Follow us to keep up with changes to our regular staffed hours. 24/7 access is available as normal. Contact us for details. {@UHNM NHS Trust@} {{USERNAME}},2020-03-23,business_&_entrepreneurs
697,"Omg am so happy for {@Ariana Grande@} even if our romance never saw the light of day, my baby is ENGAGED",2020-12-20,pop_culture
466,Very nice shout out you just did on the radio for clay. I am also happy for your opportunity as well on the radio keep up the good work….. {{USERNAME}},2021-05-30,pop_culture
1019,The Champions League final set to be played at Wembley. [ {@Times Sport@} via {{USERNAME}} ] #UCL,2021-05-09,sports_&_gaming
363,School on a 2 hour delay.  We will get that b day stream started sometime this morning.  = ) {{USERNAME}} {{USERNAME}} {{USERNAME}} {{USERNAME}} {{USERNAME}} {{USERNAME}} {{USERNAME}} {{USERNAME}} {{USERNAME}} {{USERNAME}} {{USERNAME}} {@Mixer@} {{USERNAME}},2019-11-22,daily_life
1842,"#VenueOfTheDay: {{USERNAME}} boasts the best-preserved Tudor gardens in England. With the backdrop of the grand castle and surrounding wisteria and English roses, the grounds here offer the perfect big-day setting. {{URL}} #avon #bristol",2021-08-01,arts_&_culture
2969,"Defending state champs Yavneh Dallas (6-1) have their 24-game win streak snapped as they are denied a 5th straight trip to TAPPS 3A Final Four, falling in 1/4finals to Denton Calvary 53-44 {{USERNAME}} ",2021-03-07,sports_&_gaming
1344,MORISSETTE NEW MUSIC   LYS TEASER RELEASE   Written by: MORISSETTE AND DAVE LAMAR!! {{USERNAME}},2020-11-22,pop_culture
1360,"I request all the country men  to give holidays to your servant s who are working at your house, residence, bangalows. By this we can stop spreding of covid19. A work yourself in your houses. For sometime ... {@Narendra Modi@} {@PMO India@} ",2020-03-22,daily_life
2692,The fake news of the Republican Party. #TheTraitors {@Chris Christie@} {@Nikki Haley@} {@Mitt Romney@},2020-11-06,pop_culture
2069,"I wish I was attending #SPIEL19, the biggest gaming convention in the world & am joining an Epic Giveaway by {{USERNAME}} & {{USERNAME}} for a chance to win a €5.000 Garrison gaming table  !! {{URL}} #rathskellers #spiel19 #giveaway #gamingtable",2019-10-20,sports_&_gaming
2616,Yuval Noah Harari: Lessons from a year of #COVID  In a year of scientific breakthroughs — and political failures — what can we learn for the future? {{URL}} via {@Financial Times@},2021-02-28,science_&_technology
3122,Quintino goes to the line with 28.4 left. Pirates lead 60-49 {{USERNAME}} {{USERNAME}},2019-12-29,sports_&_gaming
1524,"Yes, I’d like to see more of the greatest Batman ever  #MakeTheBatfleckMovie & #RestoreTheSnyderVerse  AT&T: Make Ben Affleck’s solo Batman film. - Sign the Petition! {{URL}} via {@Change org@} ",2021-05-30,pop_culture
1034,Lmao {{USERNAME}} you expect me to be on the plane takin off already! This time change finna have us struggling,2020-03-08,daily_life
83,Happy PAs day to the fun parent {{USERNAME}}  … our kids & Ms Riley are lucky to have you ❤️ {{URL}},2021-06-20,daily_life
79,"#SurvivorSeries On yesterday s {{USERNAME}} show, I threw out Dominik s name as a potential winner to the battle royal as a joke.  He s currently in the final four.",2020-11-22,pop_culture
662,Next up Ralph Breaks the internet which in its final throws made me wish my internet was broken! Available now on NOWTV.   My ★★½ review of Ralph Breaks the Internet (2018) on {@Letterboxd@} : {{URL}},2020-03-22,pop_culture
1439,"New Album By {{USERNAME}} dope!! Go Listen {{USERNAME}} {{USERNAME}} {{USERNAME}} {{USERNAME}} {{USERNAME}} {{USERNAME}} {{USERNAME}} {{USERNAME}} {{USERNAME}} Sore with your family and friends, Share Your Thoughts!!! {@Sony Music@} {@Def Jam Recordings@} {{URL}} ",2019-11-27,pop_culture
3102,Drivers license by {@Olivia Rodrigo@} literally gave me goose bumps! So good,2021-01-11,pop_culture
919,The illest thing about DJs (self included) throwing up mixtapes and performing live on the internet is that we are literally giving you *an experience* that we normally charge for.  You think you booking {{USERNAME}} for 6 hours for FREE?  TUH!,2020-03-22,pop_culture
1440,Although I love the album as a whole.. Second Best is just that one song that hits different. {@ISSUES@},2019-10-06,pop_culture
2564,U know when u really love Taylor Swift when u just bought her album from iTunes and r playing it and r automatically inlove with it  yes that s me right now  {@Taylor Swift@} #FearlessTaylorsVersion  I love u so much taylor,2021-04-10,pop_culture
2419,". {@Hilltop Hoods@} {{USERNAME}} Hilltop Hoods have written a song from, and about isolation titled  I m Good , with proceeds from the track going to the Support Act ‘Roadies (Crew) Fund’, get behind it... {{URL}} ",2020-05-03,pop_culture
2250,Updating the scoreboard since 2014: {@Alabama Football@} 12 non-conference September home games. Night games: 1  LSU: 12 non-conference September home games. Night games: 12.*   *LSU’s 2015 game vs. McNeese State (6:30 p.m. kickoff scheduled) was cancelled due to weather.,2019-09-09,sports_&_gaming
808,#TEAMBEITER takes the second place at the Indoor World Series Team Event. Thank you for representing {{USERNAME}} . #archery #worldarchery #madeingermany #archeryoriginals @ South Point Arena & Equestrian Center {{URL}},2020-02-09,sports_&_gaming
1510,Another great night! MM2 and Tabletop with {{USERNAME}} ! Always super fun! Thanks for the raids and support {{USERNAME}} {{USERNAME}} and Dyl5192 you guys rock!,2020-01-26,sports_&_gaming
656,Season food schedule so far:  Wk 1 vs Miami - Cuban sandwich thanks {{USERNAME}} Wk 2 vs Arizona - Chicken chimichangas / choc n banana chimichangas. Wk 3 vs Kansas - slow cook bbq ribs Wk 4 vs Cleveland - pulled pork Wk 5 vs Pittsburgh - Pierogies & primanti sandwich,2019-09-15,sports_&_gaming
1921,John Waddle the Head Baseball Coach of Coon Rapids Bayard joined Carroll Broadcasting after a tough 5-4 loss to Grundy Center in the Class 1A Sub-State 6 Final on Tuesday. {{USERNAME}} {{USERNAME}} {{USERNAME}} {{USERNAME}} {{USERNAME}} {{URL}},2021-07-21,sports_&_gaming
1442,(October Horrors #18) Need some #HorrorMovies  suggestions? Here are 20 of the greatest according to {{USERNAME}} : {{URL}},2020-10-18,pop_culture
3009,the hype is real!!! #BTS_Dynamite #MTVHottest BTS {@BTS_twt@},2020-08-02,pop_culture
858,"Bars close at 10PM in NY, but if you are rocking with {@Lee Brice@} then the parking lot is where the party is at! #Parkinglotparty",2020-11-21,pop_culture
1803,"Schnikes wanted {@The Diamond@} to win, but TKO in the second??? Two great combatants hopefully see {@Conor McGregor@} and Poirier again in a championship fight if {@khabib nurmagomedov@} doesn’t come back",2021-01-24,sports_&_gaming
2279,The Most Awaited #Bigil Audio Launch Day Is Here Now Nanbas Today At 6:30pm it Will Telecasted In {@Sun TV@} Nanbas Make Time Free & Watch The Full Video Of #Bigil Audio Launch  From Beginning Till End There An Many Surprises Things Is Waiting Nanbas  #BigilAudioLaunchOnSunTV  #Bigil,2019-09-22,pop_culture
2586,. {@Las Vegas Raiders@} stand tall in the red zone and hold Tampa to a field goal. They trail 24-10 with 8:16 to play in the third quarter.,2020-10-25,sports_&_gaming
2315,"#Vaazhl loved it, crazy writing, well executed by {{USERNAME}} and brilliantly supported by the cast two female lead, the boy yatra and {{USERNAME}} , and  music {{USERNAME}} kudos.",2021-07-18,pop_culture
844,"Excuse me while I take the weekend to try & recharge before I cross the battle line, hopefully don’t get questioned by the police and keep fighting the good fight on Monday by caring for my preschoolers. We go alone? Thank you to {{USERNAME}} for their profoundly needed advocacy.",2021-04-16,daily_life
833,Big10 Women s Golf Championship final round today at {@TPC River s Bend@} .  They really are pretty good. {{USERNAME}} And not to far from now some may be on the {@Symetra Tour@} Exciting stuff. {@Beth Ann Nichols@},2021-04-25,sports_&_gaming
1614,Join {@hollyltucker@} and the bank for Mastering Your Money With NatWest Business and learn how to tackle all of your business ailments.   The first session is at 12 noon on 12 April. Full details can be found below. {{URL}},2021-03-26,business_&_entrepreneurs
213,Happy Mother’s Day to my sister {{USERNAME}} ❤️❤️. Chunks got a whole support system and I love seein you post her. Keep being a great mom. Love you,2020-05-10,daily_life
2788,"Also, if this is how this game is going to go, {{USERNAME}} being out might be the biggest absence for Ohio State.",2020-12-19,sports_&_gaming
131,I’ve lost count of the number of times I came back to “Building a Design System for iOS” by {{USERNAME}} It’s priceless! #iosdev #SwiftLang {{URL}},2021-01-24,science_&_technology
439,"The best of The Oscars: {@Elton John@} . Congratulations to my favorite singer in the whole world, I LOVE YOU!",2020-02-10,pop_culture
2702,#UFC251 already had 3 crazy groin strikes and it s not even the main card yet (via {@Zain Bando TM@} ) {{URL}},2020-07-12,sports_&_gaming
1609,St. Margaret s  09/09/19 {{USERNAME}} :00pm Game 3 vs. Canon Mac Forwards 1.Wilpula-Migliozzi-Felsing 2.Defillip-Robb-Gollob 3.Cavanaugh-Freeman-A.Schalt 4.Paul-Cessna-Lutz Defense 1.Geregach-Strilka 2.Casperson-Muha 3.Molka-Zulka Goalies 1.Reinholt 2.O Malley,2019-09-09,sports_&_gaming
853,Kpop MVs that have reach 11M likes on Youtube: {@BTS_twt@} : 12 {@BLACKPINKOFFICIAL@} : 6 {@PSY@} : 1 #AgustD: 1  Last Kpop MV that have reach 11M likes: BTS  Permission to Dance .,2021-07-11,pop_culture
448,To sit by the fire in mystic caves Painting the first man and the first woman defeating the first beast Dreaming of a simple future that could survive the heavy rains...   #Poetry by {{USERNAME}} {{URL}},2019-10-27,arts_&_culture
2824,Happy fathers day to you all men sitting in offices and robbing the future of our children ! {{USERNAME}} {{USERNAME}} {@Solomon Serwanjja@} Join me in wishing them a great day!,2020-06-21,daily_life
2674,#NP on #WRRR Falling into Red (. {{USERNAME}} ) - The Storm Inside {{URL}},2021-05-09,pop_culture
2902,SOULFLY - Back To The Primitive (OFFICIAL MUSIC VIDEO) {{URL}} via {@YouTube@} a {@Jesse Ventura@} campaign will coincide with the resurrection of #numetal #GoGreen #GreenEnter #enterthegreen,2020-05-03,pop_culture
2568,"The launch of the 2 astronauts into space is a great moment. Too bad it came when the country was in deep crisis. In the darkness, we all look for light - perhaps this is the turn for the better for us all. {@NASA@} {@SpaceX@} ",2020-05-30,science_&_technology
1727,"tgck for {{USERNAME}} !  The difference in beliefs makes all the distinction in life and death, sometimes, and Ochako cannot be bothered to understand that now as Himiko coughs and tells her to leave, a sad, love-etched smile on her face, because Ochako doesn t want to leave.",2021-06-27,arts_&_culture
103,I like your smile I like your kindness I like your eyes l like your lips I like your handsome I like the way you think i love your every little thing I really love you #GulfKanawut {@gulfkanawut@} #ดีใจที่ได้เป็นแฟนคลับกลัฟ ❤Gulf morning ❤,2020-12-27,pop_culture
523," Being “mindful,” embracing and embodying mindfulness, means you have a “Mindfulness AAA Mindset”—you are Aware, Advancing, and Authentic by nature. It’s the lens from which you look, the mindset from which you operate, the way you choose to be in the world.  ___ {{USERNAME}} ",2019-10-20,daily_life
1102,Josh Jones on flipping from Oklahoma State to {@Houston Football@} :  “It was probably one of the best decisions I ever made in my life - just being able to stay home & play in front of my friends & family. It was an amazing experience. My 2015 year we went in there & won the Peach Bowl!”,2020-04-15,sports_&_gaming
1821,Trump Supporters Rioting Outside Election Offices Across America {{URL}} via {@YouTube@} #CountTheVote #EveryVoteCounts #AmericaHasSpoken #Democracy,2020-11-06,pop_culture
1415,happy thanksgiving to all the harries out there!! happy holidays everyone!! hope y’all got your belly’s full with some good food  {@Harry Styles@},2019-11-29,pop_culture
165,"Yet another wonderful annual Halloween Movie Night (a little early this year but still) with my boys {{USERNAME}} and {{USERNAME}} . Stay Legendary guys, we ll try and do another one before next year.",2020-10-18,pop_culture
2770,". {@Liz Claman@} said  wearing a mask is now a choice, if people want to, sure go ahead.  The Biden administration  didn t even know the CDC was going to make this announcement.   #MediaBuzz",2021-05-16,science_&_technology
907,Check out THE BEAST IN THE CELLAR SEVERIN BLU RAY LMTD 1/3000   SOLD OUT 4 K SCAN NEW!  #SEVERIN {{URL}} via {{USERNAME}},2020-02-02,pop_culture
2658,ARASHI - Turning Up (R3HAB Remix) [Official Music Video] {{URL}} {@YouTube@} より #ARASHI #嵐 #R3HAB #TurningUpR3HABRemix,2020-03-01,pop_culture
1860,First time in 32 year {{USERNAME}} won’t be open  celebrating valentines will miss it but please god be back at it next year if your cooking tonight keep it simple enjoy   Some delicious wine & food wine & some music #StaySafe #valentinesday2021,2021-02-14,daily_life
2363,"Very proud of my friend and fellow {{USERNAME}} PR school alum {{USERNAME}} who has been appointed Managing Director of Porter Novelli {{USERNAME}} . Back at uni, my whole year group wanted to be Brad when we grew up, and I m pretty sure we all still do ! ⤵️ {{URL}} ",2021-07-08,daily_life
1741,I love seeing {@TM Marcus@} clean up on sport bets but am always jealous I live in a state where I can’t partake,2021-03-26,sports_&_gaming
395," Honor all people, love the brotherhood, fear God, honor the king.  {{URL}} via {@Faithlife@} ",2021-06-20,daily_life
625,Epic battle in the WCC quarterfinal. {{USERNAME}} ripped my Pepperdine heart out with that crazy clutch 3 to put the game away. Lost an instant classic and an hour in one night. #TiredWave #congratschesschamp,2020-03-08,sports_&_gaming
695,I wish {{USERNAME}} was here @ my house w me watching Disney+ just like the good ole days,2019-11-17,pop_culture
947,#IWD2021 This year s Theme: ‘Women in leadership: Achieving an equal future in a COVID-19 world shall be marked as we #ChooseToChallenge on International Women Day #IWD2021. {{USERNAME}} shall tomorrow join the main event hosted by multi-stakeholders in Mombasa.,2021-03-07,daily_life
761,I need one of them {@Damian Lillard@} jerseys for Christmas man. Can’t find them anywhere! NBA store sold out and everywhere else same thing shiettt,2020-12-10,sports_&_gaming
1383,So happy bcs my fav Vocaloid producer aka {@sasakure UK MV@} is about to launch a new album!!!!!,2019-12-29,pop_culture
2228,"Dana White is going in hard on {@Peoples Champ@} for how he  fought like crap . He even said that  The fight sucked .  Look, I agree and all, but that s probably not the best way to approach a press conference after selling millions of PPVs to watch the fight. #UFC248",2020-03-08,sports_&_gaming
2727,♫ #NowPlaying “Shout At The Devil” by {@Mtley Cre@} on #Anghami {{URL}},2021-03-28,pop_culture
1401,"#Win a LEGO Stationery Prize Pk!  The 8-pack brick-shaped erasers are fun for LEGO lovers, student s school supplies, a nostalgic desk statement at the office, or just a creative and colorful way to erase mistakes! {{USERNAME}} Can 6/19 {{URL}} #afol",2020-06-07,business_&_entrepreneurs
645,please if any of my moots have an {@ashe@} follow i would be so thankful if you wanted to rt a few of my tweets onto her tl   #TCOE {@ashe@} Would you maybe want to follow me and a few friends? {{USERNAME}} @_fasiha1 {{USERNAME}} @tpwknadds @91PERXFECT  We love you!,2020-12-27,daily_life
2945,"PAM - Justin Quiles, Daddy Yankee, El Alfa (Official Music Video) {{URL}} via {@YouTube Music@} ",2020-05-03,pop_culture
2424,I m encouraging my few 1.8k friends to show more love and support to my taetae and the rest of bts members also Let s stay and protect them at all costs! What ever happens  Happy 7Th anniversary !!   #V #JUNGKOOK #JIMIN #JHOPE #Suga #JIN #RM  #BTS #BTSARMY {@BTS_twt@},2020-06-14,pop_culture
3112,The {@NEWCASTLE JETS FC@} have gone down to {@WS Wanderers FC@} in {{USERNAME}} tonight. There was controversy and a half-hour delay. {{URL}},2019-11-22,sports_&_gaming
1882,"I couldn’t sleep last night and ended up reading all of “Daughters of Jubilation” by {{USERNAME}} .  WOW.  Powerful, beautiful, funny, and sad as fk.  Hereditary Black girl magic set in the early 60s in the South, with all that entails.  Complex and smart main character. Read!",2021-04-04,arts_&_culture
771,"Zoom meetings aren’t end-to-end encrypted, despite misleading marketing {{URL}} by {@Micah@} , {@yell growler@} #Zoom",2020-04-05,science_&_technology
2895,At what point does {@Tom Steyer@} just STOP!!   This ain t  the Drive  from Elway v. The Browns... this is a game you can t win but what do you want to do that adds value.   Perhaps it is true you just need attention. I am rich. Look at me. I am bored. Help me not be.,2019-11-21,sports_&_gaming
51,Morning  to everyone {{USERNAME}} family.  I have just enjoyed looking at the tweets of what you all did on your first day at home. Keep up the good work. Please keep tweeting us,2020-03-24,daily_life
1375,"Load management has become a big issue for the Clippers early in the season. They re trying to block out the noise, but it s hard when they lose and Kawhi Leonard sits. {@Jovan Buha@} has the story. {{URL}} ",2019-10-31,sports_&_gaming
1121,happy new year   everyone out there my best memory of 2020 is that I got to talk to two wonderful people   and one of them I love from the bottom of my heart {{USERNAME}} {{USERNAME}},2020-12-31,daily_life
3162,Honestly the fact that there is just talking about hockey between these guys and not just Don Cherry yelling and complaining is so much better. I actually keep the channel on now. {@Hockey Night in Canada@} {@Sportsnet@},2020-02-02,sports_&_gaming
1035,Kanye West is having a true town hall.  NO MODERATORS   Directly talking and listening to the audience.   {@ye@},2020-07-19,pop_culture
2286,". {@BTS_twt@} ’s “Permission To Dance” has entered Top 5 of Melon 24Hits, their 4th song to do so! (Dynamite, Life Goes On, Butter, PTD)",2021-07-11,pop_culture
2145,"Sister in-law is in Texas no more than 20 minutes and she labels all Trump supporters as rednecks and then says...”well except you and my sister”. Me-“that’s the most ignorant statement, let me guess {{USERNAME}} is racist too”. Her- “yes”.",2020-10-30,daily_life
2710,"Thinking of calling in to {@WGR 550@} to: 1. Thank them for taking my call. (Pause for response) 2. Tell them how long I’ve been a fan. 3. Opine that, as a former assistant coach for a little loop team, I would make the Bills run gassers and Oklahoma drills their entire next practice",2020-10-20,sports_&_gaming
111,Follow spree? {@Dove Cameron@} please...? ❤️❤️ I love you so much omg that would be amazing please follow us ❤️❤️,2020-08-09,pop_culture
183,OMG the voice. I always did love {{USERNAME}} deep soothing voice Yasssssssssssssssssssss #WendyWilliamsMovie #WendyWilliamsEvent #WendyWilliams #WendyWilliamsWatchParty,2021-01-31,pop_culture
613,"Check out the new episode of Tackling Reality on the Wrestling With Reality Podcast! {{USERNAME}} and I talk Antonio Brown, Aaron Hernandez and Tom Brady! We also talk about last weekends Conference Championship games and preview the Super Bowl! {{URL}} ",2020-01-24,sports_&_gaming
2402,"Lakers up 30-26 on New Orleans at the end of the first quarter. Earlier today, {@Sam Amick@} made the case for the Pelicans as the Lakers most likely first round opponent (and why the league would love it). {{URL}} ",2020-02-26,sports_&_gaming
1706,"Chelsea in the FA Cup final, Chelsea womens in the Champions league final but most importantly Bromley away at Notts County.. This weekend could be the best weekend.. Or the worst!  {@Bromley FC@} {@Chelsea FC@} {@Chelsea FC Women@} ",2021-05-15,sports_&_gaming
1557,New Faith Baptist Church - International {{USERNAME}} Presents... {{USERNAME}} On PERISCOPE {{USERNAME}} On TWITTER -The Power In Praise Gospel Mixshow {{USERNAME}} $COREDJSKNO {{URL}},2021-01-31,arts_&_culture
3071,"RIH #JuiceWrld In a tragedy that is going to sadden the world, platinum rapper {@JuiceWorlddd@} Jarad Anthony Higgins) is dead at the young age of 21 Juice Wrld had just landed at Chicago Midway Airport & was walking through the terminal when he suffered a seizure. {@interscope@} {@Universal Music Group@} ",2019-12-08,pop_culture
1711,GAME DAY!  All three teams in action again this week.  1sts vs {{USERNAME}} (H) 3:00pm kick off   Reserves vs {{USERNAME}} reserves (A) 2:30pm kick off  3rds vs {{USERNAME}} 3rds (A) 2:30pm kick off   Best of luck to all three teams   ⚪️ #UTS,2019-09-14,sports_&_gaming
1178,"Relegation is on the line during the final match day of {@Lega Serie A@} . Two teams are competing to stay in the top flight: {@Genoa CFC@} are safe with a win, or a {@U S Lecce@} draw or loss.  Lecce need a win and a Genoa loss or draw, or it’s Serie B in 2020/21. {{URL}} ",2020-08-02,sports_&_gaming
2129,Blue Paw Prints Face Mask for Kids with Ear Savers. Handmade Face Mask for Kids. Reusable Face Mask for Kids. {{URL}} via {@Etsy@} #kidsfacemask #handmade #etsycanada,2020-10-04,business_&_entrepreneurs
397,Sinner rightly shouldn t be compared to two previous nextgen winners - article states Harris as his first round opponent which seems incorrect as he is listed to play Purcell on the {@AusOpen@} website {{URL}},2020-01-19,sports_&_gaming
1291,Happy National Ice cream day To my one and only true love {@HEB@} creamy creations,2020-07-19,daily_life
1630,Reading about this: #Beauty - The Power of Beauty #Style #FrizeMedia #Fashion - {{URL}} {{USERNAME}} #ContentMarketing #OnlineAdvertising #DigitalMarketing #SEO #DigitalMarketingServices #OnlineMarketingTopEurope #OnlineMarketingGhana #Marketing,2020-11-15,business_&_entrepreneurs
2730,Harry Styles - Watermelon Sugar | (REACTION) {{URL}} via {@YouTube@} {@Harry Styles@} #watermelonsugar #HarryStyles #reaction #love  #WatermelonSugar #reactionvideo #twins,2019-11-17,pop_culture
1743,the one time apple music is better than spotify is right now cause {{USERNAME}} new album is out there but not spotify,2021-08-20,pop_culture
2136,Enjoyed that game. Not the result I wanted but good all the same. Unlucky {@Adrian Lewis@} fought back well,2019-09-08,sports_&_gaming
2086,"#Nadal #BarcelonaOpen   Congrats {@Rafa Nadal@} {@Stefanos Tsitsipas@} threw everything he had at Nadal, but the King of Clay won t be denied!",2021-04-25,sports_&_gaming
2321,"Big congrats to {{USERNAME}} for winning the State Qualifier in 7.35 for the 55m, big things to come next weekend {{USERNAME}} {{USERNAME}} #shsvtf",2020-02-23,sports_&_gaming
2365,The Police - Every Little Thing She Does Is Magic {{URL}} via {@YouTube@} ✨,2021-04-18,pop_culture
571,I just spammed niall questions if  so long  is included in his new album {@Niall Horan@},2019-11-24,pop_culture
3181,"I love how people in kpop a kpop idol or company will litterally copy a black artist, a ACCUSE them of pulling the race card and saying they re a CLOUT CHASER just for callling someone out,  Sis make it make sense, Purrr ~ {{USERNAME}} ",2021-04-04,pop_culture
2797,"Remember, following ABC s postgame coverage, the party continues at {@Major League Soccer@} . #MLSCup postgame w/ {@Ike Opara@} , {@Calen Carr@} , {@Matthew Doyle@} , myself and whole buncha folks on site!  Might be tough to watch if you re a {@Toronto FC@} supporter, but everyone else ought to have a good time.",2019-11-10,sports_&_gaming
3072,Fear the Walking Dead Mid-Season 6 Finale Trailer {{URL}} #FearTWD #TWD #TWDFamily #AlyciaDebnamCarey #TheWalkingDead {@Garret Dillahunt@} {@JENNA ELFMAN@} {@Alycia Debnam Carey@} {@danaygarcia@} {@Colman Domingo@} #fearthewalkingdead #WalkingDead #scifi #horror #GeekLove #StaySafe,2021-03-07,pop_culture
2309,"I’ll keep it short: we’re hiring a VP of Marketing {{USERNAME}} ...  In *November* we: Originated 7-figures in New $$$ Ran more IPOs than the NYSE Sold out a Clothing Line Bought a Dinosaur  For a great storyteller, theres MASSIVE opportunity here.   for details, DMs open",2020-12-06,business_&_entrepreneurs
1534,"Potential new champion crowned tonight. Legacy defining day for a few stars and all the talk this morning is  about Scott Foster. This clown shouldn’t be employed and somehow is the head ref in the most important game of the season, clean it up {@NBA@} . #NBA #NBAFinals",2021-07-20,sports_&_gaming
2861,Varsity boys finish their storm delayed game from yesterday with a victory 5-2 vs {{USERNAME}},2019-09-12,sports_&_gaming
1874,The {{USERNAME}} boys take the win tonight in {{USERNAME}} against {{USERNAME}} in the #SiegeInviteSeries   Proud of these guys and GGs to Carnage,2020-02-02,sports_&_gaming
356,Vote for your 2020 Rising Star winner! {{URL}} Rugby League Family can you take time to vote for {@Ryan Boyle@} please,2020-04-26,pop_culture
608,Pre-save my new release  THE BAD GUY  on Spotify: {{URL}} (powered by {@DistroKid@} ),2021-01-09,pop_culture
239,"hay {@Zack Snyder@} I know an easy way to end your cut, after which have a small recap of MOS & BVS with the original cut of JL, just like 45 sec or so so we know it s those movies but have the super hero shot end with the Justice Lords costumes.",2020-08-02,pop_culture
3083,Robo Alive Junior Baby Shark Sing and Swim Bath Toy in stock at Walmart {{URL}} for $22.75 | Get The Tracker App {{USERNAME}},2019-12-01,business_&_entrepreneurs
2672,"Jay B’s new song sounds so good! Can’t wait for his album. {{USERNAME}} (ok I can …wait until after my exams pls, August is fine)   JAY B Sings Live From His Bathtub & Tells Us EVERYTHING | Singing in the... {{URL}} ",2021-07-04,pop_culture
2167,Love you 3000 times my superstar {@Mahesh Babu@} .. Need 3k retweets for my love..  #HBDMaheshBabu  #SarkaruVaariPaata,2020-08-09,pop_culture
1814,Had the absolute pleasure to sit next to and work with {{USERNAME}} for MLS Cup today. He is an absolute top stat man and I m pumped he let me tag along today. I had a blast.,2019-11-10,sports_&_gaming
374,Obo Okoronkwo explains the key to having success in the NFL {{URL}} via {@Rams Wire@},2020-02-09,sports_&_gaming
2998,Nelson #Semedo to Wolves is ‘here we go’ and confirmed. The deal is done and will be signed on next few hours also with Barcelona. Personal terms agreed with Mendes until 2025. Medicals on next week.  #Wolves  [ {@Fabrizio Romano@} ] #barca #fcb #transfers,2020-09-20,sports_&_gaming
1937,Fuller House ended sooner than stars expected (via {{USERNAME}} ) {{URL}},2020-06-07,pop_culture
1321,Co-founder of {@Neon Doctrine@} . On the look out to help indie games reach their potential.,2021-04-22,sports_&_gaming
1125,Happy mothers day {{USERNAME}} from your best friend wee esme we d be lost without ya ❤,2020-03-22,daily_life
1527,Check out Patrick Mahomes Football Display Case W/ A Kansas City Chiefs Engraved Nameplate {{URL}} via {{USERNAME}} #PatrickMahomes #ChiefsKingdom #SuperBowl #FootballCase #EngravedNameplates available at {{URL}},2020-02-09,sports_&_gaming
2345,Arsenal fans slammed for flouting social distancing rules after FA Cup final win {{URL}} via {@MailOnline Sport@},2020-08-02,sports_&_gaming
2881,The Champ is back!! {@Conor McGregor@} now {@Jorge Masvidal UFC@} is next?? #ufc #UFC246 #fightnight,2020-01-19,sports_&_gaming
729,Watermelon Sugar by Harry Styles is number ONE on ITunes!! {@Harry Styles@},2019-11-18,pop_culture
1391,I couldn’t count how many times moos have to see false accusations towards the girls...‍♀️Ants trying to bring us down 24/7 but we’re strong enough to deal with that   APOLOGIZE TO MAMAMOO {@MAMAMOO@} #MAMAMOO #마마무 #APOLOGIZETOMAMAMOO,2020-12-27,pop_culture
2834,"Also, with all my Disney-mega-franchise concerns, I feel the need to clarify: {@The Mandalorian@} is the greatest Star Wars anything that has ever been created.",2020-12-20,pop_culture
1408,#Wilder vs  Fury II Live  Link   {{URL}} Wilder vs  Fury II Live @LIVESTREAM@@Deontay Wilder vs Tyson Fury 2 LIVE !@PPV~FIGHT#Wilder vs Fury 2 Live FrEe,2020-02-23,sports_&_gaming
2891,I was at the game 7 #2011 {@Vancouver Canucks@} #Blackhawks .  I know what happens but I’m still yelling at the tv and my stomach is in knots. Can’t wait for Canucks playoff hockey,2020-03-29,sports_&_gaming
2264,"Congratulations Italy! {@England@} it simply is what it is! It hurts but we go again! #Proud of every single one of you, thank you. #EURO2020",2021-07-11,sports_&_gaming
382,The “Festivus” episode of {@Seinfeld@} is a classic.  RIP Jerry Stiller. What a legend.,2020-05-17,pop_culture
2499,Several former and active cricketers have taken to social media to express their objection to such incidents on the ground. {{URL}} {@Cricket Australia@} {@VVS Laxman@} #Siraj #SCG #racism,2021-01-10,sports_&_gaming
1502,Mob Story Monday The  LAST  Sit Down {{URL}} via {@YouTube@} {{USERNAME}} what an amazing video.,2020-08-02,pop_culture
2794,"Sunday morning rain is falling, steal some covers, share some skin... ✨ . . {{USERNAME}} @ Rome, Italy {{URL}} ",2020-07-05,pop_culture
1320,I should have trained harder. I should have listened to my team and coaches.   Andy Ruiz Jr has blamed being overweight for his defeat by Anthony Joshua. {@Kawowo Sports@} {{USERNAME}},2019-12-08,sports_&_gaming
2677,"I apologise for the sudden spam, I m coming back and I had some people i had to make it up too x  Again, this is my SW twitter. Feel free to follow {{USERNAME}} for my horror content if you re not comfortable with what this twitter profile is ",2021-06-27,daily_life
1233,pretty sure I seen {{USERNAME}} at jd masks make it hard to recognise people,2021-07-08,daily_life
2236,Many thanks to {{USERNAME}} for flying the pride flag!!!  Happy pride to all!!! #seohrainbows #athenspridefest #athenspride #prideinquarantine {{URL}},2020-06-13,daily_life
2434,. {{USERNAME}} :  RPT #Sinopec posts first half-year loss as #Coronavirus wallops fuel demand - Reuters  #OilPrices #Petróleo #Oil #CrudeOil #Gas #OilandGas #OOTT  Vía {@Reuters@} {{URL}},2020-08-30,business_&_entrepreneurs
681,"Listen to the soundtrack for Judas and the Black Messiah on Boomplay  Featuring Nipsey Hussle, JAY-Z {@HER@} {@Nasir Jones@} {@Slime Lil Dude@} {@Polo G@} {@SiR@} {@LORD FLACKO JODYE II@} {@Hit Boy@} & more {{URL}} ",2021-02-12,pop_culture
3056,An incredible talent to support this project. This is an interesting project with innovative thought. Happy to be a part of this great project. Good luck to the team and the community with the future. @SwaapCrypto {{URL}},2021-02-28,business_&_entrepreneurs
1274,"Watching {@Pat McAfee@} talk about the Super Bowl kickoff touchback bet he just said {@Bradley Pinion@} doesn’t have what it takes to kick a touch back. You messed up pat, Bradley gonna send that thang to Mars",2021-02-07,sports_&_gaming
123,"The way I understand it is if the Chiefs win tonight and Hill goes off while the Bills lose, the Bills can still win the SB  If the Bills shut down Hill, {@Jeremy White@} cannot win his SB.  I say cheer on Hill Jeremy {@Mike Schopp@} ",2020-10-19,sports_&_gaming
660,"2/2...But overwhelming {@Carolina Hurricanes@} positive right now is that Canes are in very, very good position entering Christmas break which is a positive. #LetsGoCanes",2019-12-23,sports_&_gaming
1796,"#Drishyam2OnPrime Splendid movie, . {@Mohanlal@} the legend owns the film. Every single scene, every character n nuance is accounted for !! Once u will wonder if anything is even going to happen in the movie, and then it will shock you. A solid 4/5.",2021-02-21,pop_culture
2303,"Unbelievable, Convid19 Aids telling people to send codes to Via there mobile phones to register for food as reported by {{USERNAME}} are deducting money for the service. Why are we like dis in Naija ,using every avenue 2 make money off people {@SEGA L veilleur@} {{USERNAME}} {{USERNAME}} ",2020-04-05,business_&_entrepreneurs
1960,“Super Straight” (kill me) is now up on {{USERNAME}} !!   #superstraightphobicandproud  #superstraights {{URL}},2021-03-13,pop_culture
2778," 5⭐️! Such a satisfying, great conclusion. I highly recommend this book trilogy. Go read!  The Empire of Gold by {{USERNAME}} {{URL}} ",2020-07-05,daily_life
230,"Dundalk away later today, we could take a huge step towards winning the league with 3 points in Oriel! Cmon {@Shamrock Rovers FC@} ☘️ #RoversReport",2020-09-27,sports_&_gaming
901," The jewelry was also chosen before the dress, and the story of how the glowing Milagro heart came to life is pretty neat, too.  - {@POPSUGAR@} on Selena s look in De Una Vez music video",2021-01-17,pop_culture
2540,Ahhhh got to hear {{USERNAME}} ’s new song on Korean radio on {@SiriusXM@},2021-07-04,pop_culture
765,#BecauseOfBlackBirdersWeek I found a bunch of great Black researchers whos work I now follow. I seized the opp to amplify Black voices. I heard important experiences. I m doing earnest research into lifting & engaging my Black students & peers. Thanks {{USERNAME}} !,2020-06-07,daily_life
2577,GEORGE Kids Girls Black Miley Cyrus Hannah Montana Print Top Fit Age 5-6 Years {{URL}} via {@eBay co uk@},2019-11-17,pop_culture
2936,NY Yankees defeated Chi White Sox 7-5 in 10 innings Cc {{USERNAME}},2021-08-15,sports_&_gaming
2559,Radmac playing White Man in Hammersmith Palais by The Clash on {@BBC Radio 6 Music@} has made my morning. A song you can never tire of.,2020-08-30,pop_culture
1745,Jordan Ta’Amu is the best QB in the XFL and that’s facts. #ClearedToEngage {@St Louis BattleHawks@},2020-02-10,sports_&_gaming
787,"Fun fact ✨ - When the Women’s {@Team USA@} basketball team plays #japan for the gold medal tonight, it will be a rematch of the 1st women’s Olympic #basketball game in history, which took place in Montreal in 1976. #Olympics #TeamUSA ",2021-08-08,sports_&_gaming
2149,Check out what I just added to my closet on Poshmark: Baby Bad bunny  T-shirt. {{URL}} via {@Poshmark@} #shopmycloset,2021-02-07,daily_life
2802,".#10YearChallenge #TenYearChallenge {@New England Patriots@} start the decade as a Wild Card team, and end it as a Wild Card team.",2019-12-29,sports_&_gaming
2504,Did anyone else notice the Xbox one controller used in the review booth of the XFL game? Does the X stand for Xbox??? {{USERNAME}} {@Xbox@} #nyguardians #nyguardiansvstbvipers #TBvsNY #XflVipers #XflGuardians,2020-02-09,sports_&_gaming
421,Surely {@SANTAN@} brought out that new album to get me through this week holiday in the shrink #zombiesurvivalmode,2021-08-15,pop_culture
3046,CAMPEONES de la MLS CUP 2020! Columbus Crew SC  Major League Soccer {@Major League Soccer@} #mls25 #MLSCup  #elzoldeportes {{URL}},2020-12-13,sports_&_gaming
1873,Boston Red Sox News - {{USERNAME}} hits a Home Run in the top of the 7th inning to put the Red Sox ahead of Texas 8-3! -Staff #bostonredsox #redsox #boston #bostonsports #bostonathlete #bostonathletemagazine,2019-09-26,sports_&_gaming
2910,Nav ( {@Nav@} ) ft The Weeknd ( {@The Weeknd@} ) - Some Way (Clean),2021-03-21,pop_culture
2138,Team Royal vs Team Clutch - 34 - 24 Team Royal vs Ark Razorback - 50 - 32   We won one and lost one came in Second Place . Game was lit  come check us out next weekend . Much love to my boy {{USERNAME}} for stepping out be ready for the movie  it coming ..... #WeBleedRoyal,2021-03-07,sports_&_gaming
798,During this crisis {{USERNAME}} could single handedly stimulate the stock market and secure the future housing market while gaining a huge voter block. Add student loan forgiveness to the stimulus package. #studentstimulus #studentloans #StudentLoanDebt,2020-03-18,business_&_entrepreneurs
1870,"Dressed up as {{USERNAME}} for Halloween.  Stood in the grocery store, telling random people to give me thirty laps, and hit the showers.  Grateful I wasn t assaulted.  One woman did ask me if Carver High was in Maryland, tho.",2020-11-01,daily_life
2007,#NowPlaying L J Reynolds - Key To The World #takemebacksundays on {{USERNAME}} with #afternoonking #mrhotchocolate #since1983TWEET {{USERNAME}} #raregroove #2019,2019-10-20,pop_culture
626,"Father s day set done for {{USERNAME}}  s family. Glad he loved the shirts.   Happy Fathers Day to all the Amazing Fathers out there. @ Tampa, Florida {{URL}} ",2020-06-21,daily_life
495,Britt Reid is no longer on the Chiefs’ coaching staff {{URL}} via {@New York Post@},2021-02-11,sports_&_gaming
2609,Drinking the perfect beer for the Super Bowl in Tampa. Love TBBC!! And love Cloudy!! Missing our Tampa people! - Drinking a Cloudy Donkey by {{USERNAME}} @ Untappd at Home  — {{URL}},2021-02-07,sports_&_gaming
1616,HAPPY PRIDE MONTH EVERYONE FROM CLUB PAPI & SEXY PAPI PHOENIX PAPI BOY {{USERNAME}} ❤️‍❤️‍❤ Looking fwd to hopefully seeing U {{USERNAME}} in NOV 7 & 8! ️‍❤️‍ ¤ ¤ ¤ ¤ ¤ {{URL}} ☆☆☆☆… {{URL}},2020-06-13,pop_culture
1782,Tuber simulator is the only good mobile game ok {{USERNAME}},2019-09-08,sports_&_gaming
2206,#AFLW is getting better every year. {@7Sport@} {@7AFL@} #AFL  #GoPies,2021-02-14,sports_&_gaming
1890,Please vote  or donate to {@Burgess Owens@} for Congress if you are in UTAH. He is right on most all the issues from what I have seen&he could have a great career as a politician.I tell you what I would prefer his voice in the Senate over Mitt Lets get him in UT District 4 as a start,2020-06-07,business_&_entrepreneurs
790,Harry Styles Features an Ex-Girlfriend’s Voice On His New Album {{URL}} via {@Just Jared Jr@},2019-11-24,pop_culture
3043,so incredibly sad to hear all the terrible things Blanca’s family is going through. hoping you and your family find the peace you deserve with your move  I’ve supported you from the start and it’s sad how some people just cross the line and see nothing wrong with it {{USERNAME}},2020-01-02,daily_life
2979,OvidiuZ94 {{USERNAME}} #Steam #game #giveaway in 119 minutes.Visit their #Twitch #stream for a chance to win a random game {{URL}},2019-09-08,sports_&_gaming
2276,I must remember to update Twitter  now to the FB page    INFO regarding Christmas party for the boys will be distributed this week - any queries you can message me on my personal account {{USERNAME}} FB or whatsapp.  Have a great week. Frankie ⚽⚽⚽,2019-11-10,daily_life
2557,Antonio Brown s debut   Another dominant defensive effort   Gostkowski can t beat the heat {{USERNAME}} and {@Alex Barth@} recap the #Patriots 43-0 win over the Dolphins  WATCH: {{URL}},2019-09-15,sports_&_gaming
417,Miracle Jesus Christ/Saint Benedict CRUCIFIX SMALL - FREE SHIPPING {{URL}} via {{USERNAME}},2020-04-12,arts_&_culture
742,"Happy Valentine s Day, Gloria {{URL}} via {{USERNAME}} ",2020-02-16,daily_life
2127,"#NowPlaying on {{USERNAME}} : All I Do Is Win (feat. Snoop Dogg, T-Pain, Ludacris & Rick Ross) by DJ Khaled",2020-07-22,pop_culture
1214,"#NowPlaying ♫ #Np RICHIE SPICE - BROWN SKIN  ♫ at {{URL}} Listen {{URL}} {{URL}} Wake Up {@Notorious VOG@} In The Morning #NITM☕ M-F 6:30-11a, Urban Talk, News, Laughs & More!",2020-08-30,pop_culture
492,Petition to have Vin Scully commentate Game 6 and if necessary Game 7 so we can hear him if the Dodgers win. {{USERNAME}} {{USERNAME}} {{USERNAME}},2020-10-26,sports_&_gaming
1909,"A bonus episode of {@The Daily Show@} ! Should have expected this given the timeline of the DNC, but have they ever done a Friday episode before?",2020-08-22,pop_culture
1169,Our FINAL broadcasts of 2020!   New Years Eve Boys Hockey! {{USERNAME}} vs {{USERNAME}} 12/31: JV at 1pm / Varsity 3:15pm  Watch them both at {{URL}},2020-12-31,sports_&_gaming
1342,"Switched on the TV for {@Sky News@} at 6pm, and apparently there wasn t any news, just an extended sports report. Nothing at all happened today??? Amazing! #News #NoNews",2021-07-11,sports_&_gaming
824,Chikki was also evictd but she came back! Then y not Jasmin Bhasin {@Bigg Boss@} #BringJasminAsContestant,2021-01-24,pop_culture
2626,"Trump - the avowed leader of an ilk who believes dogs are vile, wretched and un-American for being colorblind - bashed the Open for not using his Scottish golf club as a venue, saying,  it s because he s too controversial . {{URL}} via {@Yahoo@} ",2021-07-18,sports_&_gaming
2858,"David Warner, Jason Roy, Joe Root, Ross Taylor, Ben Stokes, Shakib Al Hasan, Pat Cummins, James Anderson, Stuart Broad, Rangana Herath, Nathan Lyon The World 11 who can beat India in Subcontinent. #INDvsSA {@Star Sports@} ",2019-10-20,sports_&_gaming
1481,The greatest pleasure in life is doing what people say you cannot do. #LouDre {{USERNAME}} {{USERNAME}},2020-12-27,daily_life
3018,The Stanley Cup Final is set! Here are reasons for hope and concern for the {@Dallas Stars@} and {@Tampa Bay Lightning@} . #NHL {{URL}},2020-09-18,sports_&_gaming
3010,Perfect World  is a song performed by Huey Lewis and the News and released as the first single from the album Small World in late June 1988. The single peaked at number three on the US Billboard Hot 100 and #48 on the UK Singles Chart. {@Huey Lewis@} {{URL}},2020-10-25,pop_culture
2819,New song is coming wahhh  THE PHOENIX IS COMING {{USERNAME}} MORISSETTE NewMusicTeaser,2021-02-07,pop_culture
1024,The Decade the Internet Lost Its Joy by {@clio@} in {@GEN@} {{URL}} #SocialMedia #Culture #Internet #TheWhiplashDecade #Media,2019-12-29,science_&_technology
592,The show was amazing!  Kiss Confirm New Years’ Eve Show World Records {@KISS@} {{URL}} {@UltimateClassicRock@},2021-01-02,pop_culture
3094,"I just collected an extra chance to win a £1,300 cash {@TopCashback@} ! #TrickorTreats {{URL}} ",2019-10-27,business_&_entrepreneurs
2959,"Severity of the situation and {{USERNAME}} are still open. Opening there doors unlike {@Greggs@} in the pursuit of selling one last meat pie or sausage roll.  All the things they sell are available in supermarkets so to me is non essential, but now my partner has to choose.",2020-03-24,business_&_entrepreneurs
2866,Random memory: {{USERNAME}} remember when I drew people in bed?!,2019-11-10,daily_life
1797,The Fight or Fright skin recolors for the {@Apex Legends@} legends look really cool and lowkey want to get them alllllll,2020-10-21,sports_&_gaming
2466,A happy accident for us! This is a RARE (only 30 in existence) raw milk edition of the Prairie Breeze Cheddar from miltoncreamery in Iowa. We’ll be snacking on this with some {{USERNAME}} during the game tonight. {{USERNAME}} {{URL}},2020-02-02,sports_&_gaming
127,"Sister Loraine Marie Maguire, a mother provincial of the Little Sisters of the Poor:  We cannot hold the hands of the dying elderly while at the same time facilitating the ending of pre-born life. Our faith will not allow it.  #LetThemServe {@Fox News@} {{URL}} ",2020-05-06,daily_life
2688,Left & Right  by {@SEVENTEEN@} debuted at #48 on global YouTube music video chart this week (8.16 million views).,2020-06-28,pop_culture
403,Start Of The New Season! Started From The Bottom #22 {@Gillingham FC@} {@Football Manager@} 2021 {{URL}} via {@YouTube@} #FM21,2020-12-27,sports_&_gaming
150,"The Suns forced the Lakers’ starters back in, and LeBron James steadied them with eight points to close out the win. | {@The Associated Press@} {{URL}} ",2020-01-02,sports_&_gaming
3068,Different COVID Landscape Increases Risk Of Post-Labor Day Weekend Spike... {{URL}} via {@YouTube@} #RachelMaddow,2020-09-06,pop_culture
2394,Pep Guardiola’s Champions League obsession leaves Manchester City with familiar questions to answer   By {@Miguel Delaney@} {{URL}},2020-08-17,sports_&_gaming
1437,. {@Budweiser Nigeria@} I’m a loyal Cityzen and I’m taking my shot at the #KingofTheMatch title. Send my personalized profile picture with #ManCity my team’s colours and reminders whenever my team is playing. Let’s play. Choose your team below! {{URL}},2019-10-06,sports_&_gaming
1629,Earning gift cards for selling my stuff on {@Listia@} ! Join me using code  BBDBPG  for an extra 250 PTS. I just listed this: LARGE KANSAS CITY LOGO MAGNET (PLEASE READ DESCRIPTION) {{URL}},2020-09-20,business_&_entrepreneurs
62,"Dear {@Netflix@} , Please dont destroy any more classic s #ElCaminoABreakingBadMovie  From - breaking bad fans",2019-10-13,pop_culture
2336,The winners of Wednesday evenings FA Youth Cup 3rd qualifying round tie between ourselves and {@Eastleigh FC@} will host the winners of the tie between {{USERNAME}} & {{USERNAME}} in the 1st round proper.  #mangos #mangofamily,2020-10-18,sports_&_gaming
2256,"Sometimes I think that it is impossible to love you more than I already love you. But then at every moment you show me that I am completely wrong, because it is possible #8월의_햇살같은_호영아_생일축하해 #HAPPYHOYOUNGDAY #뷰애기들과_함께하는_호영이의_빛나는_여름 {@VERIVERY@} ",2020-08-09,daily_life
2400,(1/2) The North Jersey HS  community may leave its heart in San Francisco this week - 2 Bergen County alums are preparing for #SBLIV with the 49ers.  ⁦ {{USERNAME}} grad K’Waun Williams is one... {{URL}},2020-01-31,sports_&_gaming
95,"#UCF head coach Gus Malzahn said the NCAA Transfer Portal has  changed the landscape  of recruiting in college football.   He would know. In the 34 days since arriving at UCF, Malzahn has landed commitments from six transfers. {{URL}} {{USERNAME}} ",2021-03-21,sports_&_gaming
959,#BoycottToofan. Friends a humble request  . Please trend this .. and ask others to tweet and retweet.  #BoycottToofan  #FarhanAkhtar @FarOutAkhtarwe   We don t want to see movies of such people ..who aren t with the constitution of our country..and inciting others,2019-12-22,pop_culture
2191,Apple Music UK:  #1 “What’s Next” - {@Drizzy@} (=) *1 day at #1* #2 “Lemon Pepper Freestyle” - {@Drizzy@} ft. {@Yung Rnzl@} (=)  #3 “Wants and Needs” - {@Drizzy@} ft. {@Lil Baby@} (=) *Peak #2* {{URL}},2021-03-07,pop_culture
2494,"I like how {@Signal@} periodically asks you to re enter your PIN every 2 weeks so you start to memorize it. (Pretty sure you’d lose all your messages without it, so it’s a key part of their UX)",2021-02-28,science_&_technology
1576,"Saw the White Lady Musical in Kinsale last night. One thing absolutely blew my mind! Why have {@Jake Carter@} , winner of Dancing With The Stars, and then not have him dance once in the whole show?? #whiteladymusical #dwtsirl",2020-03-01,pop_culture
2506,seokhwa said he really like oneus sunbaenim new song ! Same baby!! same  the song is really good {@WEi OFFICIAL@} #위아이 #WEi,2021-01-28,pop_culture
2153,8 million metric tons of plastic leak into our oceans every year! This must stop. Join {{USERNAME}} in the fight against plastic pollution. {{URL}},2020-02-23,science_&_technology
236,Show the power of superstar  #MaheshBabuBdayCDP {@Mahesh Babu@} #MaheshBabu #SarkaruVaariPaata,2020-07-26,pop_culture
222,The Conjuring: The Devil movie watch online #theconjuring3 #Conjuring3 {{URL}} via {@Pinterest@},2021-06-03,pop_culture
2980,Main event over before 9. Still time for college football and Top Rank. {@UFC@} keep the early cards coming.,2020-10-18,sports_&_gaming
2393,Rest well {@JuiceWorlddd@} Love all your music....  Too talented for Death {{URL}},2019-12-08,pop_culture
1810,Technically Correct with {{USERNAME}} lineup  Can the Raiders recreate the 49ers turnaround?  Listen online at {{URL}},2020-01-31,sports_&_gaming
120,I entered this {@SuperM@} #sweepstakes on #tunespeak. Follow the link below to enter & help me win. {{URL}},2020-09-20,daily_life
1685,"A big thank you to all of our staff working {@Fulham Football Club@} today, many of whom will have been working hard way before sunrise! @ Fulham FC Official {{URL}} ",2020-11-22,sports_&_gaming
2380,"Played ex-Energy for {@ESEA@} & {{USERNAME}} #Umsanzi   16-13 & 16-7  Nuke was shakey, got some things to fix, WP to them, they re definitely the second best team in SA atm.  Proud of the boys for tonight <3 {{USERNAME}} {{USERNAME}} {{USERNAME}} {{USERNAME}} {{USERNAME}} #PlaySeriously",2021-01-24,sports_&_gaming
193,The ref calls in today’s Celtics vs Lakers game were outrageous. For both teams. We deserve better {@NBA@} #CelticsvsLakers #Celtics ☘️,2020-02-23,sports_&_gaming
2283,21-year-old Southampton left-back Jake Vokins will likely leave the club on loan ahead of next season #saintsfc [ {@Dan Sheldon@} ],2021-06-27,sports_&_gaming
181,HATS off to {@Jim Cantore@} and {@The Weather Channel@} team out in the field tracking #hurricaneida and keeping us updated!! Praying for their safety!,2021-08-29,pop_culture
389,Fred Warner put up another solid performance in the #49ers huge win. He finished with a team leading 6 tackles! {@Fred Warner@},2019-10-27,sports_&_gaming
968,Life without dreaming is life without meaning.  iWantASAP WithDARREN Darren Espanto {@Darren@},2020-06-14,daily_life
2602,Someone fax Mike Brown and let him know this isn’t the Super Bowl. {@Cincinnati Bengals@},2021-08-15,sports_&_gaming
1545,"the hype is crazy, act 1 is really going to be a turning point in taemin s whole career i dont think any of us are ready for it   #태민 #TAEMIN #샤이니 #SHINee #NeverGonnaDanceAgain #Act1 #Criminal {@SHINee@} {{URL}} ",2020-09-06,pop_culture
669,Our son with Santa at my jobs  children xmas party. The {{USERNAME}} was amazing and lost of fun. . . . . . . . . . . . . . #turkeyhillexperience #turkeyhill #turkeyhillicecream #Christmas #christmasspirit… {{URL}},2019-12-23,daily_life
3062,Deontay Wilder vs. Tyson Fury 2 Video – Full Fight Replay {{URL}} via {{USERNAME}},2020-02-23,sports_&_gaming
1365,"Aye james harden was hardly on twitter during his rockets stint, went to Nets and was tweeting “Scary Hours” after every win…will he tweet again or will he go back to not being on twitter..lmao {@James Harden@}  #NBAPlayoffs #BucksVsNets",2021-06-20,sports_&_gaming
1394,Woke up today and found out I have enough followers on {@Twitch@} to get affiliated! Just need to get those average viewers up! I’ll be live with more God of War after I feed myself and wake up fully. See y’all soon!,2019-12-29,sports_&_gaming
331,Rizwan Fakhar Babar Maqsood Hafeez Malik Faheem Shadab/Imad Hassan  Shaheen Haris  My team for T20 World Cup 2021 {@Pakistan Cricket@},2021-06-13,sports_&_gaming
614,#ListenNow to the Beautiful #Ambient Sounds from the  UnCharted Worldz of RaZaa   Music for Dream s & Wishing Well s #NowStreaming on all Platforms {{URL}} #Listen #Follow #Like & #Share Music by {{USERNAME}} #LGTWO #HunterFoxzAC  #Germany #Chile #UK #USA,2020-07-19,pop_culture
1286,"CCC Softball Championship LIVE Score   After 6  #15 {{USERNAME}} (38-15): 0 #17 Oregon Tech (41-8): 0  Nothing going for us in the 6th, we’ll head to 7!  #CCCSports #GoOwls",2021-05-09,sports_&_gaming
266,Mix - Secret Runner - GMO vs K-Wave ( Trance Red Zone - Secret Runner ) {{URL}} via {@YouTube@} “I am the King” Sharukh,2020-09-13,pop_culture
1932,#BTSGreekArmy Permission to Dance is #10 in our yt trends! Let s trend it higher ✌️ #PermissiontoDance100M {@BTS_twt@} {{URL}},2021-07-11,pop_culture
2199,"Real Madrid Outwit Barcelona In Clasico, Go Top Of La Laiga - overtnews {{URL}} via {{USERNAME}} ",2021-04-11,sports_&_gaming
1807,Guess what?? Tomorrow new music video on my {@YouTube@} channel! Guesses?,2021-01-18,pop_culture
225,"ICYMI: Melvin Ingram already thinks this could be a special year for the Steelers.   “The sky is the limit, not only for this defense, but for this team.”  From: {@Ray Fittipaldo@} ⬇️ {{URL}} ",2021-08-13,sports_&_gaming
105,I’m felling ❤️❤️. I had 16 students show up to our first Zoom meeting today!  It was so good to see them and hear them and talk to them {{USERNAME}} {{USERNAME}} #room24,2020-04-01,daily_life
2413,The #NWAPowerrr format are shows that build characters and stories towards the {@NWA@} Dec ppv into the fire.  So withhold your judgements untill after the ppv payoff. I know some folks are not used to weekly wrestling shows actually showing continuity. But this is a working formula,2019-10-31,sports_&_gaming
1508,Bray Wyatt and the man in the woods: Superstar Ghost Stories {{URL}} {{USERNAME}},2020-04-05,pop_culture
3130,Jamie Oliver Loses Nearly 30 Pounds After Giving Up Meat {{URL}} via {{USERNAME}},2020-05-17,pop_culture
630,The Lakers’ Load Management Plan {{URL}} via {@Silver Screen and Roll@},2019-11-02,sports_&_gaming
2068,"Coming up this week on {{USERNAME}} (revised line up) {{USERNAME}} , a reissue of the 1st episode of SLB, {{USERNAME}} archive discussion, {{USERNAME}} & {{USERNAME}} brother talk & to end the week {{USERNAME}} #springsteen #indiepodcast #5yearsSLB Rate & review us please",2020-09-06,pop_culture
870,#TrishIntel w {@Trish Regan@} podcast via {@Spotify USA@} President Trump + First Lady Melania have #COVID19  Join us in wishing them both a speedy recovery {{URL}},2020-10-04,pop_culture
2290,Waking up this sunday morning with a new song by {@Harry Styles@} .  Watermelon Sugar  is amazing! This new album is catching my attention and I can t wait to hear the new tracks.,2019-11-17,pop_culture
2098,Tampa Bay s Jon Cooper against Dallas  Rick Bowness is the 1st Stanley Cup Final in NHL history to feature a coach facing a former assistant. {@Stephen Whyno@} {{URL}},2020-09-19,sports_&_gaming
1186,Smart and informative piece by {@Matthew Herper@} : Why would a Covid vaccine cause rare blood clots? Researchers have found clues {{URL}} via {@STAT@},2021-04-13,science_&_technology
1891,Seeing some Jackson State car flags on the road this morning.. Go get em Coach Prime!! {@COACH PRIME@},2021-02-21,sports_&_gaming
1755,“All legends fall in the making”  {@JuiceWorlddd@} #JuiceWRLD,2019-12-08,pop_culture
1926,Happy #InternationalWomensDay To all the inspirational women out there {{USERNAME}} {{USERNAME}} {@Kelly Klein@} {@Rosemary The Demon Assassin@} {{USERNAME}} {{USERNAME}} {@Floor Jansen@} {{USERNAME}} {@Jessicka Havok@} {@Julie Benz@} {@Kris Statlander@} {@Jennifer Paige@} {{USERNAME}} {{USERNAME}},2020-03-08,daily_life
707,"Announced attendance for {@Syracuse Football@} vs {@Clemson Football@} tonight is 50,248. This is the third largest crowd in {{USERNAME}} history. #NNY",2019-09-15,sports_&_gaming
2565,I don t I will be so active for the next few hours since me friend is coming over so yea spam me here person who spams the most gets a prize :) {{USERNAME}} spam me in dms that I have to give u da prize is am ty :),2020-09-20,daily_life
2678,Harry Styles Says Zayn Malik Leaving One Direction Made The Guys Become Even Closer {{URL}} via {@Just Jared Jr@},2019-11-24,pop_culture
2349,"Cause ah, ah, I m in the stars tonight So watch me bring the fire and set the night alight {@BTS_twt@} #BTS1onHot100 #ShiningthroughHOT100 #LifeisDynamite",2020-09-28,pop_culture
2220,New posting - updated my #fanart thread on {{USERNAME}} on {{URL}} - feel free to check out some old #art: {{URL}},2021-08-01,arts_&_culture
1688,"Hi Sina, I just wanted to say that I love you so much! You always inspire me to have a smile on my face and smile at people. And even with the battles of life you remain firm and strong, never give up. You are so so so so special to me and I love you so much❤️ {@Sina Deinert@} ",2020-02-16,daily_life
284,"[HT] 210508  •SQUARE UP - ? copies (190,343 total)   •KTL - 14 copies (240,364 total)    •HYLT - ? copies (228,363 total)  •The Album - 16 copies (777,536 total)  I vote #HowYouLikeThat for #BestMusicVideo on #iHeartAwards {@BLACKPINKOFFICIAL@} ",2021-05-09,pop_culture
1659,I wish {@LaMike james@} was playing in the XFL...feel like the dude could still run circles around everybody,2020-02-09,sports_&_gaming
920,"Philadelphia Eagles vs Atlanta Falcons Predictions and Handicapping Preview from Vegas with {@Minty@} , {{USERNAME}} , and {{USERNAME}} ! {{URL}} #InBrotherhood #FlyEaglesFly {{USERNAME}} ",2019-09-15,sports_&_gaming
1433,I stand by the fact that I think {@The Farewell@} is one of the best films of the last 3 years. {@nora@} is brilliant and demonstrates why she is one of the most exciting and talented actors. While the story is the perfect mix of comedy and heartfelt emotion. Genuine 5 star film!,2021-04-26,pop_culture
2724,New video OP Feat. ABG Neal “Come Get You” (WSHH Exclusive – Official Music Video) on {@YouTube@} {{URL}},2019-09-23,pop_culture
2570,SAINt JHN - Roses (Imanbek Remix) (Official Music Video) {{URL}} via . {@YouTube@},2020-06-28,pop_culture
734,"I know y all dissapointed with yuta. But please, cancelling him, giving him harsh words and told him to leave nct ARE NOT THE WAY YOU SHOULD DO!   SM please tell Yuta to speak up. It s all we need {@SMTOWN@} ",2020-07-26,pop_culture
1812,I d go to war with these guys {{USERNAME}} {{USERNAME}} {{USERNAME}},2021-03-28,daily_life
2392,86 EIGHTY SIX  Ending Theme 2『Hands Up to the Sky』by SawanoHiroyuki[nZk... {{URL}} via {@YouTube@},2021-05-30,pop_culture
2354,I’m going to post a {@BetVictor@} BetBuilder acca for the last Premier League games!   Can’t wait!,2020-07-26,sports_&_gaming
3151,"Trumpy, you had 3 years to get our country stocked!  You didn’t care...just complain about previous administration.  This is on YOU....NO ONE BUT YOU!!! {{USERNAME}} {@Vice President Kamala Harris@} {@The New York Times@} {@Sen Maggie Hassan@} {@Maggie Haberman@} {@Jen Psaki@} {@Christopher C Cuomo@} {@Rachel Maddow MSNBC@} {@Nancy Pelosi@} {{USERNAME}} ",2020-04-18,pop_culture
922,I wonder if {@soleil moon frye@} has the red and yellow Jordan retro 5’s .,2021-07-04,daily_life
1402,I grew up in Canterlot {{USERNAME}} . But now I live in Ponyville and I have made a lot of friends there.,2021-06-20,daily_life
2987,The {{USERNAME}} team have done incredibly well to create that season in the Midst of a Global Pandemic so leaving it like that makes sense for AC-12 to climb from the bottom to the top in a final season 7 and put all the bent copper to the sword. #LineofDutyFinale #season7,2021-05-02,pop_culture
167,"Given in the last 5 league games we {@Manchester United@} couldn’t beat the bottom 2 and the worse {@Liverpool FC@} team in living memory, you have to wonder if we’ll win a game again all season ",2021-02-14,sports_&_gaming
2469,Hats off to the Denver Nuggets {@Denver Nuggets@} for playing Great NBA basketball through series. You have earned your respect & put the league on notice that you are a force to be reckoned with.  #respect,2020-09-27,sports_&_gaming
2273,"hi {{USERNAME}} Play Golden by {@Harry Styles@} , please!! u",2020-11-02,pop_culture
2951,Stay strong Asim #AsimForTheWin {{USERNAME}} {@Asim Riaz@} {@ColorsTV@},2020-02-02,pop_culture
12,Post Malone was my No.1 most listened to artist on Spotify Wrapped. A total of 46 hours listened to you this year. You are one of my favorite artist. Your music always gets me in a happy mood. I think I listened to you a lot more than 46 hours but still thanks!!!! {@Posty@},2019-12-06,pop_culture
1546,Check out this listing I just added to my #Poshmark closet: Please feel free to make me an offer! Not for Sale. {{URL}} #shopmycloset {@Poshmark@},2021-08-01,business_&_entrepreneurs
617,"Someone please explain why my local Fox {@NFL@} game (in Charleston, SC) is Raiders vs Chiefs tomorrow?   How is that local compared to the Steelers vs Eagles game? Makes no sense to me.",2020-10-11,sports_&_gaming
1092,"Pretty sure CMIYGL is {@Tyler The Creator@} best album to date. The samples, lyrics, and production on it is insane",2021-07-08,pop_culture
90,"I hope {@Phil Gould@} & the {@Canterbury Bankstown Bulldogs@} give Baz the green light to go after the refs.  We saw some of the most biased refereeing in today’s game.   On the field & the bunker, It was disgraceful.  The {@NRL@} & Annesley can’t keep protecting the clowns.  #NRLManlyBulldogs #dogsofwar",2021-08-29,sports_&_gaming
612,"I want to sleep for four years then wake up with a degree, 6 million dollars and a happy life........  #mood #mood2020  @BaigNafisa {{USERNAME}} {{USERNAME}} ",2020-01-02,daily_life
2876,[NEW MUSIC] DERYK EVONS – “TROUBLES” | {{USERNAME}} {{URL}},2021-04-04,pop_culture
1404,"I’m really hoping to hear a full {@TINASHE 333@} and {@KAYTRA@} project (album or EP) down the line, if “The Worst In Me” is an indication of anything, I think it could be really good.",2021-04-18,pop_culture
857,"Project Tau (Projects Book 1) is featured today on {{USERNAME}} ! {{URL}} #WritingCommunity (At least, I m pretty sure it s today; there s no accounting for time difference!) Regardless, the book is still free until Monday so grab your copy now while you can! ",2021-08-29,arts_&_culture
2617,Take me back to the summer of 2013 when {@The Neighborhood@} dominated the airwaves. {{URL}},2021-02-21,pop_culture
777,Hope everyone is having a good New Years Eve! Sad that cube is gonna be gone :(. Thanks {{USERNAME}} for the raid! And we re sending it to {{USERNAME}} for more limited :),2020-12-31,daily_life
1638,The Jesse Lee Peterson Show:  GIOYC Friday!; Mr. President... Do You Know What Juneteenth Means?  6/12/20 (part 1 of 2) {@Jesse Lee Peterson@} {{URL}} #Amazing {{URL}},2020-06-19,pop_culture
1986,Sending lots of luck to {{USERNAME}} and the {@England Netball@} girls as they take on New Zealand in the first round of the Nations Cup.  #dousproud #hertssquad,2020-01-19,sports_&_gaming
2352,"The vets travel to {{USERNAME}} today , under strength and without a keeper . 2 unbeaten records on the line . Could be a long afternoon ⚪️⚽️",2019-11-17,sports_&_gaming
3014,"sunoo many people loves you, we hope that you d take care, eat your meals properly, and having plenty of rest  so please cheer up {@ENHYPEN@} ",2020-11-06,pop_culture
28,"X1, Let s fly high!!   #MAMAVOTE #x1 {{USERNAME}} {@X1members@} ",2019-12-04,pop_culture
1522,Pre-save my new album  Sun Shine  on Spotify: {{URL}} (powered by {@DistroKid@} ),2019-11-24,pop_culture
1066,Game of the Decade: Bruins stun Maple Leafs in Game 7 of 2013 first round {{URL}} via {@NHL com@},2020-01-19,sports_&_gaming
1911,The story behind the music of #DeathInParadise – and the new version of the theme song with {{USERNAME}} {{URL}},2021-01-08,pop_culture
74,Takeaways From The Browns’ 32-28 Loss To The Seahawks {{URL}} via {{USERNAME}},2019-10-13,sports_&_gaming
515,I think Harbaugh listened to {@Pardon My Take@} Friday and figured going for it on 4th was his only option to beat the Chiefs.,2019-09-22,sports_&_gaming
1309,Aaand we re all done for today! Thanks for hanging out and thanks to {{USERNAME}} for the raid. I sent everyone over to {{USERNAME}} who is playing Ori and the Blind Forest for the first time! {{URL}},2021-01-31,sports_&_gaming
2227,I just had to go and watch this video sha and oga is on point   I Watched The Music Video For P-Square’s “Senorita” So You Don’t Have To {{URL}} via {@Zikoko@},2021-05-02,pop_culture
2002,Complete guide to celebrating the 4th of July in NYC and around the US {{URL}} via {@New York Post@},2020-07-04,arts_&_culture
2157,‘Bad Boys For Life’ So Great With $100M+ Worldwide; ‘Dolittle’ Still A Dud With $57M+ Global – Box Office Update {{URL}} via {@Deadline Hollywood@},2020-01-19,pop_culture
1584,Fantastic {@Harrogate Town AFC@} A league club for the 1st time ever!,2020-08-02,sports_&_gaming
1517,"Time for talk over, act now on climate change: Modi {{URL}} via {@The Times Of India@} ",2019-09-24,science_&_technology
116,Happy  #internationalwomanday {{USERNAME}} {{USERNAME}} {@Sela Ward@} {@Carrie Preston@} {@Cristina D Avena@} {@Mariska Hargitay@}  The strong women are numberless  how {@Gigi D Alessio@} sing,2020-03-08,daily_life
2341,Happy Pride: I m Grateful To Have An Origin Family That s Grown Along With Me {{URL}} via {@ESSENCE@},2020-06-11,daily_life
1072,"Next up on {@Tubi@} the movie Sons Of New Orleans. Director: Kevin Lucky Johnson. Starring: Lucky Johnson, Marlon Horton, Rasheed Ambrose, Olivia Pike, Kevin Johnson Jr.",2020-03-01,pop_culture
1799,Rock Cakes from Harry Potter (Rock Buns) {{URL}} via {{USERNAME}},2020-04-05,pop_culture
2886,"Back in 2010, 19 years old me was sitting at a coffeeshop in Irbid, Jordan watching {@Javier Zanetti@} lifting our 18th scudetto. I still remember how I felt that day. 11 years later, I’m the same man carrying the same feelings #ForzaInter #IMScudetto {@Inter@} ",2021-05-23,daily_life
1600,I used {@Shazam@} to discover Don t Give Up On Me (From  Five Feet Apart ) by Andy Grammer. {{URL}},2020-04-05,pop_culture
622,Know who Patrick Ewing is now?  Congrats to {@Georgetown Hoops@} on claiming the Big East Auto Bid. #HOYASAXA Catch up on all the AQ bids in our {{USERNAME}} tracker. {{URL}},2021-03-14,sports_&_gaming
409,"Companies large and small are choosing to move to New Mexico. For the second straight year, more people are moving to NM than are moving out. With {@Michelle Lujan Grisham@}  s leadership, we can continue to leverage our state s strengths in 2021. #nmleg #nmpol",2021-01-26,business_&_entrepreneurs
1623,This U.S generation is coming off the back of the unimaginable disappointment of missing out on the 2018 World Cup in Russia. {{URL}} via {@Goal@} #seo,2021-06-13,sports_&_gaming
115,Hi everyone. It’s a new week time for a new #aladchallenge : “Actually lately”. Check out {{USERNAME}} YouTube video for this week.  Remember to have fun!!! Cheers!  #francepapillonchallenge #aladchallenge… {{URL}},2019-11-10,pop_culture
288,■ What s the difference between  Father  n  Baby Daddy  ??   @__Mispa has been raising concerns.,2021-06-20,daily_life
2643,"Yeah, this beat cha-ching like money Disco overload, I m into that, I m good to go I m diamond, you know I glow up Let s go  Cause I-I-I m in the stars tonight So watch me bring the fire and set   I vote for #Dynamite by {@BTS_twt@} for #BestMusicVideo at the #iHeartAwards",2021-05-16,pop_culture
1181,Happy Mothers Day to this wonderful gem  of a woman {{USERNAME}} love ya mommabear!,2020-03-22,daily_life
337,Artist in the Lab {{URL}} via {@YouTube@} Interview with John Walter and {{USERNAME}} about the second AIR program @ Kavli Instituut Delft. Do you want an artist program in your business or research department too? Please contact me at 0623978202.,2021-01-27,business_&_entrepreneurs
46,The 360 Sprint Car B-Main is coming up next at {@Knoxville Raceway@} .   NOTE: 10 Laps | Top 4 Transfer,2021-04-25,sports_&_gaming
747,"#NowPlaying ♫ #Np MEDICARE PLAN FINDER AD - MEDICARE PLAN FINDER AD  ♫ at {{URL}} Listen LIVE {{URL}} {{URL}} Wake Up To {@Notorious VOG@} In The Morning #NITM☕ M-F 6:30-11a, {{USERNAME}} Urban Talk, News, Laughs & More!",2019-12-29,pop_culture
2907,Mondays Game Line Up   Volleyball Double Header   4:30 pm JV Volleyball vs {{USERNAME}} 6:00 pm V Volleyball vs {{USERNAME}} 4:30 pm Girls Varsity  Tennis vs Bronxville HS @ Manhattanville College,2019-09-14,sports_&_gaming
753,{{URL}} via {@Insider@} This article is incorrect on the fact that was the first time Andy Reid won a super bowl.  That is his first as a Head Coach;  he won the super bowl in Green Bay as an assistant head coach.,2021-02-07,sports_&_gaming
462,Buhari Salutes Anthony Joshua On Comeback Victory - {{URL}} {{URL}} {{USERNAME}},2019-12-08,sports_&_gaming
1938,"PHIXOs, 2DAYS TO GO BEFORE  THE 1ST YR SINCE WE BOUGHT OUR TICKETS FOR #EXPLORATIONINMANILA AND YEA. THAT WAS AN INTENSE BATTLE LMAO! #TEAMEASTWOOD I MISS Y ALL! {@EXO@} ",2020-08-02,sports_&_gaming
673,The women s basketball season starts Sunday with an exhibition game against McKendree. {{USERNAME}} details all the interesting aspects of the No. 24 Indiana Hoosiers ahead of the new season. #iuwbb {{URL}},2019-11-01,sports_&_gaming
1201,Ready to see the {@LA Clippers@} get the W tonight and make the conference finals for the FIRST TIME IN HISTORY‼️ #ClipperNation #BoldApproved,2020-09-13,sports_&_gaming
2920,#KCAMexico #ONBTS #ARMY ( {@BTS_twt@} )  so watch me bring the fire and set the  night alight,2020-09-27,pop_culture
424,I loved the first week of the XFL but one of my favorite things about it was {@Pat McAfee@} . I mean just give him a mic and the man entertains,2020-02-12,sports_&_gaming
325,"The inoculation of the second dose of the coronavirus vaccine, scheduled to begin on Monday 19 April, has been postponed. Read the full story here {{URL}} via {{USERNAME}} #SriLanka #lka #coronavirus #COVID19 #CovidVaccine #AstraZeneca #COVID19SL #COVID19LK",2021-04-16,science_&_technology
664,Manchester City star Laporte criticizes VAR after shock Lyon loss {{URL}} via {{USERNAME}},2020-08-16,sports_&_gaming
350,Check out what I just added to my closet on Poshmark: Life is good tee live outside the box. {{URL}} via {@Poshmark@} #shopmycloset,2020-12-27,daily_life
447,The good times become great memories. The bad times become great lessons.  TuloyAngLigaya SaLOUDRE  #LouDre {{USERNAME}} {{USERNAME}},2021-01-04,daily_life
709,The latest The Fire safety Daily! {{URL}} Thanks to {{USERNAME}} {{USERNAME}} #onpoli,2020-09-27,daily_life
1924,Knocking out all my series early. Watching the season finale of {@P Valley@} . Oh man last night at the Pynk!!! #PValleyStarz,2020-09-06,pop_culture
1722,"Saints defense was dinged for 4 missed tackles in Week 1, tying the Texans and Colts for the 6th fewest in the NFL  Saints defense credited with 8 pressures (3 sacks), a pressure rate of 20%. Ties Rams for 14th worst in Week 1  per {@ProFootballReference@} ",2020-09-17,sports_&_gaming
1221,Friday’s game vs {{USERNAME}} airs live on the TEN Network at 7 exclusively on {{URL}} Catch the special encore presentation Saturday at 8 PM on 920 W.O.N: The Apple {{URL}} {{USERNAME}} {{USERNAME}} {{USERNAME}} {{USERNAME}} {{USERNAME}},2019-09-11,sports_&_gaming
1149,I think it’s fair to ask at this point {@Tom Fornelli@} ... Can the Jets beat Michigan?,2020-11-15,sports_&_gaming
387,"ANNOUNCEMENT TIMEE! My sister RENE {{USERNAME}} made an account, and so did my bff JACKIE! Go follow rene (jacki needs help, haha.)",2020-05-10,daily_life
1369,The first round of  anti-woke  (ie racist) GBNews-supporting companies to boycott are here! {@Crunchy Nut Detectives Bites Division@} {@The National Lottery@} {@OVO Energy@} {@Morrisons@} {@Premier Inn@} {@Cazoo@} {@Amazon co uk@} Did I miss any? {{URL}},2021-06-13,business_&_entrepreneurs
1337,"I m at {{USERNAME}} for Star Wars: The Rise Of Skywalker in Greenville, SC {{URL}} ",2019-12-22,pop_culture
754,"Definitely agree w/ most of comic writer {@Dan Slott@}  s take #FanBros, #JOKER isn t a bad movie but it s not some classic. It s a pastiche of far superior films that is anchored by an AMAZING performance by Joaquin Phoenix. {{URL}} ",2019-10-13,pop_culture
2186,Salute to #EssentialWorkers #CoronaFighters   Salute To Bankers !  Join Our Movement #BankersFightCorona {{USERNAME}} {@DFS@} {@Ministry of Finance@},2020-04-19,business_&_entrepreneurs
451,I am no economist  but since 1971 when the gold standard was dropped the B of E has created money at the behest of the British government. Taxation controls inflation. So who is it we owe money to? Check out # {{USERNAME}} . {{URL}},2021-07-25,business_&_entrepreneurs
1194,CONGRATSS FOR THE 4TH WIN ❤ #LeftnRight4thWin #Left_n_Right {@SEVENTEEN@},2020-07-04,sports_&_gaming
699,UFC 249 was a success so will boxing be back soon? {{URL}} via {@WordPress com@} #boxing #UFC249 #lockdown,2020-05-10,sports_&_gaming
2247,{{USERNAME}} promo code {@Uber@} {{USERNAME}} {@Uber Eats@} {@Postmates@} {@Grubhub@} Uber $20 off code manala5921ui  Hungry? ???Get $7 off your first order on Uber Eats with my code  eats-manala5921ui    DoorDash  Get $20 off when you sign up with this link {{URL}},2020-01-26,business_&_entrepreneurs
1608,"JAY - My Year 2020 {{URL}} via {@YouTube@} Blow this up, Jesse came through agaaain!!!!!",2021-01-03,pop_culture
830,"2020 was pretty bad, but now 2021 has seen the Chiefs lose, Tom Brady has made me. Fan, and {@Benjamin Allbright@} unblocked me. What a life!",2021-02-13,sports_&_gaming
950,Man is  caught in the act cutting the brake line on NYPD van  {{URL}} via {@Daily Mail Online@},2020-07-19,pop_culture
2809,"The Force is strong with these guys. Fantastic review. Spoilers so if you haven t seen the movie yet don t watch, but if you have, check them out. Star Wars: The Rise of Skywalker Movie REVIEW {{URL}} via {@YouTube@} #StarWars #StarWarsRiseofSkywalker",2019-12-22,pop_culture
2444,Known this bestie for a really long time since we were little and it was really nice to catch up again {{USERNAME}}  @ Watson s General Telegraph {{URL}},2019-10-06,daily_life
1734,"Friends and family it s that time of the year again! {@Saturday Night Takeaway@} is back on feel free to nominate me, surprise me anything Haha I ve asked every year and still have no got on this show to meet ant and dec or even a place on that plane!! So hopefully this is the year people ",2020-02-23,pop_culture
1413,Congratulations to our African giants {@Tiwa Savage@} {@Burna Boy@} {@Wizkid@} we are proud of you guys it been long time coming .. To all our other musicians u guys are doing great keep up the work . Consistency pays.,2021-03-14,pop_culture
1409,Roddy Ricch - Can t Express [Official Music Video] {{URL}} {@YouTube@} より,2021-06-27,pop_culture
3164,"Fantasy Baseball Week 8 Hitting Planner via {{USERNAME}} The White Sox, Tigers, Mets & Athletics play 7 home games  The Orioles, Rockies, Padres & Cardinals play 7 road games  The Blue Jays play 6 on the road  The Braves, Red Sox & Astros play 5 games {{URL}} ",2021-05-23,sports_&_gaming
2807,bribg the fire  I vote for #BTS under #TheGroup category at the 2020 #PCAs {@BTS_twt@},2020-10-02,pop_culture
1177,Twelve-year-old girl stages lone climate strike in  coal and gas central  {{URL}} via {@ABC News@},2019-09-27,science_&_technology
2771,"calm down. ill be right back, honey xx {@BTS_twt@} ",2020-05-17,daily_life
2006,"NEWS: We re hearing more and more people are refusing the AstraZeneca vaccine over concerns around rare blood clots. The vaccine s no longer being given to anyone under 30, but a nurse we ve been speaking to says older people are turning it down. More at 1 with {{USERNAME}} ",2021-04-18,science_&_technology
1253,"someone said enhypen is running, not walking. seriously the power they hold URGHH  #BORDER_DAY_ONE  #Intro_Walk_the_Line {@ENHYPEN@} ",2020-11-15,pop_culture
2477,I really love the Made in Lagos album ♥️♥️♥️♥️ {@Wizkid@},2020-12-27,pop_culture
21,White Kid Sing The Blues In Guitar Shop Like It s Nobody s Business! (BR... {{URL}} via {@YouTube@} I see a star.,2021-05-28,pop_culture
1305,"Proud to announce I will be a focused lecturer at {{USERNAME}}  s summer school this July, covering GNNs at the bleeding edge!  Very happy to be a part of such a strong team of speakers promoting Machine Learning in Eastern Europe!    (More details @ {{URL}} ",2020-06-10,daily_life
2440,"LAWNATION: Back by popular demand., 2nd Annual Cornhole tourney date and time confirmed. Sign up ASAP. Throw some bags to support the boys.  Great raffles and prizes. {{USERNAME}} {{USERNAME}} {{URL}} ",2020-01-26,sports_&_gaming
2298,the {@NBA Referees@} are hella whistle happy for the Clippers rn,2020-03-08,sports_&_gaming
2737,Open {@Spotify@} And check out this brilliant ( New Album  Golden Repair. By > Sunstack Jones  ( {{USERNAME}} European music group. 10 fantastic songs! {{URL}},2021-08-15,pop_culture
671,Dwindling snowpack has already impacted water supplies & hydropower in CA and the western US. New {@IPCC@} report explains: {{URL}} #SROCC #IPCC,2019-09-26,science_&_technology
2986,Selena is number one ☝️ on Netflix hell ya {@Netflix@} {{USERNAME}},2020-12-06,pop_culture
1941,Sometimes I am wondering if Trump isn’t a Hydra operative. It would all make sense! {@Captain America@} and {@Iron Man@} can show up anytime now!,2020-09-27,pop_culture
845,So like ... {@Harry Styles@} are we not going to talk about watermelon sugar & the meaning behind it ?,2019-11-17,pop_culture
694,. {@Deontay Wilder@} you really are the Bronze Bomber.  Fury was right.  #bronze #thirdplace #youstink,2020-02-23,sports_&_gaming
2624,I nominate #KimSeokjin of {@BTS_twt@} as #100MostHandsomeMen2021 He s the prettiest boy alive with a good heart.,2021-05-09,pop_culture
1353,“The Suicide Squad”was beautiful. I can’t believe they let {@James Gunn@} make this movie.,2021-08-08,pop_culture
1133,I LOVE this power couple. . . Preston and Jackie Hill Perry. . . . Transformed by the Blood - Former Stud Shakes Up the World with Her  When God Said Yes  Love Story -… {{URL}} via {{USERNAME}},2020-02-16,pop_culture
869,I loved every minute of {@Harry Smith@} vs {@FILTHY@} That definitely became one of my favorite pro-wrestling matches I ve ever seen in my life!!!!!! #Bloodsport,2019-09-15,sports_&_gaming
604,Chennai Super Kings will be creating a special jersey with the number 8758 to respect the achievement of Neeraj Chopra. (The Gold medal-winning throw of Neeraj was 87.58)  #WhistlePodu #NeerajChopra | {@Chennai Super Kings Mask P du Whistle P du@} {{URL}},2021-08-08,sports_&_gaming
834,A wow stat just show on {@ESPN@} .   Collective scoring of the field through the first two rounds of The PGA Championship:    Holes into the wind: +992  Holes with the wind: -19,2021-05-22,sports_&_gaming
2953,Great day with the team {{USERNAME}} today!  Turned the corner into Vision Proper...and reduced our social distancing a bit.  Top pic - today....bottom pic - May 2020 #claritychangeseverything #visionframing… {{URL}},2020-07-27,daily_life
627,. {@FAT JOE@} Reveals {@Marshall Mathers@} is Featuring on his New Album ‘Family Ties’ {{URL}},2019-11-30,pop_culture
902,"I know that the World Series is on and the NBA season is just starting up, but {@Tiger Woods@} is leading a golf tournament right now  #GOAT",2019-10-24,sports_&_gaming
1747,"#NowPlaying ♫ #Np NOTORIOUS BIG - BIG POPPA  ♫ at {{URL}} Listen LIVE {{URL}} {{URL}} Wake Up To {@Notorious VOG@} In The Morning #NITM☕ M-F 6:30-11a, {{USERNAME}} Urban Talk, News, Laughs & More!",2019-12-29,pop_culture
2051,Ok sorry I’m DONE now y’all I just gotta say {@DION TIMMER@} REALLY did NOT let us BREATHE that whole lost lands 2019 set and I AM HERE FOR IT UGH,2020-04-19,pop_culture
3153,Relax (Take It Easy)  music video by {@MIKA@} hits 100 Mln views!!!  ❤ #Mika #Relax #100MlnViews {{URL}},2021-05-02,pop_culture
321,#COVIDー19: Quite interesting simulations for virus spread with social distancing. Great article {@Harry Stevens@} . {{URL}},2020-03-15,daily_life
696,"Check out The Original Rider Waite Tarot Pack, Fantastic Edition, Brand New, Sealed {{URL}} via {{USERNAME}} ",2020-08-02,daily_life
1179,"CBS to air Prince tribute concert Tuesday night with performances from Beck, Usher and John Legend {{URL}} via {@Pioneer Press@} {@MTV@} {@BET@} {@billboard@} {@Rolling Stone@} ",2020-04-19,pop_culture
624,Stay safe filo blinks  I followed {@96 5 TDY@} and I vote #LISA for #BiggestCrush at #TDYAwards {@BLACKPINKOFFICIAL@},2020-11-01,pop_culture
2949,‼️ WE RE CURRENTLY ON THE 2ND PLACE SO PLEASE KEEP ON VOTING ‼️ rt/reply   I vote {@BTS_twt@} for the Top 50 Music Awards 2020 Biggest Fans #Top50BTS,2021-04-04,pop_culture
2173,Great job {@Matt DiBenedetto@} and {@Wood Brothers Racing@} {@Las Vegas Motor Speedway@} today! Strong showing! Keep it up and good luck next weekend!,2020-02-23,sports_&_gaming
1011,"Under the tutelage of Duane  Bang  Ludwig, TJ Dillashaw became one of the most effective strikers in the UFC. {{USERNAME}} breaks down one aspect of Dillashaw s striking arsenal - how he sets up kicks to the head. {{URL}} ",2021-07-21,sports_&_gaming
1480,Suddenly getting Classic WoW Naxx tips from {@DeMusliM@} during our guild s first Naxx attempts today was epic. Anub arak is a fight where the main tank uses a swiftness potion to pull the boss around the edge of the room to avoid locusts. Don t go too fast though!,2020-12-06,sports_&_gaming
1090,Halewood lions vs msb sounders tomorrow at r academy on leathers lane. Really looking forward to the game {{USERNAME}} {{USERNAME}},2019-09-14,sports_&_gaming
848,Purdue University researchers find link between herbicides and breast cancer {{URL}} via {{USERNAME}},2019-10-13,science_&_technology
2664,Overdose - The Latest #Music Video Release From {{USERNAME}} G.Baki feat. WC of Westside Connection & Bosch - Overdose - {{URL}},2019-09-28,pop_culture
780,#NowPlaying  Closed On Sunday  di Kanye West in {@TIDAL@} {{URL}},2020-07-19,pop_culture
605,[INFO] {@BTS_twt@}  Permission To Dance  — 7AM KST  #1 Genie (=) #1 Bugs (=) #2 Flo (=) #4 Melon (=) #4 VIBE Daily Chart (+2) *New Peak*  ©️charts_k,2021-07-11,pop_culture
174,Make sure you keep it trill {@Michael Vick@} ....you did pick the Chiefs to win ‍♂️‍♂️‍♂️‍♂️,2021-02-08,sports_&_gaming
1202,FRESH FIND !! >> Discover New Music and Hot Talents!! Give a listen to Tic-Toc by Mo Mint {@Spotify@} #hiphop #rap #folk   #new_music {{USERNAME}} #GrooverEffect Follow Mo Mint: {{URL}} LISTEN HERE {{URL}},2021-08-22,pop_culture
2269,Watching {@Tim Elliott@} chuck a 1/2 Terry Etim in that first round. Not often you see Rigor Mortis set in half way through a knockout. #UFC246,2020-01-19,sports_&_gaming
2463,1-1 between the Storm and {{USERNAME}} at the first period media timeout.  Jirousek on the PP has the goal for GP #WeAreTheStorm,2019-11-03,sports_&_gaming
100,"Manchester city exit from champions league quarterfinals three times in a role is a question mark on Pep CV, this time around i think  ooohh!!!!! man you are Inexcusable.    {{USERNAME}} {@BookOfAHundredRhymes@} {{USERNAME}} {{USERNAME}} {{USERNAME}} ",2020-08-16,sports_&_gaming
1243,Hit and Run is on {@Netflix@} Hell yea! {@Kristen Bell@} I have my Sunday Quarantine plans now!,2020-04-19,pop_culture
741,I had two guesses for the line {@My Name Is A Killing Word@} wrote in his episode of {@Masters of the Universe@} (that made it without being cut) and I think it s :   I m feeling a little under the weather.   ?,2021-07-25,pop_culture
334,Stat of the day: {@Lando Norris@} has scored 24% of his all-time #F1 points at the Red Bull Ring. #AustrianGP,2021-07-04,sports_&_gaming
1705,Our Theatres/Companies are in jeopardy of 70% closure if the Government don t help us. Who would like an answer from {@Oliver Dowden@},2020-05-31,pop_culture
594,New Listen: Harry Styles - Watermelon Sugar   My first deep dive into his music.  I came to the surface sort of mesmerized.   #HarryStyles #WatermelonSugar #FineLine {{USERNAME}} {@Harry Styles@} {{URL}},2019-11-19,pop_culture
1333,I had a dream that woke me up. I was standing in line at {@McDonald s@} and no one was standing six feet apart.,2020-04-05,daily_life
2214,Hay {@Christopher C Cuomo@} put your little darlings at the head of the line.  Chris Cuomo says there won’t be police reform until ‘White people’s kids start getting killed’ {{URL}} #FoxNews,2021-04-18,pop_culture
3080,I ALWAYS WAS A GATORS FAN SINCE 96... GO G A T O R S ! Yeaterdays game FLORIDA GATORS #FLORIDAGATORS {@Florida Gators@} 29 VS kentucky 21 #football #collegefootball #gators #fottballgators #college #gameday… {{URL}},2019-09-15,sports_&_gaming
1551,california investigators: EXTEND NAYA RIVERA S SEARCH OUTSIDE THE LAKE - Sign the Petition! {{URL}} via {{USERNAME}} PLEASE SIGN AND SHARE AND IF YOU CAN DONATE,2020-07-12,pop_culture
2654,Tried playing {@Rainbow Six Siege@} for the first time in ages. The first game I play I get an abandon sanction for going on my cams. The amount of confusion and aggravation I have right now is extremely high.,2020-02-02,sports_&_gaming
1542,Jooheon: Do what you want and be happy   JOOHEON I LOVE YOU    {@MONSTA X@} #monstaxlivewithluv #MONSTA_X,2020-08-09,pop_culture
2696,"Looking for new years eve plan in #Singapore? Check out Smoke & Mirrors NYE event! Think free flow, great food and stunning views looking at the Iconic MBS! #VisitSingapore {{USERNAME}} {@STB@} #NYEL2021 {{URL}} ",2020-12-28,arts_&_culture
327,Via   {{USERNAME}} No man of mine answered his cell phone during a romantic interlude. Just because there was a category 5 hurricane looming was no excuse for him to run off to work and leave me panting on the kitchen table.  #romance #RomanceReaders {{URL}},2021-04-25,daily_life
1933,#KKRvsRCB {@KolkataKnightRiders@} {@Shah Rukh Khan@} why the hell does shakib play like this? {{USERNAME}} {@Nitish Rana@} #rahultripathi were playing like chasing a 200+ score while shakib was playing like a 120+ chase... Remove him.. Bring #sunilnarine for him.. Next year remove Morgan + shakib + dk,2021-04-18,sports_&_gaming
640,Watching Senator Rand Paul Accuses Dr. Fauci of Lying About Gain-of-Function Research at Wuhan Lab {@CSPAN@} {{URL}} And watch Fauci give him one upside the head.,2021-07-21,science_&_technology
2152,ChillyRob {{USERNAME}} Releases New Music Via #soundcloud Check Out The Hot Bangers Here {{URL}},2021-07-25,pop_culture
2042,Alright {@DIRECTV@} you give me no choice. I canceled my service 2 years ago when my house burned down. You said there would be no more charges after my last bill and NOW you’ve turned me into collections?! 2 years later,2019-09-29,business_&_entrepreneurs
1468,#NowPlaying  Channel 24 - {{USERNAME}} #MICCratesRadio   Download the app. @ {{URL}} Submit your music today!,2020-08-16,pop_culture
1838,"Great day up at {{USERNAME}} for the Integrated Texas Scramble, our 3 ball came in -2 gross, -8 net. Nearly chipped in on the 18th from the fringe but lipped out.  Hope everyone else had a good weekend of golf! ⛳️️‍♂️",2021-04-25,sports_&_gaming
460,"️ [ {{URL}} ] [#circulareconomy] {{USERNAME}} Circular Economy Hotspot Catalonia 2020 #CEHotspotCAT #CatalunyaCircular at Barcelona, Spain From November 16, 2020 at 12:00AM CET to November 20, 2020 at 12:00AM CET. More info: {{URL}} ",2020-11-15,business_&_entrepreneurs
1046,Why aren t more people talking about the fact that the {@Official Blue Bulls@} have to juggle both Rainbow cup final and {@Carling Currie Cup@} first round on the 19th?,2021-06-13,sports_&_gaming
1398,THE ENTIRE cast of #LoveVictor is coming back to me. LIKE TOGETHER? I get to keep seeing {@Michael Cimino@} as victor and portray what I feel is my story. this show and the cast means everything to me. I love you guys and I love you {@Love Victor@},2020-08-09,pop_culture
1562,38  {@Wissam Ben Yedder@} sends a shot into the ground that bounces up off the crossbar.   #ASMSDR 0️⃣-2️⃣,2020-08-23,sports_&_gaming
1975,"Dan Quinn%27s Falcons blow another double-digit lead in loss to Nick Foles, Bears {{URL}} via {@Yahoo Sports@} ",2020-09-27,sports_&_gaming
2633,"Hi {@Golden Guardians@} , i had ordered a jersey from you guys back on the 8th of june. I cant seem to find any information available as to the status of my order(tracking it with the app gives me nothing?), Is there another way to check the status? Thanks :D",2020-07-12,business_&_entrepreneurs
419,"Dear {@Doctor Who Flux@} - I won t retweet you so I don t spoil anyone else, but could you please PLEASE not post major, epic, show-changing spoilers before everyone has had a chance to see it? Many US viewers without cable are looking forward to seeing Spyfall in theaters later today!",2020-01-05,pop_culture
738,Someone shows this to Vodacom. We need intervention  packages during this trying time...!!! IOL: MTN s free daily Data Lifeline to keep customers connected during the lockdown. {{URL}} via {@Google News@},2020-03-29,science_&_technology
1879,Rewatching #Grimm and I love Monroe and Rosalee together. Still can t figure out why {@Reggie Lee@} never had a serious love interest.,2021-04-11,pop_culture
1389,Check out Living With the Dead Kelley Armstrong Hardcover w/jacket Paranormal Fantasy {{URL}} via {{USERNAME}},2020-11-05,arts_&_culture
1438,THERE IS A MAN ON MY BUS WITH A CLIMATE CHANGE SIGN WITH LIZZO ON IT SAYING “TIME TO BE GREAT” !!!!!! I AM LIVING {@ALL THE RUMORS ARE TRUE@} #climatechange,2019-09-27,daily_life
497,UFC 245 PPV results: Usman stops Covington in final minute {{URL}} via {@Bloody Elbow@},2019-12-15,sports_&_gaming
375,SUGA-T SHARES HER BEAUTY SECRET…  The Legendary {{USERNAME}} Shares Beauty Secret That Has Kept Her Vibrant & Youthful All These Years Raising the Bar as She Acknowledges ‘Making Grandmothers Great Again’  Suga-T is… {{URL}},2020-06-15,pop_culture
975,Check out COAST GUARD MUG TEXAS INSTRUMENTS AN/APS 137 V 4 SURVEILLANCE RADAR USCG COFFEE. {{URL}} via {{USERNAME}},2021-08-08,science_&_technology
1209,May the auspicious occasion of Eid bless you with peace and bring joy to your heart and home .  Eid Mubarak #BDARMYEIDWITH_BTS {@BTS_twt@},2020-05-24,daily_life
2840,Stream the full {{USERNAME}} vs. Central Pointe game on {{USERNAME}} YouTube: {{URL}},2020-01-05,sports_&_gaming
404,New music from.the Homie {{USERNAME}} #CountMeOut prod by {{USERNAME}}  Out now on ALL platforms Drop a comment for feedback! SKATERS im.dropping this Sunday for The Slow roll!!! {{URL}},2021-08-18,pop_culture
2467,Happy Father’s Day {{USERNAME}} Hope you had an amazing day!! Thank you for being the Best father to our children !!,2020-06-21,daily_life
1425,"UPDATE: The tactics {@Kodak Black@} and his legal team employed here did, in fact, work. President Trump granted him a commutation, which only applies to Kodak’s federal crimes. He is still subject to criminal proceedings in multiple jurisdictions. {{URL}} ",2021-01-20,pop_culture
93,"Happy New Year, Hawks!  Looking forward to seeing you all tomorrow {{USERNAME}} !  It will be a WHITE day with ER 6.  Here s this week s Principals  Note: {{URL}} #HolmesHawksSoar",2020-01-05,sports_&_gaming
1769,Bob Marley - Turn Your Lights Down Low {{URL}} via {@YouTube@} little love songs tonight,2020-02-16,pop_culture
2221,"#BestOfTwitter #NowPlaying DJ KHALED by Dj khaled, Rick Ross, Future, Cardi B, Nicki Minaj, Drake, Chris Brown feat: djkhaled,chris brown,liltjay,cardi b,pop smoke,rick ross,jay z,roddy ricch,travisscott,migos,lil bab via the {@Audiomack@} app {{URL}} {{USERNAME}} ",2020-04-05,pop_culture
1849,NEW: {@Holiday World@} sets new opening date: June 17th..water park...July 4th.  {{URL}},2020-05-15,business_&_entrepreneurs
827,Yes L.S. U.! Geaux Tigers! {{USERNAME}} {{USERNAME}} lsufootball #tigers @ Hazelnut New Orleans {{URL}},2019-11-10,sports_&_gaming
428,Pretty sure I just heard {@Stellantis@} promise solid state batteries by 2026? And a leader in EVs by 2024.,2021-07-08,science_&_technology
1889," When the jungle was open, I rolled in with the riders Stole food from the bears, and brought it back to the lions Hold court with the apes, I m a gorilla but lighter Got the eye of a tiger, the heart of a fighter   - {@Lil Wayne WEEZY F@} - Tha Mobb #LilWayne #bars #rap",2020-09-27,pop_culture
2731,"COVID vaccine passports not government s role, Buttigieg says {{URL}} via {@New York Post@} ",2021-04-11,science_&_technology
2952,Know the difference between someone being an investment and someone being a bill - {@Myleik Teele@},2019-11-03,business_&_entrepreneurs
282,"Guess who can’t wait to watch Judika’s new music video ,Bagaimana Kalau Aku Tidak Baik-Baik Saja because there will be {{USERNAME}} as a special appearance? Meeeee! ❤️✨❤️✨❤️✨❤️",2021-07-29,pop_culture
343,The owner of {{USERNAME}} has announced that its sales in the second half of 2020 exceeded expectations by millions {{URL}} #cosmetics #sales,2021-01-18,business_&_entrepreneurs
2547,Ended up going out for coffee with {{USERNAME}} this afternoon and had a genuinely lovely time,2021-04-04,daily_life
1113,The music video I acted in for {@ILLENIUM@} {@DABIN@} {@Lights@} #heartsonfire is coming out tomorrow!  #StayTuned #MusicVideo #illenium {{URL}},2021-01-12,pop_culture
1574,"I never seem to recognize {@Shuga Cain@} in drag, but I see them out of drag anywhere and I m like,  oh, that s Shuga Cain, I love her ",2020-12-27,pop_culture
691,"Tyson Fury vs. Otto Wallin start time, live stream, fight prediction, date, card, odds, preview {{URL}} via {@CBS Sports@} #Tyson Fury  #Boxing  #Otto Wallin  #Deontay Wilder",2019-09-15,sports_&_gaming
0,Chief Keef - Jumanji (New Music) (Finally Rollin 2) (Music Video) {{URL}} via {{USERNAME}} {@Glory Boy@} U2BEJUMANJI €!M[]dzAx!sWallHackAimBot€ DamagedModz247 MYNAMEISSCREAM THOTBREAKER,2020-11-29,pop_culture
1582,Unacceptable {@NASCAR@} Time to clean house top to bottom. The people running this sport seem incapable of doing the job. No excuse for today. No excuse for Sauter wreck at Texas. No excuse for Truex/Custer wreck at COTA. 3 strikes you’re out. #NASCAR,2021-07-18,sports_&_gaming
1707,I suspect a number of people who got Chinese vaccine today in Kathmandu will come down with covid. Some may die. We need to document link between vaccination and ensuing covid.   Can the media please track this? {{USERNAME}} {@narayan wagle@} {@Guna Raj Luitel@} {@Sudheer Sharma@} {{USERNAME}},2021-04-18,science_&_technology
1416,. {@FSU Football@} {@Jalen Ramsey@} looked awesome with the {@Los Angeles Rams@} today! ...The Rams now have the Best cover corner and also the Best Dlineman in the . {@NFL@} in {@AD99@} ..AMAZING!,2019-10-20,sports_&_gaming
2021,i feel like giving up on my work. Losing my drive & interests. Can you give me some motivation Nong {@bright@} #talkwithbright,2020-06-21,daily_life
2003,"Reflecting on the Main Event of #NXTTakeOver I am now SADLY Reminded that 7/8 of the MAIN EVENT came through ROH... I MISS THAT Now, Especially with EVERYTHING {{USERNAME}} Has Brought to Light... Miss THOSE DAYS...",2019-11-24,sports_&_gaming
1993,Still waiting for {{USERNAME}} and my other friend to play ACNH. So far I have two friends who I personally asked to visit my island,2020-05-06,sports_&_gaming
1131,"“We meet God in the storm.... We need mercy, not just justice.” {{URL}} {{USERNAME}} ",2021-05-09,arts_&_culture
2304,"♫ My Top 5 #lastfm artists: Tokio Hotel (31), Harry Styles (21), Bring Me the Horizon (9), Hawthorne Heights (6) & Andrea Bocelli (5) #weeklymusic via {{USERNAME}} ",2019-11-24,pop_culture
1247,"The reason why I like WHO by LV, JK & JM is because I see a story. I like the story and I identify with it {@BTS_twt@} ",2020-12-13,pop_culture
2821,"A friend put me onto this, 50 Years of Horizon on {@BBC iPlayer@} . The first ever made, ‘The World of Buckminster Fuller’, is absolutely fascinating, both for the man himself & as a study in how documentary programmes were made in 1964 #horizon #eveningsin {{URL}} ",2020-04-15,pop_culture
2375,"Reminder: {@IGGY AZALEA@} works harder than we all think she does, she s an independent artist now she isnt signed up with any label so she does everything for her music not just a certain amount of work plus hard work proves talent",2021-04-04,pop_culture
2150,#Master a great end for the decade nd a great gift for fans ahead of new year  Solid look with a solid logo. Expectations are set high on {@Lokesh Kanagaraj@} {@Anirudh Ravichander@} {@Vijay@} #Master2020,2019-12-31,pop_culture
2261,"Real Madrid, Hazard talks about  the worst season of his career  by {{USERNAME}} - {{URL}} ",2020-07-19,sports_&_gaming
3178,Ten k is wavingggg  MORISSETTE NEW MUSIC {{USERNAME}} LYS TEASER RELEASE,2020-11-22,pop_culture
1159,Another SCAM in the making ? {{USERNAME}} {@ET NOW@} {@Nikunj Dalmia@} {@CNBC TV18@} 4 Days To Go.. MULTI-BAGGER Stock 2019 Coming on MONDAY. This Stock Has All The GROWTH Potential To Deliver MEGA GAINS of 200% With 100% SAFETY. {{URL}},2019-09-29,business_&_entrepreneurs
246,Everyone needs to watch {@Cody Garbrandt@} on the buzzer knockout #ufc,2020-06-07,sports_&_gaming
3161,The {@Big Ten Conference@} likes to make life as easy as possible for Ohio State in all sports. What a total farce,2020-12-13,sports_&_gaming
2849,Shaka set to return on ‘The Queen’ {{URL}} via {{USERNAME}} African Soapies,2020-05-03,pop_culture
2685,So excited for what s coming up next  GRATEFUL TO HANBIN {@shxx131bi131@} #DearBI  #비아이와_아이디의_첫번째_봄 {{URL}},2021-04-25,pop_culture
1671,Marco Tilio starting in a #GrandFinal versus {@Sydney FC@} just 9 months after leaving the club in search of regular game time. What a story!#ALeague,2021-06-27,sports_&_gaming
929,Jalen Hurts looks better AND way more dynamic than Carson Wentz on just 1 drive as the {@Philadelphia Eagles@} starter.,2020-12-13,sports_&_gaming
2909,"I finished 15th at this year’s American Crossword Puzzle Tournament (tied with {@Rob Tricchinelli@} ), and first in Upstate NY, which I believe makes me King in the North (in this analogy {{USERNAME}} is the King Beyond the Wall). #acpt #ACPT2021",2021-04-25,sports_&_gaming
1461,"Yo, Star Wars peeps, go check out my man {{USERNAME}} whip up on some droids in Battlefront II! #StarWars #battlefront2 #StarWarsBattlefrontII {{URL}} ",2020-04-05,pop_culture
1971,Watching {@Iowa State Softball@} vs {@Mizzou Softball@} ......an old Big 12 matchup.   I miss the old Big 12 from “back in my day”!,2021-03-14,sports_&_gaming
365,Many thanks to Ear To The Ground Music for the gracious review of our newest release - Here We Go!  An Indie Mix To Accompany  Your Shopping {{URL}} via {{USERNAME}},2019-12-01,pop_culture
2296,"The added money seems to follow me wherever I go. $22,960 overlay at the {{USERNAME}} Main Event. Players love it, but it’s getting tougher to find work... Kidding of course, but it IS great to work for places that always honor their guarantees. #OverlayTD",2019-11-24,sports_&_gaming
736,"I called to change my departure time by a few hours, {@americanair@} supervisor was extremely rude and belittling me, and hung up on me. Worst experience ever",2021-07-18,daily_life
26,Flames and the Fire?  Can the two teams winless before Round 3 get on the board for #WNBL20 today? {@Sydney Uni Flames@} ✔️ Now it’s over to {@JCU Townsville Fire@} who host {@Deakin Melbourne Boomers@} at 5pm AEST - tune in via {@FOX Basketball@} and {@Kayo Sports@} .,2019-10-27,sports_&_gaming
1441,Lil Herb AKA The Arrival {{USERNAME}} New Music Coming 2021  #producer  #rapper #singer  #songwriter  #filmdirector  #fashiondesigner  #hiphop  #rap  #rnb  #pop  #edm {{URL}},2021-06-27,pop_culture
3026,"A Fall From Grace, whewww! I honestly wasn’t expecting that ending! {@Tyler Perry@} ",2020-01-19,pop_culture
680,Abridged kinder w {{USERNAME}} was still better than any alternative.  Here’s to a healthy return to school sometime before 5th grade... {{URL}},2020-06-14,daily_life
1250,"“Dodgers look to take a command on the series, against the Rays” {@FOX Sports MLB@} {@FOX Sports@} that’s terrible! The Series is tied 2-2!! Clearly someone wants the Dodgers to win tonight.... #RaysUp",2020-10-25,sports_&_gaming
3,Sooooo.. it s {@PROGRESS Wrestling@} #StillChasing.. it s {@Pete Dunne@} vs {{USERNAME}} !!!!! YESSSSSSS,2019-09-15,sports_&_gaming
2182,Ooooohhhhhh my goodness. {@Philadelphia Fusion@} vs {@Toronto Defiant RiseTogether@} was the sickest series I ve ever watched. Both teams fought so dang hard. GGs to both teams.,2020-02-23,sports_&_gaming
837,"I’m tired of #FoxNewsSunday perpetuating the lies Trump cries daily. The protests led by {@Colin Kaepernick@} were never about the flag, and a veteran guided him to the kneeling. {@Jason Chaffetz@} you just came and served up an ill-informed word salad just like wannabe George Wallace.",2020-07-05,pop_culture
2403,"#Daytona {@NASCAR@} {{USERNAME}} --When Tech Sgt sang our #GREAT_NATIONAL_ANTHEM, i looked at the President and Melania and said YES. YES. YES. Thank you for embodying the words so many have fought and died for.",2020-02-16,sports_&_gaming
292,Diba year of the rat? Bakit may dog? Haha #iWantLuckyMayWard {@Maymay@} {@Edward Barber@},2020-01-26,daily_life
698,They went together.  Local couple dies on the same morning after battling COVID-19 {{URL}} via {@KENS 5@},2020-08-30,daily_life
1048,"Sometimes, its not about being together its about being there for each other. Happy Valentines Day.  KIANO YoungLoveOnIWANT {{USERNAME}} {{USERNAME}} {{USERNAME}} {{USERNAME}} ",2020-02-16,daily_life
2935,Happy Valentines Day everyone! Dross showed out this year. Love you king! {{USERNAME}},2020-02-16,daily_life
2417,Manchester is RED !!! United in Pure  football heaven ..E Choke {{USERNAME}} {{USERNAME}} {{USERNAME}} {@BookOfAHundredRhymes@} {{USERNAME}},2021-03-07,sports_&_gaming
1667,"Happy Fathers Day to my Dad, Rick! Since DAY ONE of LBs Circuit Training {{USERNAME}} he has made sure the gym is always CLEAN and TIDY! He comes in to the gym twice a day, everyday since Sept 10th, 2015 ❤️ From the… {{URL}} ",2020-06-21,daily_life
1963,Find it very difficult for there to be any arguement as to who fighter of the decade should be. Clearly {@Floyd Mayweather@} . Beat two of the other shortlisted fighters. Been away from the game since 2017 and still the most talked about fighter in the sport. Changed the game.,2019-12-29,sports_&_gaming
1249,Pleasee don’t forget to stream crown. Let’s work hard! {@TOMORROW X TOGETHER@},2021-04-18,pop_culture
2274,Sources Re Air Quality: {@Dallas Cowboys@} (pic) Plan To  Stay & Play  In LA vs. #Rams {{URL}} via {@Sports Illustrated@} {@The MMQB@},2020-09-13,sports_&_gaming
1298,Rest In Peace Juice WRLD. Literally you were my only artist I actually liked. Your music helped me calm down in tough times and it actually made me feel good. I don’t care if no one sees this tweet. Why do all legends die in the making. RIP.  #RIPjuiceworld {@JuiceWorlddd@},2019-12-08,pop_culture
1868,Yo {@BRAXTON MILLER@} the XFL needs you back at QB,2020-02-09,sports_&_gaming
2387,i still wanna know if aaron’s gonna be dancing w you in this music video. i need to prepare myself {@Ariana Grande@},2020-05-03,pop_culture
1443,Morning {{USERNAME}} I think we might have some friendly rivals with you going for the Packers and I’m a LA Chargers chick. Bring on our games,2020-10-14,sports_&_gaming
2671,2015 ADCC World Champion {@Davi Ramos@} is main eventing Fight 2 Win 132 tonight.   Don t miss this amazing main event,2019-11-24,sports_&_gaming
603,#DavePMorningShow {{USERNAME}} #NowPlaying #UGNJAMZ - CHRISTMAS MUSIC BED {{URL}},2020-12-06,pop_culture
1289,"So what if {@Los Angeles Dodgers@} are picking up  signs from the {@Tampa Bay Rays@} ... That only mean.. The Dodgers are just better than the Rays.. Live with it, my {@Atlanta Braves@} are the only team that beat the Dodgers down..  Just didn t finished them ",2020-10-25,sports_&_gaming
2502,"Right when I start showering, you get us with  social distancing.  Thanks a lot. #SubtweetCoronavirus @SubtweetSundays {{USERNAME}} {{USERNAME}} {{USERNAME}} {{USERNAME}} ",2020-03-15,daily_life
63,Drew Brees responds to President Trump: Protests  not an issue about the American flag  {{URL}} via {@USA TODAY@} I am sure tht  tk a lot 4  u to pen this.  Nice & true bt in ur hrt of hrts u didnt mean it but thks.  Bt U r rgt it has nvr been abt the US Flag.,2020-06-07,sports_&_gaming
1579,"So far the only survivors are the wicket-keepers from both teams, probably both read the pitch very closely.  Courtesy {@Cricbuzz@} #IndvsEng",2021-02-14,sports_&_gaming
1883,Bright morning ☀️  Vote Unmovable   {{URL}} Vote for bright and his new song  Unmovable   {{URL}} Vote Kan goo for Best Thai Song {{URL}} Vote Unmovable and Sad movie {{URL}} #bbrightvc {@bright@},2021-07-04,pop_culture
990,I’m a firm believer that {@Barstool Sports@} should and will take over the world  Enjoy the Super Bowl today everyone and go TB12!,2021-02-07,sports_&_gaming
1384,REQUEST {@ARASHI@} {@MTV@} #FridayLivestream   ARASHI / Party Starters / Do you...? / Whenever You Call / 声 / Dive into the future / IN THE SUMMER / The Music Never Ends / This is 嵐 a067,2021-02-26,pop_culture
237,"Happy Women’s Day to all the women out there.U all are supremely talented, equivalent & strong enough. Stay Strong & Be Happy. I would like to mention few powerful women {@Shereen Bhan@} {@Sonia Shenoy@} {@Sweta Singh@} their contributions in journalism is unbelievable! #WomensDay2020",2020-03-08,daily_life
650,"I just watched the {@NBA TV@} highlights for {@Dallas Mavericks@} spanking the overrated {@Los Angeles Lakers@} and had to sit down highlight after highlight of James, Davis and even Caruso. Pathetic.",2019-12-01,sports_&_gaming
1967,"Picking up some good stuff (@ Joe - {{USERNAME}} in New York, NY) {{URL}} ",2020-09-27,daily_life
112,At the going down of the sun and in the morning we will remember them Thank  you to all the {@Royal British Legion@} For your tireless work {{URL}},2019-11-10,daily_life
1348,"Stadhampton 11-1 {{USERNAME}} , the league newcomers were put to the sword by a rampant Staddy with goals from Joel Akrill X 6, Dean Parrott, Steffen Thomas, Hama, Max Wilkinson and Jason Spraggs. MOTM, the Staddy stalwart Grant Brown",2020-09-27,sports_&_gaming
804,"Lap 157: {@Kevin Harvick@} brings the No. 4 {@Busch Beer@} Light #YOURFACEHERE {@Ford Performance@} to pit road for four tires and fuel. Attempted to add tape, but it wouldn t quite stick. Once again, he came in first and left first.",2020-05-17,sports_&_gaming
1556,Horror Short Film  Other Side of the Box  | ALTER {{URL}} via {@YouTube@} #SSS #coryxkenshin i watched this at night and it gave me nightmares,2020-12-27,pop_culture
577,"Great day for {{USERNAME}} in the district tournament today. We have a record 7 wrestlers moving on to Regionals next weekend.  1st: Hunter(285) and Ryan Catka(195) 2nd: Dan Kearney(138) and Alex Williams(145) 4th: Xain Caballo(206), David Voghel(113), Vinny Warrington(282)",2020-02-23,sports_&_gaming
1834,I can’t understand why there wouldn’t be light on a weekend‍♀️  @aedc have you been coronize?  Make una show love now,2020-02-29,daily_life
126,“In the age of pandemics and climate chaos ‘following the science’ means economic regime change.” Superb essay on the economic crisis by {@Paul Mason@} in this week’s NS. {{URL}},2020-07-19,science_&_technology
2828,"Brand new facility for #AllStarRace night at {@Texas Motor Speedway@} , let s get things underway with the #AllStarOpen! Tyler Reddick will lead the field of 22 to the green flag shortly! #NASCAR",2021-06-13,sports_&_gaming
3152,"Leo, I d really love to big up my dad you the best dad ever you ve stepped up in my time of need unconditionally.“You don t have to be a dad, to be a dad. To all the fathers and father figures, Happy Father s Day.” #JamaaNiYaJamii {{USERNAME}} {{URL}} ",2021-06-20,daily_life
851,"I could be wrong but I m pretty sure the reason {@Boris Johnson@} couldn t have a full Catholic wedding was less to do with being PM of the UK as some think and more about his previous three divorces, oul Francie at the Vatican is a bit funny about that....#BorisJohnsonWedding",2021-05-30,pop_culture
2742,"I don t know why this {@Galway GAA@} team even bothered to put on their boots today. 17 points down to Mayo at halftime, in Tuam. Embarrassing stuff,  Pathetic defending. Game over. #GalwayGAA #mayogaa  #TG4 #GAABEO",2020-10-18,sports_&_gaming
2185,“Woman” ( {@punpkim halloweens@} ) reach new peak in Apple Music WorldWide #9.,2021-08-22,pop_culture
3032,"*****Goal Flash*****  Grange take the league at the Rec, Rovers find themselves 1-0 down. Was it a {{USERNAME}} backpass?   #UTR",2020-09-27,sports_&_gaming
7,FLY HIGH PHOENIX seven  MORISSETTE NEW MUSIC {{USERNAME}} LYS TEASER RELEASE,2020-11-22,pop_culture
2550,Human-Sized Kinetic Sculpture Dances in the Wind With Hypnotic Grace {{URL}} via {{USERNAME}},2021-03-07,arts_&_culture
854,&#8216;I said I would correct myself&#8217;; Anthony Joshua speaks after reclaiming his Heavyweight World Titles — See photos from the fight {{USERNAME}} {{URL}},2019-12-08,sports_&_gaming
2679,Stay safe bb. Pagaling ka {@Maymay@}   MAYWARD JAMPACKED FUNDAY #MayWard,2021-08-29,daily_life
3028,The atmosphere at {{USERNAME}} games is second to none. Nothing better in the {@NAHL@} . They’re also 45-4-0-1; they’re pretty good.,2021-04-25,sports_&_gaming
2888,Wake up weekday mornings with Michigan’s only statewide morning sports radio show: {{USERNAME}} . {{USERNAME}} and the crew talk about Michigan teams first 6-9am. For the affiliate near you or to listen online: {{URL}},2020-08-30,sports_&_gaming
407,"So like, tonight should be the start of {@jlo@} winning awards for {@Hustlers@} cause she needs to win an Oscar",2020-01-05,pop_culture
3144,Big Fight Bob on the hype video?!? {@Robbie Fox@},2021-04-25,sports_&_gaming
2405,Lmao so many questions I have for {@Tyler Perry@} about a fall from grace.,2020-01-19,pop_culture
153,#happyeaster a very different easter dinner #primeribsteaks #justthe2ofus❤  #missingfamily  #missing {{USERNAME}} ( Anthony) john.w.76 jesslynnireland and of course my darling #grandson  plus missed being with… {{URL}},2020-04-12,daily_life
1566,CONFIDENCE is such a powerful word for parenting according to {{USERNAME}} . Learn more parenting help  nuggets  on The Power of Purposeful Parenting online series. Find it here: {{URL}} #Parenting #EdResource #ECE,2020-07-29,daily_life
2391,I can say with 100% certainty that either PSG or Bayern will win the champions league {@Gary Lineker@},2020-08-23,sports_&_gaming
2353,Check out my new album  Life Lessons  distributed by {@DistroKid@} and live on Apple Music! {{URL}},2019-11-24,pop_culture
1004,"Huhu i didnt know how to express my feelings now im so suprised to my unnie {{USERNAME}} huhu..she do her best just to make me smile in my day hihi ill always remember u unnie,what you done to meee huhuu im crying rn uniee iloveusomuchh Godblesss,Stay safe",2021-06-27,daily_life
2660,A new album from {@Selena Gomez@} is coming in January and I seriously can t contain my excitement  {{URL}},2019-11-24,pop_culture
2875,Happy new year {{USERNAME}} may the lord be in your favor   Let’s ROCK,2021-03-25,pop_culture
280,"I think Ryne s Song is my favorite song from the album, I love it so much and I know it means a lot to you {@ashe@} ",2021-05-09,pop_culture
2942,MKBHD... the GOAT of tech reviews! Check out my classroom on {@DonorsChoose@} ! I d love your help to bring my project to life: {{URL}},2020-10-25,science_&_technology
400,Virtual Easter Dinner w’ matsta007 from {{USERNAME}} starting w’ fabulous {{USERNAME}} Folies de la Marquetterie matched to Duck liver parfait orange sparkling jelly cornichons & sourdough #delicious… {{URL}},2020-04-12,science_&_technology
1596,JOOHEON S SMILE LIT UP THE FIRE OF HOPE IN ME EVEN MORE. GOOD THINGS WILL COME. GREAT THINGS WILL COME.  #몬베베_원호_응원해  #몬베베는_몬엑을_믿어요 {@MONSTA X@},2019-11-02,daily_life
1497,A FAMILY STAYS TOGETHER STAY STRONG TOGETHER {@BTS_twt@} #FLYHIGHBTS #FAMILYGOALS #STAYSYRONG❤️,2019-12-01,daily_life
2516,Phil is that guy that tries to tell you how to play the whole day...and ruins the fun like {{USERNAME}} #TheMatch2,2020-05-24,pop_culture
1479,"2 in a row baby! Another big win for the {@Chicago Bulls@} this new look Bulls team know what is needed! Vooch makes every player on this team better! The guys worked hard, keep it going guys! #GoBulls #BullsNation #BullsWin ",2021-04-07,sports_&_gaming
1800,"Some stuff I wrote to remember this week including a trip to {{USERNAME}} for Smokefest, cooking a throwback meal and why inconvenience makes me happy. #beecapoftheweek {{URL}} ",2019-11-10,daily_life
2009,Monday. December 23rd.  #ChieftainNation is on their first day on Christmas break.    @makaylayoung_ #twitterlessJoshSteiner & #twitterlessRyanStuhlemmer are in the weight room getting in a #6AM workout!  #Bphenomenalorforgotten,2019-12-23,sports_&_gaming
504,Looking forward to watching {@Uncut Gems@} even though the only place I can seem to get a viewing is in Dublin,2020-01-05,pop_culture
2582,"According to YouTube, {@BTS_twt@} ’s “Permission to Dance” Official MV recorded 72.3 Million views within 24 hours of its release and it s YouTube MV Premiere with over 2.3M peak concurrent viewers.  #PermissiontoDance  #BTS_Butter",2021-07-11,pop_culture
1744,Halftime. Entertaining first 45 minutes 1:1 #ManUvsLiverpool match live {@KBC Channel1 News@} . More goals from {@Manchester United@} during the second half.,2021-01-24,sports_&_gaming
903,"LSC WBB: {{USERNAME}} only allowed 3 points in opening quarter to earn series split; {{USERNAME}} improved win streak to 8; {{USERNAME}} rides second half to win; {{USERNAME}} , {{USERNAME}} cruise. {{URL}} ",2021-01-17,sports_&_gaming
2040,Lewis Hamilton: Joaquin Phoenix Has ‘Led the Way’ to a Vegan World {{URL}} via {{USERNAME}},2020-02-16,pop_culture
1672,Rage Against The Machine - Bullet In The Head - 1993 {{URL}} via {@YouTube@} U BBB. sent men in the NIGHT for Me iAMG. 7 MC he couldn t find Me He found 4hrs later & gave me a left Home this is what your BAD MEN turn into.MINE.  Ya Get Me Jah GOD is LOVE & TRUTH,2021-07-15,pop_culture
550,"Surely we ve now got the least trusted selection committee in the game bar none. Every single week, more unmentioned, surprise injury omissions post teams announcements. Does the head in. {@Carlton FC@} ",2021-07-16,sports_&_gaming
1862,"The Eagles are as healthy as they have been since the season began and that makes them a lot better than the Giants, talent-wise. {{USERNAME}} {{URL}} ",2020-11-15,sports_&_gaming
1805,"Harry Styles carpool 2 is gonna be airpool, streetpool?! Im kinda into it James {@The Late Late Show with James Corden@} ✌️",2019-11-24,pop_culture
2966,I didn’t expect to wake up and immediately see a video of logan paul deepthroating someone. Thanks {{USERNAME}} ...,2019-12-22,pop_culture
1130,"A few days ago, {{USERNAME}} AKA Katherine Locke, published this Tweet and started quite a thread. Her asking for access to journalism in a Pay As You Go model got a very large number of users agreeing on the problem and solution. ...   99% Left to read ⬇ {{URL}} ",2021-06-06,business_&_entrepreneurs
945,"I’m gonna do what we do every time UH plays at Moody Coliseum and tell the story of me, my co-host and 2 friends ( {{USERNAME}} driving) up to Dallas in 2009 to see {@Houston Men s Hoops@} play at pre-reno Moody Coliseum.",2021-01-03,sports_&_gaming
163,"The undefeated Tyson Fury won the only belt, WBC Heavyweight Championship, missing from his resume after knocking Deontay Wilder down in the seventh round. {{USERNAME}} writes about how he also ended up tasting the American’s blood. {{URL}} ",2020-02-23,sports_&_gaming
1660,". {@Shawn Mendes@} {@camila@} i hope you both are okay, you didn’t deserve this and it’s not your fault. we’re all here for you and we love you. stay safe and take all the time you need ❤️❤️",2021-03-28,pop_culture
1690,Take the Bucs out of your top 10. This is pathetic to watch {@Colin Cowherd@} they’re going to get rolled next week by Green Bay.,2020-10-09,sports_&_gaming
2384,Happy New Year 2021!  I wrote an English translation in the bottom of the description and changed the thumbnail. ”Das Wandern - Wanderlust with OPERALARS and Samuel Edvardsson”. {{URL}} via {@YouTube@} {{USERNAME}} {{USERNAME}} {@SVT@} {{USERNAME}} {@Dagens Nyheter@},2021-01-01,pop_culture
2107,"Okay guys {@Arsenal@} don’t spoil it up next time we play. Straight Ws please. Everyone’s droppin points. I’m bored watching UEL, ",2020-03-01,sports_&_gaming
3073,Happy mother’s day to all incredible mom out there!!!!!  Especially to all My First time Mamshies and To My wonder woman  And also to My bestfriend {{USERNAME}} Hahahahahha love u!!,2021-05-09,daily_life
1514,"I am on my 5th play through of #RedDeadRedemption2, there is so much hidden details and dialogue this is without a doubt {@Rockstar Games@} best work. Arthur Morgan is the greatest and most relatable protagonist in gaming history",2021-05-30,sports_&_gaming
449,[00:44] Purple Disco Machine / Sophie & The Giants - Hypnotized #nowplaying {{USERNAME}} {{URL}},2020-12-13,pop_culture
941,"There are 55 state placewinners back in 2021, including 7 state champs and 3 seniors trying to reach the podium for the 4th time.   By team {{USERNAME}} -6 {{USERNAME}} -5 {{USERNAME}} -4 {{USERNAME}} , {{USERNAME}} and {{USERNAME}} -3 each  ‍♂️ {{URL}} ",2021-03-08,sports_&_gaming
3007,#HowDareYou to use climate change as a propaganda to get attention. 1st {@Malala@} now {@Greta Thunberg@} . They do everything possible drama to get media attention except real work.,2019-09-24,science_&_technology
1532,"Moana is a really underrated {@Disney@} movie. It s beautiful to look at, has some really cool ideas, a decent story and some great songs. If you ve not seen it, I recommend checking it out. {{URL}} ",2021-03-07,pop_culture
1847,Trump went to UFC 244 in New York City and was promptly booed out of the building when he was introduced to the crowd. #TrumpBooedAgain {{URL}} via {{USERNAME}},2019-11-03,sports_&_gaming
437,"I grew up hearing stories about heroes like Chandrakanth Pendurkar, Sundeep Surve, Tukaram Omble, {@V V Lakshmi Narayana JD@} etc. Pls don t let ur reputation stoop in the high profile #SushantConspiracy . Be loyal not to your political masters but to the people. #RepublicForSushant  (2/2)",2020-08-09,pop_culture
1314,La masia is the greatest football academy in the world!❤️  Congratulations to {@FC Barcelona Masia@} for training these young ones! And for winning Laliga Promises 2021!!!  Visca Barca❤️,2021-05-30,sports_&_gaming
786,Wow I don t understand why {{USERNAME}} ISNT in the league..... smh {@NFL@},2021-08-15,sports_&_gaming
873,Listen To {@FUTURE FREEBANDZ@} ’s New Album “High Off Life” [Apple Music] {{URL}},2020-05-17,pop_culture
739,imposibleng national ice cream day lang kaya nagppost sila. ge self such a  #MTVHottest BLACKPINK {@BLACKPINK GLOBAL BLINK@} {@BLACKPINKOFFICIAL@},2020-07-20,pop_culture
1006,Might just drop out of college so I can see the Astros in the World Series!! {@Houston Astros@} #TakeItBack,2019-10-20,sports_&_gaming
1844,UFC 245 - Usman DEF. Covington - The 6th Round SBN MMA Post-Fight Show {{URL}} via {@Bloody Elbow@},2019-12-15,sports_&_gaming
586,AYOOOOOOO! My big bro {{USERNAME}} & I just dropped a new music video  Deep . Peep the full video and pre-save the track as well here: {{URL}},2019-09-27,pop_culture
1306,Check our latest review for Birds Of Prey - Movie Review! {{URL}} via {@YouTube@} #BirdsOfPrey #HarleyQuinn #MargotRobbie #MaryElizabethWinstead #RosiePerez #DCEU #Batman,2020-02-09,pop_culture
348,I wonder... if i will ever meet Shawn Mendes {@Shawn Access@} {@Shawn Mendes@} #Wonder {{URL}},2020-10-05,pop_culture
2471,Kaya pa naman  MORISSETTE NEW MUSIC {{USERNAME}} LYS TEASER RELEASE,2020-11-22,pop_culture
1028,The story behind the music of Death in Paradise – and the new version of the theme song {@Radio Times@} {{URL}},2021-01-07,pop_culture
1163,I was lost I was tryna find the answer In the world around me I was going crazy All day all night It s time to request again! ⏰ May we please hear #MakeItRight by BTS feat. {@Lauv@} on #MostRequestedLive tonight? {@Most Requested Live@} {@BTS_twt@} #방탄소년단 #BTS,2019-10-20,pop_culture
2511,"Also #Browns put the kibosh on his interview with {@Jay Glazer@} , maybe he was going to spill the beans & the NFL put the pressure on the Browns to kill it??? #FreeMylesGarrett",2019-11-22,sports_&_gaming
3077," I m not announcing any changes,  {@Governor Gretchen Whitmer@} says about Michigan s current regional stages of the economic re-opening plan.   My hope was that we would move to Phase 5 by the 4th of July... that s not happening. ",2020-06-30,business_&_entrepreneurs
1541,Bruins come back with a quick 10-0 run of their own and lead 44-34 with 12:10 left in the game.  Both teams tied at 14-14 with points in the paint. {{USERNAME}} #PurpleReign #TougherTogether #DubLife,2021-02-14,sports_&_gaming
2701,Via {@FOX Sports Radio@} : Rob Gronkowski Was More Important Off The Field Than We Realize {{URL}},2020-03-01,sports_&_gaming
573,Regardless of Mother Nature delaying my flight from #DFW I still would have gotten home THREE hours later than expected due to other UNKNOWN flight delays. {@americanair@} it’s your policy to provide a compensation. #ECB > #SDF  took 12 hours!!!!! #unexcuseable,2020-08-17,daily_life
647,#NewFlorida #Duval #Jacksonville ⛽️⛽️Soulja K - Go Crazy (Official Music Video) {{USERNAME}} {{URL}},2021-02-28,pop_culture
595,I’m taking inspiration from {@Liz Ellis@} on #SportsSunday and doing a heroes and villains:  Hero: The #f1 starting at Aussie friendly time of 9:10pm.   Villain: The Masters being moved to a very un-Aussie friendly time 2am   #f1istanbul #Masters #themasters #Golf,2020-11-15,sports_&_gaming
1251,Please sign this petition. Student-Athletes: Bring back Division III National Championships - Sign the Petition! {{URL}} via {@Change org@},2021-02-07,sports_&_gaming
1558,Harry Styles - Watermelon Sugar (Live on SNL) {{URL}} ผ่าน {@YouTube@} love him,2019-11-18,pop_culture
1308,"So I just finished the new episode of #RWBY7. #RWBY7spoilers here, but WHY???!!!! Why would you kill Clover?! I liked him! The moment he showed up on screen a total badass he became my favorite character of the season! {{USERNAME}} is /THIS/ what you meant?!!",2020-01-26,pop_culture
470,Congratulations to {@Victoria Konefal@} on winning the 1st Annual #soaphub awards for favorite #daysofourlives actress  #ciarabrady #dool #nbcdays ✨ {{USERNAME}} #proudpublicist ✨✨ {{URL}},2020-09-06,pop_culture
800,I ve been saying this all along. #EmpireDidNothingWrong  Film Theory: The Uncomfortable Truth about the Jedi Order (Star Wars: Jedi are Evil) {{URL}} via {@MatPat@},2019-12-22,pop_culture
281,"Said all season the #Bills are a year away. Playoffs this year was a bonus & a good one. It’s a young, core group, led by the QB. Give Allen another year to develop, keep the defense in-tact, draft a WR, use cap space wisely & the {@Buffalo Bills@} are set up for long-term success.",2020-01-05,sports_&_gaming
932,"Following its decision to acquire HSBC’s East Coast retail branches, Citizens may be eyeing more acquisition activity down the line. {{URL}} via {{USERNAME}} #quality #oem #technology #industry4 #industry40 #usa #mfg #iot #madeinUSA",2021-07-25,business_&_entrepreneurs
732,"big shoutout to {{USERNAME}} and {{USERNAME}} for hosting the 2v2 tournament tonight, everyone go show love to them on mixer or ur a nark",2020-02-23,sports_&_gaming
2763,Sure the Super Bowl just ended but both the Bucs and Chiefs are going to start looking towards next year and how they can improve their rosters even further {{USERNAME}} {{USERNAME}} {{URL}},2021-02-12,sports_&_gaming
2896,MAIN EVENT: ITS THE MENS #WarGames!!!!!!!! #NXTTakeOver #WWENXT #NXT #WWE {@WWE NXT@},2019-11-24,sports_&_gaming
1144,The 49ers went from 4-12 to the SuperBowl. I’m looking forward to the {@Cleveland Browns@} going from 6-10 to the SuperBowl this year!,2020-01-28,sports_&_gaming
1617,✔ Streaming Types (3/6)  Programmed Streaming: Programmed stream apps don t let you pick songs. The app picks songs for you.  ℹExamples:  Deezer Flow (free) Pandora (free) LiveXLive  Streams from these apps only count for {@billboard@}  s Hot100  #BTS_Dynamite {@BTS_twt@} ~❄️,2020-08-16,pop_culture
3088,NYC on my way to see you again real soon.  Looking forward to getting some new content from this glorious place.    Thanks for visiting {{USERNAME}} #bnw #bnwphotography #bnw_captures #bnwnyc #bnwmood #bnw_shot… {{URL}},2020-01-05,daily_life
2503,[06:24] Purple Disco Machine / Sophie & The Giants - Hypnotized #nowplaying {{USERNAME}} {{URL}},2020-12-13,pop_culture
584,"rap line shading the guys who broke their hearts & then, vocal line coming through slapping us with emotions in  Love sick girls . {@BLACKPINKOFFICIAL@} ",2020-09-27,pop_culture
2195,National ice cream day and I’m headed to {@Jeni s Splendid Ice Creams@},2020-07-19,daily_life
160,Ranking on a scale of 1-10 how much each of {@Taylor Swift@} ’s new songs hurts our feelings while laying on the floor with {{USERNAME}} A thread:  1. the 1- 11/10 The lyrics are too real and they hurt my feelings quite a lot and make me think about people I would rather forget.,2020-07-30,pop_culture
1111,"Happy Easter, {@Governor Eric Holcomb@} .  We are so close to reaching the end of this pandemic.   Ending Indiana s mask mandate before we re sufficiently vaccinated will kill Hoosiers.  Please hear {@Governor Andy Beshear@}  s reasoned request, & reconsider.",2021-04-04,pop_culture
2798,"Super bummed that we didn’t get to play at the {@OKCMemorialMarathon@} Kid’s Marathon starting line again this morning, thanks a lot #COVID19  Guess we’ll just have to plan on seeing all the awesome family runners on the rescheduled date in October!  #RunForrestRun #FamilyFunkSuperDuo",2020-04-26,pop_culture
1915,I spoke to ESPN about the air quality issues that the West Coast is facing and their impact on sport. Also some great quotes from other experts including {{USERNAME}} of the {{USERNAME}} . {{USERNAME}} {@University of South Carolina@} {{URL}},2020-09-13,sports_&_gaming
859,Jennifer Lopez in  Hustlers  & More of the Best Pole-Dancing Moments in Music {{URL}} via {@billboard@},2020-02-13,pop_culture
952,"I need to see {@Taika Waititi@} sit down with our man {{USERNAME}} for a passionate korero. Would love to hear about his journey in a more relaxed interview setting. Favourite grassroots chat show, with favourite home grown film director, being asked what his favourite bakery is. xD",2020-05-03,pop_culture
2904,once COVID is over  is starting to sound a lot like  when {@Rihanna@} releases new music,2021-01-24,pop_culture
1331,Oh my god {@Harry Styles@} watermelon sugar is amazing! I love your new album so much and I’ve only heard two songs! ❤️❤️❤️❤️❤️❤️❤️❤️❤️❤️❤️,2019-11-17,pop_culture
1219,#InternationalWomensDay #SundayMotivation #SundayThoughts   To all those inspiring and amazing women out there  {{USERNAME}} {{USERNAME}} {{USERNAME}} {{URL}},2020-03-08,daily_life
1215,"_ {@BTS_twt@} SPOTIFY PHILIPPINES TOP 200 (07/10)  1. (=) PERMISSION TO DANCE - 561,309 (28,821) 2. (=) BUTTER - 396,426 (67,484) 18. (-4) DYNAMITE - 160,844(-13,784) 34. (-2) LIFE GOES ON - 92,362(-10,745) 39. (-3) PERMISSION TO DANCE (Instrumental) - 78,158 (-18,325)",2021-07-11,pop_culture
2676,Dear {@Harry Styles@}  I hope you’re well! I hope you’ve been smiling a lot today! I hope you’re having a wonderful day! You deserve only the best!  I LOVE #LightsUp SO MUCH!✨ Can t wait for the album & tour!  Would you mind following me?  It’d mean the world to me!   -114.318 x,2019-10-21,pop_culture
606,Felt like checking out Batman ‘89 tonight.. pulled it up on {@HBO Max@} . They really need to get better quality streams. Pretty sure a standard DVD has better image quality.,2021-07-08,pop_culture
164,Frauds {@San Francisco 49ers@} . Need you to beat the rams and you cant even do that,2019-12-22,sports_&_gaming
2154,The Final Hours: President Trump Grants Pardons & Commutes Sentences For 143 People ... Including Lil  Wayne & Kodak Black! - {{URL}} via {@WORLDSTARHIPHOP@} #WSHH #WORLDSTAR,2021-01-20,pop_culture
1040,Watching LEC  “Who do you guys think will win today” Me- “cg 3-2 reverse sweep with Cody sun Quadra to close out game 5” @Frostynomadd - *confused tomato gif* Who’s on the right track now,2019-09-08,sports_&_gaming
1978,"Anyone looking for Live sports, the NASCAR race is on FOX! {@FOX NASCAR@} ",2020-05-17,sports_&_gaming
2665,"The funding we receive from our Patrons helps to fuel some amazing content, like this article by {{USERNAME}} that takes a look back at RPG classic LUNAR: The Silver Star. See why he calls it  the best anime we never got.  ⬇️ {{URL}} ",2019-12-01,sports_&_gaming
3047,SG Local charts of {@BTS_twt@} ‘Film Out’ co-composed by #Jungkook   #1 iTunes Singapore   #1 trending on Youtube  #1 Spotify New Music Friday   #8 Top 50 Spotify Daily  #10 Spotify Hot Hits,2021-04-04,pop_culture
329,"Seriously CNN, what is happening? Our country is struggling because of a pandemic caused by the CCP, and you take this time to push for tourism to China?   “My three-week, life-changing trip to China, which spurred a year of travel” {{URL}} via {@CNN Travel@} ",2020-04-17,pop_culture
2011,January 2nd 2019 I woke up to the news that Chelsea signed Christian Pulisic from Dortmund..... {@Chelsea FC@} you know what announcement I want to wake up to tomorrow January 2nd 2020,2020-01-01,sports_&_gaming
2528,"So the commentator for the #CHELUT game, who most have been given the job based on her ability alone just said “chelsea will be happy with the 3 points” in an {@The FA@} cup game!!!",2021-01-24,sports_&_gaming
2546,"Yo {{USERNAME}} {@morgan wallen@} has a new song out, seems to fit in with his cover of Cover Me Up it would be dope if it’s the start of a new album.",2020-01-01,pop_culture
3066,"So proud to launch my new book telling the story of forgotten stars Gwen Farrar & Norah Blaney who starred in the West End, on Broadway & on {{USERNAME}} {{URL}} ",2019-10-27,pop_culture
1429,". {@Carolina Basketball@}  s next  game:  TIME UPDATE  • vs. Ohio State ( {@Ohio State Hoops@} ) - CBS Sports Classic •  = Cleveland, OH • ️ = Rocket Mortgage FieldHouse •  = Saturday, December 19 • ⏰ = 4:30pm ET •  = CBS •  = TuneIn ( {{URL}} )  #UNCvsOSU",2020-12-13,sports_&_gaming
2939,"The NCAA men s Tournament bracket has been out for over 24 days, here is a breakdown of all 68 teams chances of cutting down the nets.(via {@Busting Brackets@} ) {{URL}} ",2021-03-16,sports_&_gaming
2141,"Giants at the Bears  today...watch the Giants defense make Mitch look like elite QB, Daniel Jones will have a tough day at the office today. Best of luck today mi hermano {{USERNAME}} ",2019-11-24,sports_&_gaming
809,The Super Sunday is here...   The Premier League last war at 4pm     Stay Tune  english_premierleague_daily premierleague {@Chelsea FC@} vs {@Wolves@} {@Manchester United@} vs leicestercity  #racetotop4 #epl #manutdfans #cfcfamily… {{URL}},2020-07-26,sports_&_gaming
433,The staff at Lydney hospital are very grateful to {@Tesco@} Lydney for allowing us to shop and our beautiful flowers along with everything else you support us with throughout the year,2020-03-22,daily_life
1107,Opinion | China doesn t want to subjugate the NBA — it wants to take over the world {{URL}} via {@NBC News THINK@},2019-10-23,sports_&_gaming
2091,Charge the cops who shot Jacob Blake - Sign the Petition! #unarmedvictim #DemandJusticeForJacobBlake {{URL}} via {@Change org@},2020-08-26,daily_life
860,".....Eeewww!.........()‼ (He kept his word though,...that he would taste blood,.......he did)  Tyson Fury licks Deontay Wilder’s BLOOD during fight shocking live TV viewers after brutal war. {{URL}} via {@Google News@} ",2020-02-23,sports_&_gaming
274,"Loved #RayaAndTheLastDragon It was a Gorgeous, Action Packed, Hilarious & Touching Masterpiece that represents #SouthEastAsia! Being part #Filipino the movie means a lot to us! Amazing voice cast especially #KellyMarieTran, {@nora@} & #BenedictWong ...",2021-03-07,pop_culture
967,Happy Easter everyone! This little tatoe is off to go play hide and seek with the Easter eggs! #NFT #nftcollector #NFTCommunity #nftart #NFTshill #Crypto #Ethereum #ETH {@OpenSea@} {{URL}},2021-04-04,arts_&_culture
2758,Anyone got any good bets for the game tonight? I m looking mainly at you {{USERNAME}},2020-02-02,sports_&_gaming
3145,"Yes, the line is long. We all have somewhere to be. But remember kindness is free and it takes no time at all to THANK YOUR {@Starbucks Coffee@} BARISTA! They were up before the sun today to serve us holiday cheer! ☕️ #tobeapartner #dontbeagrinch",2019-11-07,daily_life
2139,Im going to live for bts concert at my ig {{USERNAME}} now!!,2020-10-11,pop_culture
1346,"Planning to share The Bear and Piano by {{USERNAME}} with one of my ECA groups. Was going to create some cityscapes but just found blog with how to draw bears, looking forward to see what they create! Need to order Lights on Cotton Rock now as well!",2020-01-05,pop_culture
2813,Coming up next I hope is #BTS Feat. {{USERNAME}}  s #ON!! {@Most Requested Live@} #MostRequestedLive. Please play this song. Thank you {@BTS_twt@},2020-03-01,pop_culture
885,"hi, {@Louis Tomlinson@} ! if you see this maybe you could take a few seconda to follow some fans. these ones love you and i’m sure you’d make them very happy by following them.  ♡ {{USERNAME}} @KMMDUA ♡ {{USERNAME}} @marblesbee  @sunsIwt   thank you!",2020-08-09,pop_culture
556,Some gigs on the Horizon!   #theQueestreetbrewhouse #  on 28/02/20 with #Ithelusionist and #IronDuke  Free entry that one   #Bloodstockopenair #metal2themasses {{USERNAME}} Hitchin  Metal to the masses first round!   29/03/20  more to come!  #metal #metalessex #bloodstock,2020-01-19,pop_culture
908,LBC s Top 10 of the decade: 8. Eddie Mair skewers minister Liz Truss - LBC {@LBC@} {{URL}},2019-12-29,pop_culture
1381,"Massive Tropical Storm Cristobal Bringing Flooding Rains, Storm Surge Threat To Millions Along The Gu... via {@Forbes@} {{URL}} ",2020-06-07,science_&_technology
2117,"Leading jockey {{USERNAME}} will stay in Melbourne Saturday to ride {{USERNAME}} Caulfield.  Main rides include Age of Chivalry in Victoria Hcp, last start winners Flying Mascot and Shandy plus The Lord Mayor in the 2000m Easter Cup.",2021-03-28,sports_&_gaming
2562,STANLEY CUP  : HABS - LIGHTNINGS Preview ! {{URL}} via {@YouTube@} #nhl #habs #lightnings #StanleyCup,2021-06-27,sports_&_gaming
509,"First UFC fight, {@Anthony Pettis@} submitted.  Did he train enough?  Did not look like it.  Not his norm.",2020-01-19,sports_&_gaming
2388,Cars have hit Black Lives Matter demonstrators 104 times since George Floyd protests began {{URL}} via {@Yahoo@},2020-09-27,daily_life
221,"The XFL is cool and all, but when are we gonna support/ promote {{USERNAME}} this hard? The WFA has been around since 2009.",2020-02-09,sports_&_gaming
1297,The Cult - She Sells Sanctuary {{URL}} via {@YouTube@} The fire in your eyes keeps me alive.,2019-11-01,pop_culture
146,Anyone who doesn t think the legend of {@Tony Ferguson@} grew bigger at UFC 249 is a casual to say the least,2020-05-10,sports_&_gaming
1777,#WoOSprint Heat Races are coming up next at {@BristolMotorSpeedway@} .   NOTE: 8 Laps | Top 6 Transfer | Top 2 go to the Dash,2021-04-25,sports_&_gaming
1053,A new video by {{USERNAME}} {{USERNAME}} The Rational National: Biden s Town Hall: How Did He Do? {{URL}},2020-09-20,pop_culture
1822,"I hoped so much for a Boxing Day {{USERNAME}} episode. There isn t a new Star Wars, but the Boxing Day Episode somehow became a part of Christmas. And now there won t be any more. :(",2020-12-26,pop_culture
2851,"I love that the Mandalorian’s score isn’t just a John Williams impersonation. Nothing against Giachinno and Powell for their amazing work on Rogue One/Solo, but {@Ludwig Goransson@} is changing the sound of Star Wars and I’m here for it.",2019-11-17,pop_culture
508,UFC 245 video recap: Volkanovski out-strikes Holloway to take title {{URL}} via {@Bloody Elbow@},2019-12-15,sports_&_gaming
323,"TODAY AT 4PM CT   {{USERNAME}} , {{USERNAME}} , and {@Paul Bretl@} are back with Pulse of the Pack!  Join the guys as they take a look at tomorrow s game when the Packers take on the Bucs in the battle of the bays!  Live here and on YouTube ⤵️ {{URL}} ",2020-10-17,sports_&_gaming
1561,Loved the England fans {@Gary Lineker@} {@Rio Ferdinand@} {@Alan Shearer@} reaction to our goal,2021-07-11,sports_&_gaming
176,The US is reducing its greenhouse gas emissions far too slowly to help avert the worst effects of global warming. But what would happen if the country adopted 7 of the most ambitious climate policies already in place around the world? {{URL}} via {{USERNAME}},2019-10-20,science_&_technology
2852,"Check out The Sound of Music (DVD, 2005, 2-Disc Set, 40th Anniversary Edition) - Plummer {{URL}} via {{USERNAME}} ",2021-02-07,pop_culture
1908,Paul Feig recalls infamous  Dinner Party  episode of The Office :  We made people so cringey  {{URL}} via {@Entertainment Weekly@},2020-06-07,pop_culture
168,Ate {{USERNAME}} Anniversary mo din oh happy Anniversary po sayo ate...love you,2020-08-08,daily_life
1400,“My father was an electrician and I was his first big shock.  That’s why {@Jerry Lawler@} is the GOAT.,2021-01-31,daily_life
3121,LLEGAMOS A LOS 110M!!! VAMOS SOIXJAOIS {@BTS_twt@} #PermissiontoDance  BTS (방탄소년단)  Permission to Dance  Official MV {{URL}},2021-07-11,pop_culture
1392,i don’t know how but in a week i’ve gone from never having heard of {@Olivia Rodrigo@} to now having an intense feeling of what can only be described as maternal fondness and absolute adoration. anyway stream drivers license,2021-01-16,pop_culture
2257,made gnocchi and brussels sprouts for dinner and am currently waiting to see {@Samin Nosrat@} speak about food and climate change so basically i am having the best and most on brand evening possible,2019-09-25,daily_life
2177,on {@YouTube@} : STAR WARS EP 9: J.J. ABRAMS EXPLICA O PLOT TWIST PALPATINE {{URL}},2019-12-22,pop_culture
2237,"HAPPY NEW YEAR! 2020! Starting the decade with some #FortniteBattleRoyale, then switching to more Sevtech! #Minecraft {@Twitch@} {{URL}} ",2020-01-01,sports_&_gaming
136,Ghost (feat. AKIRA*!) (prod. litlikenoah) by Mxrkus ✰ on #SoundCloud {{URL}} NEW SONG PROD ME and {{USERNAME}} OUT NOW!,2021-08-01,pop_culture
1470,"“If your not going to put up a guardrail to protect the drivers, don’t doubt their stories about what they see in there.” Hilarious {@Dale Earnhardt Jr@} #LostSpeedways",2021-03-07,sports_&_gaming
1278,EP11 - Star Wars The Last Jedi - Movie Review (spoilers) {{URL}} #starwars {@Star Wars@} #thelastjedi #podcast #podcaster #podcastlife #moviereviews #podcastshow #newpodcast,2020-12-20,pop_culture
1973,"Awesome win {@Carla Esparza@} , you turn the corner on those takedowns with the best, enjoy the w my friend!  #ufcfightisland #MMA",2020-07-26,sports_&_gaming
894,On The Ground - Full Cam SBS Inkigayo 28.03     {{URL}} — #로제 #ROSÉ {@BLACKPINKOFFICIAL@},2021-03-28,pop_culture
197,"Seeing the job Benitez did at Newcastle, and now Rodgers at Leicester, why aren’t {@Everton@} trying to get that calibre of Manager in... rather than rubbish we’ve tried so far!!!",2019-09-29,sports_&_gaming
2338,Just A Matter Of Time  - Mind Body & Soul (Official Music Video) {{URL}} via {{USERNAME}},2020-07-01,pop_culture
1483,Also hey {@Alejandro Saab Anime Weekend Atlanta@} do u remember the Animaniacs & Pinky & the brain & Sally the Squirrel & the original Looney Tunes,2020-08-02,pop_culture
1792,So today my {@Tampa Bay Buccaneers@} play {@Patrick Mahomes II@} and {@Kansas City Chiefs@} I just hope we get more points than we did playing the chiefs....,2020-11-29,sports_&_gaming
2084,GUYSSS GOOD MORNING  Omg I’m so nervous I haven’t seen the video ahhhh I’m going to watch it right more Im soooo excited but NERVOUS {@SF9official@} #SF9   #에스에프나인   #9loryUS   #여름향기가날춤추게해   #SummerBreeze,2020-07-05,daily_life
767,"RESPECTED GOVERNEMT OF INDIA, Its now near to 40 days we are struggling to live on very limited resources and purchasing food by lending money from other malaysians. Please help us to join our family. Rescue us and arrange flights for us {@PMO India@} {@Narendra Modi@} Ji, {@Hardeep Singh Puri@} ",2020-04-24,daily_life
2280,I saw Julius Randle give up that spin move to kick it out to Quickley last night for the easy open 3... {@Kazeem Famuyide@} Christmas came early man,2020-12-19,sports_&_gaming
2693,looking forward to more of JONA on {@ASAP Natin To@} this year  ASAPFearlessPasabog JONA,2020-01-05,pop_culture
2081,"David Turner, a saw mill director explains why nz exports our raw logs and then import wood products. Fascinating little window into the struggle of an old industry in a  small country: {{URL}} / {@Russell Roberts@} is this a potential podcast material?",2021-03-14,business_&_entrepreneurs
1112,Any idea who the Browns player will be this Thursday at Razzles? {@Nathan Zegura@} {{USERNAME}} {{USERNAME}} . Plus I need a picture with the 3 of you ‍♂️,2019-11-19,sports_&_gaming
3074,"Ok let’s settle this...  Birds of prey has no redeemable male characters, right!  Well, Get Out has no redeemable white characters, but all race’s went to see it and enjoyed it, it even won Jorden Peele an Oscar!  1/4  #BirdsOfPrey  #DC {@Grace Randolph@} ",2020-02-12,pop_culture
2850,Salman Khan ruled the decade like a king! {{URL}} via {@MissKyra@},2019-12-29,pop_culture
865,Kimball Volleyball headed to the second round of playoffs on Halloween Night @ 7:00pm location is still TBD  depending on tonight’s game between Nevada Union and Liberty Ranch ... and the PG&E power outage status. #gojags #issafamily {{USERNAME}} {{USERNAME}} {{USERNAME}},2019-10-30,sports_&_gaming
2389,I just earned the  God Save the Queen (Level 6)  badge on {{USERNAME}} ! {{URL}},2021-03-14,sports_&_gaming
1085,100 million views in 24 hours for the music video produce by gcf directed by jungkook {@BTS_twt@},2020-05-07,pop_culture
1447,"Basta, I am voting for {@SEVENTEEN@} for #BBMAsTopSocial coz Long ago, the four nations lived together in harmony. Then, everything changed when the Fire Nation attacked. Only the Avatar, master of all four elements, could stop them, but when the world needed him most, he vanished.",2021-05-16,pop_culture
199,"Report: Redskins hiring Jennifer King as assistant, the NFL’s first full-time black female coach {{URL}} via {@Yahoo Sports@} ",2020-02-09,sports_&_gaming
429,"1 of 2 | Opinion | Steve Bannon has set up shop in DC again, reportedly to save Trump from himself.  The perfect time for AMERICAN DHARMA the new doc by Oscar®-winner {@errolmorris@} that lays bare the Bannon Darkness.  Trailer in 2 of 2 {{URL}} ",2019-11-03,pop_culture
3160,"Connected to #nature? Worried about #climate change? Through workshops and public #art, Susan Israel teaches about climate issues in an innovative and #fun way, which she will do this Saturday {{USERNAME}} . Read more in the Harvard Gazette {{URL}} ",2019-09-25,science_&_technology
1823,I just earned the  God Save the Queen (Level 56)  badge on {{USERNAME}} ! {{URL}},2021-03-14,sports_&_gaming
1795,I’m ready for Madrid to take the lead on the table yes sir {{USERNAME}} just wanted to tag you in it if that’s fine,2020-06-28,sports_&_gaming
2924,we do not have the power or capability to verify the accuracy of the information entities send to us. We accept all information that delivered to us in good faith and place it on the public record.  - {@Companies House@} amazing work by {@Kieran Cunningham@} #boxing {{URL}},2020-10-04,sports_&_gaming
1970,im thankful for a lot of people but i’m mostly thankful for you guys. thank u for always being there for me ilysm {@Ariana Grande@} {@Louis Tomlinson@} {@Harry Styles@} {@Liam@} {@Niall Horan@} {@zayn@} {@5 Seconds Of Summer@},2019-11-28,pop_culture
730,". {{USERNAME}} named Top 100 winery in the world!  “... a great award because it’s the entire winery’s efforts -- it’s not just one wine. It’s what the winery did for that year, like a report card.”  #FLXWineCountry {{USERNAME}} {{URL}} ",2019-09-27,business_&_entrepreneurs
297,"So blessed to share and bring in #2020 with my beautiful family Maria, Matisse and Miro {{USERNAME}} miro.dali catalinabarandgrill  Happy New Year!! !!! {{URL}} ",2020-01-04,daily_life
2121,So when Northwestern upsets Ohio State on Saturday as 21.5 underdogs will {@Coastal Football@} get what they deserve???,2020-12-16,sports_&_gaming
807,a winter solstice story for the winter solstice (only years later did I realize what this story was trying to tell me)   thanks to {{USERNAME}} {{URL}},2020-12-21,arts_&_culture
2595,i now understand what {@Harry Styles@} meant when he said kiwi walked so watermelon sugar could run.,2019-11-17,pop_culture
1565,"#NovemberStory Done with 4th & 5th episode ,I never thought Kollywood can make such a thriller and crime web series ! But this nailed it {@Tamannaah Bhatia@} You have chosen a wonderful story ❤️",2021-05-23,pop_culture
1172,"A year ago today, I decided to go to a concert in Salt Lake three hours before doors opened. I had no idea who the opening bands were, but when I say I became a fan of {{USERNAME}} and {@THE F A I M@} that night, I mean it. That was one of the best decisions I’ve ever made.",2020-04-17,pop_culture
3030,Yellow Jackets score a miracle on senior night {{URL}} via {{USERNAME}},2019-10-30,sports_&_gaming
3037,"Definitely check out {{USERNAME}}  Andy s Random Edits !! He s hilarious, he makes awesome vids, and proves that real comedy isn t dead!! Give him some s & Sub 2 him! #Funny #comedy #hilarious #lockdown #MMA  #MMATwitter {{URL}} ",2020-03-29,pop_culture
821,I m not surprised but {{USERNAME}} was correct that every song in the Birds of Prey soundtrack is a banger.,2020-02-09,pop_culture
2711,[| Most Viewed 2021 MV by Korean Act   #1. {@BTS_twt@}  Butter  - 174.7M (+1)✈️ #2. On the Ground - 174.6M #3. BTS  Film Out  - 125.9M #4. In The Morning - 101.8M {{URL}},2021-05-23,pop_culture
1241,Fans at Wembley appear to BOO Leicester and Chelsea players taking the knee moments before FA Cup final kick-off as social media condemns  idiots  opposing the anti-racism gesture {{URL}} via {@MailOnline Sport@},2021-05-16,sports_&_gaming
1563,The reason why salman was so effing agitated because he could see that his demotivating and discouraging words didn t have any affect on rahul. I am glad it didn t. Youare gona shine rahul we love you {{USERNAME}} {@ColorsTV@} {@Bigg Boss@} {@Salman Khan@} WE ARE WITH RAHUL VAIDYA,2020-12-13,pop_culture
3021,"ICYMI  Thank you again to {@Red Bull Canada@} for inviting me to this amazing event! Also BIGUPS to {{USERNAME}} for the interview, looking forward working together more in the new year!  #RedBullAdrenaLAN {@Red Bull Gaming@} {{URL}} ",2020-12-20,sports_&_gaming
623,"I do fancy seeing the new Star Wars film, either to go at weekend or next Monday? , hope to go with {{USERNAME}} ",2019-12-22,pop_culture
1445,I know you cant always know what information on Twitter is *honest* or *real* but if you want to break up Big Tech you should ignore all of this fake news and.... vote for {{USERNAME}} .,2020-02-22,science_&_technology
1718,10-0 win over Georgia Stars Baseball Academy.  SP Christian Mansfield 5 IP 4 H 6 K’s! 3B {{USERNAME}} 2-2 with a 2B and a 3B with 4 RBI’s!  Dogs take the #3 seed and will play TN Select bright and early @ 9:00 am for the start of bracket play!,2020-07-05,sports_&_gaming
1162,"So {{USERNAME}} had time to speak at the RNC but not to arrest the cops that killed Breonna Taylor, an essential worker, specifically an EMT, in her sleep? Bet.",2020-08-26,daily_life
2260,"Kuch bhi ho but Dil abhi Tak nahi Mana hai ki vo suicide kr sktey . Watching Dil bechara I cried every moment , the power of his acting , that passion to rise and shine , still can see gliters in his eyes of making a history. {{USERNAME}} {{USERNAME}} {@Ankita lokhande@} ",2020-07-26,pop_culture
1640,I remember when Derrick Henry declared for the draft how {@ESPN@} said he was too tall to be a good running back or too slow,2020-01-12,sports_&_gaming
3035,#5YearsOf1989 and 5 years since Montevallo was released. C’mon {@Sam Hunt@} release a new album already.,2019-10-27,pop_culture
2603,"Found the line  com colares de zaiêus  (with garlands of jasmine flowers) in this Goan Portuguese short story I m reading, it s actually a reference to {{USERNAME}} ",2020-12-27,daily_life
2775,Lil wayne and Kodak Black may not thank TRUMP PUBLICLY Because they face a Cancel culture being done on them . Remember When ASAP Rocky was locked up in Europe Trump made a call and the rapper was Free but Black Culture didn t allow ASAP Rocky to Say Thanks . {{USERNAME}},2021-01-20,pop_culture
2749,Come back to the Lord now. Don’t wait till it’s too late!  EDWARD ON IWANTASAP FEELS  #EdwardBarber {@Edward Barber@},2021-08-22,pop_culture
1022,"A weekend full of fussing fighting adjusting and  basically its either watching {@Channel 3000@} or 47 & 57, which basically is 3 channels vs 9 so its an easy choice. Hopefully, channel 3 fixes their transmitters because Sun Prairie isn’t exactly BFE",2019-10-27,pop_culture
1750,A last second free throw for Hannah Sjerven was the difference as {{USERNAME}} defeated {{USERNAME}} 82-81. {@KELOLAND Sports@} {{URL}},2021-02-28,sports_&_gaming
291,Yo what if {{USERNAME}} comes out and tells Edwards he won’t accept the fight because he wants a ranked opponent,2020-10-23,sports_&_gaming
2022,"Lovely evening watching the fire works in minster {{USERNAME}} @ Minster, Kent, United Kingdom {{URL}} ",2019-11-02,daily_life
1740,The Cranberries - Ode To My Family (Official Music Video) {{URL}} via {{USERNAME}} 2-3x $12.99 used,2021-02-28,pop_culture
2282,"#PastorKumuyiSaid    Everything God has ordained for your family would be realised. Prosperity, love and goodness. {@Deeper Life Bible Church@} {@Pastor William F Kumuyi@} ",2020-04-26,daily_life
1007,The latest The Fire-Climate-Media Daily! {{URL}} Thanks to {@NASA Climate@} {@NOAA Climate gov@} #under2coalition #kincadefire,2019-10-30,science_&_technology
67,on {@YouTube@} : The Field (feat. Bino Rideaux & Young Dolph) {{URL}},2021-05-16,pop_culture
24,Check out Smurfs Race to Smurf Village Game #PressmanToy {{URL}} via {{USERNAME}},2019-09-08,sports_&_gaming
216,"Fingers crossed for a speedy recovery, champ!   Nicky Henderson is hopeful Buveur D Air will make a full recovery from the injury he picked up in the {@Betfair@} Fighting Fifth Hurdle - but whether he runs again this season is a  grey area . ",2019-12-01,sports_&_gaming
2860,. {@Olakira@} Featuring {@Davido@} “IN MY MASERATI(Remix) Music Video Has Surpassed 17 Million Views On YouTube!❤️ -A Bop,2021-02-28,pop_culture
1910,I don’t think {@Lonzo Ball@} should have worn 2 for the lakers. I will always think D. Fish ... sorry Lonzo,2019-10-29,sports_&_gaming
2783,. {@saebyeolbe@} and cleaning up at Numbani in a playoff game  Name a more iconic duo.  #EverUpward #OWL2019,2019-09-08,sports_&_gaming
1153,"#GBNews ha ha got you... tuned the TV brilliant {@Andrew Neil@} thank you, thank you, thank you!!!!!!!!!!!!! fantastic {@BBC News UK@} , {@ITV News@} {@Sky News@} ... you can get stuffed now  that we have a real news channel!!!!!!! shove your antennas up you rear orifice",2021-06-13,pop_culture
2159,The head of the {@World Health Organization WHO@} has said investigations into the origins of the covid-19 pandemic are being hampered by the lack of raw data on the first days of spread and urged China to be more transparent. {{URL}} {{URL}},2021-07-16,science_&_technology
166,"#Disney Movie #Trivia {{USERNAME}} on Sunday, 12/1 at 7pm! RSVP at; {{URL}} #DisneyMovies #DisneyPlus #NYC #EastVillage",2019-11-17,pop_culture
3113,The United States flag does not fly because the wind moves past it.  The flag of the #USA flies from the last breath of each military member who has died protecting it.  #America #July4th {{USERNAME}} #RealLawyers  1/2,2020-07-03,daily_life
207,Digital Mirage: Online Music Festival (Presented by {{USERNAME}} / {@Brownies Lemonade@} )  #ElectronicMusic #PLUR #MusicIsLife #EDM #Live #StayHome #QuedateEnCasa {{URL}},2020-04-05,pop_culture
2322,The bad news is time flies. The good news is you re the pilot  TuloyAngLigaya SaLOUDRE  #LouDre {{USERNAME}} {{USERNAME}},2021-01-04,daily_life
2089,Haha that s right {@Nate Oats@} tell them where to go so the tide can cut down the nets. #RollTide {{URL}},2021-03-14,sports_&_gaming
591,"Favorite {@Treyarch Studios@} Games of the Decade: 1. Black Ops 1 2. Black Ops 2 3. Black Ops 3 4. Black Ops 4  such a coincidence right? BO1 and 2 are interchangeble for me, but {@Treyarch Studios@} games have always been better than {@Infinity Ward@} games, and i hope they keep their crown entering 2020",2019-12-29,sports_&_gaming
1176,Im pretty sure {@Whitney Cummings@} got replaced by a robot,2021-07-06,pop_culture
1720,"Didn’t watch the bucks game today out of superstition, but I’m proud of y’all {@Milwaukee Bucks@} let’s keep going one at a time ",2020-09-06,sports_&_gaming
1863,"Trying to move from {{USERNAME}} to {{USERNAME}} , just because i don t want to tricker the thing by computer every-time and miss the passcode on my iPhone X, but i love both Team, really good work. Impressive {{USERNAME}} {{USERNAME}} ",2021-02-28,science_&_technology
525,Jackson Wang & Galantis - Pretty Please (Official Music Video) {{URL}} via {@YouTube@} #djstrange,2021-05-02,pop_culture
2335,I just called {{USERNAME}} and  ordered two copies of Chain of Gold signed by {@Cassandra Clare@} to give away in celebration of my new song coming out in January inspired by the series. I am DETERMINED to get 2021 off to a good start.,2020-12-27,pop_culture
469,“On The Ground” by {@BLACKPINKOFFICIAL@} ROSÉ has surpassed 100 million streams on Spotify. It’s the fastest K-pop debut song to reach this milestone.,2021-05-23,pop_culture
1350,I just got result  Eren Jaeger!  on quiz  Which Attack on Titan (or Shingeki no Kyojin) Character are you? . What will you get? {{URL}} via {{USERNAME}},2020-12-06,pop_culture
2169,"Happy #IWD to all the women out there, keep being phenomenal. {{USERNAME}} {{USERNAME}} {{USERNAME}} {{USERNAME}} {{USERNAME}} {{USERNAME}} {{USERNAME}} {{USERNAME}} {{USERNAME}} {{USERNAME}} {{USERNAME}} {{USERNAME}} {{USERNAME}} {{USERNAME}} {{USERNAME}} {{USERNAME}} I appreciate you.",2020-03-08,daily_life
2811,"Had a cracking open water swim today courtesy of {{USERNAME}} , first one in 8 weeks so was surprised I could still remember how to stay afloat!     Bit nippy, definitely woke me up! @ Boundary Water park {{URL}} ",2020-05-17,sports_&_gaming
1531,Drivers license on repeat! {@Olivia Rodrigo@} ! #olivia #driverslicense #oliviarodrigo #love,2021-01-10,pop_culture
928,Praying for everyone in New Orleans.   I’m thankful that my niece’s university evacuated a couple days ago.  Stay safe y’all! {@Tulane University@} #HurricaneIda,2021-08-29,daily_life
1896,2p dwayne_chavez DJ Payback is gonna  kick off the 4th of July mix weekend! {{USERNAME}} !! Just like old times. #turntup #partyup {{USERNAME}} {{USERNAME}} {{URL}},2020-07-03,pop_culture
2721,"Real talk now. After all the struggles I’ve been through since I moved to Germany, I couldn’t be happier to step into a {{USERNAME}} ring. No dream is too far away, if you put up the time and the hard work. Best decision I’ve done in my life.",2019-10-27,daily_life
1619,Jeremih - Down On Me ft. 50 Cent (Official Music Video) {{URL}} via {@YouTube@} Then when U land in NYC welcome 2 the Big  of God’s  so GEEA will be in Philadelphia welcome 2 Freedom and Water 2,2021-08-25,pop_culture
1469,"Oh FFS, just realised {@ITV Football@} have got Peter Walton for the Euro s ‍♂️",2021-06-13,sports_&_gaming
1141,"The ability of the seed to multiply is when it is buried in the ground. Because God has put some things in the ground to enable the seed produce   | {{USERNAME}} | Principles of Fruitfulness  | Shalom Temple, Amasaman   #ShalomAt24 #SundaysAtICGC #YearOfFruitfulness",2021-07-04,daily_life
2934,There is no reason for {@Spotify@} to have artist radio when you have playlists.  Really doesn t make sense. #Spotify,2021-04-04,pop_culture
1913,"I fucx with the new {@Mortal Kombat Movie@}  the blood , the gore and the story line was dope to follow. Looks like there may be a part 2. Hopefully ",2021-04-25,pop_culture
956,"Whether it s the group stages, the finals or the full tour, we have options for all budgets.. Come support {@England Cricket@} at the {@T20 World Cup@} next year.. bookings are now open! {{URL}} #t20worldcup #ICC",2019-09-24,sports_&_gaming
1488,"Friends, thank you so much for your love for my fundraiser for {@American Foundation for Suicide Prevention@} . Overwhelmed by the support you have shown by donating and sharing. If you would to help the link is below. Thank you all once again. I truly love you all.#ReleaseTheSnyderCut ❤️ {{URL}} ",2020-05-03,daily_life
25,EXPLICIT LYRICS: Ransom x Big Ghost Ltd “Heavy Is The Head” (ALBUM STREAM) {{URL}} #InsomniacMagazine {@Ransom@} {{USERNAME}} {{USERNAME}} {@IG Mickey Factz@} {{USERNAME}} {{USERNAME}},2021-07-23,pop_culture
1134,So I decided to make homemade pizzas. I say it turned out pretty good. {@Jack CouRage Dunlop@} what you think?,2021-04-25,daily_life
2197,Time for the main event {@Adam Cole@} {@Roderick Strong@} {@Kyle O Reilly@} {@Bobby Fish@} #UndisputedEra vs #TeamCiampa {@BLACKHEART@} {@Insidious Lee@} {{USERNAME}} #WarGames,2019-11-24,sports_&_gaming
925,Jan the man making his final appearance today. What a servant he has been to #thfc. Best centre back of last twenty years alongside Ledley. Such a shame he won t get the send off he deserves. {@Jan Vertonghen@} thanks for the memories x,2020-07-26,sports_&_gaming
1552,UFC 265: Derick Lewis vs Ciryl Gane Post Fight Reaction {{URL}} via {@YouTube@} #UFC265  #CirylGane  #derricklewis #AndNew,2021-08-08,sports_&_gaming
2744,I’m digging this new {@All Time Low@} song! Definitely going to vibe with it driving home after work with the windows down,2021-03-24,pop_culture
843,Enter to see Harry Styles at The Forum from {@1043MYfm@} . {{URL}},2019-11-24,pop_culture
1645,I want to give a big thankyou to {{USERNAME}} . For helping me resolve the transfer of my new phone from {@T Mobile@} {@John Legere@} hope you all have a happy new years,2019-12-30,science_&_technology
2937,"Wow, ten years since {@player coach@} won the WWE Title from {@John Cena@} in one of the company s greatest matches and leaving with it. Time truly does fly so fast. #WWEMITB",2021-07-18,sports_&_gaming
2646,4th quarter Jalen hurts has the chance to show he can close out a game {@Skip Bayless@} {@shannon sharpe@} {@Jalen Hurts@} {@Philadelphia Eagles@},2020-12-13,sports_&_gaming
1020,Check out my new single  Frozen  distributed by {@DistroKid@} and live on Apple Music! {{URL}},2019-12-15,pop_culture
2187,Hi all! I m back in California! Home sweet home! But definitely missing {{USERNAME}} I m behind on messages! I ll catch up tomorrow!,2019-09-29,daily_life
749,"Apple AirTags Tipped to Launch Soon, May Come in Two Sizes Apple AirTags ultra-wideband trackers have been in the news for a while...  via {{USERNAME}} #SmartHome #Innovation {{URL}} _",2020-10-25,science_&_technology
2371,". {@Harry Styles@} i love knowing that we started a new era together, i m sure this new album is going to be amazing like everything you do. it would be beautiful to be able to hug you in this era, i love you with all my heart thanks for being my best friend  ps: stream lights up 9",2019-10-13,pop_culture
180,"Raquel Buenrostro, the head of Mexico’s tax authority known as SAT, told {{USERNAME}} her proposal is awaiting approval by the Finance Ministry, and is part of a package of measures to increase tax collection by 1% of gross domestic product next year. {{URL}} ",2021-07-19,business_&_entrepreneurs
1272,Unlocking the power of Scotland s rural areas with 5G - {{URL}} #5G  CC: {{USERNAME}} {{URL}},2021-08-01,science_&_technology
2498,Ready to fall in love with boxing and {{USERNAME}} ? . Sign up for our Introductory Special before February 14! 3 months incl gloves and wraps = $199 6 months incl gloves and wraps = $349 12 months incl gloves… {{URL}},2020-01-26,sports_&_gaming
1434,"Social distancing will help in stoping the virus from spreading super fast  How canceled events and self-quarantines save lives , in one chart {{URL}} via {@Vox@} ",2020-03-15,daily_life
607,"DeChambeau ailing after barely making cut at the Masters, via {{USERNAME}} . {{URL}} ",2020-11-15,sports_&_gaming
1352,First off let me say that {{USERNAME}} has been AMAZING in helping me figure out the next step of my publishing journey. He s been playing around with layouts and I actually got to see my book with illustrations and a table of contents and a cover on a Kindle app. *dies* +,2021-04-11,business_&_entrepreneurs
2344,Stanley Cup Final: The Tampa Bay Lightning Must Regroup Following Game 1 Loss to the Dallas Stars .... by {{USERNAME}} {{URL}},2020-09-20,sports_&_gaming
1904,"Repeated first inning catch, but this time leg side. What an amazing superman style catch-  Fly & Catch - Saha Style {@Wriddhiman Saha@} #INDvSA {@BCCI@} {{URL}} ",2019-10-13,sports_&_gaming
1899,Apple Music BR - Diário TOP100 (10.07)  #36.  Permission To Dance  (-11) *peak #25*   #64.  Butter  (-18)  *peak #18*   ( {@BTS_twt@} ) {{URL}},2021-07-11,pop_culture
94,Christina Perri - A Thousand Years [Official Music Video] {{URL}} - {@YouTube@} 감미롭다.,2019-09-24,pop_culture
770,"Had a lovely MD. Happy to have my husband home for it, and to be able to chat with my mum and sister in WA online. Missing my SIL - we were supposed to watch our kids grow up together. Have donated to both her foundation and {@Ovarian Cancer Aust@} in her honour this #mothersday2020",2020-05-10,daily_life
637,Strange how the government is allocating 1 trillion in response to the Coronavirus but Google keeps sending notifications on my phone asking for donations. {@Google@} needs to quit trying to scam people in the name of a virus.  #coronapocolypse,2020-03-15,daily_life
1304,"Calling it now -  Will you shut up man  and/or  Mr. Vice President, I m speaking  are gonna be right before drops in {@Two Friends@}  s BBM 18",2020-10-10,pop_culture
2334,Ok wow but {@AVA MAX@} new song is a f*cking bop and a half.,2021-02-07,pop_culture
2536,"#WilderFury, With blood streaming from Wilder s ear, I hope he is not a damaged product with such career ruining injury. The Bronze Bomber may have gotten an Archilles Hill that will be soft target for brawlers, no thanks to the Gipsy King. {{USERNAME}} {@JJ Omojuwa@} ",2020-02-23,sports_&_gaming
2492,Earning #cryptocurrency for selling my stuff on {@Listia@} ! Join me using code  CFWKPP  for an extra 100 XNK. I just listed this: Mech Rage {{URL}},2020-03-01,business_&_entrepreneurs
1208,"Make and Take: Wood slice animals with {{USERNAME}} tomorrow!  Create a set of wonderful #woodland #animals from wooden discs, the perfect #Autumn activity! We can t wait...what will you create? BOOK your space today! {{URL}} #HantsDaysOut",2019-11-03,arts_&_culture
1395,"Stunned  CHEQUEBOOK  Fraud Manager Pep Fraudiola  Did Not Say A WORD  To His Players After City Crashed Out The Champions League Against Lyon & Didn t Even Go In The Dressing Room After The Match, Reveals Oleksandr Zinchenko {{URL}} via {@MailOnline Sport@} ",2020-08-23,sports_&_gaming
1578,Great Music is the Best Gift! ❤ Here’s an album for you… Antares by {@Kris Wu@} {{URL}},2020-02-16,pop_culture
1198,V baseball will host Grimsley on Tuesday June 15th @ 6:30 pm in the first round {@NCHSAA@} playoffs.  Ticket information will be posted tomorrow.,2021-06-13,sports_&_gaming
275,The Weeknd - Save Your Tears (Official Audio) {{URL}} a través de {@YouTube@} Honey .. it s my habit to run away ... When the heart hurts I just run away.,2021-03-21,pop_culture
2854,The Browns are 2-4 now. And they lost to the Seahawks today with {@Baker Mayfield@} throwing for 1 TD and 3 picks.   For a guy that was so outspoken about how he should have been Cleveland’s QB right from the start of his rookie season...he sure don’t look all that impressive.,2019-10-13,sports_&_gaming
1152,POP SMOKE - CHRISTOPHER WALKING (Official Lyric Video) {{URL}} via {@YouTube@} ayyyeeee,2020-02-09,pop_culture
1206,1980 s THROWBACK:  THE RAVENITE  {{URL}} via {@YouTube@} /GOTTI S FAVORITE TEAM WAS THE GIANTS,2020-12-13,sports_&_gaming
2080,I just earned the  Middle of the Road (Level 5)  badge on {{USERNAME}} ! {{URL}},2021-02-21,sports_&_gaming
1104,Saints quarterback Drew Brees tells Trump he stands by protest apology {{URL}} via {@Daily Mail Online@},2020-06-07,sports_&_gaming
307,"An excellent, a beautiful person not only with her great voice but also with her  humble personality. Love your existence in the world {@Joss Stone@} The Love We Had (Stays On My Mind) (Official Video)   Joss Stone {{URL}} ",2019-10-20,pop_culture
2818,“Flying into the mist.” Sit down and let it flow. {{USERNAME}} #SCBWISummerSpec,2020-08-02,daily_life
2059,"Pre-save my new album  Moments in Times of D&#39;nairo, Vol. 1  on Spotify: {{URL}} (powered by {@DistroKid@} )",2019-10-27,pop_culture
872,Curious as to why rui diaz is wearing a sports bra in the mls cup final {{USERNAME}} {@Sid Seixeiro@},2019-11-10,sports_&_gaming
86,Republican governor says Trump sending opposite message of one that should come from White House {{URL}} I’m so proud of my governor and my state. True leadership. {@Larry Hogan@},2020-05-31,daily_life
2826,"Learn more about the movie, Dolphin Island, and enter the #giveaway for a digital copy of it. Ends 03/12/2021 US only {{USERNAME}} #ButtonsMovieMIN {{URL}} ",2021-03-07,pop_culture
2753,Enjoy the stream tonight and loved the support! Can t believe {{USERNAME}} dropped in and is following! So happy and appreciate it massively! Not the best fifa I ve played but what a stream! Thanks all who have shown the support! #twitchcommunity #TwitchStreamers #TwitchTVGaming,2020-07-05,sports_&_gaming
2830,Lots to talk about after Michigan’s big shutout in The Game against Ohio State. I’m hopping on {@The Michigan Insider@} in a couple of minutes to talk about all things Michigan. Tune in.,2020-12-14,sports_&_gaming
1435,"The hope for better, brighter days is at the very heart of Yalda night, which marks the winter solstice and is celebrated in Iran and other Central Asian countries, when families gather and celebrate with food & poetry. Chef & author {{USERNAME}} explains: {{URL}} ",2020-12-21,arts_&_culture
2610,Man if the {@Los Angeles Lakers@} could make some free throws!!!! C’mon man! {@LeBron James@} and {@Anthony Davis@} need to step up and knock them down at the line.,2020-08-23,sports_&_gaming
209,There’s lots of conflicting advice about what you should or should not do before and after getting a COVID vaccine. Here’s what the science says. {{URL}} via {@Slate@},2021-04-11,science_&_technology
2787,COVID study by Harvard Medical School & others. We only need 320 more people to get an estimate for St. Louis County. Please help by taking 1 min/day to report how you feel. CC: {{USERNAME}} {@Rep Jennifer Schultz@} {@Liz Olson@} {{USERNAME}} Download the app: {{URL}},2020-09-20,science_&_technology
1966,Pooh Shiesty Type Beat   On Your Heels  - (prod.blackoutondabeat) {{URL}} via {@YouTube@} Just Working  Link : {{URL}},2021-05-19,pop_culture
2642,"YA’LL {@Dale Moss@} is literally a joke, still posting on social media for clout! Someone needs to tell him to stfu already!",2021-01-25,sports_&_gaming
1987,Mistake needs to be out now on APPLE MUSIC  #way2crank {@The Child@},2020-08-30,pop_culture
2171,Missing #PWRVendetta today but watching #NXTTakeOver: War Games IN FULL to make up for it. The women s match was L-I-T. The number 1 contendership match was fun. {@Finn Blor@} as a heel was HOTTT. Let s see how the main event match goes.,2019-11-24,sports_&_gaming
2782,Enter To #Win 3 {{USERNAME}} Books For the Family #Giveaway ~ CAN 05/22 {{USERNAME}} {{URL}},2020-04-26,daily_life
931,"Dear {@Alexa@} , Please tell your programmers to program you so that alarms can be named. Having multiple alarms go off without having names is confusing and kinda  worthless. If I can name a timer, I should absolutely be able to name an alarm. Your friend, KWH",2020-05-07,science_&_technology
2146,The final {@Premier League@} game of the decade has been played - most PL points in the last 10 years:  818  Man City 747  Man Utd 740  Chelsea 710  Liverpool 703  Tottenham 702  Arsenal,2019-12-29,sports_&_gaming
2425,"Coming up at 8:00 PM, WYEP S Bluegrass Jam Session has new music from The Farm Hands and The Wilson Banjo Co. Tune in to 91.3FM, {{URL}} or ask your Smart Speaker to play WYEP! {@91 3 WYEP@} ",2021-06-27,pop_culture
130,Mr {@conan gray@} ’s HEATHER hits right in the feels OMFG. And it has the same producer as Ms {@Olivia Rodrigo@} ’s DRIVERS LICENSE! HEATHER deserved better! The next generation is so lucky to have 2 of Ms {@Taylor Swift@} ’s children as their generation’s main pop stars. ❤️❤️❤️❤️,2021-01-16,pop_culture
1723,"Think you can t outrank #Amazon, Walmart, Macy s, Alibaba  Read this article from {{USERNAME}} to see precisely how they re-frame the problem and beat the #ecommerce  heavyweights  on a regular basis! {{URL}} #shopify",2021-06-06,business_&_entrepreneurs
2071,"The long weekend is over. Rather than going back to  business as usual,  transform it. Our CEO {{USERNAME}} shares how to go from old to new and from static to dynamic. {{URL}} (via {@The Wall Street Journal@} )",2020-09-08,business_&_entrepreneurs
954,im listening to watermelon sugar n i got goosebumps...LITERAL goosebumps. ur amazing. i love you. {@Harry Styles@},2019-11-17,pop_culture
555,Great first game of your college career {@Spencer Rattler@} Looking forward to the season {@Oklahoma Football@} {@Oklahoma Sooners@},2019-09-08,sports_&_gaming
2418,"“I know what I heard.Whether my opponent s comment was born out of frustration or ignorance,I cannot say.But his actions do not excuse my lack of restraint in the moment, and I truly regret the impact this has had on the league,the Browns and our devoted fans.”@MylesLGarrett ❤️",2019-11-22,sports_&_gaming
1930,Please someone tell my GUJAR friend how to differentiate between bhaens and gaen @AtiqaBashir,2021-02-14,daily_life
1536,"Congratulations to the Entire Team #vakeelSaab,Three Ladies nailed it in movie {@Anjali@} , {@Nivetha Thomas@} , {{USERNAME}} superb Performance  {@Pawan Kalyan@} no words Power packed {{USERNAME}} , {@Sri Venkateswara Creations@} {@thaman S@} ,BGM Extraordinary #VakeelSaabJusticeServed",2021-04-11,pop_culture
2431,At approximately 1240 am this morning the restaurant was broken into by an unknown male. We were alerted by our alarm system and {{USERNAME}} responded. Video footage is being reviewed. Thank you to RPD and RPD K9 for making sure the building was cleared and safe. #ROC,2021-06-20,daily_life
201,Sad sad day my {@New England Patriots@} will not be in the super bowl this year   BUT that means we bout to have another black quaterback win the super bowl {@Lamar Jackson@} #BlackQbMatters,2020-01-05,sports_&_gaming
2965,played breath in the car this morning and my mom was like  yan ba yung magandang video?  YES MUMMY THE ✨TASTE✨  she really loves the music video hahaha {@GOT7@} #got7 #갓세븐,2020-11-29,pop_culture
2023,So {@Kentucky Football@} needs a new offensive strategy. These screen passes are not getting us anywhere!! We need to move DOWN the field. Not left to right. This looks to be another one of those “basketball season is just around the corner” years. #BBN #KentuckyFootball #Kentucky,2019-09-29,sports_&_gaming
368,Cause we don t need permission to dance...   #PermissiontoDance {@BTS_twt@} {{URL}},2021-07-11,pop_culture
973,The amount of $USDC held by exchanges continues to increase {{USERNAME}} {{USERNAME}} {{URL}},2021-01-31,business_&_entrepreneurs
1634,President {@Yoweri K Museveni@} :  All teachers to get fully vaccinated or they shall not be allowed to teach.   Communal prayers are suspended for the next 42 days. #M7Address  #Covid19Ug  #Staysafug,2021-06-06,science_&_technology
2435,"Happy Father’s Day to all the daddys out there, but especially to my baby daddy {{USERNAME}} . You are the best girl dad. Your girls love you ❤️",2021-06-20,daily_life
816,United States Congress: Save American Wine Jobs - Sign the Petition! {{URL}} via {@Change org@},2020-01-12,business_&_entrepreneurs
1954,"Clayton Kershaw has been with the Dodgers through it all, and now he s just one win away from a championship {@True Blue LA@} {{URL}} ",2020-10-26,sports_&_gaming
1316,Errol Spence Jr back at it like he never left!! Nice win {@Errol Spence@} Errol Spence  vs Danny Garcia   #SpencevsGarcia  #Boxing,2020-12-06,sports_&_gaming
1905,"#NowPlaying  B.B. King Freestyle  by Lil Wayne, Drake on {@TIDAL@} {{URL}} ",2021-01-24,pop_culture
256,Why is that I only believe the UFO stories on {@Unsolved Mysteries@} Mysteries? They just make it so....believable haha,2020-07-05,pop_culture
1472,Championship Game Week in College Football:   #1 Alabama v. #7 Florida  #3 Clemson v. #2 Notre Dame  #4 Ohio State v. #14 Northwestern  #10 Oklahoma v. #6 Iowa State  Our picks and previews  (Lines courtesy of {@BetOnline ag@} ) {{URL}},2020-12-18,sports_&_gaming
1699,Why have {@Sky Sports@} put a ex Man City player commentating on our game ridiculous tbh biased as hell,2021-05-09,sports_&_gaming
2217,Sitting w/the husband having coffee & he sighs  What s up  says I  I miss my family  he says & I look confused  I miss {@Tia Kofi@} and I miss {@Lawrence Chaney@} and I miss {@BIMINI@} too   I am presently trying to clean up the coffee that sprayed out of my nose and mouth. #DragRaceUK,2021-03-22,daily_life
1605,Watching {@RawBeautyKristi@} and eating noodles. The perfect Sunday! ️‍#notmyrealdad,2019-11-03,pop_culture
1329,"Guys just so you know #GOTZaynYoutubeParty is still ongoing and i’m not seeing much on my tl about it, it’s still the 2nd week of our mass streamings and votings please don’t lose motivation now, other ahgases are really working hard so please work hard too {@GOT7@} #GOT7",2020-06-28,pop_culture
560,"Psst {{USERNAME}} , Ivanka said she was looking for you in the White House guest room.",2020-11-22,pop_culture
1877,"I can’t frkn wait to see {@Metallica@} live again, it’s been way too fkn long, almost longer than it takes to get to the top if ya “Wanna R’nF’nR’  I’m pretty sure I haven’t had this long  of an inter-mission since I first started going to their shows in 1988.  〽️",2021-07-09,pop_culture
373,"Showing a client homes in {{USERNAME}} and, well, say hello to this little guy! @ Great Falls, Virginia {{URL}} ",2020-06-28,daily_life
2957,Antonio Brown was expected to play a major role in the {@Las Vegas Raiders@} offense this year. But Jon Gruden says the Raiders did not plan to “throw the ball to one guy every play.” {@Matt Kawahara@} looks at Monday night s game against the {@Denver Broncos@} . {{URL}},2019-09-09,sports_&_gaming
2767,"Shoutout to my sister friend lover girl {{USERNAME}} she’s definitely a day one stay by your side, genuine person, genuine Taurus and like the greatest thing ever! ❤️ it’s Mother’s Day &she was there when I had my first child! I wish you many blessings and great thing this year!",2020-05-10,daily_life
2839,Updated with Jihoon’s new song recommendation (210705):   >Blessed — Daniel Caesar {@TREASURE@} {{URL}},2021-07-04,pop_culture
3002,Property tax levies and the sale tax rate must be CUT to prevent an economic meltdown. Join our chairman {@David McSweeney@} in demanding that the IL General Assembly cuts taxes! >>>,2020-04-19,business_&_entrepreneurs
1684,I just uploaded  Sterns Ravers Reunion - Groover Washington (New Years Eve 2020)  to {@Mixcloud@} . Listen at {{URL}},2021-01-02,pop_culture
1167,Wondering why the Economic guest appearing on {{USERNAME}} this morning failed to mention that the US is no longer dependent on oil from the Middle East bc we are a top producer of oil. So frustrating,2020-01-12,business_&_entrepreneurs
2024,"Check out Harry Potter and the Deathly Hallows, Part 1 [Blu-ray] {{URL}} via {{USERNAME}} ",2020-04-05,pop_culture
1204,Ouch. The Nets really gonna have to look at tape and figure out how they got 20-pieced by the {@Los Angeles Lakers@},2021-04-11,sports_&_gaming
2916,. {@Penn State Men s Basketball@} is set to take on Iowa in just under 15 minutes as they try to pull off a badly needed upset on the road.   Follow along for updates throughout the game.,2021-02-21,sports_&_gaming
972,Summer solstice 2020: Sensual traditions on the longest day of the year {{URL}} via {@CNN Travel@} Feliz Verano a todos! Happy Summer to all!,2020-06-21,daily_life
1155,"I ve raised my sister well, {{USERNAME}} dropped the drink she was pouring and came running when she heard {@Adam Edge Copeland@} theme and dropped to the ground in tears. She was a young girl when you had to retire and didn t understand why but she cried along with me then too...",2020-01-28,daily_life
2036,6 days left until OWL kicks off. I m hoping that {@Overwatch League@} will confirm if we can co-stream with in-game footage before that. The amount of value we can create as a community on Twitch is massive!  Having time to prepare integrating it into content is essential.,2020-02-02,sports_&_gaming
3143,Why is {@NBC Sports@} interviewing trump during one of the first live sports broadcasts? Do we need this? Enough.,2020-05-17,sports_&_gaming
1071,‘Photo Lid’ at White House. America’s Burning and Trump’s In His Bunker Blaming Antifa and Reporters {{URL}} via {{USERNAME}},2020-05-31,daily_life
3012,"I know it s a busy time but can we get a doctor & psychiatrist to see {@Robert Peston@} ?   Does he have private insurance so he doesn t have to bother the NHS?  How does someone so thick, who fails so often, get such a significant job?  Would he have got the job if he was a Brummie?",2021-01-24,pop_culture
774,started {@Netflix@} ’s #blackAFnetflix which is basically just the {@kenya barris@} show and the worst part about the Kenya Barris show is his acting Jesus Christ all these years producing TV and film and you think he woulda had the sense to cast a better actor to play himself #skip,2020-04-18,pop_culture
324,"Vale #frankcosta. An incredible man. Whilst he was a tough businessman, he was a passionate {@Geelong Cats@} president and saved the club. he was always most generous with his time & advice. He always stopped for a chat {@AFL@} functions or when {@Richmond FC@} played the Cats. #RIPFrank",2021-05-02,business_&_entrepreneurs
2251,Kacey Musgraves Teases New Music Inspired by Divorce [Listen] {{URL}} {@Taste of Country@},2021-08-22,pop_culture
84,"Dear {@BTS_twt@} , I love the album packs with photobooks, photocards & all the extras. But it would be cool if you had a full length LP/Vinyl Record for the next album... Plus all those goodies that goes with an album? Just a Thought. #vinylcollector #SmoothLikeButter #BTS_BUTTER",2021-05-09,pop_culture
2681,The Future of Bitcoin: 12 Scenarios From Bullish to Bearish {{URL}} via {@CoinDesk@},2021-02-28,business_&_entrepreneurs
2956,"Love Carlo as a player and what he brings as the {@Boston Bruins@} most pure defender. However, you can t ignore the head injuries he s sustained and how many full seasons he ll be able to play of the 6-year deal. Hoping he has a big body protector on the other side.",2021-07-14,sports_&_gaming
1589,". {@Don McLean@} ... & if she asks u why, u can tell u that I told u, I m tired of castles in the air, I ve got a dream I want the world to share & castle walls just lead me to despair I remember talking about your #Tapestry album & everyone thing I was talking about {@Carole King@}  s",2021-01-17,pop_culture
2659,#MorbexFinance #Morbex #BEX #technology #bitcoin #BNB #fintech {{USERNAME}} This project undoubtedly achieve great success.because it has a huge potential and vision for the future. so everybody Part on this project.and working at home is the right choice now.,2021-08-29,business_&_entrepreneurs
2446,"Victim of purse snatching of my wife while travelling by train 22165 , no grp or rpf were there @ train even 182 not picked up {@Piyush Goyal@} {@Piyush Goyal Office@} ",2019-10-30,daily_life
1920,Wow post concert depression is real but post BTS concert depression is a whole other level    Thank you {@BTS_twt@}   #MapOfTheSoulOne_D2  #MAP_OF_THE_SOUL_ONE,2020-10-11,pop_culture
91,"Spice, Sean Paul, Shaggy - Go Down Deh | Official Music Video {{URL}} via {@YouTube@} #Spice {@Spice@}   {{URL}} ",2021-05-02,pop_culture
430,UFC 245 blog: Looking at the three title fights on tap at T-Mobile Arena. {{URL}} via {@Las Vegas Sun@},2019-12-15,sports_&_gaming
2827,"Why associate no bra with breast cancer awareness , does wearing bra predispose women to breast cancer {{USERNAME}} ",2019-10-13,daily_life
2339,A new episode of #BPS starts NOW! {{USERNAME}} {{USERNAME}},2020-01-26,pop_culture
2105,133 Star Wars Rise of the Skywalker Preview & Review {{URL}} #starwars #riseofskywalker #jedi #sith #ajda #artandjacobdoamerica #podbelly #podbellynetwork {{USERNAME}},2019-12-22,pop_culture
1345,"Petr Yan defends UFC 251 stoppage, says Aljamain Sterling should be next in line {{URL}} via {@MMA Junkie@} ",2020-07-12,sports_&_gaming
257,I want a {@Melo@} {@Giannis Antetokounmpo@} ROOKIE CARD both of them are my favorite players in the league,2021-08-15,sports_&_gaming
888,"The {{USERNAME}} welcomes {{USERNAME}} tonight at 7pm for the first of two sold out performances this December. If you love Whitney, try and grab a return ticket!",2019-12-01,pop_culture
3141,VIDEO: Joe Biden almost drops F-BOMB during speech about President Trump {{URL}} via {@Dennis Michael Lynch@},2020-06-14,pop_culture
1466," A lot of fun to be had at the first league game {@Hallam FC@} since mid-October, if not quite the right result. Hallam were much better than the rather vague memories of previous home games - their front 3 causing problems from the start.... {{URL}} ",2020-01-05,sports_&_gaming
3114,Public Enemy - Fight The Power (Official Music Video) {{URL}} {@YouTube@} より,2020-11-15,pop_culture
1641,Everyone follow {{USERNAME}} on twitch! He s so close to 600 and he s really pog (but don t tell him I said that) {{URL}},2021-01-27,pop_culture
388,"Okay. I just binge watched the ENTIRE Hellsing Abridged by {{USERNAME}} When I was done I googles the voice for Alucard cause, you know, why wouldn t I? And found {{USERNAME}} only to recognize their name. 1/2",2021-01-31,pop_culture
2383,14 minutes: {@Buck Reising@} Which #Titans player needs to have the greatest impact against the #GoPackGo ? {{URL}},2020-12-27,sports_&_gaming
273,#NowPlaying  I Was Never Here (Remix) - {{USERNAME}} #MICCratesRadio   Download the app. @ {{URL}} Submit your music today!,2020-09-20,pop_culture
756,"11/04/20 #Palestine #Israel {{USERNAME}} {@U S Central Command@} : A Palestinian motorist fired a pistol at Israeli soldiers in the occupied West Bank on Wed., and the motorist was killed by the Israeli soldiers. The dead man was named by Palestinian security official as Bilal Rawajba, a...(1/2)",2020-11-05,daily_life
1925,CHEMISTRY  The science of matter and its interactions with energy and itself   ATIN Kuharili {@SB19 Official@} #SB19GoUp1stAnniv,2020-07-19,science_&_technology
3125,"Big salute to {@Pedro Rodrguez@} , clutch player who always had an eye for goal. Thanks for the memories! ",2020-07-26,sports_&_gaming
1956,Wow what a way to end the decade and 2019 with a win against the league leaders and most importantly we have denied Eoin Doyle from scoring that would give {@colin murray@} to shout about on tonight’s {@Quest@} #PVFC (1/2),2019-12-29,sports_&_gaming
3131,"Lap 230:  The balance is actually still the same. Just bouncing too much at the start of the run and really loose in,  {@Ty Dillon@} tells CC Matt Borland.   The {@GEICO Racing@} Camaro ZL1 1LE is currently scored in 18th-place.",2020-07-19,sports_&_gaming
2176,Easter Eggs Dyed with Cake Decorating Icing Color Paste {{URL}} via {@YouTube@} I love to test these ideas out and using the cake decorators colouring make the #easterEggs look amazing!   #EasterWeekend2021 #EasterEggs #ChoxTheMuse,2021-04-04,arts_&_culture
802,Watch A Brand  New Music Video️ #Chunga by {{USERNAME}} IS OUT NOW Short and Directed By {{USERNAME}} Produce by {{USERNAME}} Cc Meneja {{USERNAME}} {{URL}},2020-11-28,pop_culture
2076,The CIA Used To Infiltrate The Media ... Now The CIA Is The Media {{URL}} via {{USERNAME}},2021-04-18,pop_culture
1207,Thinking of everyone in Ida’s path and of my friends {@Walter Isaacson@} and {@Mitch Landrieu@} .  Please stay safe and tell us how we can help in the aftermath.,2021-08-29,daily_life
2930,Bitterly disappointed in {@Match of the Day@} 2 showing supposedly the best chips in the premierleague but not showing the greatest chip in premierleague history in Albert’s against Man U in the 5-0... {@Mark Chapman@} #nufc,2020-12-27,sports_&_gaming
2558,Why isn’t Bittersweet Poetry on Apple Music ? {@ye@} ☹️,2021-08-22,pop_culture
2723,HAPPY FATHERS DAY TO EVERY DAD EVERYWHERE BE~CUZZ I CARE ABOUT YOUR WELFARE   #FATHER  #CHILD #PATIENCE #TRUST #TIME #LOVE #PRIDE #JOY  GOD BLESS #OUR CHILDREN EVERYDAY IN EVERY WAY #YAHWEH✝️  BE~ {{USERNAME}} … {{URL}},2020-06-21,daily_life
151,"  {@Oprah Winfrey@} absolutely remains the queen of TV interviews, it s awesome. I ve been covering her for years and I forgot how great she is.  {@David Zurawik@} , reflecting on The Interview, on {@Reliable Sources@} .",2021-03-14,pop_culture
2292,"Aleksandar Rakic to {@Brett Okamoto@} (paraphrase):  If Israel Adesanya beats Jan Blachowicz in the main event and next goes back down to middleweight, Rakic wants to fight Glover Teixeira for the interim light heavyweight belt.  #UFC259",2021-03-07,sports_&_gaming
714,Listen {@Drizzy@} bodied Lemon Pepper freestyle !!! FACTS,2021-03-07,pop_culture
2591,"Our last live chat/Q&A got more views & positive feedback than expected, so why not do it again?   This time {@Dr Tanya Harrison@} , Phil, & I will chat about Mars  identity crisis in the early space age  Aug 24, 6:00 PM EDT  New Identity: Mars in the 60s and 70s {{URL}} ",2020-08-20,science_&_technology
544,Random Tweet but {@Wizkid@} is the artist of the decade and is going to be the artist of the next decade.   #STARBOYFEST  #StarboyFestLagos  #Wizkidfc,2019-12-29,pop_culture
639,Happy valentines Puddins! ❤️  (Can u tell I just saw Birds of Prey) - kornelia_roma - lightworks.society {{USERNAME}} - - - - - - {{USERNAME}} giantscastingshadows  ocwomensmarch santanera_living  #leather #cosplay… {{URL}},2020-02-15,pop_culture
2745,Happy Mothers day to my beautiful wife {{USERNAME}} Are 10 year old son thinks your great and so do I. Baby bump will soon be here to give you even more love!!!! ‍‍‍,2020-03-22,daily_life
423,"#FFNow Was offered Nick Chubb, Marlon Mack & TY Hilton for CMC, F1 McLaurin & Singletary. 12 man, .5 PPR. Only other running back is Josh Jacobs who hasn t been utilized to my liking. Worth trading the best work horse or ride it out? {@Matthew Berry@} {@ESPN Fantasy Sports@} ",2019-10-06,sports_&_gaming
2958,Playin 3v3 GBs Come support the homie {{URL}} {{USERNAME}} {{USERNAME}} {{USERNAME}} {@Abella Danger@},2021-08-15,sports_&_gaming
659,"I am excited to announce that my work, “Upturned Roots”, 50” x 66” x1” , Silverpoint on Handmade Panels, was selected to be shown at the De Young Museum of Art  in #ThedeYoungOpen,an exhibition featuring Bay Area artists that will open shortly after the {@de Young Museum@} reopens.",2020-08-19,arts_&_culture
797,El Camino: Every Breaking Bad Character Who Returns For the Movie {{URL}} #BreakingBad #JaneMargolis {@Netflix@} #WalterWhite #EdGalbraithTheDisappearer {@AMC Networks@} #JessesParents #Kenny {@Better Call Saul@} #ToddAlquist #OldManJoe {@Aaron Paul@} #SkinnyPeteandBadger,2019-10-13,pop_culture
3156,"8 years ago today, the #FitzScream was born. #FitzMagic to {@David Nelson@} to complete the comeback vs the Raiders.  The very next week...we did it again vs the Pats. Guess who we play next week?  #GoBills #BillsMafia {{URL}} ",2019-09-18,sports_&_gaming
2008,Remember that time the {@LA Clippers@} were determined to never make the conference finals? #Clippers #NBAPlayoffs #fail,2020-09-13,sports_&_gaming
99,"Ok look, now that I’ve finished tiger king, there is one thing I need to get me through the next 2-3 weeks: {@dax shepard@} and Danny McBride submitting weekly videos sucking it over the role of joe exotic in the end it’s le biopic we can expect in 2023 #TigerKing",2020-03-29,pop_culture
2898,"Feel good story of the day. Cardi B Freaks Out: ‘Trump Supporters Are Everywhere,‘ Swarming L.A. with ‘Big A** Trucks‘ {{URL}} via {@Breitbart News@} ",2020-10-26,pop_culture
2496,Y all i really want the album so bad  God give me the album please Hope a kind people give it to me hiks: ) {@TOMORROW X TOGETHER@} {@TXT OFFICIAL@} #TOMORROW_X_TOGETHER #투모로우바이투게더 #TXT_MAGIC,2019-10-06,pop_culture
1871,Vote for {{USERNAME}} as player of the week following his 151 yards and 2 TDs on the ground this past Friday night {{URL}},2021-03-28,sports_&_gaming
2046,"Daredevil’s got The Hand. The turtles have The Foot. I get these guys. Go ninja, go ninja, GO! #44ever #thehand #footclan #daredevil #tmnt #taekwondo #readmorecomics #trusttheprocess {{USERNAME}} maestrochoung @ Young… {{URL}} ",2020-02-02,pop_culture
755,"Roha vote #아스트로 and stream the new Album #블루플레임. LET S GET IT, ROHAS! {@ASTRO@} FIGHTING",2019-11-24,pop_culture
976,"Time change  I guess the millennials in my office forgot about it.  It s been 15 years, the last time I worked on a Sunday.  I guess my side hustle has to wait.  Chalkfest {{USERNAME}} waiting for me. Later today ",2020-03-08,daily_life
2163,"Four parts of the Minneapolis rap collective {@DOOMTREE@} formed this beast named {{USERNAME}} , and they blew the doors off {{USERNAME}} in Denver last night.  Their new album “Great Hits” is out now! {{USERNAME}} … {{URL}} ",2019-11-24,pop_culture
1940,Our friends on ‘Sesame Street’ have a message to the world: Happy pride {{URL}} via {@Queerty@},2020-06-13,pop_culture
2825,Hard Work Key To Bankies Sunday Success {{URL}} via {{USERNAME}},2021-04-04,business_&_entrepreneurs
2120,I was born in Lachin where it was occupied by {{USERNAME}} armed forces 28 years ago today.  I was just 6 when first saw an soldier with a gun.  Today millions of  citizens are deprived of the right to live in their lands as a result of #Armenianagression. {@UN Human Rights@},2020-05-17,daily_life
2893,Very delicate balancing act adapting popular series into movie (or vice versa). This article dives in a bit on #ElCaminoBreakingBad for writers to consider the challenges. #screenwriting //  How  El Camino  Honors and Moves Beyond  Breaking Bad   {{URL}} via {@The Hollywood Reporter@},2019-10-13,pop_culture
537,"I, along with many other #PokkenTournamentDX members, are answering questions related to the game asked on {{USERNAME}} !   If you re new and want to know more about anything Pokkén, I highly recommend shooting some questions! {{URL}} ",2020-08-02,sports_&_gaming
1701,Happy thanksgiving everyone very thankful for {@Harry Styles@} {@Louis Tomlinson@} {@Niall Horan@} {@Liam@},2019-11-28,pop_culture
2897,"Up next on {@CNN@} {@Rachel Maddow MSNBC@} is how to blame {{USERNAME}} for the coronavirus being in over 140 countries. The media is what is spreading the virus by telling everyone not to listen to the president, he lies, so people go out and about as usual spreading it. Media is #FakeNews",2020-03-29,pop_culture
2222,ACAB ACAB ACAB Tony Evers: Charge the cops who shot Jacob Blake - Sign the Petition! {{URL}} via {@Change org UK@},2020-08-26,daily_life
2135,"I always love {@BLACKCAPS@} . Before its not too late, I really hope their desire to win overcomes the fear of losing. #NZvsIND",2020-02-02,sports_&_gaming
2599,Yahoo Sports: Cody Garbrandt secures KO win against Raphael Assuncao at the buzzer at UFC 250. {{URL}} via {@Google News@},2020-06-07,sports_&_gaming
705,"Finally... cricket, sunshine and not a cloud in the sky. Glorious up {{USERNAME}} today. @ Hunslet Nelson Cricket Club {{URL}} ",2021-05-30,sports_&_gaming
2362,"Julio to the Titans, we get some pick from 2022 and 2023. Goodbye {@Julio Jones@} , we will forever miss you! ❤️",2021-06-06,sports_&_gaming
2648,"Word of the week: Chump. Uttered by {@Joe Biden@} on Oct. 24, instantly reclaimed by Trump supporters. | ht {@Timothy Egan@} {{USERNAME}} {{URL}} ",2020-10-26,daily_life
3142,drivers license by {@Olivia Rodrigo@} is so emotional. I literally felt everything. that’s so special and you can really say that she created an emotional masterpiece.,2021-01-11,pop_culture
2647,"#nowplaying The Best Of 2019 The Mixtape (Mixed By FlakesTheMixtapeMogul) (Extended Mix by FlakesTheMixtapeMogul feat: Blueface, Tyga, Chris Brown, Drake, Post Malone, Tory Lanez, Wiley, Lil Baby, DaBaby, City Girls & m via the {@Audiomack@} app {{URL}} {{USERNAME}} ",2020-04-05,pop_culture
1828,"I don’t normally watch Sunday morning news shows, but today I was introduced to {@Martha Raddatz@} on {@ABC@} #thisweek.   She’s killing it! Quality and consistency is up there with Peter Jennings. Prime time worthy!",2020-07-05,pop_culture
1778,GREAT Main Event GREAT SHOW THANK YOU {@NWA@} THANK YOU {{USERNAME}} *clapp clapp clapp* RIP #BackForTheAttack,2021-03-21,pop_culture
277,Vibroacoustic Sound Therapy: introducing the  healthy vibration of cells  into the body {{URL}} via {{USERNAME}},2020-08-09,pop_culture
1033,Great ballgame by the {@Toronto Blue Jays@} and got the series against some over paid guys. Awesome work by the bullpen  Never thought ide ever say that about the BP.,2021-04-04,sports_&_gaming
1731,Sign up with {{USERNAME}} and score a $50 bonus! #giftgiver #ibetyouloveit {{URL}},2020-01-26,business_&_entrepreneurs
763,I just want {@Los Angeles Gladiators@} fans and team to know that you put up such a strong fight for a slot to Hawaii. You pushed Fuel to make small changes with your comp changes. You were competitive and made the series interesting and fun to watch.  GGs and hoping to see more of you guys!,2021-06-06,sports_&_gaming
835,"I decided today was the day I was going to get back into the gym, I just walked a mile to this gym in my neighborhood to find out it’s closed for their holiday party. {{USERNAME}} do better ‍♂️.",2019-12-22,daily_life
1653,I thought {{USERNAME}} saying was everyone ELSE is trash? Man this Split isn’t looking good ): #teamliquid #League_of_Legends,2020-02-23,sports_&_gaming
2607,There s a bigger storm brewing  {{USERNAME}} reports on {{USERNAME}} that Qld Health have been in contact with the {@Melbourne Storm@} regarding lack of social distancing of fans at today s game still underway at Kawana Waters. Interesting.,2020-08-02,sports_&_gaming
2732,"Surprised that even after 12 years of {@IndianPremierLeague@} , former cricketers in India still don’t get the difference between ODIs and T20s!! What is acceptable in ODIs is not acceptable in T20s! #cricket #IndvBan",2019-11-03,sports_&_gaming
