ID,Soil_Type,Region,Irrigation,pH,Moisture,Nitrogen,Phosphorus,Potassium,Organic_Matter,Electrical_Conductivity,Bulk_Density,Clay_Percent,Temperature,Rainfall_7d,Sunlight_hours,Slope,Suitability
1,Sandy,Hill,Sprinkler,6.501,25.144,45.528,33.742,122.187,,0.472,1.697,6.19,19.98,23.595,6.439,6.823,Unfavorable
2,Clay,Plain,Sprinkler,6.322,22.391,119.376,62.453,218.362,2.464,1.786,1.35,41.372,25.102,5.063,10.392,1.038,Favorable
3,Sandy,Hill,Sprinkler,6.847,23.489,74.258,36.014,120.864,2.596,1.27,1.627,1.0,17.128,18.41,8.126,7.177,Favorable
4,Loam,Plain,Sprinkler,6.697,30.294,90.57,66.035,198.206,2.899,0.596,1.302,32.664,22.799,24.588,7.034,0.0,Favorable
5,Clay,Hill,None,6.74,24.471,81.934,58.793,142.101,4.334,1.289,1.402,53.71,15.147,7.216,4.151,14.352,Favorable
6,Clay,Plain,Sprinkler,7.012,,124.567,57.423,144.106,3.124,0.816,1.524,55.595,4.685,10.334,8.43,6.061,Unfavorable
7,Silt,Plain,Sprinkler,6.495,26.753,84.547,56.744,150.854,2.577,1.117,1.194,23.8,14.062,29.509,7.742,1.661,Favorable
8,Loam,Hill,Sprinkler,6.711,22.878,75.831,58.832,139.385,2.4,0.645,1.428,29.766,17.072,15.115,9.568,2.3,Favorable
9,Silt,Hill,Sprinkler,6.452,30.982,119.971,52.907,133.431,3.528,0.792,1.253,11.128,17.072,13.574,6.312,19.012,Favorable
10,Loam,Plain,None,6.397,16.793,142.77,43.391,171.637,2.843,0.872,1.346,27.987,12.054,14.765,6.48,4.851,Favorable
11,Silt,Plain,None,7.067,28.034,111.65,54.927,124.976,2.583,0.849,1.04,28.397,11.924,18.258,9.783,5.658,Favorable
12,Silt,Plain,Drip,6.124,25.974,128.644,38.888,153.386,2.599,1.299,1.194,13.392,21.251,22.383,7.005,10.758,Favorable
13,Clay,Hill,Sprinkler,6.218,25.696,98.343,24.01,155.835,2.35,0.962,1.377,48.028,15.349,55.173,8.383,11.677,Favorable
14,Loam,Hill,Sprinkler,6.829,30.912,137.016,48.401,201.232,2.121,1.373,1.38,19.463,23.225,34.346,7.67,13.803,Favorable
15,Clay,Mountain,Sprinkler,7.113,20.557,111.54,38.816,130.433,1.934,0.712,1.337,50.907,15.138,33.038,7.482,13.325,Favorable
16,Clay,Plain,Sprinkler,6.636,29.201,113.96,33.779,266.475,2.022,1.675,1.262,54.664,12.016,21.055,6.49,0.0,Favorable
17,Clay,Hill,Sprinkler,7.102,19.595,107.944,56.256,145.523,2.847,1.099,1.381,40.502,20.981,5.827,5.44,13.85,Favorable
18,Silt,Plain,None,6.638,18.198,88.136,55.494,170.19,2.293,1.259,1.152,12.141,16.801,12.105,10.113,8.449,Favorable
19,Loam,Plain,Sprinkler,6.628,22.086,115.744,61.521,163.072,1.854,1.476,1.554,19.683,22.925,10.285,8.21,8.014,Favorable
20,Silt,Mountain,Sprinkler,7.153,16.99,126.227,30.555,150.68,0.445,1.348,1.207,21.286,22.182,22.614,9.042,16.379,Unfavorable
21,Clay,Hill,Sprinkler,6.709,17.967,85.764,53.894,155.554,0.999,1.35,1.265,66.651,16.928,5.869,7.979,11.182,Unfavorable
22,Loam,Hill,None,6.406,14.554,136.802,64.499,176.889,1.768,1.219,1.553,24.704,18.156,23.468,5.485,8.636,Favorable
23,Sandy,Hill,None,6.336,,104.142,42.637,92.998,1.776,0.55,1.471,10.781,12.022,46.252,7.15,5.861,Favorable
24,Clay,Hill,Sprinkler,6.833,22.822,135.221,50.542,160.169,2.601,1.077,1.449,43.547,20.204,30.999,6.506,13.076,Favorable
25,Silt,Hill,Drip,6.722,27.828,129.24,41.208,89.42,2.815,0.45,1.357,15.186,19.93,24.882,9.217,13.83,Favorable
26,Clay,Mountain,Sprinkler,6.656,25.312,108.869,47.362,145.772,2.387,1.628,1.645,49.116,14.545,22.531,5.378,14.984,Favorable
27,Loam,Hill,Drip,6.557,22.076,106.435,58.84,129.888,3.797,1.045,1.295,21.164,13.259,42.425,7.08,16.714,Favorable
28,Clay,Hill,Sprinkler,7.132,18.419,119.8,46.615,185.258,1.931,1.029,1.446,50.447,16.361,3.519,6.483,9.071,Unfavorable
29,Silt,Hill,None,7.091,,77.631,47.293,158.164,1.577,1.083,1.35,26.281,10.525,20.454,7.856,9.938,Favorable
30,Sandy,Hill,None,6.031,18.453,91.233,15.433,120.356,2.727,1.126,1.669,4.387,19.832,14.593,8.79,6.767,Unfavorable
31,Sandy,Plain,Sprinkler,7.041,21.729,91.237,30.259,113.404,2.632,0.592,1.763,4.265,17.238,7.488,6.679,0.0,Favorable
32,Silt,Plain,None,6.939,28.196,131.539,62.029,123.31,2.5,0.989,1.162,13.803,19.197,25.994,5.977,4.815,Favorable
33,Clay,Hill,Sprinkler,6.928,,132.171,54.139,195.839,,1.538,1.299,46.196,13.792,8.514,7.415,10.078,Favorable
34,Silt,Hill,Sprinkler,7.106,21.739,84.639,39.527,87.461,2.994,1.079,1.375,16.93,10.879,36.188,6.567,2.991,Favorable
35,Sandy,Plain,Sprinkler,7.008,27.87,114.664,54.477,119.234,3.799,0.593,1.58,9.951,17.541,14.907,8.082,4.84,Favorable
36,Clay,Plain,None,7.575,25.69,109.76,65.494,173.509,3.007,1.385,1.497,47.89,18.845,29.438,6.453,2.221,Favorable
37,Clay,Mountain,Sprinkler,8.037,22.876,103.915,61.166,153.701,3.399,1.798,1.38,56.251,17.45,12.614,6.282,6.255,Unfavorable
38,Loam,Plain,Drip,7.97,27.384,70.156,59.409,138.35,1.929,1.054,1.378,26.83,17.297,9.315,6.095,10.749,Unfavorable
39,Loam,Plain,None,6.713,18.13,136.115,65.557,165.859,1.645,0.968,1.397,28.02,15.907,42.236,7.702,2.891,Favorable
40,Loam,Plain,Sprinkler,7.596,27.952,108.849,57.59,171.498,2.791,0.573,1.62,13.867,17.348,9.185,9.445,10.45,Unfavorable
41,Sandy,Plain,None,7.232,12.89,48.238,44.299,99.773,1.426,1.134,1.581,8.827,13.52,6.079,8.369,6.817,Unfavorable
42,Silt,Plain,None,6.737,19.352,134.663,37.537,139.118,4.327,0.643,1.351,23.737,19.163,13.02,7.466,10.467,Favorable
43,Sandy,Plain,None,6.014,14.467,98.808,22.642,136.101,1.894,1.159,1.522,13.263,17.517,8.709,7.443,5.892,Unfavorable
44,Loam,Mountain,None,6.6,15.248,74.391,53.324,199.603,2.527,1.332,1.279,27.284,16.411,26.289,7.671,21.761,Unfavorable
45,Loam,Plain,None,6.626,23.396,114.223,63.633,139.302,2.994,1.452,1.244,17.362,17.826,26.361,8.248,11.116,Favorable
46,Loam,Plain,None,6.991,22.12,149.086,47.211,149.766,2.981,0.434,1.425,23.099,25.332,31.258,6.558,3.008,Favorable
47,Loam,Hill,Sprinkler,6.846,26.096,113.191,48.477,171.847,2.793,1.112,1.215,16.667,11.744,74.292,9.449,14.991,Favorable
48,Sandy,Hill,Sprinkler,5.595,16.214,93.355,14.861,200.264,2.3,0.773,1.289,7.758,19.373,24.313,6.872,9.045,Unfavorable
49,Loam,Plain,None,7.212,25.296,117.365,57.776,127.538,3.04,0.647,1.16,34.815,16.102,19.485,6.859,5.243,Favorable
50,Sandy,Plain,Drip,6.814,23.858,76.588,28.442,146.712,2.742,1.154,1.36,9.646,24.885,24.345,9.56,12.315,Favorable
51,Loam,Mountain,Sprinkler,7.33,24.936,112.961,82.773,160.056,1.716,0.933,1.21,33.005,11.267,29.188,4.502,19.663,Unfavorable
52,Silt,Hill,Sprinkler,6.509,8.875,98.556,20.76,179.361,3.683,0.777,1.469,21.195,21.653,36.394,3.77,6.605,Favorable
53,Sandy,Plain,None,6.77,9.847,89.968,32.103,165.007,2.733,0.661,1.549,11.714,23.766,54.408,10.306,1.891,Favorable
54,Loam,Hill,None,6.279,19.047,110.151,45.128,224.958,1.426,0.544,1.305,17.504,12.669,13.067,7.502,8.452,Favorable
55,Loam,Mountain,Sprinkler,6.245,19.265,86.154,69.954,205.347,4.051,1.267,1.357,30.046,11.58,31.129,7.569,19.919,Unfavorable
56,Loam,Hill,Sprinkler,6.145,25.411,113.726,68.723,178.016,1.929,0.585,1.44,25.483,12.839,32.082,5.582,24.311,Unfavorable
57,Clay,Plain,Drip,7.117,33.415,114.514,59.856,175.963,2.855,1.46,1.263,56.111,9.704,19.725,9.281,1.446,Favorable
58,Loam,Plain,None,6.66,17.004,124.31,67.133,175.47,1.922,0.917,1.279,20.353,15.97,41.064,8.103,4.343,Favorable
59,Clay,Hill,None,7.079,33.869,113.745,22.995,132.085,2.391,1.205,1.454,49.009,15.825,81.297,6.475,16.765,Favorable
60,Silt,Plain,None,6.321,25.257,92.978,49.54,141.612,2.818,0.747,1.125,9.096,18.38,28.569,8.818,12.394,Favorable
61,Sandy,Mountain,Sprinkler,6.411,,83.098,20.666,108.344,1.676,0.631,1.601,12.551,14.089,35.456,7.005,16.322,Unfavorable
62,Silt,Plain,Drip,6.177,18.684,85.449,45.027,154.283,2.771,0.491,1.448,15.788,13.309,8.656,8.479,7.01,Favorable
63,Clay,Plain,None,7.566,19.149,136.461,57.268,172.315,2.91,1.956,1.363,44.847,18.486,36.636,7.907,0.766,Unfavorable
64,Silt,Plain,Sprinkler,6.653,32.343,127.434,45.32,122.992,2.104,0.877,1.499,18.719,23.067,22.152,8.323,5.072,Favorable
65,Loam,Mountain,Drip,6.707,20.703,113.667,48.464,149.28,,0.62,1.288,30.414,15.007,3.277,6.839,15.594,Favorable
66,Loam,Hill,None,7.137,20.077,154.59,47.768,158.491,2.393,1.174,1.332,26.884,25.788,7.619,6.952,0.0,Favorable
67,Loam,Plain,None,6.624,35.34,114.532,52.413,167.785,2.235,1.104,1.458,36.912,18.346,19.724,8.836,1.783,Favorable
68,Sandy,Mountain,Drip,6.811,,73.175,40.272,122.626,2.545,0.548,1.555,9.856,15.176,25.534,5.351,15.043,Favorable
69,Clay,Hill,Sprinkler,7.26,23.084,97.063,39.574,211.408,3.892,1.095,1.569,52.412,14.071,16.593,9.199,11.33,Favorable
70,Loam,Plain,None,7.181,25.061,125.837,57.183,165.694,2.541,1.064,1.485,27.427,10.348,27.859,4.224,2.586,Favorable
71,Clay,Hill,Sprinkler,6.808,28.277,84.805,32.855,171.625,2.498,1.435,1.306,50.272,22.779,17.494,10.301,9.136,Favorable
72,Clay,Hill,None,6.871,,85.567,42.327,146.427,2.416,0.935,1.564,39.912,10.224,18.25,7.734,15.799,Unfavorable
73,Silt,Plain,Sprinkler,6.973,40.302,111.66,38.303,132.614,3.04,1.344,1.102,27.398,19.907,19.257,10.981,5.039,Favorable
74,Sandy,Hill,Sprinkler,6.401,27.422,64.092,32.621,143.314,3.805,1.016,1.553,9.108,25.048,3.94,6.627,4.191,Unfavorable
75,Sandy,Plain,None,6.429,21.218,113.216,48.774,118.367,2.295,0.895,1.603,10.732,11.552,3.745,7.213,4.602,Favorable
76,Clay,Plain,Sprinkler,7.577,23.867,103.354,39.52,181.561,2.952,1.504,1.281,48.311,14.061,13.469,6.212,2.254,Unfavorable
77,Loam,Hill,None,7.332,16.213,96.977,61.654,175.595,5.061,0.895,1.414,28.947,23.465,23.69,7.102,2.839,Favorable
78,Sandy,Mountain,Sprinkler,6.935,15.222,70.525,32.5,92.924,1.086,0.614,1.691,3.014,17.835,31.254,6.268,12.426,Unfavorable
79,Silt,Plain,Drip,6.497,29.111,96.99,50.778,125.292,2.269,0.968,1.258,9.3,14.944,64.233,8.89,0.0,Favorable
80,Sandy,Plain,None,6.5,19.745,85.587,24.798,112.977,,0.533,1.756,10.857,11.192,20.506,6.245,3.534,Favorable
81,Sandy,Plain,Sprinkler,7.133,40.158,79.209,52.153,124.73,3.671,0.921,1.662,24.11,13.326,35.29,7.134,4.165,Favorable
82,Sandy,Hill,None,6.266,21.321,111.324,32.141,110.659,2.704,1.016,1.638,4.851,12.68,5.676,7.058,15.535,Unfavorable
83,Loam,Plain,Drip,7.223,22.524,117.642,55.466,161.63,2.946,1.089,1.397,33.117,20.668,24.705,8.366,1.198,Favorable
84,Loam,Plain,Sprinkler,6.998,25.212,109.489,59.362,131.137,3.26,0.824,1.518,24.595,16.123,59.389,7.972,4.408,Favorable
85,Loam,Plain,None,7.163,27.229,99.572,64.646,143.29,1.986,0.717,1.387,27.026,18.579,5.061,7.976,4.639,Favorable
86,Silt,Plain,Sprinkler,6.688,31.333,109.901,53.394,146.346,3.53,1.353,1.257,21.949,11.882,19.715,6.616,7.081,Favorable
87,Loam,Plain,Sprinkler,6.954,24.419,111.8,58.379,203.666,2.666,0.737,1.412,22.823,16.453,47.92,7.121,1.539,Favorable
88,Clay,Hill,None,7.332,14.202,122.796,44.146,171.907,3.506,1.532,1.517,44.283,13.857,38.493,8.155,14.961,Favorable
89,Silt,Plain,None,5.947,25.776,118.857,42.065,93.826,4.106,1.124,1.075,30.359,19.233,23.711,7.378,7.691,Favorable
90,Loam,Plain,None,7.139,21.611,97.179,68.942,168.097,2.715,1.112,1.423,19.509,8.901,14.568,6.25,5.957,Favorable
91,Loam,Plain,None,6.637,27.794,118.038,46.676,181.451,3.099,0.822,1.485,18.234,14.097,13.196,6.736,5.028,Favorable
92,Silt,Plain,None,6.784,25.404,102.938,40.353,116.844,3.698,0.965,1.219,25.788,21.024,15.91,5.819,9.901,Favorable
93,Clay,Hill,Drip,6.875,16.005,110.442,38.138,155.9,1.977,1.434,1.354,44.425,26.154,15.875,6.681,11.912,Favorable
94,Clay,Hill,Drip,6.523,20.209,121.243,45.943,152.417,2.119,1.021,1.384,46.88,13.972,14.145,4.911,10.388,Favorable
95,Silt,Hill,None,6.351,28.548,113.642,42.912,185.099,3.923,0.624,1.43,3.338,14.495,66.779,7.059,9.461,Favorable
96,Sandy,Plain,Drip,6.062,19.975,83.558,35.186,104.083,2.396,0.879,1.412,16.702,12.176,21.25,5.381,10.058,Favorable
97,Silt,Mountain,None,7.177,22.782,75.228,56.406,122.744,1.743,1.208,1.273,6.614,11.613,32.237,6.071,11.567,Favorable
98,Loam,Mountain,None,7.363,16.663,80.541,13.272,132.048,3.72,0.511,1.289,22.61,12.353,16.87,10.593,9.767,Unfavorable
99,Loam,Plain,None,6.165,34.831,91.145,67.458,149.011,4.009,0.852,1.17,17.654,20.278,23.251,9.043,13.681,Favorable
100,Silt,Plain,Drip,7.164,35.026,162.823,56.999,151.578,2.748,1.03,1.35,18.859,17.695,23.229,7.807,2.684,Favorable
101,Silt,Plain,Sprinkler,7.087,19.416,93.448,43.585,140.887,2.54,0.917,1.214,12.998,25.432,65.088,9.072,4.053,Favorable
102,Clay,Hill,None,6.963,16.77,123.661,41.236,172.958,4.662,1.024,1.407,48.903,26.953,15.751,8.5,13.022,Favorable
103,Loam,Mountain,Sprinkler,6.362,29.692,119.521,51.921,133.357,2.934,0.675,1.426,26.619,9.8,18.568,6.35,21.674,Unfavorable
104,Loam,Plain,Sprinkler,6.808,14.824,125.003,62.204,159.234,,0.772,1.379,18.239,11.908,23.074,7.076,7.463,Favorable
105,Loam,Plain,None,6.554,23.279,109.337,75.907,159.609,3.113,0.852,1.425,17.117,13.158,16.018,6.868,1.419,Favorable
106,Clay,Plain,None,6.582,19.139,92.926,49.175,160.386,2.375,1.477,1.427,46.687,23.805,35.154,6.146,9.911,Favorable
107,Loam,Plain,None,6.521,16.205,93.358,26.052,158.221,3.657,0.906,1.176,27.062,16.646,31.792,7.289,9.399,Favorable
108,Silt,Plain,None,6.557,22.902,81.521,53.597,164.044,2.311,1.132,1.41,31.858,18.707,19.309,5.3,5.438,Favorable
109,Clay,Hill,None,7.117,26.342,71.785,33.802,161.831,3.326,1.569,1.486,35.248,20.69,42.118,5.985,1.816,Favorable
110,Loam,Mountain,None,6.845,20.691,109.324,43.687,126.096,2.6,0.755,1.286,21.915,18.746,27.275,8.129,15.785,Favorable
111,Loam,Plain,None,6.591,28.245,108.817,40.291,168.157,2.451,0.97,1.352,12.017,11.459,19.611,6.118,2.689,Favorable
112,Loam,Plain,None,7.06,29.746,131.623,57.915,170.358,4.579,1.289,1.445,31.117,15.884,41.137,6.242,12.868,Favorable
113,Silt,Mountain,None,6.814,26.259,69.515,35.467,99.328,0.791,1.154,1.374,11.874,12.976,11.859,3.289,14.256,Unfavorable
114,Loam,Plain,Drip,6.618,41.208,118.55,53.064,199.333,1.485,1.07,1.397,20.794,12.235,18.997,9.557,11.495,Favorable
115,Loam,Hill,Sprinkler,6.884,20.307,91.88,41.498,186.187,2.004,0.961,1.43,27.278,19.24,26.471,7.127,5.738,Favorable
116,Loam,Hill,Sprinkler,6.527,,156.063,68.073,142.897,1.556,0.802,1.443,21.614,20.399,11.775,7.151,19.09,Unfavorable
117,Loam,Plain,Drip,6.637,21.927,94.802,46.803,171.739,1.166,0.669,1.37,10.744,25.811,20.206,7.539,0.0,Favorable
118,Loam,Hill,Sprinkler,7.056,22.304,105.344,52.519,171.018,4.533,0.982,1.289,19.392,7.165,13.512,5.316,9.644,Favorable
119,Loam,Hill,Sprinkler,7.655,24.897,137.599,58.572,146.6,2.477,1.514,1.27,28.501,13.185,21.946,7.833,13.915,Unfavorable
120,Clay,Plain,None,7.388,16.826,76.417,57.497,189.48,2.938,1.23,1.352,45.961,26.151,8.709,7.059,6.859,Favorable
121,Clay,Hill,Drip,6.878,16.197,139.584,37.645,189.661,,1.999,1.45,45.532,18.441,31.436,9.173,6.547,Favorable
122,Loam,Hill,Drip,6.583,21.011,139.885,49.756,178.012,3.511,0.923,1.259,26.597,11.986,28.706,7.03,19.053,Favorable
123,Sandy,Plain,None,5.685,20.143,70.178,46.488,115.941,2.023,1.079,1.572,8.157,8.474,16.331,6.803,6.376,Unfavorable
124,Loam,Plain,Drip,6.956,28.45,121.661,23.26,127.009,2.851,1.409,1.238,18.933,21.537,26.562,5.862,0.0,Favorable
125,Sandy,Mountain,Drip,7.015,22.272,84.239,29.876,139.91,0.491,0.732,1.674,3.467,23.877,16.447,9.198,14.263,Unfavorable
126,Clay,Hill,Sprinkler,7.269,26.106,130.267,49.382,182.294,3.793,1.219,1.369,53.938,8.318,6.296,6.494,6.755,Favorable
127,Clay,Plain,Drip,7.673,33.697,110.298,56.872,173.212,3.567,1.28,1.43,58.993,14.657,9.872,5.448,0.0,Unfavorable
128,Loam,Hill,Sprinkler,6.533,11.79,151.967,52.562,140.077,2.746,1.691,1.475,29.439,18.94,33.322,7.298,7.042,Favorable
129,Sandy,Plain,None,6.984,28.292,102.203,39.048,130.246,3.591,0.2,1.499,8.453,14.951,21.917,8.007,7.237,Favorable
130,Loam,Plain,Drip,6.473,32.309,81.211,37.137,177.747,2.889,1.063,1.113,23.089,16.577,12.969,7.973,8.035,Favorable
131,Silt,Hill,None,7.009,18.898,87.723,56.639,124.067,3.261,0.872,1.466,19.81,15.552,13.9,8.173,14.041,Favorable
132,Loam,Mountain,None,6.696,11.949,125.451,45.734,140.083,1.865,0.632,1.321,25.936,9.841,20.471,6.831,20.043,Unfavorable
133,Loam,Plain,None,7.021,22.516,154.501,44.346,137.816,,1.315,1.282,25.061,24.29,23.551,7.908,0.377,Favorable
134,Loam,Plain,Sprinkler,6.798,25.882,146.938,60.135,150.322,3.591,1.331,1.246,18.693,13.704,21.316,6.796,9.359,Favorable
135,Loam,Plain,Sprinkler,6.227,23.692,115.815,30.418,123.232,2.624,1.657,1.201,20.266,21.328,25.063,8.909,0.0,Favorable
136,Loam,Plain,Sprinkler,7.282,19.962,142.578,68.462,135.312,3.138,1.011,1.431,16.435,10.822,39.558,7.596,0.508,Favorable
137,Sandy,Hill,None,6.189,19.996,93.963,56.656,101.743,,0.756,1.503,10.878,10.806,20.023,4.129,13.039,Unfavorable
138,Sandy,Hill,None,6.465,19.953,61.432,37.771,129.946,2.465,0.207,1.667,13.547,8.431,18.467,7.538,14.193,Unfavorable
139,Sandy,Plain,None,6.573,27.886,60.735,36.259,122.888,1.735,0.873,1.62,5.374,16.233,16.287,5.382,0.0,Unfavorable
140,Sandy,Plain,Sprinkler,7.204,26.305,67.061,21.039,133.234,3.1,0.92,1.469,9.099,16.499,57.474,6.312,0.0,Favorable
141,Clay,Hill,Sprinkler,7.697,16.961,90.412,50.098,216.046,3.557,1.269,1.288,51.931,18.284,29.301,6.884,11.622,Unfavorable
142,Loam,Plain,Sprinkler,6.627,21.09,121.584,56.083,155.318,3.027,1.095,1.663,36.182,28.437,19.043,6.435,5.172,Favorable
143,Sandy,Plain,Sprinkler,7.054,,88.332,18.363,95.998,,0.882,1.399,6.423,25.186,69.952,6.923,0.0,Favorable
144,Clay,Hill,None,7.199,17.042,105.325,48.144,166.377,2.598,1.134,1.314,51.274,9.1,28.046,8.383,11.342,Unfavorable
145,Loam,Plain,Sprinkler,7.567,26.474,132.137,51.509,130.209,0.4,0.839,1.395,16.786,22.544,15.19,6.966,11.086,Unfavorable
146,Loam,Plain,None,7.33,21.262,123.486,59.538,152.781,2.912,1.405,1.194,23.113,18.262,18.595,7.987,15.894,Favorable
147,Clay,Hill,None,7.158,27.823,128.417,43.211,188.231,4.165,1.316,1.393,52.153,15.616,52.788,6.93,15.979,Favorable
148,Loam,Hill,Sprinkler,7.097,29.653,127.316,67.675,186.621,2.974,1.135,1.334,35.108,21.703,30.936,6.968,10.335,Favorable
149,Silt,Mountain,None,7.447,14.233,69.93,14.73,155.265,3.175,0.974,1.322,16.83,17.795,17.36,5.748,12.008,Unfavorable
150,Loam,Plain,Sprinkler,6.635,16.333,122.948,47.439,178.265,4.898,0.809,1.51,22.216,21.991,16.787,6.979,7.56,Favorable
151,Sandy,Hill,Drip,6.099,19.245,97.354,41.631,108.169,,0.72,1.439,2.117,7.941,22.863,5.632,2.639,Unfavorable
152,Loam,Hill,Sprinkler,6.636,14.221,92.224,45.886,146.024,,0.769,1.318,28.251,17.5,10.84,9.93,7.743,Favorable
153,Loam,Plain,None,7.054,22.727,73.076,58.571,167.749,2.059,1.025,1.498,35.829,28.481,48.652,5.146,8.388,Favorable
154,Loam,Hill,Sprinkler,7.106,28.351,101.778,51.234,173.136,4.168,0.962,1.259,22.185,12.329,7.0,4.767,11.247,Favorable
155,Loam,Plain,Drip,6.823,30.823,112.638,59.286,207.048,3.004,0.574,1.469,33.734,16.08,6.516,6.483,6.966,Favorable
156,Sandy,Mountain,None,6.332,11.548,114.576,31.59,117.582,2.817,0.815,1.535,1.0,28.115,11.272,8.507,15.189,Unfavorable
157,Loam,Plain,None,6.274,39.458,115.21,40.029,115.165,2.322,1.126,1.458,20.351,18.541,36.922,7.1,1.874,Favorable
158,Sandy,Hill,Sprinkler,6.383,23.788,77.085,32.16,96.636,0.4,0.733,1.66,2.324,15.839,37.668,8.984,6.683,Favorable
159,Clay,Hill,None,6.888,18.607,112.418,26.676,156.328,2.005,0.941,1.369,39.233,15.253,11.411,5.636,14.699,Unfavorable
160,Clay,Hill,None,7.257,27.932,91.125,30.109,133.542,3.13,1.435,1.551,38.795,19.208,8.808,8.285,11.386,Unfavorable
161,Loam,Plain,None,6.985,23.503,105.475,62.384,177.629,1.727,0.436,1.252,25.913,15.483,4.898,7.245,0.535,Favorable
162,Clay,Plain,Drip,7.17,29.431,111.484,51.708,168.761,3.849,1.674,1.66,43.652,17.511,54.059,8.072,5.623,Favorable
163,Sandy,Plain,Drip,6.621,18.647,72.401,41.223,79.372,2.804,0.435,1.543,9.583,11.328,28.258,7.139,1.28,Favorable
164,Silt,Mountain,Drip,7.138,28.183,110.359,39.849,166.476,,0.516,1.31,15.96,19.737,19.915,6.041,13.591,Favorable
165,Sandy,Hill,Drip,6.252,,96.548,38.196,120.413,2.386,0.163,1.543,7.163,18.709,18.668,7.885,9.433,Favorable
166,Sandy,Plain,Sprinkler,6.205,16.029,70.058,10.274,122.644,1.952,0.875,1.502,5.392,20.95,3.882,6.892,0.0,Unfavorable
167,Loam,Plain,None,7.204,9.87,114.704,55.722,171.662,,0.883,1.349,27.953,10.745,8.215,7.063,4.702,Favorable
168,Sandy,Plain,None,6.615,19.98,56.134,20.42,83.623,2.517,0.995,1.501,6.021,16.711,4.116,7.168,12.208,Unfavorable
169,Clay,Hill,None,6.938,17.388,79.075,54.43,157.035,2.191,1.21,1.31,53.394,14.143,53.762,6.825,11.871,Favorable
170,Sandy,Mountain,Sprinkler,6.517,17.525,71.171,49.631,88.943,1.803,0.406,1.619,1.0,19.675,31.676,7.174,12.785,Favorable
171,Loam,Plain,None,6.758,20.922,111.713,60.206,188.952,2.933,1.34,1.283,28.224,16.64,14.178,6.988,3.585,Favorable
172,Loam,Plain,Sprinkler,6.982,25.087,108.414,61.27,156.663,2.918,0.798,1.357,27.755,19.814,12.135,6.877,5.759,Favorable
173,Sandy,Plain,Drip,6.839,31.978,81.535,20.716,134.232,2.543,0.874,1.622,4.7,16.584,9.799,5.479,3.154,Favorable
174,Clay,Plain,Sprinkler,7.428,33.577,133.934,68.278,226.376,2.62,1.399,1.429,40.511,14.43,10.156,9.604,6.313,Unfavorable
175,Silt,Plain,Sprinkler,7.072,28.498,133.661,43.761,159.297,3.017,0.533,1.514,19.764,19.524,33.468,7.232,0.0,Favorable
176,Loam,Hill,Sprinkler,6.791,18.943,114.796,54.245,140.34,2.779,0.815,1.298,28.565,18.992,25.713,7.039,9.78,Favorable
177,Sandy,Hill,None,6.771,20.901,84.317,33.183,123.034,3.713,0.229,1.597,10.084,17.687,31.073,6.707,9.307,Favorable
178,Clay,Plain,None,6.775,20.006,145.546,44.835,188.636,2.744,1.366,1.423,43.355,20.988,25.156,6.028,0.0,Favorable
179,Sandy,Plain,None,6.254,,84.829,46.372,105.857,4.539,0.525,1.639,8.156,25.944,20.403,7.979,2.769,Favorable
180,Loam,Hill,Sprinkler,7.098,17.905,102.653,58.115,142.558,3.989,0.656,1.542,15.049,12.11,5.58,8.316,10.189,Favorable
181,Loam,Mountain,Drip,6.714,19.87,103.325,61.154,130.917,,1.186,1.315,22.921,13.061,6.94,6.046,17.888,Unfavorable
182,Loam,Plain,Sprinkler,6.139,24.22,145.352,51.072,124.539,2.079,1.227,1.312,13.365,16.138,23.106,4.696,4.79,Favorable
183,Silt,Hill,Sprinkler,6.303,21.716,104.642,24.711,94.026,1.343,1.069,1.423,16.389,8.603,16.363,5.699,7.116,Favorable
184,Loam,Plain,None,6.519,24.573,147.966,85.465,155.598,2.884,0.85,1.348,33.058,18.494,14.89,6.7,8.438,Favorable
185,Loam,Hill,Sprinkler,6.718,23.963,119.435,49.686,138.272,2.795,0.638,1.207,26.504,31.161,15.203,8.308,2.857,Favorable
186,Clay,Mountain,Sprinkler,8.115,26.079,84.351,38.676,142.46,3.262,1.369,1.306,29.227,10.435,54.774,8.344,14.704,Unfavorable
187,Loam,Plain,Sprinkler,6.3,33.006,132.35,65.489,117.079,3.879,1.065,1.049,27.001,14.846,8.467,8.891,9.289,Favorable
188,Clay,Plain,None,7.156,33.145,81.831,33.146,155.403,3.242,1.109,1.235,42.34,17.442,29.907,8.539,0.0,Favorable
189,Loam,Hill,Sprinkler,7.088,29.956,106.336,54.101,144.761,,1.056,1.262,7.829,16.699,19.786,7.115,12.952,Favorable
190,Loam,Hill,Sprinkler,6.84,22.637,94.937,25.941,114.667,2.653,0.842,1.256,24.971,17.788,6.493,6.436,13.384,Favorable
191,Clay,Plain,None,6.445,27.371,87.733,78.217,229.303,4.13,1.347,1.305,45.164,21.046,11.761,6.093,2.659,Favorable
192,Loam,Mountain,None,6.212,15.211,118.506,17.91,145.718,1.513,1.279,1.378,22.385,14.673,19.896,6.863,23.608,Unfavorable
193,Clay,Plain,Drip,6.22,,74.284,49.869,127.103,3.008,0.902,1.262,49.37,31.159,43.334,6.5,2.372,Favorable
194,Loam,Plain,Sprinkler,6.571,31.063,117.015,41.386,151.536,3.666,0.704,1.411,26.364,16.022,17.003,5.853,10.232,Favorable
195,Clay,Plain,Sprinkler,5.926,16.557,118.683,42.282,179.68,,1.198,1.49,52.872,16.25,16.724,6.277,8.487,Favorable
196,Loam,Plain,Sprinkler,6.442,30.121,117.244,39.535,166.773,2.024,0.806,1.358,24.342,14.755,2.396,8.467,4.672,Favorable
197,Loam,Hill,Drip,6.44,,111.76,59.44,100.529,2.128,0.848,1.485,19.071,16.901,17.057,5.8,8.855,Favorable
198,Silt,Hill,Sprinkler,6.771,33.096,95.395,52.21,179.483,2.403,1.008,1.33,22.386,17.572,22.005,3.739,6.086,Favorable
199,Silt,Plain,None,6.8,19.754,93.533,55.034,115.89,3.067,0.898,1.206,21.94,23.367,74.504,4.504,10.974,Favorable
200,Silt,Plain,None,6.953,27.652,133.4,52.592,145.881,3.406,0.8,1.362,19.977,11.671,41.641,5.684,5.977,Favorable
201,Sandy,Plain,Sprinkler,6.577,24.878,108.586,39.248,111.844,4.036,1.639,1.669,19.437,16.474,16.608,6.542,0.0,Favorable
202,Loam,Hill,Drip,6.372,30.067,112.953,62.181,138.1,3.477,0.869,1.47,23.664,22.876,13.733,6.693,10.993,Favorable
203,Loam,Hill,Sprinkler,6.542,17.507,123.169,66.979,93.688,1.852,1.579,1.563,16.989,10.697,16.401,5.995,8.706,Favorable
204,Loam,Plain,None,7.346,27.767,134.791,57.523,145.15,3.599,0.828,1.189,28.932,16.997,9.499,5.818,7.471,Favorable
205,Loam,Plain,Sprinkler,7.204,26.815,116.309,48.066,118.554,2.506,1.469,1.459,24.787,10.726,15.439,6.915,4.225,Favorable
206,Clay,Hill,None,6.86,20.65,121.564,38.698,152.629,,1.766,1.484,47.174,14.666,12.758,8.99,9.313,Unfavorable
207,Loam,Plain,Sprinkler,6.049,30.411,119.451,49.568,151.327,,0.92,1.408,34.495,21.966,21.745,6.641,0.0,Favorable
208,Silt,Plain,None,6.82,15.494,124.184,70.126,185.492,1.219,0.796,1.179,32.097,17.764,71.164,6.227,3.065,Favorable
209,Sandy,Plain,None,6.506,14.471,88.519,22.758,83.919,2.083,1.288,1.439,10.691,26.096,20.822,7.682,0.0,Unfavorable
210,Clay,Plain,None,6.435,22.725,109.405,60.873,177.002,4.627,1.235,1.477,38.438,15.117,22.342,7.27,0.0,Favorable
211,Clay,Hill,Drip,7.085,20.858,81.242,59.308,168.316,2.067,1.381,1.501,41.9,11.511,47.798,7.055,14.442,Favorable
212,Silt,Plain,None,6.89,19.144,129.741,39.709,119.545,2.478,1.156,1.452,17.703,20.518,17.707,9.659,6.706,Favorable
213,Clay,Hill,Sprinkler,7.0,21.798,71.941,59.597,175.997,2.742,1.456,1.398,48.624,20.796,19.611,7.274,0.0,Favorable
214,Sandy,Plain,None,5.614,26.219,61.425,44.402,118.345,2.75,0.989,1.619,3.022,16.119,5.729,8.046,0.0,Unfavorable
215,Loam,Mountain,None,6.457,15.722,87.185,26.803,165.715,1.657,0.593,1.448,16.406,13.934,17.843,6.893,20.613,Unfavorable
216,Clay,Plain,Drip,6.914,29.017,88.545,64.629,169.002,,0.693,1.353,52.541,18.99,27.072,6.9,0.0,Favorable
217,Sandy,Hill,None,6.601,19.972,73.546,33.114,98.417,2.975,0.256,1.565,8.992,9.82,23.055,7.894,9.471,Unfavorable
218,Silt,Plain,None,7.264,13.332,131.121,46.347,100.653,3.049,0.929,1.287,17.838,17.654,21.388,7.27,1.124,Favorable
219,Loam,Plain,Sprinkler,6.507,20.035,115.686,69.654,158.531,2.409,1.238,1.242,27.608,15.379,9.448,8.5,0.896,Favorable
220,Clay,Hill,Drip,6.677,12.934,142.37,53.393,143.113,4.245,1.307,1.627,54.691,15.969,11.862,7.814,15.734,Favorable
221,Loam,Plain,Drip,7.135,30.019,112.349,56.054,186.093,,1.319,1.458,28.106,21.016,13.883,3.952,9.981,Favorable
222,Clay,Plain,Drip,6.699,33.475,146.953,10.255,173.205,2.985,0.74,1.53,39.617,17.557,14.202,5.975,0.0,Favorable
223,Clay,Plain,None,7.045,24.638,87.963,64.756,169.793,3.789,1.022,1.325,51.661,23.716,12.119,7.142,9.859,Favorable
224,Clay,Plain,None,6.216,15.743,70.766,61.79,123.558,1.884,1.499,1.335,35.307,26.013,17.141,7.855,0.0,Favorable
225,Loam,Hill,Drip,7.458,21.653,131.25,35.29,164.664,2.564,0.366,1.274,17.29,18.951,21.101,4.989,7.786,Favorable
226,Clay,Hill,None,7.561,15.923,81.566,85.626,160.906,2.185,1.313,1.471,59.127,18.188,51.061,6.168,15.701,Unfavorable
227,Sandy,Plain,None,6.622,33.323,74.788,45.086,116.825,2.636,0.619,1.62,12.753,12.938,13.759,8.727,0.0,Unfavorable
228,Loam,Plain,Sprinkler,6.433,25.093,130.418,55.216,173.294,3.214,1.295,1.311,35.573,20.802,12.806,8.414,11.297,Favorable
229,Clay,Plain,Drip,6.359,14.756,106.353,45.686,136.231,3.364,0.954,1.568,43.983,22.188,40.989,7.108,0.0,Favorable
230,Clay,Plain,Drip,7.025,30.17,103.244,59.751,138.27,3.76,0.607,1.442,56.578,14.223,11.654,6.355,3.802,Favorable
231,Loam,Mountain,Sprinkler,7.158,30.651,95.52,44.749,185.793,2.547,1.155,1.474,22.341,12.361,4.367,6.657,16.629,Unfavorable
232,Clay,Plain,Sprinkler,6.833,20.866,107.071,89.217,130.428,1.951,1.098,1.486,51.93,22.072,18.353,7.182,5.794,Favorable
233,Loam,Plain,Sprinkler,6.826,23.818,84.714,47.069,200.933,3.074,0.761,1.257,23.615,22.544,31.938,6.352,0.264,Favorable
234,Clay,Hill,None,7.067,20.612,74.728,41.503,181.428,2.818,1.588,1.41,43.477,21.108,18.119,8.814,12.408,Unfavorable
235,Loam,Plain,None,7.15,35.457,116.153,70.011,144.223,2.988,0.978,1.379,31.864,20.72,9.702,5.626,0.0,Favorable
236,Loam,Plain,Sprinkler,6.241,34.661,105.49,47.451,167.0,3.231,0.867,1.293,34.605,20.937,5.086,8.278,0.894,Favorable
237,Silt,Plain,None,6.482,22.151,115.269,46.798,155.942,2.82,1.235,1.151,16.92,2.751,24.296,5.353,6.975,Favorable
238,Loam,Plain,Drip,7.21,30.038,128.574,50.375,161.929,3.961,1.028,1.291,23.578,17.562,71.684,6.707,0.0,Favorable
239,Clay,Plain,Drip,7.51,23.438,80.478,51.581,176.485,2.058,1.307,1.518,46.816,20.227,19.3,7.845,4.342,Favorable
240,Silt,Mountain,Drip,6.116,35.315,95.919,53.477,123.414,3.941,0.77,1.286,20.102,11.337,6.237,6.122,9.282,Favorable
241,Sandy,Plain,None,6.679,20.108,85.099,30.94,128.45,1.309,0.843,1.436,1.0,13.056,30.048,7.633,2.671,Favorable
242,Clay,Plain,Sprinkler,7.032,19.472,104.948,40.36,181.59,3.063,0.754,1.448,53.889,17.459,10.165,6.774,0.88,Favorable
243,Clay,Plain,None,6.509,20.849,118.603,46.721,166.525,3.896,0.717,1.622,47.01,12.875,16.084,6.619,2.709,Favorable
244,Sandy,Plain,None,6.404,23.787,89.241,32.443,147.632,2.137,0.736,1.503,5.394,17.022,26.789,8.257,6.867,Favorable
245,Loam,Hill,Sprinkler,6.375,20.204,75.1,42.99,118.082,2.948,0.97,1.482,18.105,18.993,32.426,5.265,14.265,Favorable
246,Clay,Hill,Sprinkler,7.075,26.248,103.197,25.119,175.551,3.898,1.688,1.396,48.05,20.344,31.975,6.615,11.013,Favorable
247,Clay,Plain,Sprinkler,6.832,26.537,90.954,56.82,167.236,,0.978,1.577,59.68,29.314,5.684,7.564,0.0,Favorable
248,Clay,Hill,Drip,7.219,19.283,59.726,81.832,130.525,3.092,1.229,1.234,46.277,14.415,31.875,6.192,5.439,Favorable
249,Loam,Mountain,Drip,6.82,15.683,89.259,52.825,138.163,2.754,0.981,1.389,28.51,14.132,11.816,7.184,15.003,Favorable
250,Loam,Plain,Drip,5.922,31.832,126.233,45.275,169.692,4.74,1.13,1.183,25.059,12.726,36.7,6.311,2.767,Favorable
251,Sandy,Plain,None,6.807,15.308,68.226,23.765,110.674,1.276,0.842,1.49,11.895,19.399,3.506,7.888,3.26,Unfavorable
252,Silt,Plain,Drip,6.848,37.583,78.39,57.582,111.882,3.936,0.652,1.581,21.682,12.626,40.161,5.617,0.738,Favorable
253,Silt,Plain,None,7.094,12.762,101.351,56.289,96.445,3.157,0.959,1.306,17.642,12.694,17.754,5.259,9.499,Favorable
254,Loam,Plain,None,6.507,17.794,133.369,67.701,170.007,2.852,1.123,1.362,28.562,21.099,39.107,5.439,10.644,Favorable
255,Loam,Plain,Drip,6.768,14.36,131.935,55.92,166.043,2.829,0.856,1.208,14.779,13.131,19.841,7.747,5.091,Favorable
256,Silt,Plain,Drip,5.998,18.269,105.0,46.795,148.586,2.593,0.758,1.365,9.314,23.102,39.633,8.171,10.269,Favorable
257,Sandy,Plain,Sprinkler,6.331,19.462,89.265,5.0,112.738,1.691,0.812,1.611,10.123,20.651,8.87,6.256,0.0,Unfavorable
258,Clay,Plain,None,6.547,21.161,104.707,34.174,171.624,3.504,1.038,1.493,46.014,5.256,5.747,6.52,4.155,Favorable
259,Loam,Plain,None,6.754,14.159,120.613,61.36,183.395,2.99,0.667,1.305,23.291,19.811,20.788,8.677,3.765,Favorable
260,Sandy,Plain,Sprinkler,6.56,24.332,71.4,9.474,112.85,,0.951,1.427,12.105,13.897,55.951,8.043,11.252,Favorable
261,Sandy,Hill,None,6.733,,53.205,54.177,101.006,3.678,0.508,1.578,5.108,18.521,12.29,6.479,11.335,Favorable
262,Sandy,Mountain,Drip,6.111,23.872,56.615,48.04,139.716,2.617,0.627,1.325,8.221,19.737,20.746,5.316,17.657,Unfavorable
263,Clay,Plain,None,7.703,20.727,100.026,28.742,142.251,3.806,0.941,1.277,38.03,14.046,4.702,7.964,0.0,Unfavorable
264,Sandy,Mountain,Sprinkler,6.196,28.005,61.589,59.019,102.715,3.358,1.204,1.633,4.815,18.571,4.625,6.501,7.735,Unfavorable
265,Loam,Plain,Sprinkler,6.208,25.24,144.397,43.643,136.921,1.268,1.263,1.466,23.496,16.061,29.672,5.635,3.485,Favorable
266,Clay,Hill,Drip,6.48,27.583,123.089,44.548,191.135,4.046,1.131,1.378,58.371,22.094,48.396,9.13,14.34,Favorable
267,Loam,Plain,Sprinkler,6.872,28.813,77.933,51.149,186.478,2.396,1.291,1.17,12.533,22.718,20.723,8.336,7.806,Favorable
268,Loam,Hill,None,6.786,13.577,118.04,53.678,165.313,2.16,1.681,1.522,26.305,17.168,3.199,5.998,10.156,Unfavorable
269,Loam,Plain,None,7.045,22.148,146.054,61.16,136.546,3.853,1.026,1.482,32.881,14.1,27.145,8.779,7.048,Favorable
270,Clay,Plain,None,6.999,30.047,87.795,62.74,143.655,2.931,0.855,1.483,51.407,24.981,9.987,9.468,17.737,Unfavorable
271,Sandy,Hill,Drip,6.998,20.07,72.261,19.492,134.278,1.446,0.652,1.538,2.099,12.049,27.108,6.861,12.401,Favorable
272,Loam,Hill,None,6.961,6.608,147.353,36.825,151.929,1.345,0.666,1.478,22.255,15.827,12.199,9.143,2.03,Unfavorable
273,Loam,Plain,Sprinkler,6.812,23.795,99.876,63.106,126.787,3.099,1.38,1.271,24.399,24.098,29.12,6.962,14.21,Favorable
274,Silt,Plain,Sprinkler,6.885,22.016,132.697,33.523,116.081,3.199,0.867,1.267,14.23,25.044,18.031,7.842,7.036,Favorable
275,Loam,Mountain,Drip,7.05,21.962,97.205,35.362,128.213,2.603,0.475,1.197,39.458,18.439,24.541,7.022,24.801,Favorable
276,Sandy,Mountain,None,6.467,26.284,51.127,21.019,95.532,1.944,1.133,1.597,1.685,15.99,10.305,8.814,14.692,Unfavorable
277,Clay,Plain,Sprinkler,7.051,27.998,121.898,42.687,168.661,3.675,1.286,1.558,52.995,9.499,36.564,7.945,14.761,Favorable
278,Sandy,Mountain,Sprinkler,6.714,21.332,107.915,28.087,77.819,2.03,0.533,1.665,12.641,18.954,17.383,9.893,3.441,Favorable
279,Sandy,Plain,None,6.25,16.112,105.177,38.947,82.593,3.083,0.351,1.596,9.842,13.706,10.813,6.094,2.411,Unfavorable
280,Loam,Hill,None,6.048,32.443,118.105,64.722,149.294,2.002,1.491,1.171,23.467,17.035,6.041,8.341,8.596,Unfavorable
281,Clay,Plain,Sprinkler,6.342,21.946,93.856,53.615,133.742,2.622,1.374,1.44,40.63,21.355,12.346,8.945,1.63,Favorable
282,Sandy,Plain,Drip,5.484,39.59,117.021,31.972,135.144,1.605,0.297,1.53,10.339,31.748,4.607,5.056,1.241,Unfavorable
283,Sandy,Mountain,Drip,6.455,25.81,78.972,45.702,76.262,2.234,0.541,1.401,6.919,7.327,8.407,6.804,13.426,Unfavorable
284,Loam,Plain,None,6.141,22.311,124.477,24.716,160.243,2.43,1.023,1.442,19.38,22.701,31.153,6.011,0.0,Favorable
285,Clay,Plain,Drip,7.265,22.163,114.87,61.455,148.132,2.453,1.418,1.226,41.955,24.677,19.955,6.965,5.574,Favorable
286,Sandy,Plain,None,6.149,24.642,123.91,33.284,106.276,,1.273,1.381,10.729,26.64,2.503,9.61,0.0,Unfavorable
287,Loam,Plain,Sprinkler,7.159,33.977,115.352,48.655,176.821,2.423,1.216,1.434,29.11,17.671,26.754,7.218,0.0,Favorable
288,Loam,Plain,None,6.734,14.103,121.73,46.858,160.554,2.783,1.079,1.224,26.709,22.359,40.9,7.892,0.0,Favorable
289,Loam,Plain,None,6.342,18.389,101.101,63.118,150.517,3.958,1.325,1.459,28.601,10.162,35.596,5.765,6.523,Favorable
290,Clay,Plain,Drip,6.795,29.052,146.298,58.752,180.155,4.094,1.445,1.395,51.076,19.843,22.27,6.673,0.0,Favorable
291,Loam,Plain,Drip,6.62,25.846,100.181,51.321,136.323,4.209,0.416,1.59,24.887,17.111,44.213,6.531,7.3,Favorable
292,Sandy,Plain,Drip,6.082,23.934,78.444,26.247,146.998,2.719,0.843,1.308,6.922,11.73,21.855,7.881,3.561,Favorable
293,Silt,Plain,Drip,6.424,24.146,128.587,46.828,84.203,2.146,0.72,1.246,10.42,15.012,9.063,6.865,7.668,Favorable
294,Loam,Hill,None,6.867,10.882,100.137,49.142,164.049,3.098,0.805,1.359,32.991,27.735,35.613,5.72,13.171,Favorable
295,Loam,Plain,None,7.498,22.757,128.188,72.786,180.56,4.084,1.1,1.277,20.707,8.635,9.246,7.979,0.0,Favorable
296,Clay,Plain,Sprinkler,7.17,26.461,86.76,51.732,171.897,2.519,1.354,1.436,52.448,8.927,74.973,7.121,7.78,Favorable
297,Silt,Plain,Sprinkler,7.278,26.178,116.072,38.114,139.624,2.078,0.796,1.34,31.474,22.281,13.01,6.388,9.929,Favorable
298,Silt,Plain,None,6.298,18.786,131.241,51.104,170.437,1.986,0.536,1.179,13.983,16.298,12.132,6.694,13.75,Unfavorable
299,Loam,Plain,Drip,6.295,23.157,118.955,62.285,157.85,2.479,1.102,1.378,10.307,18.509,3.961,7.069,7.88,Favorable
300,Loam,Plain,Sprinkler,7.082,21.705,140.085,58.215,131.258,2.671,1.356,1.506,21.849,26.74,6.135,8.114,0.0,Favorable
301,Clay,Plain,Drip,6.774,30.95,106.338,63.778,195.911,2.224,0.758,1.353,54.402,20.165,20.523,6.723,6.998,Favorable
302,Loam,Hill,None,6.573,25.56,122.526,47.292,159.673,2.295,0.943,1.411,28.642,13.752,17.845,6.372,16.742,Favorable
303,Loam,Plain,Drip,6.92,13.368,85.586,46.527,98.363,3.931,1.02,1.309,27.85,25.108,14.713,5.69,8.104,Favorable
304,Clay,Mountain,Sprinkler,6.529,19.112,75.394,78.4,155.053,3.145,1.34,1.263,47.882,21.284,8.82,8.548,11.312,Unfavorable
305,Sandy,Hill,None,7.13,,86.563,51.849,63.531,2.598,0.976,1.683,11.658,14.886,16.212,8.788,8.513,Unfavorable
306,Sandy,Hill,Sprinkler,7.633,31.616,55.072,25.347,120.971,2.966,0.686,1.419,2.494,26.129,23.133,6.414,14.782,Unfavorable
307,Sandy,Hill,None,7.238,22.392,96.075,44.095,135.593,1.244,0.177,1.625,1.0,24.151,22.703,6.713,3.118,Unfavorable
308,Clay,Plain,None,6.955,29.162,98.226,48.203,146.945,2.603,1.316,1.153,49.501,26.513,16.966,9.886,4.211,Favorable
309,Loam,Plain,Sprinkler,6.995,16.94,105.205,73.838,157.252,3.675,0.689,1.108,20.165,19.38,4.326,6.631,3.777,Favorable
310,Loam,Hill,None,6.742,,105.588,64.905,122.048,2.092,0.985,1.398,34.313,21.899,12.015,7.356,12.922,Favorable
311,Loam,Plain,Sprinkler,7.55,33.803,116.113,49.017,146.23,4.429,0.969,1.229,19.522,20.594,50.426,9.294,3.769,Favorable
312,Clay,Hill,None,7.257,14.804,135.359,67.595,128.368,3.187,1.595,1.601,36.788,23.053,16.67,6.208,12.707,Unfavorable
313,Loam,Plain,Sprinkler,7.46,29.093,134.883,49.395,154.659,2.363,0.515,1.243,22.169,21.481,19.07,9.615,4.719,Favorable
314,Loam,Plain,None,6.628,19.045,100.42,39.498,126.74,3.111,1.084,1.472,19.579,19.725,38.974,6.822,1.659,Favorable
315,Sandy,Hill,Sprinkler,7.047,25.943,53.074,9.026,114.639,2.929,0.631,1.603,7.155,22.232,37.441,8.742,3.954,Favorable
316,Clay,Plain,None,7.018,26.395,139.925,40.292,174.935,4.101,1.313,1.37,51.648,19.911,34.87,5.685,4.698,Favorable
317,Silt,Plain,None,6.335,10.788,110.977,47.152,139.353,3.135,0.879,1.135,17.915,21.161,6.447,4.918,7.374,Unfavorable
318,Loam,Plain,None,7.213,23.436,109.417,74.643,194.107,2.495,0.63,1.264,23.486,12.541,13.576,8.692,0.247,Favorable
319,Clay,Hill,None,6.733,20.279,48.685,64.157,161.722,1.449,1.312,1.584,44.557,15.124,10.901,6.972,5.081,Unfavorable
320,Sandy,Mountain,None,6.336,25.847,69.76,31.797,88.594,2.859,0.983,1.617,12.835,15.702,8.518,7.048,16.764,Unfavorable
321,Clay,Hill,Sprinkler,7.542,25.029,105.858,64.769,198.753,2.599,1.748,1.431,61.285,22.133,69.593,6.443,10.828,Unfavorable
322,Loam,Hill,Sprinkler,6.666,16.48,113.948,44.295,174.668,3.053,0.832,1.264,16.962,15.889,15.935,7.723,1.722,Favorable
323,Sandy,Mountain,None,6.724,23.125,63.014,34.626,117.273,3.156,0.513,1.781,1.0,13.276,40.041,5.854,16.547,Unfavorable
324,Loam,Hill,Sprinkler,6.82,24.293,96.223,48.02,189.25,3.484,0.621,1.338,15.907,19.669,13.056,5.522,5.501,Favorable
325,Loam,Hill,None,6.504,25.452,108.3,54.038,174.071,2.716,0.979,1.541,24.992,18.737,33.693,7.788,7.974,Favorable
326,Clay,Plain,None,7.205,23.91,164.613,63.649,120.94,4.073,1.034,1.36,45.891,21.142,13.201,8.662,3.816,Favorable
327,Sandy,Hill,Drip,6.301,25.14,86.139,24.97,127.019,1.92,0.843,1.484,4.213,16.22,28.508,7.381,6.691,Favorable
328,Sandy,Hill,None,6.775,23.179,108.042,25.826,113.512,2.239,0.773,1.398,1.0,18.392,75.201,7.717,11.602,Unfavorable
329,Loam,Hill,None,7.369,25.234,94.393,31.767,192.587,2.844,1.035,1.272,27.898,19.221,22.609,7.136,6.061,Favorable
330,Sandy,Plain,None,7.033,19.258,100.558,41.61,128.875,2.843,1.255,1.614,12.129,22.926,25.384,8.47,4.306,Favorable
331,Sandy,Mountain,None,6.525,18.607,49.071,16.052,44.251,2.283,0.904,1.436,1.0,25.06,22.49,7.35,12.982,Unfavorable
332,Loam,Plain,Drip,6.605,,108.056,49.634,205.563,3.804,1.128,1.444,40.208,14.797,5.979,10.301,6.754,Favorable
333,Loam,Plain,Sprinkler,6.967,25.391,127.111,81.019,154.838,3.067,0.804,1.41,22.205,16.481,40.883,6.539,2.613,Favorable
334,Loam,Plain,Sprinkler,6.364,31.381,128.01,71.685,246.111,1.13,0.843,1.345,26.18,22.348,56.262,6.139,0.0,Favorable
335,Sandy,Plain,None,6.711,26.642,101.976,31.595,94.496,2.728,0.949,1.747,3.968,19.467,6.899,7.098,6.324,Favorable
336,Loam,Hill,Sprinkler,6.068,17.225,153.917,43.238,162.116,2.794,0.914,1.135,37.985,9.506,6.006,7.238,12.399,Unfavorable
337,Sandy,Plain,Sprinkler,6.098,31.952,102.719,38.029,126.828,3.292,0.175,1.572,11.389,18.239,11.981,6.433,10.583,Unfavorable
338,Silt,Mountain,None,6.871,18.289,80.071,47.371,124.686,,0.945,1.211,14.936,14.508,3.462,6.672,7.701,Unfavorable
339,Sandy,Plain,None,6.589,23.289,121.673,38.015,100.062,2.325,1.151,1.562,6.743,18.904,18.603,7.064,7.62,Favorable
340,Clay,Plain,None,6.665,,95.578,57.171,157.576,4.62,0.904,1.412,47.019,26.013,21.141,8.384,11.091,Favorable
341,Loam,Mountain,None,7.082,18.787,107.803,41.768,161.524,1.671,1.014,1.482,18.87,13.776,34.274,4.915,8.16,Favorable
342,Loam,Hill,Sprinkler,7.276,31.593,102.45,47.462,173.227,3.675,1.282,1.293,25.097,22.581,13.966,3.508,1.818,Favorable
343,Sandy,Plain,None,6.4,,70.023,35.068,139.41,1.822,1.099,1.512,1.0,22.167,62.051,8.177,0.0,Unfavorable
344,Silt,Mountain,None,6.312,22.119,119.557,39.043,192.605,2.729,1.221,1.401,21.407,13.319,7.26,8.482,10.718,Unfavorable
345,Loam,Plain,Sprinkler,6.358,27.395,133.455,58.331,198.412,2.942,1.401,1.154,21.02,16.333,41.935,7.187,10.575,Favorable
346,Silt,Hill,Drip,6.832,21.506,119.631,63.292,172.543,5.747,1.82,1.153,7.805,10.235,18.677,4.427,9.756,Favorable
347,Clay,Mountain,None,6.592,22.969,110.128,39.513,106.631,3.153,0.346,1.301,40.095,10.666,39.196,3.119,11.016,Unfavorable
348,Loam,Plain,Drip,6.772,27.095,144.949,65.639,140.421,2.508,0.878,1.44,26.036,21.882,19.528,7.464,1.753,Favorable
349,Sandy,Plain,None,6.41,21.355,87.204,44.111,100.937,2.748,0.239,1.44,19.071,24.128,12.22,6.369,10.028,Favorable
350,Loam,Plain,None,6.71,25.132,133.992,62.418,123.775,2.707,1.323,1.347,20.66,15.673,7.911,6.645,0.052,Favorable
351,Sandy,Mountain,Drip,6.902,15.204,87.601,18.662,97.705,1.627,0.748,1.464,7.5,31.261,45.216,8.646,15.482,Unfavorable
352,Loam,Hill,None,6.76,8.195,89.936,48.666,151.818,2.259,1.72,1.475,34.725,18.066,25.146,7.322,19.27,Unfavorable
353,Sandy,Plain,None,6.37,25.526,99.463,55.684,124.386,2.013,0.286,1.544,9.758,14.004,31.614,8.461,0.0,Favorable
354,Sandy,Hill,Sprinkler,6.744,25.954,113.206,47.693,172.508,2.222,0.28,1.56,9.777,18.889,15.773,4.243,9.015,Unfavorable
355,Loam,Mountain,None,5.969,28.638,93.036,52.491,151.459,4.954,1.334,1.295,22.064,17.257,18.526,6.869,20.676,Unfavorable
356,Loam,Hill,Drip,6.571,19.235,110.933,54.0,116.074,2.508,1.598,1.292,29.624,18.78,14.109,6.91,9.488,Favorable
357,Sandy,Plain,Sprinkler,6.15,17.804,104.91,35.439,148.655,3.619,0.592,1.4,8.384,19.294,28.761,6.517,3.061,Favorable
358,Loam,Plain,Sprinkler,6.524,18.419,136.331,51.042,198.029,3.186,0.767,1.352,17.974,22.283,27.936,4.807,7.197,Favorable
359,Clay,Plain,Drip,7.29,23.947,107.327,66.006,149.118,2.47,1.264,1.23,45.758,19.962,8.339,7.777,3.238,Favorable
360,Loam,Plain,Sprinkler,6.401,,103.808,58.742,132.098,,1.291,1.285,28.958,13.923,25.568,11.0,9.542,Favorable
361,Loam,Plain,None,6.871,20.472,85.118,69.955,185.945,2.875,0.931,1.358,28.472,22.789,29.336,8.863,0.0,Favorable
362,Silt,Hill,Sprinkler,6.148,22.527,104.796,11.603,140.359,2.739,0.774,1.364,20.023,18.869,12.149,4.498,16.554,Unfavorable
363,Loam,Mountain,None,6.967,20.811,95.68,30.226,165.371,2.223,0.909,1.368,17.862,9.611,27.512,4.541,14.933,Favorable
364,Sandy,Plain,Drip,6.609,31.162,98.669,52.793,114.313,2.857,0.912,1.419,4.156,20.009,3.991,5.743,12.814,Favorable
365,Loam,Hill,Sprinkler,5.489,19.334,88.234,63.235,151.93,2.743,0.964,1.323,23.257,16.195,8.946,6.623,9.396,Unfavorable
366,Loam,Plain,Drip,6.491,30.147,129.938,49.157,138.75,3.528,1.596,1.443,22.951,21.11,47.839,7.951,3.626,Favorable
367,Clay,Hill,Sprinkler,7.212,18.481,131.061,14.425,192.854,2.313,1.247,1.438,47.078,3.789,18.218,5.855,9.985,Unfavorable
368,Clay,Plain,Sprinkler,7.263,31.762,117.272,66.936,135.556,3.53,0.964,1.479,51.431,23.756,44.128,8.476,0.0,Favorable
369,Silt,Plain,Sprinkler,6.79,30.633,97.784,37.642,130.026,2.015,1.334,1.47,11.957,23.61,9.901,8.473,6.907,Favorable
370,Silt,Mountain,None,6.593,11.175,51.563,39.597,142.786,1.448,0.797,1.28,19.267,17.225,6.847,7.92,17.953,Unfavorable
371,Loam,Hill,None,6.528,24.453,85.657,58.681,165.643,3.28,1.792,1.338,22.95,23.08,13.672,6.117,8.513,Favorable
372,Clay,Plain,None,6.953,27.913,141.83,43.8,192.746,2.623,0.871,1.482,48.901,15.568,46.528,9.103,14.195,Favorable
373,Silt,Plain,Sprinkler,6.847,28.951,88.469,61.792,195.064,2.752,1.211,1.172,14.755,16.54,54.344,7.904,0.453,Favorable
374,Loam,Plain,None,6.625,20.174,129.479,37.564,184.135,3.613,0.42,1.359,28.017,16.376,8.206,4.918,16.531,Favorable
375,Loam,Mountain,Drip,6.95,25.959,121.253,52.503,199.849,2.706,0.743,1.287,34.421,17.429,36.915,6.863,16.202,Favorable
376,Sandy,Plain,Drip,6.14,16.1,90.548,55.374,94.541,,0.853,1.396,10.294,26.535,9.589,5.849,0.0,Unfavorable
377,Loam,Plain,None,6.217,23.127,79.101,67.902,201.9,2.723,1.36,1.271,24.425,13.099,15.64,7.184,7.039,Favorable
378,Loam,Mountain,None,7.529,14.44,110.567,35.552,109.671,1.512,1.418,1.335,13.688,23.931,12.664,9.536,12.544,Unfavorable
379,Silt,Mountain,None,6.564,18.01,73.126,63.814,146.519,3.985,1.002,1.261,23.506,18.75,13.97,7.355,14.536,Unfavorable
380,Clay,Plain,Sprinkler,6.606,31.736,119.921,54.835,178.584,3.37,1.447,1.34,50.761,23.959,3.316,8.873,4.215,Favorable
381,Loam,Plain,None,6.791,21.819,116.906,65.267,89.284,3.681,0.611,1.516,38.432,18.974,28.795,7.592,0.0,Favorable
382,Loam,Mountain,Drip,7.325,25.645,105.485,40.818,136.388,1.205,1.039,1.209,12.002,13.765,15.917,5.273,26.665,Unfavorable
383,Sandy,Plain,Sprinkler,5.494,19.49,77.456,43.259,111.826,1.684,0.69,1.439,6.668,14.335,25.749,8.137,1.556,Unfavorable
384,Silt,Plain,Sprinkler,5.851,29.069,159.086,20.911,116.183,2.779,1.212,1.359,19.771,28.141,4.036,4.333,0.0,Favorable
385,Sandy,Plain,None,6.602,22.247,84.751,50.129,115.813,3.233,0.74,1.386,12.245,13.688,21.499,6.911,7.307,Favorable
386,Silt,Mountain,Sprinkler,6.359,20.765,83.169,24.762,128.876,3.591,1.094,1.188,15.455,16.123,15.227,4.779,14.455,Favorable
387,Loam,Hill,None,6.87,15.271,103.76,49.375,192.748,4.403,1.381,1.369,27.438,16.868,49.258,7.264,7.835,Favorable
388,Sandy,Hill,None,6.032,13.561,68.826,5.982,114.923,1.699,0.834,1.535,1.0,21.091,21.018,5.486,6.017,Unfavorable
389,Loam,Plain,Drip,7.068,30.502,103.13,34.613,148.582,2.903,1.316,1.386,34.959,15.72,9.944,6.968,3.673,Favorable
390,Sandy,Plain,Sprinkler,6.68,12.295,101.223,48.493,84.771,3.399,1.007,1.475,15.619,16.98,16.298,8.335,6.514,Favorable
391,Silt,Mountain,Sprinkler,7.824,28.122,90.342,30.371,162.089,2.544,0.859,1.021,15.104,14.929,22.62,6.772,24.002,Unfavorable
392,Silt,Hill,None,6.558,,82.109,48.663,170.774,3.979,1.19,1.38,19.145,17.976,11.64,7.557,10.635,Favorable
393,Loam,Plain,Sprinkler,7.281,29.728,152.356,80.926,181.403,,1.365,1.351,35.707,14.78,4.659,7.203,2.424,Unfavorable
394,Loam,Plain,Drip,6.819,19.592,106.394,53.335,171.052,1.291,0.532,1.568,30.451,14.918,18.471,6.738,3.912,Favorable
395,Sandy,Plain,Drip,6.341,25.896,71.812,38.215,101.531,2.369,0.523,1.463,10.227,17.989,8.975,4.55,4.387,Favorable
396,Clay,Hill,Sprinkler,6.778,21.637,117.101,58.73,177.681,3.161,0.815,1.567,52.832,16.039,28.033,4.599,12.213,Favorable
397,Loam,Plain,None,6.739,25.263,130.639,34.401,149.292,2.77,1.453,1.307,28.216,15.867,13.456,9.685,6.932,Favorable
398,Sandy,Mountain,None,5.903,6.38,83.44,31.972,110.842,1.682,0.851,1.709,6.767,10.168,21.631,5.232,13.221,Unfavorable
399,Loam,Hill,Sprinkler,6.516,18.156,115.505,48.576,149.43,3.184,0.698,1.235,13.43,18.747,7.508,5.565,8.283,Favorable
400,Sandy,Plain,None,6.272,21.494,109.241,35.017,135.815,2.69,1.127,1.558,10.918,17.25,23.943,7.48,5.097,Favorable
401,Loam,Plain,Sprinkler,6.99,23.055,110.614,35.472,197.887,2.396,1.096,1.233,34.488,18.062,9.11,7.044,5.92,Favorable
402,Sandy,Plain,Sprinkler,5.788,19.228,84.015,22.479,122.886,2.563,1.129,1.698,8.114,21.65,22.782,5.237,5.323,Unfavorable
403,Silt,Plain,Sprinkler,6.842,17.597,103.074,57.788,122.906,2.219,0.667,1.216,30.521,16.533,2.54,8.52,10.0,Favorable
404,Loam,Hill,Drip,6.787,28.724,137.513,57.724,155.291,3.083,0.344,1.325,15.766,17.841,3.391,6.988,7.403,Favorable
405,Loam,Plain,Sprinkler,7.085,19.46,124.844,74.312,96.211,2.741,0.713,1.368,18.072,16.542,34.341,7.6,3.295,Favorable
406,Loam,Plain,Sprinkler,7.54,27.13,136.233,55.787,199.219,2.05,0.979,1.431,24.999,18.337,11.905,7.439,3.018,Favorable
407,Clay,Hill,Drip,7.29,21.551,119.194,43.763,163.143,1.563,1.102,1.352,38.002,15.913,38.504,8.526,14.669,Favorable
408,Silt,Mountain,None,6.541,18.572,110.91,24.592,111.869,2.937,1.244,1.348,14.462,2.0,6.199,5.809,6.103,Unfavorable
409,Loam,Mountain,None,6.573,25.906,95.226,40.269,161.154,2.436,1.361,1.339,25.351,18.21,13.108,8.398,21.805,Unfavorable
410,Sandy,Hill,None,7.424,30.347,65.146,27.377,105.236,3.048,0.965,1.515,9.46,17.395,8.387,8.396,0.408,Favorable
411,Sandy,Mountain,Sprinkler,6.437,23.103,98.468,42.193,111.092,2.151,1.318,1.675,5.421,11.562,12.0,5.146,20.104,Unfavorable
412,Clay,Mountain,None,6.942,21.94,81.127,23.642,133.623,4.306,1.587,1.486,46.084,13.198,14.774,6.032,20.904,Unfavorable
413,Loam,Plain,Drip,6.515,24.766,132.119,43.33,162.628,4.126,0.439,1.228,21.348,17.69,33.419,5.996,5.835,Favorable
414,Loam,Plain,Sprinkler,7.213,21.909,139.95,40.473,208.8,3.159,1.267,1.432,27.905,22.567,21.333,4.978,3.986,Favorable
415,Loam,Hill,Drip,6.878,,94.087,50.155,151.279,2.324,1.336,1.4,19.57,12.587,51.553,6.856,12.834,Favorable
416,Clay,Plain,None,6.611,11.66,126.43,45.235,160.524,4.518,1.3,1.284,51.531,11.578,30.523,8.701,2.621,Favorable
417,Loam,Plain,Sprinkler,6.04,28.634,109.436,45.41,148.047,2.585,0.589,1.219,20.707,20.293,14.413,6.868,13.176,Favorable
418,Loam,Hill,Sprinkler,6.239,23.67,118.365,58.19,189.93,3.083,1.438,1.369,29.029,13.036,71.579,5.789,12.188,Favorable
419,Loam,Hill,None,7.058,21.633,94.652,65.853,203.325,2.647,1.526,1.436,25.172,19.226,21.313,7.59,0.0,Favorable
420,Sandy,Mountain,Sprinkler,6.535,23.98,74.873,30.16,108.145,2.396,1.187,1.628,6.054,9.502,38.398,5.57,13.438,Favorable
421,Loam,Plain,None,7.277,29.185,123.551,75.076,118.801,4.252,1.037,1.414,32.332,17.624,41.444,4.415,1.184,Favorable
422,Silt,Plain,None,6.649,34.414,99.477,71.418,217.744,3.53,1.443,1.266,18.538,24.577,3.548,6.937,6.226,Unfavorable
423,Sandy,Hill,Sprinkler,7.331,27.347,58.089,47.532,108.873,3.8,0.874,1.384,15.965,26.694,13.606,8.271,4.591,Favorable
424,Loam,Plain,Sprinkler,6.726,20.512,93.517,43.882,124.399,,0.826,1.482,15.99,21.07,14.581,7.168,8.03,Favorable
425,Clay,Hill,None,7.782,20.059,61.803,25.142,128.865,2.343,1.343,1.251,49.866,19.248,25.245,7.701,13.492,Unfavorable
426,Silt,Plain,Sprinkler,6.429,19.216,133.132,49.666,199.372,2.12,0.387,1.262,11.123,13.755,24.417,7.953,0.0,Favorable
427,Loam,Mountain,None,6.801,20.551,122.325,46.833,209.908,2.35,0.385,1.343,20.736,6.747,19.517,7.785,12.033,Unfavorable
428,Clay,Hill,Sprinkler,7.017,23.001,129.113,64.809,200.814,3.077,1.276,1.45,60.672,25.029,13.018,4.911,2.307,Favorable
429,Loam,Mountain,Sprinkler,7.395,33.149,102.801,56.328,156.548,2.177,0.654,1.201,26.241,21.142,26.364,8.315,23.433,Unfavorable
430,Clay,Plain,None,6.552,30.174,136.146,32.208,215.394,3.423,1.337,1.366,52.726,13.922,38.628,5.231,0.0,Favorable
431,Silt,Plain,None,6.15,20.459,112.145,47.601,148.867,1.077,0.177,1.409,10.399,18.347,10.887,7.507,9.307,Unfavorable
432,Loam,Hill,Drip,7.16,23.998,103.144,37.831,171.57,2.408,0.895,1.419,17.71,13.207,17.517,4.048,12.578,Favorable
433,Clay,Hill,None,7.387,10.818,94.783,52.064,156.152,2.748,1.063,1.416,47.693,20.803,16.791,7.639,16.543,Unfavorable
434,Sandy,Mountain,None,6.973,26.207,66.49,40.491,124.709,3.136,0.366,1.498,4.877,14.708,9.245,8.936,16.155,Unfavorable
435,Loam,Hill,None,7.06,,97.635,65.038,139.749,3.611,1.533,1.154,25.089,21.199,8.298,7.963,13.784,Favorable
436,Loam,Hill,None,6.797,25.154,90.794,41.307,150.991,2.971,1.194,1.344,32.776,18.61,11.019,4.59,5.675,Favorable
437,Sandy,Plain,None,6.385,19.853,71.781,24.078,116.475,2.904,0.974,1.421,9.54,25.794,17.964,6.03,0.0,Unfavorable
438,Loam,Plain,Sprinkler,6.457,30.596,114.85,39.924,178.287,4.156,1.595,1.198,22.984,20.896,40.816,7.433,2.496,Favorable
439,Loam,Plain,None,7.298,42.06,122.084,56.77,193.424,3.171,0.948,1.375,32.809,29.349,21.059,6.311,3.617,Favorable
440,Loam,Plain,Drip,6.469,26.454,148.771,35.228,141.708,3.794,0.502,1.467,32.54,25.159,27.334,8.083,6.265,Favorable
441,Loam,Hill,Drip,7.071,18.584,109.147,69.325,123.599,,0.895,1.396,16.318,8.702,28.495,6.989,4.203,Favorable
442,Loam,Hill,None,7.024,19.263,129.684,69.229,86.436,3.098,1.332,1.368,33.89,20.448,6.412,7.714,9.128,Unfavorable
443,Clay,Plain,Sprinkler,6.91,17.083,108.309,38.803,195.961,1.384,1.172,1.343,46.021,22.123,14.721,6.173,5.147,Unfavorable
444,Silt,Plain,Sprinkler,7.368,19.124,102.325,51.701,116.965,2.847,0.555,1.384,21.643,17.185,47.254,8.909,0.0,Favorable
445,Clay,Plain,None,7.477,18.634,93.609,54.884,120.644,2.876,1.547,1.449,41.312,12.329,24.536,8.101,0.0,Favorable
446,Sandy,Plain,Sprinkler,7.276,29.768,103.9,30.477,124.889,,0.92,1.474,10.727,12.627,26.261,7.27,1.3,Favorable
447,Loam,Plain,Sprinkler,7.418,21.081,129.683,48.971,221.835,2.743,1.151,1.251,29.692,11.032,1.743,6.412,2.935,Favorable
448,Silt,Plain,Sprinkler,6.017,18.813,128.97,56.981,166.406,1.153,0.925,1.255,20.368,10.922,6.31,7.724,5.054,Unfavorable
449,Silt,Plain,None,7.11,38.604,100.521,53.956,171.809,2.191,0.592,1.458,19.504,17.286,39.774,7.491,1.17,Favorable
450,Clay,Plain,Drip,6.806,26.429,67.852,21.51,132.726,3.07,1.136,1.518,47.729,25.801,14.237,6.774,0.0,Favorable
451,Loam,Plain,None,6.768,14.833,101.366,76.613,146.895,1.081,1.692,1.283,18.89,23.275,8.177,7.003,1.396,Unfavorable
452,Loam,Mountain,Sprinkler,6.042,22.447,90.437,44.794,181.106,2.38,1.274,1.305,18.196,6.879,9.614,8.097,13.794,Unfavorable
453,Sandy,Hill,Sprinkler,7.342,14.367,106.299,44.091,142.942,3.29,1.348,1.595,5.233,16.743,26.302,6.137,2.5,Favorable
454,Loam,Plain,Sprinkler,7.408,26.362,121.017,63.793,182.2,,0.842,1.575,25.302,19.749,42.853,6.38,0.0,Favorable
455,Silt,Plain,Sprinkler,6.842,,118.639,47.74,208.829,4.311,0.782,1.27,21.385,20.929,36.308,6.423,0.0,Favorable
456,Clay,Mountain,None,6.776,18.455,153.915,50.523,111.55,1.919,1.598,1.417,50.567,10.043,11.083,9.05,18.526,Unfavorable
457,Sandy,Plain,Drip,6.142,26.223,74.894,47.799,83.985,3.129,0.959,1.624,11.244,19.079,47.858,5.395,5.501,Favorable
458,Loam,Plain,None,6.182,17.918,100.045,63.29,178.557,,0.843,1.214,26.024,9.156,12.105,7.716,0.0,Favorable
459,Sandy,Plain,Sprinkler,6.119,23.557,78.934,29.306,117.544,2.904,1.241,1.717,4.632,25.298,34.333,10.302,3.501,Favorable
460,Loam,Plain,Sprinkler,7.623,18.095,101.872,71.375,136.112,3.98,0.965,1.325,29.245,8.951,29.057,7.743,10.594,Favorable
461,Sandy,Plain,Sprinkler,6.855,30.938,115.981,32.77,129.296,2.822,1.136,1.508,1.892,25.398,15.458,6.531,4.023,Favorable
462,Clay,Hill,Sprinkler,7.464,16.53,94.343,42.651,193.758,3.302,0.944,1.371,47.361,10.507,9.493,6.622,18.999,Unfavorable
463,Loam,Mountain,Drip,6.846,32.663,106.813,51.787,148.658,3.676,1.048,1.301,31.192,20.976,21.498,5.679,16.988,Favorable
464,Clay,Hill,Sprinkler,7.356,24.179,100.295,32.223,143.523,2.743,0.998,1.312,47.734,9.461,18.215,4.557,9.278,Favorable
465,Sandy,Plain,Sprinkler,7.039,21.131,75.647,32.252,131.187,1.389,0.797,1.668,14.074,21.647,9.296,6.516,2.794,Unfavorable
466,Sandy,Plain,None,6.868,29.445,64.61,29.266,88.641,4.211,0.628,1.547,8.751,17.759,16.812,8.665,12.034,Favorable
467,Clay,Plain,None,7.148,22.834,90.038,49.548,136.289,3.47,0.684,1.566,45.085,22.569,26.641,7.697,12.432,Favorable
468,Silt,Hill,Sprinkler,6.487,29.537,76.848,35.885,173.282,1.16,0.581,1.379,20.795,10.907,28.804,8.939,12.182,Favorable
469,Sandy,Plain,Sprinkler,6.606,25.259,75.036,28.653,119.802,2.604,0.876,1.459,10.089,14.809,9.694,5.636,7.751,Unfavorable
470,Silt,Hill,Drip,7.074,33.336,83.873,50.741,113.594,3.369,1.428,1.409,20.612,17.384,13.681,8.466,17.842,Favorable
471,Silt,Mountain,Sprinkler,5.963,18.61,76.077,46.004,151.779,2.535,0.249,1.43,15.063,15.432,11.514,6.723,12.537,Unfavorable
472,Sandy,Plain,Sprinkler,7.475,15.074,121.393,51.072,96.851,2.085,0.945,1.563,3.197,13.781,4.121,9.323,2.824,Unfavorable
473,Clay,Plain,None,6.509,19.564,140.177,52.582,211.763,3.15,1.517,1.395,39.76,11.674,52.222,8.916,3.811,Favorable
474,Loam,Mountain,Drip,6.929,14.09,145.056,54.976,139.482,0.4,0.424,1.353,22.06,17.047,7.954,7.495,20.742,Unfavorable
475,Sandy,Hill,None,6.981,15.101,71.799,48.89,139.175,,0.473,1.752,2.527,17.462,35.464,4.221,0.0,Favorable
476,Sandy,Mountain,Drip,6.32,26.346,65.877,23.571,128.104,4.472,0.537,1.726,3.45,17.819,13.479,5.465,4.828,Unfavorable
477,Loam,Hill,Sprinkler,6.204,23.929,106.572,65.8,139.096,3.024,0.995,1.36,24.753,13.915,16.74,6.2,5.421,Favorable
478,Loam,Plain,Drip,7.073,,143.567,60.035,182.086,1.943,0.954,1.368,26.022,14.739,46.381,6.07,5.386,Favorable
479,Loam,Hill,Drip,5.975,21.955,122.941,63.964,96.229,2.816,0.823,1.528,26.635,7.743,9.599,3.684,3.723,Unfavorable
480,Clay,Plain,None,6.819,23.186,75.395,41.806,131.469,,1.277,1.51,45.039,24.415,25.804,4.869,2.944,Favorable
481,Loam,Plain,None,6.72,17.83,144.867,51.219,204.807,2.024,0.817,1.346,25.481,19.431,38.583,6.014,3.112,Favorable
482,Silt,Hill,None,6.59,6.162,102.391,43.083,136.62,2.859,0.951,1.4,10.77,13.372,14.482,7.085,11.382,Unfavorable
483,Clay,Mountain,Sprinkler,7.27,15.503,76.42,27.896,185.98,2.081,1.437,1.459,37.825,24.975,37.837,7.681,8.304,Unfavorable
484,Loam,Mountain,Drip,6.634,15.064,101.308,59.895,125.353,2.034,1.175,1.23,15.374,11.255,14.778,5.56,17.894,Unfavorable
485,Sandy,Plain,Drip,6.284,,66.86,35.284,107.669,1.959,1.329,1.534,11.393,21.533,7.803,6.557,0.0,Unfavorable
486,Silt,Plain,Drip,6.852,27.473,77.302,54.767,150.172,3.509,1.199,1.302,23.34,26.641,42.148,8.359,2.779,Favorable
487,Sandy,Plain,Drip,6.517,22.883,83.008,46.57,109.572,2.854,0.427,1.51,11.743,14.675,24.322,8.388,8.246,Favorable
488,Sandy,Plain,Sprinkler,5.907,20.558,132.983,31.626,143.071,3.096,1.045,1.51,6.368,17.375,9.773,8.103,4.757,Unfavorable
489,Sandy,Plain,None,5.884,28.888,104.117,20.1,167.984,3.044,1.267,1.593,8.813,21.575,23.418,6.706,3.984,Unfavorable
490,Loam,Mountain,Drip,6.708,25.987,121.166,50.232,133.128,,0.9,1.361,23.337,8.626,34.242,7.008,15.734,Favorable
491,Clay,Hill,Drip,7.211,24.764,109.684,48.124,185.394,1.137,1.716,1.42,45.197,18.924,31.044,6.903,15.924,Favorable
492,Loam,Plain,Sprinkler,7.156,,108.923,44.595,107.848,3.362,0.871,1.36,24.372,11.534,19.736,7.652,13.161,Favorable
493,Loam,Plain,Drip,6.143,22.253,114.764,58.548,151.935,4.262,1.006,1.419,20.346,20.819,69.874,9.136,2.681,Favorable
494,Sandy,Plain,Sprinkler,6.855,26.695,71.133,31.054,123.305,3.09,0.776,1.478,6.178,28.042,6.948,4.872,5.686,Favorable
495,Clay,Plain,Sprinkler,6.979,19.925,86.796,64.096,196.502,3.027,1.189,1.592,51.362,27.145,41.631,5.061,0.0,Favorable
496,Loam,Plain,Drip,6.729,16.971,108.594,45.675,159.756,3.498,0.446,1.373,32.526,8.941,8.328,4.73,10.891,Favorable
497,Loam,Plain,Sprinkler,6.634,25.667,116.706,46.934,169.615,2.99,1.251,1.49,26.769,15.588,3.328,8.43,5.292,Favorable
498,Loam,Plain,None,6.829,20.572,130.853,57.685,174.55,1.536,0.84,1.475,33.099,19.179,52.011,6.776,9.495,Favorable
499,Clay,Plain,None,7.174,23.047,117.775,73.5,165.038,3.377,1.288,1.464,42.192,18.518,8.865,5.16,0.542,Favorable
500,Sandy,Plain,Drip,6.286,38.455,67.753,36.907,140.943,0.508,0.437,1.594,8.657,18.668,17.847,5.224,8.335,Unfavorable
501,Loam,Hill,Drip,7.357,21.204,101.589,27.314,168.431,2.225,0.166,1.418,23.244,20.137,10.63,7.338,14.28,Favorable
502,Loam,Hill,None,6.374,26.988,157.003,72.81,154.853,2.442,1.682,1.425,24.813,24.485,37.186,7.786,13.495,Favorable
503,Sandy,Hill,Drip,6.317,11.815,111.189,42.982,143.723,3.09,0.896,1.342,10.051,22.451,21.102,7.678,0.138,Favorable
504,Loam,Plain,None,6.442,32.615,106.838,43.202,191.196,2.872,1.209,1.441,31.87,13.668,2.952,9.659,8.563,Unfavorable
505,Loam,Plain,None,6.226,14.396,126.281,64.709,182.591,3.746,1.346,1.253,18.447,15.848,60.612,6.839,0.0,Favorable
506,Loam,Plain,None,6.77,25.678,133.54,56.516,124.716,1.671,0.942,1.457,29.405,11.578,2.687,6.219,9.357,Favorable
507,Sandy,Hill,Sprinkler,6.097,20.913,75.617,30.767,104.641,3.711,0.557,1.73,10.272,19.327,14.913,5.828,9.258,Unfavorable
508,Silt,Hill,Drip,7.131,23.468,108.046,29.574,126.356,2.952,0.63,1.242,18.293,18.957,48.085,5.601,10.653,Favorable
509,Clay,Hill,None,6.73,19.644,135.423,54.376,225.766,3.645,1.484,1.439,52.947,11.471,13.985,6.729,19.482,Unfavorable
510,Sandy,Hill,Sprinkler,6.016,32.866,105.843,6.918,93.69,2.572,0.778,1.446,14.213,19.194,15.772,6.673,10.805,Unfavorable
511,Loam,Mountain,Sprinkler,6.894,21.614,122.866,40.052,150.984,2.853,0.656,1.377,35.33,31.768,25.214,10.571,12.593,Favorable
512,Sandy,Plain,None,6.028,21.613,119.585,15.547,101.526,1.231,1.208,1.644,6.908,19.208,8.844,8.547,0.0,Unfavorable
513,Sandy,Hill,Sprinkler,7.005,,87.535,23.675,51.223,,0.751,1.651,1.0,14.493,57.517,5.413,0.558,Unfavorable
514,Sandy,Hill,Sprinkler,6.349,29.729,92.5,28.602,155.552,3.177,0.556,1.564,18.931,21.135,31.119,7.404,16.915,Unfavorable
515,Clay,Mountain,Sprinkler,6.574,27.886,85.645,40.076,208.063,4.2,0.644,1.536,48.52,8.154,1.851,6.561,18.568,Unfavorable
516,Sandy,Plain,Sprinkler,6.642,27.872,135.845,36.813,63.344,2.76,0.434,1.577,4.844,16.147,11.869,9.516,10.551,Favorable
517,Loam,Plain,None,7.29,22.844,116.846,51.011,227.198,4.58,1.022,1.433,22.297,7.346,6.867,8.613,2.321,Favorable
518,Clay,Plain,None,7.192,22.456,108.914,45.324,196.738,1.967,1.685,1.491,47.642,19.957,65.766,8.192,1.794,Favorable
519,Sandy,Hill,Drip,6.332,31.197,83.166,32.408,147.46,2.875,1.174,1.536,12.231,9.473,16.217,7.458,8.952,Favorable
520,Silt,Plain,Drip,5.883,,77.628,21.232,179.82,2.455,0.694,1.196,9.247,13.33,6.581,8.358,2.63,Unfavorable
521,Loam,Plain,None,6.377,,137.568,75.638,163.101,3.157,1.141,1.4,14.59,17.699,15.506,5.13,1.325,Favorable
522,Loam,Plain,None,6.316,15.343,77.046,43.462,235.038,1.459,1.701,1.122,25.093,18.232,30.147,8.981,6.836,Favorable
523,Loam,Hill,Sprinkler,7.401,22.111,120.912,59.393,163.487,2.844,1.398,1.14,27.698,19.757,12.051,6.779,2.898,Favorable
524,Silt,Plain,Drip,7.171,28.569,83.189,62.413,142.154,4.173,1.205,1.277,20.971,15.625,18.942,6.415,2.139,Favorable
525,Loam,Plain,Drip,7.225,,106.945,49.236,207.818,3.271,1.587,1.353,28.839,18.984,9.094,6.165,0.0,Favorable
526,Clay,Hill,Sprinkler,7.219,25.462,106.53,63.308,187.023,2.37,1.695,1.611,51.478,14.705,14.413,7.556,17.582,Unfavorable
527,Clay,Plain,None,6.899,14.574,115.605,45.232,173.319,3.096,1.508,1.473,42.688,3.915,19.541,7.617,6.642,Favorable
528,Sandy,Mountain,None,6.375,,92.626,50.598,116.624,3.635,0.773,1.659,11.462,16.356,12.977,5.977,18.882,Unfavorable
529,Loam,Plain,Sprinkler,7.069,23.983,108.78,33.158,144.68,3.067,0.875,1.475,22.9,27.849,38.487,8.932,2.174,Favorable
530,Clay,Hill,None,7.218,36.053,107.484,45.714,175.697,2.783,0.955,1.538,44.043,11.143,9.503,7.72,10.225,Favorable
531,Silt,Plain,Drip,6.345,28.859,116.114,22.382,111.909,3.58,0.951,1.437,19.324,15.006,19.585,7.689,9.906,Favorable
532,Loam,Plain,Sprinkler,6.701,25.368,102.646,55.531,199.645,5.089,1.138,1.276,17.441,16.588,0.241,4.453,0.0,Favorable
533,Clay,Mountain,None,7.114,22.377,104.271,43.176,148.973,2.3,0.973,1.325,51.896,14.232,19.787,5.151,8.519,Favorable
534,Sandy,Plain,Sprinkler,6.395,34.719,89.234,49.747,86.613,3.784,1.02,1.641,8.38,23.245,10.608,6.726,5.224,Favorable
535,Silt,Plain,None,6.57,21.615,129.447,38.674,177.028,2.475,0.822,1.179,9.937,18.673,45.232,9.149,11.236,Favorable
536,Silt,Plain,None,6.361,22.607,136.42,43.409,159.694,2.66,1.159,1.404,19.283,14.377,29.444,10.038,9.209,Favorable
537,Clay,Plain,None,7.601,28.606,135.446,62.285,170.961,2.401,0.876,1.572,51.953,26.703,11.182,4.769,3.447,Unfavorable
538,Clay,Mountain,None,6.595,17.324,134.205,33.415,188.327,3.205,1.452,1.297,49.374,20.625,14.008,7.061,13.759,Unfavorable
539,Sandy,Hill,Sprinkler,6.49,29.303,68.535,24.328,136.367,3.624,1.018,1.662,16.519,21.509,28.141,5.632,10.408,Favorable
540,Loam,Hill,None,6.644,25.059,79.011,49.886,157.387,3.069,1.063,1.527,28.701,24.169,31.377,7.432,9.108,Favorable
541,Silt,Plain,None,6.355,21.838,102.133,67.195,160.116,3.688,0.777,1.329,22.508,20.81,10.076,6.757,8.334,Favorable
542,Clay,Plain,None,6.529,7.947,115.092,74.098,224.349,3.38,1.181,1.381,45.284,27.598,15.011,7.685,9.948,Unfavorable
543,Clay,Plain,Sprinkler,7.437,28.287,132.985,34.471,173.917,2.305,1.107,1.699,49.157,19.988,41.54,7.689,0.0,Favorable
544,Clay,Plain,Sprinkler,6.995,31.166,107.082,28.136,168.165,3.893,1.605,1.403,50.983,21.528,40.991,6.952,2.687,Favorable
545,Loam,Plain,Sprinkler,7.281,26.633,104.765,63.628,142.413,1.428,1.195,1.4,25.724,14.66,13.481,7.952,1.646,Favorable
546,Loam,Hill,Sprinkler,6.375,20.19,109.68,51.951,130.653,2.783,1.167,1.284,26.596,17.797,25.716,8.876,10.221,Favorable
547,Loam,Hill,None,6.681,11.236,142.625,62.578,183.329,3.438,1.204,1.494,31.141,29.574,19.561,4.303,7.761,Favorable
548,Loam,Hill,None,7.027,11.65,81.111,40.115,144.879,3.554,0.365,1.247,37.944,18.697,42.485,7.87,12.757,Favorable
549,Sandy,Plain,None,6.899,14.797,117.232,61.102,87.736,2.767,0.917,1.437,17.144,22.256,28.34,5.397,2.563,Favorable
550,Clay,Hill,None,7.304,9.932,107.595,62.738,180.839,,1.387,1.43,49.918,27.616,52.447,6.269,10.289,Unfavorable
551,Sandy,Hill,Sprinkler,6.513,19.637,90.305,38.661,109.67,2.386,0.23,1.593,2.821,16.117,59.876,8.17,9.119,Favorable
552,Clay,Plain,None,6.083,23.332,116.575,52.057,198.261,3.996,1.253,1.464,59.696,16.993,67.179,6.29,0.0,Favorable
553,Sandy,Plain,Sprinkler,6.609,24.335,107.74,37.666,112.485,2.517,0.828,1.679,1.268,14.778,8.798,5.487,1.566,Favorable
554,Sandy,Plain,None,6.678,31.643,74.066,51.753,100.376,2.908,1.173,1.557,5.568,22.493,4.057,7.664,0.0,Favorable
555,Clay,Plain,Drip,6.782,24.189,138.843,31.815,175.247,1.776,1.012,1.319,49.347,18.387,47.303,8.654,7.125,Favorable
556,Loam,Hill,None,6.925,20.747,99.978,35.751,134.618,1.846,0.473,1.46,24.801,14.321,34.581,9.695,2.202,Favorable
557,Sandy,Hill,None,6.955,12.349,66.011,30.007,96.771,2.806,0.425,1.632,5.611,15.697,4.536,6.295,8.975,Unfavorable
558,Loam,Plain,Sprinkler,7.006,31.273,123.778,55.277,156.122,2.648,1.014,1.286,26.955,16.199,36.568,6.983,3.951,Favorable
559,Sandy,Hill,Sprinkler,6.622,15.204,101.091,30.98,114.022,3.325,0.76,1.544,4.034,18.653,3.04,6.977,10.315,Unfavorable
560,Loam,Hill,Sprinkler,6.559,20.854,107.875,45.622,126.021,3.765,0.933,1.392,33.932,22.8,33.817,7.518,10.752,Favorable
561,Loam,Plain,Drip,7.167,22.184,111.033,44.06,145.679,2.879,0.616,1.245,18.737,21.639,6.985,7.839,17.082,Unfavorable
562,Loam,Hill,None,6.685,20.128,95.61,50.215,237.153,0.4,1.097,1.34,14.989,8.291,28.775,8.896,7.423,Favorable
563,Sandy,Plain,Sprinkler,6.042,,82.355,58.173,106.399,1.42,0.541,1.678,3.891,23.145,7.778,9.668,2.071,Unfavorable
564,Silt,Mountain,Drip,6.065,18.814,110.632,42.725,133.083,1.361,0.948,1.238,10.896,6.316,22.69,6.804,17.444,Unfavorable
565,Loam,Plain,None,6.844,19.762,133.891,54.293,160.477,3.895,1.158,1.328,19.752,19.486,1.843,6.753,0.219,Favorable
566,Silt,Hill,Drip,6.183,23.873,80.601,19.235,154.465,2.729,0.608,1.345,21.836,17.954,34.615,7.596,8.877,Favorable
567,Sandy,Hill,Drip,6.255,26.954,104.468,27.568,119.463,4.199,0.91,1.487,1.977,18.216,5.253,7.802,5.173,Favorable
568,Sandy,Hill,None,6.704,25.063,70.067,34.18,126.449,2.792,1.43,1.72,10.098,19.091,12.08,8.489,10.199,Favorable
569,Sandy,Plain,None,7.4,28.462,83.365,29.974,119.819,3.063,1.158,1.493,7.039,19.822,52.04,8.972,2.864,Favorable
570,Loam,Mountain,None,6.434,18.846,129.74,60.978,146.086,3.219,0.927,1.275,14.732,23.866,10.209,6.415,13.881,Unfavorable
571,Sandy,Plain,Sprinkler,6.751,21.874,87.235,35.294,133.525,2.472,0.487,1.704,4.469,17.471,72.489,6.578,0.0,Favorable
572,Loam,Hill,Sprinkler,6.497,21.735,115.982,45.529,170.781,2.91,0.841,1.352,30.362,19.539,30.358,4.728,7.451,Favorable
573,Loam,Plain,None,6.966,16.481,112.076,51.325,178.892,3.404,1.448,1.352,21.385,25.342,23.799,6.56,3.145,Favorable
574,Loam,Plain,None,6.904,7.837,113.354,32.756,195.489,2.577,1.099,1.338,16.006,16.863,26.248,6.494,7.079,Unfavorable
575,Loam,Hill,Drip,6.713,27.392,96.193,56.715,134.965,3.002,0.806,1.337,22.767,16.157,16.01,8.051,10.43,Favorable
576,Clay,Plain,Sprinkler,6.962,27.316,107.74,46.36,184.11,3.597,1.238,1.471,61.013,24.804,33.8,6.115,0.0,Favorable
577,Sandy,Plain,None,6.715,29.601,96.29,48.143,120.666,,0.699,1.527,6.923,16.782,12.99,7.104,1.94,Favorable
578,Silt,Hill,Sprinkler,6.981,18.965,102.708,46.217,122.645,2.813,1.44,1.251,7.604,21.785,8.508,6.773,9.624,Favorable
579,Clay,Plain,Drip,7.005,23.349,126.316,49.132,178.723,3.035,1.179,1.415,53.594,25.989,27.152,6.463,2.052,Favorable
580,Silt,Hill,Sprinkler,6.079,25.167,127.844,50.741,165.348,2.508,0.647,1.451,18.429,15.175,7.067,6.358,11.302,Favorable
581,Loam,Plain,Sprinkler,7.131,31.65,133.934,36.204,133.909,4.378,0.886,1.096,27.241,20.704,2.479,8.968,5.957,Favorable
582,Sandy,Plain,None,6.03,17.816,82.729,30.867,101.718,2.709,0.707,1.526,21.693,10.426,28.937,6.877,3.966,Favorable
583,Sandy,Plain,None,6.505,23.466,78.031,29.771,123.556,2.976,1.065,1.518,2.13,15.706,24.171,7.743,0.994,Favorable
584,Sandy,Plain,Sprinkler,6.235,20.987,96.924,24.887,73.995,2.526,0.73,1.489,1.0,26.043,11.708,6.074,3.448,Unfavorable
585,Loam,Plain,None,6.704,20.316,124.289,51.135,185.882,3.529,1.026,1.395,20.353,17.337,24.314,5.59,6.617,Favorable
586,Sandy,Plain,Sprinkler,6.702,16.016,106.922,13.652,105.409,2.512,0.327,1.639,1.0,13.849,17.592,8.358,4.558,Unfavorable
587,Silt,Mountain,None,6.983,19.132,49.188,13.425,160.164,2.314,0.936,1.308,27.399,22.641,21.161,7.702,15.141,Unfavorable
588,Sandy,Mountain,Sprinkler,6.975,22.715,94.182,18.465,92.828,3.03,0.957,1.57,1.0,12.316,5.015,4.487,18.148,Unfavorable
589,Sandy,Plain,None,6.13,35.834,88.02,29.068,122.898,3.608,0.1,1.666,6.338,19.633,18.58,7.777,12.676,Unfavorable
590,Loam,Plain,Sprinkler,6.328,27.64,125.833,52.075,140.441,2.732,0.822,1.376,27.877,21.373,14.017,8.974,3.502,Favorable
591,Loam,Plain,Sprinkler,6.678,32.495,85.596,82.618,161.934,2.834,1.021,1.425,19.344,21.607,15.225,8.37,12.018,Favorable
592,Sandy,Mountain,None,6.463,19.267,76.719,21.585,100.316,3.704,1.013,1.487,8.202,8.086,29.246,6.687,13.03,Unfavorable
593,Sandy,Mountain,None,5.994,6.183,87.671,20.859,105.804,1.53,1.378,1.404,1.0,22.665,17.949,7.259,11.2,Unfavorable
594,Sandy,Plain,None,6.649,19.989,74.48,33.988,96.347,3.388,0.736,1.584,1.0,12.083,0.616,5.527,0.0,Favorable
595,Loam,Mountain,None,6.701,,118.668,62.798,138.418,1.2,0.949,1.288,26.901,18.022,27.872,6.156,16.34,Unfavorable
596,Clay,Plain,None,7.347,,112.187,41.411,180.198,3.003,1.379,1.449,42.37,23.856,27.112,4.986,0.0,Favorable
597,Loam,Plain,None,6.747,34.592,85.905,49.697,121.235,5.374,0.821,1.391,19.972,22.825,35.986,9.772,0.309,Favorable
598,Clay,Plain,Drip,7.269,22.796,108.908,53.046,201.326,2.131,1.676,1.325,55.438,16.611,15.176,8.541,3.48,Favorable
599,Clay,Plain,None,7.01,24.428,122.505,54.42,143.99,,1.192,1.374,37.126,17.047,17.682,6.369,10.34,Favorable
600,Sandy,Plain,None,6.183,18.841,73.621,60.281,130.511,1.83,0.444,1.538,4.224,24.476,5.766,5.768,6.119,Unfavorable
601,Clay,Plain,None,7.0,22.253,95.908,15.3,173.057,3.251,0.385,1.331,59.82,18.299,13.456,6.377,7.323,Favorable
602,Silt,Plain,None,6.716,28.897,125.984,42.776,161.119,4.435,0.833,1.361,23.596,3.897,48.291,5.31,8.025,Favorable
603,Loam,Plain,Sprinkler,6.649,25.798,143.583,53.931,126.244,4.472,1.021,1.257,24.553,16.438,17.388,8.976,9.583,Favorable
604,Sandy,Plain,Drip,5.801,23.966,74.539,17.775,128.276,,1.039,1.199,12.336,24.281,12.223,8.971,4.371,Unfavorable
605,Silt,Hill,None,7.266,19.72,100.495,61.144,135.328,3.409,1.15,1.206,21.629,13.397,2.024,8.72,13.503,Favorable
606,Loam,Plain,None,6.392,11.863,130.993,43.93,146.971,3.569,1.224,1.279,20.317,12.05,50.559,5.845,4.859,Favorable
607,Loam,Plain,Drip,6.794,25.956,120.243,29.313,210.602,3.338,0.743,1.369,23.865,22.285,61.799,5.861,7.81,Favorable
608,Sandy,Plain,Sprinkler,6.491,41.227,86.189,28.153,86.375,4.048,0.1,1.383,2.003,15.101,18.201,6.067,4.255,Favorable
609,Sandy,Hill,Drip,6.888,25.169,84.474,39.657,98.652,5.208,1.503,1.357,12.202,9.225,24.668,9.571,6.853,Favorable
610,Sandy,Plain,Sprinkler,6.469,25.692,98.502,38.917,62.198,1.408,1.1,1.62,9.515,24.696,14.769,5.496,8.853,Unfavorable
611,Sandy,Mountain,None,6.573,31.347,79.509,25.231,90.666,3.7,0.175,1.825,13.58,8.143,26.042,5.88,12.286,Unfavorable
612,Clay,Plain,Sprinkler,6.379,18.14,119.655,65.003,149.14,3.877,1.434,1.246,51.032,17.97,21.823,5.517,7.646,Favorable
613,Sandy,Hill,Drip,6.708,39.688,119.285,23.42,116.176,3.629,0.848,1.365,11.827,10.532,33.286,5.181,10.411,Favorable
614,Loam,Hill,Drip,6.304,22.051,133.573,36.063,182.045,1.302,1.111,1.409,32.949,17.815,5.658,7.559,13.353,Favorable
615,Loam,Plain,Drip,6.33,19.623,150.453,52.344,144.542,1.722,0.82,1.484,22.102,15.769,25.01,4.91,12.705,Favorable
616,Clay,Plain,None,7.475,,149.968,53.273,164.391,4.131,1.189,1.441,36.801,10.645,15.564,4.759,8.957,Favorable
617,Loam,Plain,Sprinkler,7.405,32.306,103.719,63.636,160.108,3.333,1.111,1.405,28.202,25.033,37.052,7.074,1.266,Favorable
618,Clay,Hill,Sprinkler,7.175,14.242,99.465,64.14,194.792,3.829,2.039,1.421,46.235,16.478,2.053,7.231,8.793,Unfavorable
619,Sandy,Plain,Sprinkler,6.355,21.737,62.424,47.752,84.857,3.588,0.423,1.54,10.11,24.243,10.389,5.651,6.153,Favorable
620,Clay,Plain,Sprinkler,6.934,23.42,94.172,56.696,165.549,3.408,1.402,1.459,53.948,19.704,38.105,10.226,3.827,Favorable
621,Loam,Hill,Sprinkler,7.151,21.676,106.197,42.297,126.269,3.551,0.885,1.452,21.772,19.887,28.687,6.87,9.594,Favorable
622,Sandy,Hill,None,5.983,26.304,99.848,33.533,108.539,0.4,0.893,1.551,5.334,17.729,12.812,6.607,3.281,Unfavorable
623,Loam,Mountain,None,6.944,17.217,79.527,70.738,167.363,1.915,1.332,1.128,17.225,5.57,59.275,6.739,13.971,Favorable
624,Loam,Plain,Sprinkler,7.356,23.273,118.79,57.22,194.752,2.43,1.186,1.294,29.148,12.828,9.562,7.32,2.742,Favorable
625,Sandy,Hill,None,6.831,12.559,98.257,32.02,107.235,2.73,0.499,1.526,21.12,15.541,19.615,8.239,8.714,Favorable
626,Sandy,Plain,None,5.628,25.893,63.949,58.193,128.816,4.146,0.563,1.595,22.151,20.119,23.395,8.68,0.0,Unfavorable
627,Clay,Hill,Drip,6.489,31.55,84.195,57.335,106.651,3.455,1.205,1.319,46.749,16.941,13.436,6.265,9.929,Favorable
628,Sandy,Mountain,Drip,6.174,23.775,58.287,26.107,104.199,2.522,0.683,1.683,8.079,24.854,46.675,6.59,24.032,Unfavorable
629,Sandy,Plain,None,6.687,27.448,77.306,19.007,139.201,1.918,0.781,1.856,16.542,26.167,14.352,7.778,12.638,Unfavorable
630,Sandy,Plain,Sprinkler,5.99,24.092,89.143,37.15,167.574,3.015,0.371,1.345,4.672,17.845,18.23,7.377,9.558,Unfavorable
631,Silt,Plain,Drip,6.829,26.913,95.54,30.571,185.906,3.184,0.857,1.316,13.375,13.185,59.558,9.912,7.324,Favorable
632,Silt,Plain,None,6.541,21.281,123.811,47.444,120.224,3.76,0.368,1.327,17.641,10.884,23.198,8.755,9.432,Favorable
633,Loam,Hill,Sprinkler,6.826,29.824,112.718,46.239,148.379,4.593,0.941,1.364,22.822,19.684,13.891,7.595,10.922,Favorable
634,Loam,Plain,None,6.301,22.901,89.291,25.855,136.496,0.946,1.039,1.496,26.047,22.694,30.95,8.712,4.448,Favorable
635,Sandy,Plain,Drip,5.999,30.216,101.831,19.893,84.009,,0.922,1.445,1.0,14.915,60.704,7.97,0.0,Favorable
636,Sandy,Plain,None,6.486,16.906,136.412,47.666,110.598,4.519,0.773,1.396,23.968,16.333,25.81,7.654,8.003,Favorable
637,Silt,Plain,Drip,6.751,37.558,83.89,26.833,136.426,3.471,0.687,1.214,11.545,22.963,25.601,7.773,3.435,Favorable
638,Loam,Hill,Sprinkler,6.03,,115.572,46.649,173.941,2.911,0.965,1.314,26.434,23.682,29.654,6.845,0.0,Favorable
639,Clay,Plain,Sprinkler,7.235,28.398,111.868,66.08,163.49,4.027,1.322,1.462,40.71,14.099,7.994,9.033,4.871,Favorable
640,Loam,Plain,Sprinkler,7.746,17.698,130.468,45.712,139.817,1.819,1.426,1.439,20.781,18.107,2.615,6.616,4.428,Unfavorable
641,Clay,Plain,Sprinkler,6.997,,86.939,41.571,194.003,,1.426,1.38,52.942,17.166,17.373,8.199,8.953,Favorable
642,Clay,Plain,Sprinkler,7.392,23.471,102.591,56.484,180.969,2.105,1.28,1.353,43.149,9.946,17.681,9.066,0.607,Unfavorable
643,Loam,Plain,Sprinkler,6.951,31.168,101.489,50.193,206.66,3.229,1.648,1.282,30.409,13.968,8.973,7.541,4.651,Favorable
644,Clay,Hill,Drip,7.273,21.423,90.877,54.465,191.713,3.607,0.949,1.501,52.829,21.381,14.616,6.973,16.901,Favorable
645,Silt,Plain,Drip,6.688,29.506,122.423,45.457,145.39,1.475,0.923,1.161,15.497,30.019,4.231,5.428,5.72,Favorable
646,Loam,Plain,None,7.566,24.873,113.026,42.136,178.138,3.012,0.862,1.303,14.38,21.722,34.796,7.3,13.794,Favorable
647,Loam,Plain,None,7.414,24.348,108.318,59.138,183.669,3.07,1.056,1.393,22.746,26.07,23.862,7.962,11.145,Favorable
648,Clay,Plain,Drip,7.249,27.53,93.961,63.44,201.393,1.577,1.208,1.271,51.041,27.96,12.592,7.148,5.143,Favorable
649,Clay,Plain,Sprinkler,6.992,24.082,122.875,57.439,134.003,4.162,1.636,1.475,51.821,13.865,14.181,9.897,0.629,Favorable
650,Loam,Plain,None,6.607,17.196,126.392,39.441,149.296,1.454,1.702,1.312,27.189,10.923,27.322,5.919,15.051,Favorable
651,Sandy,Plain,Sprinkler,7.166,28.533,89.638,16.627,153.621,3.303,0.763,1.53,8.605,22.683,20.604,7.825,0.0,Favorable
652,Silt,Hill,Sprinkler,6.533,23.551,105.115,50.324,87.051,,0.655,1.468,11.293,20.513,12.331,5.998,4.438,Favorable
653,Sandy,Plain,None,6.285,17.63,107.631,26.718,101.022,1.014,0.92,1.476,15.477,12.312,10.375,7.586,2.028,Unfavorable
654,Loam,Plain,None,6.748,30.005,99.132,60.423,177.313,2.329,1.011,1.381,16.127,20.532,30.49,6.955,5.993,Favorable
655,Loam,Hill,None,6.648,17.817,137.424,27.506,137.355,1.926,0.745,1.235,19.146,12.583,23.466,8.956,12.738,Favorable
656,Clay,Hill,Drip,6.953,29.836,111.131,36.934,166.277,2.73,1.342,1.451,42.073,11.909,21.051,5.172,11.827,Favorable
657,Silt,Hill,None,6.726,11.426,146.399,47.715,126.693,1.959,1.408,1.364,19.574,14.508,9.916,4.734,2.491,Unfavorable
658,Loam,Plain,None,7.176,34.939,136.533,71.717,170.375,1.671,0.597,1.279,21.898,18.695,24.967,9.386,8.184,Favorable
659,Silt,Hill,None,6.601,17.545,109.716,59.816,148.918,3.037,0.822,1.355,8.616,16.987,19.317,7.702,10.155,Favorable
660,Clay,Hill,None,7.237,13.353,115.687,46.628,174.803,2.56,1.439,1.295,53.475,22.309,11.181,5.694,4.883,Favorable
661,Clay,Plain,None,6.481,20.123,95.851,49.876,171.305,4.519,0.869,1.451,48.644,16.142,19.393,5.5,0.0,Favorable
662,Clay,Mountain,None,7.673,8.153,111.466,52.741,188.985,2.17,0.607,1.365,46.984,12.073,28.843,8.191,13.625,Unfavorable
663,Loam,Mountain,None,6.632,23.831,96.533,67.375,149.481,3.148,0.732,1.307,22.461,13.135,10.299,7.718,12.199,Favorable
664,Sandy,Mountain,None,5.975,12.256,86.614,13.42,140.208,2.388,0.53,1.389,9.932,19.284,17.97,7.077,14.75,Unfavorable
665,Sandy,Plain,Sprinkler,6.472,20.409,62.821,36.416,102.169,3.31,1.177,1.448,1.0,27.671,13.872,9.21,1.856,Favorable
666,Sandy,Mountain,None,6.339,26.581,88.654,30.158,89.589,1.699,1.217,1.494,4.938,17.657,11.212,7.169,11.572,Unfavorable
667,Silt,Hill,None,6.142,17.278,67.462,37.339,105.783,2.601,1.254,1.279,14.697,20.886,13.605,6.484,5.078,Favorable
668,Sandy,Hill,None,6.084,8.92,105.556,26.896,117.632,1.433,0.465,1.579,8.032,25.653,3.271,5.343,6.367,Unfavorable
669,Loam,Hill,None,7.12,19.627,156.649,57.976,179.29,3.53,1.128,1.322,36.564,17.749,25.106,7.229,10.883,Favorable
670,Loam,Plain,None,7.196,,107.137,64.444,171.959,4.223,0.876,1.51,22.724,12.683,4.662,6.054,8.88,Favorable
671,Loam,Plain,None,6.378,,123.712,36.657,152.182,1.991,0.861,1.499,29.982,18.885,48.548,6.149,2.296,Favorable
672,Silt,Plain,Drip,7.236,34.774,143.16,46.725,180.467,2.244,1.031,1.354,12.463,21.591,9.401,9.206,0.0,Favorable
673,Loam,Plain,None,6.978,21.117,111.799,71.235,161.289,2.516,0.716,1.553,15.827,13.701,15.544,6.846,6.543,Favorable
674,Clay,Plain,None,6.964,20.405,121.408,44.443,147.953,2.512,1.006,1.538,40.495,22.26,13.944,7.239,7.096,Favorable
675,Loam,Mountain,Sprinkler,6.158,39.21,74.889,36.573,154.213,2.497,0.462,1.234,27.9,9.48,27.811,8.153,12.286,Unfavorable
676,Loam,Hill,Drip,6.974,37.442,120.498,62.006,133.338,3.813,1.082,1.387,24.743,22.017,8.068,8.956,5.198,Favorable
677,Silt,Plain,None,7.349,18.311,140.32,46.98,127.022,3.653,0.63,1.28,11.092,25.87,32.7,7.257,5.146,Favorable
678,Loam,Plain,Sprinkler,7.133,25.373,139.894,56.408,136.144,3.416,0.759,1.439,32.689,18.91,32.095,6.976,10.107,Favorable
679,Loam,Hill,None,6.512,19.92,131.797,45.198,126.241,3.023,1.225,1.483,37.441,18.464,18.73,8.079,13.031,Favorable
680,Clay,Mountain,None,7.089,,83.881,51.869,144.159,3.112,0.65,1.379,39.0,17.715,14.082,8.598,20.504,Unfavorable
681,Loam,Plain,None,6.461,20.634,119.748,58.683,162.303,3.857,1.336,1.455,21.214,16.557,3.648,5.517,0.0,Favorable
682,Sandy,Mountain,Sprinkler,6.63,34.222,97.941,24.753,98.321,2.334,0.368,1.532,3.665,22.24,10.506,6.848,13.425,Unfavorable
683,Clay,Hill,None,6.755,17.873,117.307,52.64,128.821,2.898,1.73,1.325,54.611,14.22,19.972,5.9,2.473,Favorable
684,Loam,Mountain,None,6.5,15.887,112.857,55.404,108.551,3.232,1.497,1.324,12.11,15.478,14.216,5.491,21.292,Unfavorable
685,Loam,Hill,Sprinkler,7.08,18.997,78.311,62.119,224.097,4.053,1.285,1.378,17.557,17.384,8.626,8.959,13.642,Favorable
686,Sandy,Plain,Drip,6.358,22.567,78.133,40.576,99.902,4.784,0.1,1.606,6.931,17.369,31.669,7.202,1.205,Favorable
687,Loam,Plain,None,7.011,20.663,154.132,65.951,180.662,3.24,0.526,1.304,23.476,13.478,9.444,7.57,13.479,Favorable
688,Sandy,Plain,Drip,6.151,18.902,105.351,36.782,106.576,3.962,0.45,1.526,8.126,16.831,10.701,6.892,0.0,Favorable
689,Loam,Plain,None,7.151,14.66,102.681,58.077,168.654,3.839,1.021,1.424,32.989,22.47,10.031,8.883,4.074,Favorable
690,Sandy,Plain,None,6.7,17.576,124.443,13.242,176.267,2.87,0.261,1.501,1.0,17.637,4.8,6.846,0.0,Unfavorable
691,Silt,Mountain,None,6.349,21.079,97.775,45.667,160.305,0.433,1.126,1.29,20.163,21.861,8.69,5.82,20.993,Unfavorable
692,Loam,Mountain,None,7.322,21.284,95.673,50.229,134.146,2.046,0.836,1.515,19.18,15.544,27.704,5.972,15.258,Unfavorable
693,Loam,Mountain,Sprinkler,6.572,27.866,95.977,38.987,90.303,3.488,0.871,1.241,35.712,17.115,33.395,6.999,11.382,Favorable
694,Loam,Hill,Sprinkler,7.41,,125.702,66.594,194.411,4.537,0.62,1.425,22.027,22.541,21.894,6.912,9.285,Favorable
695,Loam,Plain,Sprinkler,6.775,,133.575,58.525,136.046,4.102,1.324,1.352,24.664,14.682,6.687,6.394,9.703,Favorable
696,Sandy,Mountain,None,6.685,21.434,84.734,15.956,99.348,2.694,0.586,1.414,18.97,5.7,12.509,7.776,17.559,Unfavorable
697,Loam,Plain,Sprinkler,6.469,29.847,102.259,83.45,181.619,2.398,0.781,1.454,23.431,12.023,70.503,5.99,7.633,Favorable
698,Loam,Hill,None,7.231,22.909,90.925,54.398,175.836,4.388,1.032,1.184,27.995,14.03,54.616,8.238,14.317,Favorable
699,Sandy,Mountain,None,6.26,25.879,87.916,27.554,138.397,2.26,0.883,1.622,4.138,17.912,31.672,7.008,18.649,Unfavorable
700,Clay,Plain,None,7.4,18.196,98.036,78.153,176.956,1.307,1.537,1.382,50.203,17.218,19.385,5.655,1.747,Favorable
701,Sandy,Plain,Drip,6.448,22.496,72.318,26.202,129.416,2.091,0.787,1.498,5.514,19.424,28.21,8.187,0.028,Favorable
702,Loam,Hill,Sprinkler,6.779,,69.528,35.434,171.866,0.4,1.216,1.328,23.21,15.421,25.229,6.02,11.454,Favorable
703,Silt,Hill,Sprinkler,7.034,28.259,91.95,45.48,149.349,2.749,1.421,1.206,17.202,17.171,16.766,7.483,3.657,Favorable
704,Sandy,Hill,None,7.141,9.15,97.738,20.816,84.367,1.612,0.824,1.465,8.861,12.302,21.586,6.393,0.0,Unfavorable
705,Clay,Plain,Drip,6.924,34.398,95.256,53.676,183.353,3.37,0.772,1.395,45.545,25.373,22.977,7.389,10.326,Favorable
706,Sandy,Plain,None,6.666,32.923,63.024,42.191,107.123,2.774,0.66,1.703,9.086,27.65,17.734,6.295,0.0,Unfavorable
707,Loam,Hill,None,6.485,21.733,102.38,57.955,166.045,2.862,0.735,1.229,26.174,29.511,15.855,5.151,20.061,Unfavorable
708,Loam,Plain,Sprinkler,6.771,36.799,129.597,64.368,156.839,5.125,0.801,1.351,28.673,19.325,28.635,4.504,1.956,Favorable
709,Loam,Plain,None,6.425,22.076,129.342,73.48,173.398,2.832,1.086,1.35,15.539,19.146,20.553,9.912,7.12,Favorable
710,Loam,Hill,Sprinkler,6.316,32.0,112.793,67.047,162.295,3.164,0.45,1.257,19.879,21.55,35.347,7.338,15.254,Favorable
711,Silt,Plain,Drip,6.378,,167.952,46.802,155.757,4.303,1.189,1.324,20.721,14.708,6.519,6.669,0.0,Favorable
712,Sandy,Hill,None,6.527,,73.217,28.543,116.518,2.476,1.348,1.694,5.197,27.909,24.664,5.861,7.937,Favorable
713,Clay,Plain,Sprinkler,6.497,23.122,117.304,30.019,204.593,3.083,1.171,1.565,49.071,10.163,31.715,6.516,7.245,Favorable
714,Loam,Plain,Drip,6.999,30.155,128.12,43.452,176.494,4.329,0.551,1.23,26.915,18.435,38.886,7.363,13.654,Favorable
715,Loam,Plain,None,6.51,,91.938,72.918,151.902,2.43,1.324,1.439,22.037,20.199,29.287,8.432,1.817,Favorable
716,Loam,Plain,Sprinkler,5.992,19.754,113.526,66.303,149.518,1.559,0.636,1.507,22.929,17.081,1.664,8.827,2.684,Unfavorable
717,Loam,Mountain,None,5.923,16.728,97.707,43.446,171.43,0.4,1.228,1.357,30.978,9.152,6.787,6.056,8.812,Unfavorable
718,Sandy,Hill,None,6.346,18.953,97.71,53.865,150.337,,0.858,1.502,11.737,18.307,2.433,10.182,4.541,Unfavorable
719,Sandy,Hill,None,5.704,20.299,104.976,46.59,141.978,2.263,0.564,1.684,16.755,17.604,8.236,7.842,3.539,Unfavorable
720,Sandy,Plain,None,7.37,17.979,84.903,29.802,168.58,3.598,0.944,1.588,13.348,15.83,6.243,3.456,0.0,Unfavorable
721,Clay,Plain,None,7.162,,125.644,42.543,156.326,2.974,1.431,1.34,46.146,9.053,36.569,9.457,3.314,Favorable
722,Loam,Plain,Drip,7.166,34.114,150.448,55.44,200.868,3.716,0.92,1.192,33.785,16.235,28.276,6.852,4.849,Favorable
723,Loam,Mountain,None,6.657,19.077,102.681,39.467,157.812,2.83,1.476,1.244,36.953,20.157,12.015,3.272,16.326,Unfavorable
724,Sandy,Mountain,None,6.928,25.228,81.559,40.417,77.065,2.352,0.638,1.541,3.634,17.368,20.032,8.103,15.309,Unfavorable
725,Loam,Plain,Sprinkler,6.971,,100.45,67.883,142.256,2.201,1.356,1.341,26.306,23.667,21.999,7.905,7.17,Favorable
726,Sandy,Mountain,Sprinkler,5.687,15.141,55.243,16.45,75.995,1.785,0.864,1.319,19.596,19.285,32.03,7.84,15.346,Unfavorable
727,Sandy,Hill,Sprinkler,6.647,30.78,82.66,41.753,107.966,2.075,1.342,1.578,19.42,12.453,14.84,5.817,4.114,Favorable
728,Sandy,Plain,None,7.437,15.686,89.092,38.433,141.923,2.39,0.871,1.665,10.425,16.458,31.13,7.957,0.0,Favorable
729,Silt,Plain,None,5.91,18.991,109.051,34.269,114.458,2.836,1.079,1.105,10.099,16.298,29.013,7.764,6.081,Unfavorable
730,Loam,Mountain,Sprinkler,6.695,25.209,94.459,46.468,165.041,2.158,1.617,1.309,22.499,18.149,90.0,7.339,16.243,Favorable
731,Loam,Plain,None,6.746,30.242,118.856,30.444,214.921,3.576,1.149,1.353,25.562,22.211,15.035,6.365,3.853,Favorable
732,Silt,Plain,Sprinkler,6.299,16.602,80.034,40.661,108.516,2.398,0.447,1.217,12.895,21.858,5.472,6.831,0.0,Favorable
733,Loam,Hill,None,6.524,16.362,128.678,60.703,159.731,3.625,0.512,1.251,22.895,21.97,12.901,10.881,11.026,Favorable
734,Loam,Hill,Sprinkler,6.433,17.885,136.667,44.294,179.49,2.638,1.115,1.215,30.716,13.016,47.599,5.0,10.4,Favorable
735,Silt,Plain,Sprinkler,6.755,22.722,55.313,61.696,158.848,2.577,0.1,1.178,13.866,21.436,16.624,10.143,6.167,Favorable
736,Loam,Plain,Drip,6.973,23.797,108.056,51.892,209.682,2.353,0.949,1.496,24.472,19.088,56.045,7.9,0.0,Favorable
737,Loam,Hill,Drip,6.748,29.888,129.311,54.687,124.918,3.824,0.583,1.138,24.535,13.572,21.002,6.518,3.245,Favorable
738,Loam,Mountain,None,6.778,,125.336,56.682,122.223,2.674,0.554,1.465,25.161,5.653,20.176,7.175,11.146,Favorable
739,Loam,Hill,Drip,7.236,22.677,84.872,48.384,157.295,2.485,0.742,1.457,13.928,15.481,13.539,7.486,1.633,Favorable
740,Silt,Mountain,Sprinkler,7.336,18.415,88.354,24.644,106.097,3.923,0.824,1.457,20.517,21.194,5.725,5.476,15.126,Unfavorable
741,Sandy,Mountain,Drip,6.884,31.471,73.453,56.988,94.873,3.584,0.945,1.426,6.135,20.713,14.351,6.354,11.239,Favorable
742,Loam,Hill,Sprinkler,7.113,25.549,111.538,37.006,121.16,2.062,0.487,1.557,22.426,15.232,49.223,4.128,8.387,Favorable
743,Sandy,Hill,None,6.404,18.564,123.108,27.251,90.027,1.195,0.604,1.491,1.634,18.552,15.337,6.276,7.09,Unfavorable
744,Clay,Hill,None,6.779,23.538,143.141,58.311,175.176,3.066,0.769,1.438,49.251,24.772,15.381,8.638,9.241,Favorable
745,Loam,Plain,None,8.025,26.042,84.398,48.151,107.516,2.912,1.212,1.321,17.006,23.709,12.297,7.646,0.0,Unfavorable
746,Clay,Hill,None,7.128,25.671,117.427,51.554,201.577,4.231,0.998,1.357,54.16,18.895,14.887,8.1,4.523,Favorable
747,Loam,Plain,None,6.487,9.724,97.365,60.635,134.827,2.597,1.207,1.229,22.217,28.027,6.884,6.11,5.996,Unfavorable
748,Clay,Plain,Sprinkler,7.219,,153.067,12.138,165.536,2.619,1.395,1.285,51.0,20.717,42.162,5.817,17.322,Unfavorable
749,Silt,Plain,Drip,7.109,27.629,131.476,44.3,108.487,4.698,0.912,1.308,23.943,14.502,28.066,9.895,5.832,Favorable
750,Sandy,Plain,None,7.273,16.985,101.831,39.383,142.891,1.521,0.661,1.532,3.364,14.825,13.096,7.564,1.758,Unfavorable
751,Silt,Plain,Sprinkler,6.625,19.944,106.781,38.91,130.287,4.054,0.97,1.183,11.772,18.877,24.555,5.43,14.155,Favorable
752,Clay,Plain,None,7.636,21.882,140.079,41.288,124.845,4.854,1.514,1.381,46.035,15.955,8.387,7.539,7.367,Unfavorable
753,Sandy,Plain,Sprinkler,6.626,30.247,83.428,51.496,83.842,2.846,0.1,1.57,1.0,19.008,25.928,5.62,5.408,Favorable
754,Clay,Plain,Sprinkler,7.753,,105.67,50.265,115.413,4.502,1.301,1.561,48.079,7.908,38.811,9.15,6.561,Favorable
755,Sandy,Hill,Drip,6.626,27.96,79.832,38.55,156.146,3.645,0.315,1.549,5.712,19.959,48.498,8.765,11.929,Favorable
756,Sandy,Plain,Sprinkler,7.051,24.758,142.728,26.364,126.417,3.863,0.269,1.691,14.508,14.353,33.117,8.382,0.06,Favorable
757,Clay,Hill,None,6.808,24.556,100.459,35.014,147.266,3.79,1.267,1.382,42.502,17.437,33.632,9.08,9.274,Favorable
758,Sandy,Plain,Drip,6.081,32.867,95.76,23.202,133.363,2.421,0.389,1.572,2.493,15.039,12.108,9.473,5.998,Favorable
759,Loam,Hill,Drip,6.141,19.158,107.105,41.245,171.164,1.691,0.81,1.442,9.36,15.725,24.898,6.959,16.37,Favorable
760,Clay,Plain,Sprinkler,6.854,24.598,110.867,78.167,191.813,,0.943,1.318,48.892,15.203,9.407,7.534,11.754,Unfavorable
761,Loam,Plain,Sprinkler,7.477,27.475,121.414,45.648,181.836,1.451,1.066,1.305,30.115,22.697,4.594,5.487,16.301,Unfavorable
762,Sandy,Plain,None,6.028,21.248,89.952,36.081,121.035,0.821,0.311,1.593,8.43,12.922,12.232,6.982,4.683,Unfavorable
763,Clay,Mountain,None,6.916,13.995,93.164,33.828,225.686,1.643,0.706,1.543,51.257,19.877,47.382,6.477,14.767,Unfavorable
764,Silt,Plain,Sprinkler,6.695,13.126,98.638,56.541,138.907,0.984,0.559,1.159,22.445,24.502,15.293,6.281,4.818,Favorable
765,Clay,Plain,Sprinkler,7.091,25.125,103.312,61.828,141.626,1.634,1.176,1.377,51.233,24.825,10.121,6.7,9.676,Unfavorable
766,Silt,Plain,None,5.424,10.516,110.028,22.201,137.331,0.4,1.158,1.217,17.025,23.647,18.145,5.774,3.89,Unfavorable
767,Clay,Plain,Drip,7.047,28.07,112.98,34.771,201.376,3.421,1.575,1.349,50.564,13.774,41.071,9.924,10.228,Favorable
768,Loam,Plain,None,6.612,25.219,110.995,61.871,119.69,1.845,1.288,1.535,18.04,20.807,27.867,7.727,5.839,Favorable
769,Clay,Plain,Sprinkler,6.639,33.394,115.349,46.724,116.059,,0.694,1.195,51.358,16.355,14.668,7.011,3.03,Favorable
770,Clay,Mountain,None,7.38,19.773,135.791,38.165,184.966,3.962,1.301,1.393,57.192,11.944,7.241,4.969,11.328,Unfavorable
771,Clay,Mountain,Drip,6.435,31.379,120.424,56.884,154.837,2.622,1.403,1.373,66.362,10.571,18.075,8.046,10.62,Unfavorable
772,Loam,Hill,Sprinkler,6.615,16.295,118.922,42.687,164.723,3.01,0.582,1.266,28.675,9.722,19.416,7.196,11.245,Favorable
773,Loam,Plain,None,6.573,24.203,115.966,71.261,139.639,2.361,1.101,1.366,20.454,18.989,20.995,7.241,2.458,Favorable
774,Sandy,Hill,Drip,7.036,26.27,96.719,26.515,93.208,4.06,1.18,1.492,1.0,18.254,7.095,8.425,10.983,Favorable
775,Clay,Mountain,Sprinkler,6.422,19.116,114.173,35.641,178.317,3.862,0.977,1.619,45.011,17.344,21.607,5.563,3.742,Favorable
776,Sandy,Plain,None,6.861,29.473,102.993,19.569,103.865,2.408,0.1,1.516,7.142,17.683,20.455,7.994,7.387,Favorable
777,Loam,Hill,Sprinkler,7.102,23.1,116.735,51.087,145.757,3.753,0.964,1.438,28.958,15.515,34.282,7.087,13.367,Favorable
778,Loam,Hill,None,7.614,27.4,144.472,36.175,149.749,3.037,0.978,1.322,26.203,18.459,27.93,7.11,11.376,Favorable
779,Clay,Plain,Sprinkler,7.677,,121.017,52.539,146.823,3.102,1.249,1.444,63.233,24.8,1.073,7.989,0.95,Unfavorable
780,Silt,Hill,None,6.467,19.012,117.379,43.734,144.675,3.919,1.213,1.412,20.672,22.474,11.669,6.188,10.445,Favorable
781,Silt,Plain,None,6.272,14.551,108.707,31.468,195.702,2.674,0.56,1.339,20.054,18.757,24.059,8.57,6.791,Favorable
782,Silt,Plain,None,6.742,,152.557,22.71,149.568,3.144,0.651,1.25,15.95,17.69,24.244,5.697,3.125,Favorable
783,Clay,Hill,None,7.271,12.935,142.829,40.872,169.227,1.822,1.183,1.471,52.996,15.327,5.604,7.553,8.121,Unfavorable
784,Loam,Hill,Drip,7.094,26.244,72.953,52.35,142.574,2.299,1.511,1.415,39.772,16.201,40.686,8.053,7.699,Favorable
785,Clay,Hill,Sprinkler,6.415,13.913,94.013,61.551,173.716,3.381,1.421,1.341,47.743,14.962,20.932,5.094,10.191,Favorable
786,Sandy,Hill,None,5.87,23.299,84.461,32.613,153.397,3.738,0.668,1.319,12.624,13.098,6.1,4.811,15.107,Unfavorable
787,Sandy,Plain,None,5.659,26.04,106.571,59.909,111.461,2.623,0.5,1.444,6.21,12.104,11.104,7.609,10.795,Unfavorable
788,Loam,Plain,None,6.603,27.693,131.25,45.129,149.375,2.302,0.45,1.44,39.59,13.666,17.964,4.662,5.429,Favorable
789,Sandy,Hill,None,6.771,22.442,114.551,35.771,118.21,2.998,0.314,1.663,12.428,10.233,27.933,8.474,11.537,Unfavorable
790,Clay,Hill,Sprinkler,7.661,26.896,99.762,46.918,175.557,3.659,1.189,1.291,38.054,22.266,1.231,5.859,11.472,Unfavorable
791,Loam,Hill,Sprinkler,7.22,16.242,112.149,44.799,158.764,2.605,1.183,1.644,28.37,20.347,18.132,6.723,5.861,Favorable
792,Loam,Plain,None,6.573,14.206,148.02,82.357,176.314,3.695,1.116,1.472,32.79,23.877,5.611,7.57,5.96,Unfavorable
793,Clay,Plain,Drip,7.045,20.795,88.186,50.681,189.509,3.785,1.262,1.494,42.404,11.333,14.602,6.914,0.931,Favorable
794,Sandy,Plain,None,6.7,12.631,111.653,53.163,120.633,1.329,1.019,1.566,18.224,11.659,6.615,8.264,7.266,Unfavorable
795,Sandy,Hill,None,6.181,29.693,96.116,47.783,106.96,1.742,0.763,1.658,1.0,17.217,52.814,6.325,9.009,Favorable
796,Sandy,Hill,Sprinkler,6.513,30.083,70.655,16.205,97.691,,1.04,1.661,13.431,18.549,54.977,6.541,12.615,Unfavorable
797,Loam,Mountain,None,6.622,23.013,96.535,72.414,100.795,3.903,0.279,1.311,22.533,20.595,30.182,6.985,13.443,Unfavorable
798,Loam,Plain,None,6.822,23.471,164.954,46.267,141.527,3.057,0.484,1.41,11.68,16.978,20.092,8.802,0.481,Favorable
799,Loam,Plain,Sprinkler,6.965,27.534,162.213,65.795,168.346,3.931,0.925,1.114,15.147,18.317,16.025,6.549,10.621,Favorable
800,Loam,Hill,None,7.075,11.816,116.504,36.962,157.696,3.386,0.759,1.32,22.647,18.372,12.73,6.23,7.052,Favorable
801,Silt,Plain,None,7.059,,122.769,44.936,122.767,3.752,1.1,1.302,22.216,19.915,28.949,7.056,2.881,Favorable
802,Loam,Hill,Drip,7.396,33.974,106.285,52.529,205.421,4.858,1.083,1.342,36.136,16.847,16.637,7.618,11.068,Favorable
803,Silt,Plain,Sprinkler,6.562,13.697,110.345,46.167,203.922,3.635,1.191,1.187,14.416,14.619,12.288,8.254,9.047,Favorable
804,Clay,Plain,None,6.681,,128.572,47.705,167.599,3.51,1.327,1.49,45.032,16.665,33.735,7.955,0.0,Favorable
805,Silt,Plain,Sprinkler,7.086,31.47,91.047,30.292,96.087,3.334,0.586,1.414,21.34,15.838,16.197,5.598,10.387,Favorable
806,Clay,Hill,None,6.45,18.394,97.366,55.302,179.917,2.305,1.232,1.411,44.615,19.722,10.151,5.564,1.044,Unfavorable
807,Silt,Plain,None,6.761,22.95,137.695,48.984,134.367,2.579,0.939,1.159,14.215,11.442,6.69,7.806,3.35,Favorable
808,Sandy,Plain,Sprinkler,6.572,23.498,61.022,32.191,136.183,1.652,0.695,1.528,6.716,15.452,27.546,11.0,0.064,Favorable
809,Sandy,Mountain,None,6.641,6.372,44.778,19.613,91.186,0.4,0.82,1.575,8.568,15.043,8.513,5.454,15.919,Unfavorable
810,Loam,Hill,None,6.989,25.456,135.574,67.877,171.205,4.159,0.846,1.096,23.515,11.066,13.845,6.838,6.73,Favorable
811,Loam,Plain,None,6.462,23.811,109.873,47.843,168.418,2.385,1.123,1.287,31.284,18.428,25.427,6.383,11.642,Favorable
812,Silt,Hill,Drip,7.425,25.796,92.156,45.954,170.64,2.765,0.641,1.286,12.36,19.1,3.495,8.422,8.559,Favorable
813,Sandy,Plain,Drip,6.037,28.679,86.602,46.571,123.799,2.945,1.028,1.578,3.722,14.137,20.953,7.876,0.0,Favorable
814,Loam,Plain,None,6.801,19.719,128.932,42.507,166.479,1.75,1.218,1.554,24.995,21.815,26.077,5.357,5.43,Favorable
815,Silt,Hill,None,6.678,15.353,152.822,67.809,123.139,2.165,0.624,1.303,12.439,20.432,8.486,8.915,11.567,Unfavorable
816,Clay,Hill,None,7.273,18.626,121.971,72.323,179.209,3.82,1.041,1.544,55.306,17.798,36.19,7.248,6.339,Favorable
817,Sandy,Plain,None,7.069,21.458,61.917,60.38,56.292,1.39,0.867,1.516,6.076,23.203,7.682,7.323,1.996,Unfavorable
818,Clay,Mountain,Drip,6.503,24.137,108.928,28.686,147.254,2.633,1.318,1.394,43.693,9.26,20.991,6.826,18.765,Unfavorable
819,Clay,Plain,None,7.256,31.004,83.212,48.02,184.626,3.136,1.254,1.269,48.49,19.097,21.102,7.548,0.0,Favorable
820,Sandy,Plain,Sprinkler,7.138,29.361,48.104,40.091,100.057,3.035,1.145,1.641,3.336,16.027,4.257,6.755,7.506,Unfavorable
821,Loam,Hill,Drip,6.893,34.254,94.004,40.914,165.799,3.311,0.601,1.325,27.231,14.594,1.428,8.226,4.834,Favorable
822,Clay,Hill,Sprinkler,7.322,37.446,79.116,68.285,210.156,,0.501,1.381,34.325,16.482,10.231,6.112,6.937,Favorable
823,Sandy,Plain,None,6.566,20.103,83.56,45.034,138.268,2.256,0.61,1.472,12.892,24.708,10.547,8.542,10.593,Unfavorable
824,Clay,Plain,Drip,7.369,29.687,116.755,73.438,178.279,4.261,1.216,1.493,54.899,17.182,39.62,5.468,12.025,Favorable
825,Loam,Mountain,Sprinkler,7.112,11.149,112.039,42.182,105.709,3.282,0.568,1.337,32.527,25.476,24.054,4.48,9.971,Favorable
826,Clay,Mountain,Sprinkler,6.36,10.396,122.746,42.575,186.719,1.522,1.714,1.479,43.496,15.149,36.661,5.129,16.895,Unfavorable
827,Silt,Plain,None,7.21,23.064,128.689,39.234,149.759,2.826,1.384,1.45,17.589,15.901,13.089,7.168,3.197,Favorable
828,Sandy,Hill,Drip,7.622,,60.011,42.857,128.482,2.147,0.735,1.526,14.887,15.597,38.209,8.588,10.87,Unfavorable
829,Sandy,Plain,None,6.543,25.971,94.324,42.454,75.492,2.62,1.17,1.713,16.305,21.682,38.968,6.253,13.381,Unfavorable
830,Sandy,Plain,Drip,6.124,23.916,56.694,41.464,142.735,1.839,0.882,1.589,4.729,23.73,36.869,6.933,1.581,Favorable
831,Clay,Plain,Drip,7.668,33.735,122.872,46.349,154.907,3.023,1.046,1.35,57.764,24.106,30.526,7.94,0.695,Favorable
832,Clay,Plain,None,6.979,30.522,91.517,57.42,212.49,3.146,1.344,1.335,51.498,21.315,30.424,9.294,0.0,Favorable
833,Sandy,Mountain,None,5.93,18.602,74.569,28.156,98.196,,1.375,1.529,8.021,19.366,29.593,7.223,9.549,Unfavorable
834,Loam,Hill,Sprinkler,6.651,22.435,129.131,85.3,170.945,4.132,1.292,1.565,33.725,17.43,18.868,5.933,12.521,Favorable
835,Loam,Plain,None,7.928,25.17,88.583,31.033,150.282,3.438,0.715,1.29,22.971,12.882,90.0,6.128,8.165,Unfavorable
836,Loam,Hill,Sprinkler,6.979,18.957,93.372,52.608,122.424,,0.258,1.472,27.612,17.612,15.979,6.656,9.912,Favorable
837,Silt,Hill,Sprinkler,7.167,21.998,92.776,19.186,161.846,2.545,1.206,1.258,21.928,22.649,14.574,5.51,6.867,Favorable
838,Clay,Hill,Sprinkler,6.951,19.181,131.659,40.741,186.692,,1.591,1.329,52.087,12.817,34.947,6.238,10.069,Favorable
839,Sandy,Plain,None,5.944,18.359,110.708,45.334,170.728,1.164,0.828,1.535,1.72,15.269,13.993,6.354,6.378,Unfavorable
840,Loam,Plain,None,6.803,20.355,96.85,56.38,117.911,4.314,1.309,1.405,21.911,20.031,9.761,8.192,11.232,Favorable
841,Silt,Plain,Sprinkler,6.726,23.202,70.653,48.264,170.239,2.556,1.341,1.252,23.534,12.028,37.228,3.233,7.533,Favorable
842,Clay,Plain,None,6.477,34.276,120.031,54.328,202.905,,1.088,1.419,49.222,15.916,27.108,8.603,4.705,Favorable
843,Sandy,Plain,Sprinkler,6.093,16.305,92.798,39.837,114.698,2.021,1.14,1.54,1.0,20.982,41.928,9.086,14.301,Unfavorable
844,Loam,Hill,None,6.814,19.965,151.332,42.275,112.974,3.082,0.926,1.465,15.835,17.155,17.289,5.846,12.232,Favorable
845,Loam,Hill,Drip,7.407,35.757,134.236,30.704,184.289,3.938,0.85,1.312,36.116,16.903,4.073,7.502,5.012,Favorable
846,Loam,Plain,Sprinkler,6.679,27.566,114.889,42.94,131.219,3.239,0.491,1.339,15.479,14.327,16.783,8.282,0.0,Favorable
847,Silt,Mountain,None,7.48,24.464,96.891,24.142,116.294,1.401,1.021,1.085,12.099,11.661,27.728,8.374,22.552,Unfavorable
848,Clay,Plain,None,7.229,17.672,126.359,49.03,150.48,5.115,1.308,1.392,51.211,15.067,13.586,6.167,2.275,Favorable
849,Sandy,Hill,None,6.769,18.4,87.17,25.387,140.778,3.115,0.855,1.624,1.998,26.058,11.718,7.562,11.919,Unfavorable
850,Loam,Plain,None,7.259,24.73,129.072,39.827,166.499,2.604,0.948,1.079,14.703,25.364,25.86,7.265,9.481,Favorable
851,Loam,Plain,None,6.587,15.817,91.315,45.451,188.779,1.447,0.695,1.333,14.544,18.87,64.439,8.329,6.981,Favorable
852,Silt,Hill,None,6.996,7.432,73.449,33.559,185.925,2.944,0.811,1.255,27.67,18.021,31.491,6.226,4.425,Favorable
853,Loam,Hill,None,6.777,21.172,121.136,53.254,128.457,3.259,0.753,1.277,30.682,17.821,17.396,7.206,11.765,Favorable
854,Clay,Mountain,Sprinkler,7.236,12.539,122.425,42.595,197.663,2.118,1.329,1.522,49.513,8.609,56.611,6.794,22.149,Unfavorable
855,Clay,Hill,Drip,6.668,22.79,107.576,44.04,201.317,2.087,0.602,1.508,52.35,18.704,16.139,7.167,12.031,Favorable
856,Clay,Mountain,Sprinkler,7.227,28.072,94.842,44.185,156.459,2.395,0.959,1.477,54.747,19.127,9.97,6.831,22.596,Unfavorable
857,Sandy,Hill,Sprinkler,5.703,20.511,121.174,42.755,179.471,0.653,0.946,1.576,19.128,13.89,20.259,5.532,8.556,Unfavorable
858,Sandy,Hill,Drip,6.752,26.402,108.942,43.914,115.644,2.25,1.415,1.574,1.0,13.966,5.899,6.287,17.174,Unfavorable
859,Sandy,Plain,Sprinkler,7.0,20.645,81.762,15.33,137.114,3.305,1.42,1.583,1.0,22.061,10.174,8.064,0.0,Favorable
860,Loam,Hill,None,7.004,32.612,81.906,40.978,190.095,2.499,0.215,1.401,25.08,17.304,30.393,8.033,16.441,Favorable
861,Clay,Plain,None,6.133,35.401,93.626,61.429,177.725,3.132,1.406,1.516,45.606,18.024,48.365,7.496,14.534,Unfavorable
862,Loam,Mountain,Drip,7.066,28.827,129.02,38.351,178.837,1.869,1.14,1.353,29.4,16.185,20.496,7.053,16.665,Favorable
863,Clay,Hill,Drip,7.622,31.592,99.79,49.499,97.047,,0.959,1.612,45.782,10.931,6.32,6.038,12.75,Unfavorable
864,Loam,Plain,None,6.937,25.141,134.072,72.27,150.792,,0.957,1.364,34.735,25.846,23.771,8.166,0.0,Favorable
865,Clay,Mountain,None,7.294,24.154,93.276,30.963,183.299,2.059,1.117,1.394,49.492,13.637,5.476,6.593,20.071,Unfavorable
866,Silt,Mountain,Sprinkler,6.383,24.559,74.629,39.886,144.918,1.916,1.303,1.3,31.298,22.65,8.734,6.886,23.869,Unfavorable
867,Sandy,Plain,None,6.955,18.853,118.462,45.558,103.037,2.903,1.366,1.498,1.671,22.554,36.947,9.091,0.0,Favorable
868,Loam,Plain,Sprinkler,6.815,14.148,137.441,66.979,152.948,2.537,1.16,1.448,23.574,21.465,10.194,8.831,10.593,Favorable
869,Clay,Hill,None,7.405,28.128,112.529,21.195,214.627,3.401,1.243,1.344,46.226,9.007,26.122,8.488,4.341,Favorable
870,Clay,Mountain,None,7.14,23.699,125.118,32.936,138.078,5.214,1.535,1.386,61.377,14.049,14.658,5.445,25.343,Unfavorable
871,Loam,Hill,None,6.649,16.639,95.125,65.556,147.503,3.836,0.682,1.381,28.431,20.417,40.361,7.543,11.347,Favorable
872,Clay,Mountain,Sprinkler,6.868,,106.312,40.052,112.154,2.744,1.114,1.644,50.797,18.479,9.839,6.094,13.168,Unfavorable
873,Loam,Plain,None,6.552,23.98,97.664,59.221,151.174,2.505,1.43,1.097,22.5,18.444,16.218,9.173,5.852,Favorable
874,Sandy,Plain,None,5.986,17.845,103.947,40.424,119.115,2.721,1.079,1.575,10.833,23.128,24.429,6.775,3.592,Unfavorable
875,Sandy,Hill,Sprinkler,6.242,20.957,55.975,61.216,80.57,1.982,0.964,1.694,6.89,17.361,20.248,7.788,14.44,Unfavorable
876,Sandy,Plain,Drip,5.948,37.423,108.97,42.662,99.299,,1.595,1.522,4.446,19.573,4.057,7.014,3.891,Unfavorable
877,Clay,Hill,Drip,7.067,18.647,110.894,40.958,138.004,4.173,1.49,1.165,51.162,16.069,20.352,3.16,13.443,Favorable
878,Sandy,Plain,None,6.737,20.681,86.284,40.564,87.46,3.196,0.726,1.594,2.617,18.243,49.085,6.06,0.0,Favorable
879,Clay,Plain,Sprinkler,7.105,22.614,136.46,49.204,178.84,4.146,1.399,1.446,55.91,26.605,21.727,8.064,3.282,Favorable
880,Clay,Mountain,Drip,6.572,15.611,101.017,46.737,115.483,1.915,1.571,1.305,48.916,14.05,4.398,7.253,17.788,Unfavorable
881,Loam,Mountain,Sprinkler,6.269,17.847,91.341,20.346,149.945,4.117,0.578,1.396,21.229,21.549,76.076,6.271,17.761,Unfavorable
882,Loam,Plain,Sprinkler,6.943,27.013,119.419,70.286,126.016,2.893,0.741,1.538,26.677,16.194,23.566,7.267,3.362,Favorable
883,Loam,Mountain,None,6.549,,94.194,36.401,163.918,2.887,1.487,1.415,32.501,13.132,15.207,8.423,19.932,Unfavorable
884,Loam,Hill,None,6.595,25.835,116.248,38.134,160.662,,1.185,1.41,23.489,16.141,13.969,6.223,5.927,Favorable
885,Sandy,Hill,Sprinkler,6.735,32.497,63.278,36.647,125.844,2.296,1.007,1.571,14.56,24.104,12.464,7.127,14.127,Unfavorable
886,Loam,Mountain,Sprinkler,7.315,25.013,148.625,47.519,99.225,2.732,1.006,1.234,35.417,20.012,3.207,7.715,17.87,Unfavorable
887,Clay,Plain,None,6.967,,112.329,51.425,189.591,3.533,0.96,1.308,53.492,17.546,26.054,10.103,3.49,Favorable
888,Sandy,Plain,Sprinkler,6.569,23.281,74.112,43.474,121.186,2.575,0.861,1.291,8.326,25.491,20.834,5.141,5.141,Favorable
889,Clay,Plain,None,6.467,22.688,115.748,57.405,194.223,3.599,0.921,1.654,44.287,21.099,48.069,6.84,10.706,Favorable
890,Clay,Hill,Drip,6.825,42.733,115.257,50.722,125.503,4.499,1.258,1.318,53.55,20.428,47.782,6.51,17.575,Favorable
891,Loam,Hill,None,6.46,28.275,121.068,50.973,181.277,2.087,0.572,1.452,22.12,20.274,31.894,7.634,2.688,Favorable
892,Loam,Hill,None,6.997,23.351,107.76,32.253,195.052,2.325,0.688,1.232,27.554,16.403,23.272,9.861,16.968,Favorable
893,Sandy,Plain,Sprinkler,6.778,33.336,93.065,40.579,85.336,2.47,0.666,1.487,6.356,16.578,5.492,10.156,3.19,Unfavorable
894,Loam,Hill,Sprinkler,6.968,17.256,141.564,49.946,163.98,2.2,0.937,1.492,23.078,17.733,1.136,5.114,4.924,Favorable
895,Sandy,Hill,None,6.544,28.358,95.261,40.5,79.659,2.211,1.288,1.428,9.695,12.044,29.359,6.732,0.0,Favorable
896,Clay,Plain,None,6.935,32.028,115.87,38.739,248.363,1.865,1.517,1.503,46.097,12.955,26.422,7.384,2.577,Favorable
897,Sandy,Plain,Sprinkler,6.596,31.287,77.302,35.265,109.003,2.937,0.389,1.55,5.58,17.753,8.931,8.082,6.936,Favorable
898,Clay,Plain,Sprinkler,7.331,39.403,116.709,59.131,179.077,3.803,0.837,1.444,53.49,19.235,19.125,5.717,0.0,Favorable
899,Sandy,Hill,Sprinkler,6.628,30.73,94.107,30.391,114.888,1.963,0.461,1.593,2.593,11.85,12.769,6.653,18.413,Unfavorable
900,Loam,Plain,None,6.22,29.717,106.801,64.465,101.019,,0.845,1.23,25.306,21.166,2.129,9.931,1.514,Favorable
901,Silt,Hill,None,6.58,28.206,95.233,33.356,101.814,3.276,0.789,1.201,10.042,11.97,24.597,9.311,10.814,Favorable
902,Silt,Plain,Sprinkler,6.444,19.942,106.717,52.449,170.636,2.782,0.872,1.11,18.035,14.774,7.079,7.135,0.0,Favorable
903,Loam,Mountain,Sprinkler,6.306,24.896,87.301,61.93,144.513,2.093,1.493,1.361,22.714,15.79,34.158,5.242,19.226,Favorable
904,Sandy,Hill,Sprinkler,6.702,17.573,136.628,18.933,112.369,3.179,0.937,1.596,12.924,16.782,15.812,4.796,9.714,Favorable
905,Clay,Plain,None,6.84,27.982,110.702,60.991,181.443,4.81,1.109,1.459,46.039,22.555,14.807,8.913,1.976,Favorable
906,Loam,Hill,None,7.407,20.232,108.654,44.36,178.202,,0.536,1.504,32.918,28.244,20.917,5.616,11.575,Unfavorable
907,Sandy,Plain,None,6.319,33.138,83.351,34.276,37.397,2.483,1.065,1.572,2.007,13.159,48.497,7.096,4.37,Unfavorable
908,Sandy,Plain,Sprinkler,6.443,35.177,164.836,20.827,117.515,3.087,0.534,1.619,4.066,21.56,23.384,8.017,6.681,Favorable
909,Sandy,Hill,None,6.086,24.441,96.886,50.315,149.195,,0.536,1.45,7.194,16.25,16.95,6.497,9.792,Unfavorable
910,Loam,Plain,Sprinkler,6.975,26.039,118.7,48.646,140.111,3.97,0.982,1.318,26.848,16.947,2.434,7.064,2.385,Favorable
911,Clay,Plain,Sprinkler,7.853,31.175,113.177,64.581,194.65,3.427,1.054,1.511,47.785,20.429,43.097,5.932,4.354,Favorable
912,Silt,Hill,Sprinkler,6.817,21.683,84.149,30.787,207.983,1.785,1.228,1.311,16.732,18.616,19.598,7.322,13.416,Favorable
913,Loam,Plain,Sprinkler,7.458,16.565,144.254,71.341,170.932,4.053,0.737,1.244,8.571,17.998,32.116,6.185,11.03,Favorable
914,Loam,Plain,Sprinkler,6.702,41.036,122.678,44.109,132.093,4.654,1.185,1.374,29.907,7.994,11.978,8.519,1.75,Favorable
915,Loam,Mountain,Sprinkler,6.479,20.362,107.23,44.8,121.532,,1.223,1.571,28.949,22.035,44.677,4.889,20.833,Unfavorable
916,Loam,Plain,Sprinkler,6.919,18.547,108.288,51.089,186.432,2.285,0.1,1.138,30.547,18.369,6.248,6.055,8.247,Favorable
917,Clay,Plain,Sprinkler,6.914,27.764,98.32,49.407,161.963,2.637,1.406,1.516,61.44,23.189,21.755,7.531,14.505,Favorable
918,Loam,Plain,Sprinkler,6.945,,131.277,53.486,132.844,2.516,1.276,1.348,26.588,23.734,3.933,7.074,0.0,Favorable
919,Sandy,Hill,Drip,6.455,27.031,91.979,49.741,116.898,1.881,0.486,1.494,19.133,20.672,22.377,5.581,11.478,Unfavorable
920,Loam,Mountain,None,6.913,30.108,88.859,35.026,133.647,2.631,0.65,1.24,17.837,12.529,38.434,7.655,16.322,Favorable
921,Clay,Plain,None,7.152,20.466,144.534,37.951,182.246,3.313,1.175,1.282,52.311,14.248,40.257,4.49,5.756,Favorable
922,Loam,Mountain,None,7.434,9.44,90.466,55.606,180.19,2.696,0.778,1.278,29.522,4.2,39.61,5.002,18.769,Unfavorable
923,Sandy,Plain,Sprinkler,6.31,22.722,72.476,33.593,63.5,4.362,0.389,1.478,1.603,23.107,32.942,7.968,8.29,Favorable
924,Sandy,Plain,None,6.614,18.735,86.531,42.345,129.988,2.087,0.876,1.586,12.676,13.054,43.158,7.599,1.061,Favorable
925,Sandy,Hill,Drip,6.385,17.457,99.576,17.611,82.122,2.015,1.188,1.692,13.605,13.231,41.66,6.773,0.0,Favorable
926,Sandy,Plain,None,5.677,20.867,77.875,30.604,170.301,2.288,1.096,1.283,11.857,24.142,7.936,5.275,3.824,Unfavorable
927,Clay,Plain,Sprinkler,7.226,16.054,116.326,48.679,135.673,1.831,0.887,1.269,49.511,21.103,5.858,7.385,9.734,Favorable
928,Loam,Plain,None,6.038,28.709,143.31,71.203,158.826,2.368,1.513,1.486,23.659,19.091,13.447,7.921,9.521,Favorable
929,Sandy,Mountain,Sprinkler,6.781,12.683,84.414,27.35,142.538,1.887,0.992,1.654,9.747,12.948,23.371,7.707,15.499,Unfavorable
930,Loam,Hill,None,6.923,25.734,134.897,63.193,149.186,2.776,1.376,1.382,25.187,19.896,15.368,7.052,12.609,Favorable
931,Loam,Plain,Drip,6.998,24.844,132.809,56.298,132.001,2.967,1.476,1.442,24.433,14.829,11.105,6.257,2.683,Favorable
932,Sandy,Hill,Sprinkler,6.366,11.783,83.278,42.082,72.503,2.633,1.101,1.516,16.011,13.711,15.295,6.317,5.75,Unfavorable
933,Loam,Mountain,Drip,7.435,21.767,79.23,52.115,176.633,3.037,1.954,1.55,26.925,24.332,18.116,5.475,14.625,Unfavorable
934,Clay,Plain,Sprinkler,6.815,31.264,93.769,39.128,190.596,3.074,1.798,1.223,47.852,15.684,19.127,3.674,10.959,Favorable
935,Silt,Plain,None,6.704,,135.818,25.803,152.659,,0.631,1.284,11.205,13.681,1.089,7.728,5.397,Favorable
936,Clay,Plain,None,7.383,24.95,94.599,64.606,161.81,4.149,1.49,1.593,57.138,16.174,9.422,9.156,14.05,Unfavorable
937,Loam,Hill,Drip,6.84,21.689,107.039,41.775,83.671,3.122,0.847,1.441,32.773,16.538,16.219,9.512,3.837,Favorable
938,Sandy,Mountain,Drip,6.625,24.106,97.681,48.06,79.994,0.69,1.379,1.427,19.582,25.181,25.717,9.522,6.313,Favorable
939,Sandy,Hill,None,6.385,25.271,129.907,41.681,121.32,1.461,0.396,1.589,15.261,20.892,27.979,8.28,10.222,Unfavorable
940,Sandy,Plain,None,7.103,14.882,91.45,32.838,123.658,,0.781,1.663,15.68,15.502,28.819,8.168,12.907,Unfavorable
941,Sandy,Mountain,None,6.357,29.38,73.672,7.171,91.457,1.818,0.99,1.545,3.119,19.834,11.759,6.844,19.729,Unfavorable
942,Loam,Plain,None,6.783,25.771,131.203,52.457,139.064,3.045,1.429,1.44,35.389,17.801,13.951,6.214,4.612,Favorable
943,Loam,Plain,Sprinkler,7.49,32.374,130.93,75.775,104.04,2.019,1.585,1.332,23.902,15.984,7.492,6.543,14.349,Favorable
944,Clay,Hill,Sprinkler,7.215,27.08,91.184,42.175,196.058,3.039,1.22,1.285,55.042,8.526,40.705,10.295,9.718,Favorable
945,Silt,Plain,Drip,6.736,30.718,92.986,39.687,189.725,4.425,1.093,1.213,15.878,17.791,35.718,7.692,1.521,Favorable
946,Clay,Hill,None,6.423,18.451,113.038,50.759,159.558,2.21,1.456,1.41,41.897,21.587,34.769,6.47,10.43,Favorable
947,Loam,Mountain,Drip,6.718,18.308,125.187,70.139,155.754,2.317,0.95,1.42,24.713,20.446,27.55,6.523,11.1,Favorable
948,Sandy,Hill,None,6.837,14.721,111.838,22.037,134.643,2.284,0.639,1.676,9.94,25.233,22.893,9.471,12.138,Unfavorable
949,Loam,Plain,Drip,7.216,26.885,90.322,66.816,193.642,2.281,0.6,1.266,20.962,16.472,22.712,7.964,0.0,Favorable
950,Loam,Hill,Sprinkler,6.957,21.664,137.088,59.1,187.948,2.297,1.097,1.252,25.937,22.634,12.767,7.938,3.966,Favorable
951,Sandy,Hill,None,6.604,23.769,83.361,49.459,128.279,2.819,1.096,1.355,8.105,13.805,10.414,5.832,4.094,Unfavorable
952,Loam,Plain,Drip,6.855,31.403,108.078,56.365,126.554,3.939,0.73,1.228,25.883,13.716,11.148,8.906,5.984,Favorable
953,Loam,Hill,Drip,7.823,20.539,85.805,49.242,164.193,,0.508,1.316,19.457,13.517,28.463,5.643,15.196,Unfavorable
954,Loam,Hill,Drip,6.726,28.166,91.112,35.893,157.178,3.008,1.626,1.426,14.056,12.05,15.638,5.405,10.317,Favorable
955,Loam,Mountain,None,6.982,18.517,77.248,65.529,131.358,3.027,1.124,1.455,20.853,20.046,60.662,8.396,6.866,Favorable
956,Sandy,Plain,None,6.39,11.253,122.977,10.855,104.496,2.319,0.721,1.433,1.442,13.559,59.173,7.127,0.0,Unfavorable
957,Loam,Plain,Drip,7.564,32.575,100.192,67.296,175.832,3.047,0.304,1.34,26.787,12.869,35.332,8.125,9.74,Favorable
958,Clay,Plain,Sprinkler,6.589,22.037,124.113,47.119,204.835,,0.73,1.354,48.272,18.314,68.992,5.547,7.697,Favorable
959,Sandy,Plain,None,5.988,23.47,90.247,31.614,122.214,0.4,0.854,1.522,1.762,22.634,10.32,7.976,0.0,Unfavorable
960,Sandy,Plain,None,6.31,35.04,95.551,30.653,116.274,2.146,0.555,1.621,10.222,25.097,18.823,5.845,8.048,Unfavorable
961,Sandy,Hill,None,6.331,22.171,58.197,37.856,168.464,2.6,0.729,1.487,14.127,21.036,5.436,5.333,7.021,Unfavorable
962,Loam,Plain,Sprinkler,7.062,16.184,123.691,63.386,144.968,4.367,1.108,1.314,28.96,15.276,11.693,6.811,3.585,Favorable
963,Sandy,Hill,None,6.324,17.821,106.58,49.824,91.717,0.72,0.618,1.447,9.578,15.176,27.094,4.699,12.9,Unfavorable
964,Loam,Plain,None,6.99,,100.653,55.397,126.519,2.91,1.163,1.311,27.988,13.785,29.191,5.882,3.524,Favorable
965,Clay,Plain,Drip,6.808,13.486,92.475,57.47,158.557,2.821,1.006,1.325,45.602,23.052,47.012,7.598,6.883,Favorable
966,Loam,Plain,Sprinkler,6.393,32.222,138.508,76.356,169.063,2.937,1.056,1.291,15.47,13.786,9.13,5.325,0.0,Favorable
967,Loam,Plain,Sprinkler,6.947,20.953,130.681,66.642,176.756,3.056,0.741,1.558,18.31,12.124,15.539,4.891,11.959,Favorable
968,Loam,Plain,None,7.573,29.521,122.372,62.112,203.007,2.823,0.511,1.122,26.168,18.25,6.627,8.09,3.384,Unfavorable
969,Loam,Plain,None,6.926,18.793,104.217,53.381,169.475,3.469,1.547,1.474,22.264,13.165,4.631,7.622,0.0,Favorable
970,Loam,Plain,Sprinkler,6.808,30.564,122.79,61.373,152.586,3.465,0.73,1.504,16.769,22.971,36.632,8.98,13.496,Favorable
971,Loam,Hill,Sprinkler,7.39,22.143,91.857,34.005,160.954,2.464,1.396,1.0,28.422,23.645,11.399,6.175,8.994,Favorable
972,Sandy,Plain,None,6.058,22.464,61.629,36.839,146.45,,0.942,1.676,9.066,17.524,39.658,10.137,2.265,Unfavorable
973,Sandy,Hill,None,6.187,29.075,92.261,49.89,95.714,3.03,0.848,1.426,13.569,12.783,21.355,7.55,15.392,Unfavorable
974,Sandy,Plain,None,6.582,14.476,134.114,49.792,37.159,2.046,0.957,1.576,9.36,15.359,8.663,7.411,0.0,Unfavorable
975,Loam,Mountain,Drip,6.741,20.204,146.822,47.495,125.077,2.084,0.737,1.668,20.224,11.649,10.392,5.551,10.776,Favorable
976,Loam,Plain,Sprinkler,6.553,33.495,139.445,49.396,175.774,,1.233,1.397,29.088,13.778,4.244,7.786,6.673,Favorable
977,Clay,Plain,None,6.54,17.444,92.264,56.648,137.83,3.384,0.858,1.349,46.921,15.7,7.067,8.005,8.932,Favorable
978,Sandy,Plain,Drip,7.137,24.489,103.235,40.362,93.834,3.979,0.812,1.46,19.82,18.101,3.591,5.083,5.431,Favorable
979,Clay,Plain,Sprinkler,6.979,25.539,123.657,48.365,146.306,4.371,1.416,1.294,65.208,23.021,16.667,6.958,7.07,Favorable
980,Clay,Plain,None,7.301,29.733,154.23,57.031,197.201,3.642,1.035,1.368,41.769,21.098,4.434,4.001,10.536,Favorable
981,Loam,Plain,Sprinkler,7.109,24.812,120.245,72.172,177.273,4.403,0.711,1.204,27.87,15.36,28.061,6.637,11.327,Favorable
982,Sandy,Plain,None,5.952,30.281,94.385,32.621,143.115,2.746,0.544,1.664,18.618,18.905,22.625,7.51,1.85,Unfavorable
983,Sandy,Mountain,Drip,7.011,31.618,78.745,21.01,106.1,2.404,0.487,1.426,5.852,18.529,18.74,5.325,18.835,Unfavorable
984,Clay,Mountain,None,7.15,29.749,110.192,43.381,232.56,1.538,1.335,1.394,42.091,16.583,23.944,7.923,19.717,Unfavorable
985,Clay,Hill,None,6.796,14.411,87.506,58.684,131.962,1.892,1.31,1.544,44.265,18.481,26.578,7.92,11.799,Unfavorable
986,Loam,Hill,None,7.371,27.152,94.923,43.205,170.309,4.613,0.897,1.382,20.007,14.156,13.681,7.213,15.561,Favorable
987,Silt,Plain,None,6.845,23.508,120.958,36.615,158.27,,0.611,1.31,23.286,21.586,18.904,6.381,5.995,Favorable
988,Sandy,Hill,None,6.21,13.156,74.439,42.862,123.481,1.386,0.558,1.576,4.196,20.229,11.068,7.304,15.639,Unfavorable
989,Loam,Hill,None,6.493,27.469,134.519,22.167,186.351,,1.818,1.472,28.032,8.891,27.216,5.445,2.389,Favorable
990,Sandy,Plain,None,7.413,25.404,59.0,51.326,174.55,2.539,0.503,1.726,13.197,11.095,29.471,6.96,3.406,Favorable
991,Silt,Hill,Drip,6.956,8.442,119.68,33.508,170.558,0.687,0.86,1.253,15.071,19.267,9.8,3.24,6.436,Favorable
992,Sandy,Hill,None,6.402,29.174,83.993,35.802,118.699,2.661,1.372,1.664,11.587,18.282,29.634,7.213,9.602,Unfavorable
993,Loam,Mountain,None,6.926,15.583,81.744,64.032,168.466,3.07,1.026,1.251,9.687,15.73,19.044,8.212,19.742,Unfavorable
994,Sandy,Plain,None,5.934,24.409,74.518,27.456,138.959,3.723,0.969,1.705,10.493,25.249,19.407,7.719,2.572,Unfavorable
995,Sandy,Hill,Sprinkler,6.268,22.372,72.033,22.042,131.182,,0.679,1.717,12.728,20.295,28.257,8.414,16.861,Unfavorable
996,Sandy,Plain,Sprinkler,6.718,27.16,145.224,41.727,140.075,1.929,0.367,1.575,10.075,11.006,14.979,8.519,1.117,Favorable
997,Clay,Mountain,Sprinkler,6.654,34.209,76.347,41.663,204.696,3.656,0.616,1.471,58.132,13.634,59.405,4.694,21.31,Unfavorable
998,Sandy,Hill,Sprinkler,7.129,8.779,120.294,24.97,89.307,1.741,0.475,1.66,5.075,12.365,10.587,9.648,11.666,Unfavorable
999,Silt,Plain,None,6.822,21.306,92.435,23.701,146.107,2.262,0.711,1.348,21.157,17.636,27.17,8.032,11.216,Favorable
1000,Sandy,Hill,None,6.265,26.125,44.202,12.28,124.933,3.554,0.772,1.627,10.653,17.146,16.076,8.221,5.549,Unfavorable
1001,Loam,Plain,Sprinkler,7.449,22.277,126.712,43.279,185.619,2.924,1.138,1.444,19.454,18.619,24.831,9.02,4.783,Favorable
1002,Clay,Mountain,Drip,7.187,37.032,95.671,34.017,112.371,2.732,1.147,1.41,42.899,25.025,10.912,7.829,12.468,Unfavorable
1003,Sandy,Hill,Sprinkler,6.197,25.039,54.361,25.572,138.549,,0.782,1.504,5.384,19.165,18.141,6.532,12.224,Unfavorable
1004,Sandy,Plain,None,6.238,21.707,97.653,39.733,164.998,2.244,0.416,1.645,7.572,17.969,18.167,6.985,16.492,Unfavorable
1005,Silt,Hill,Drip,6.363,24.261,100.03,33.557,133.2,4.193,0.229,1.378,11.983,17.411,40.007,6.571,6.31,Favorable
1006,Silt,Plain,None,6.464,,82.022,59.616,97.25,2.253,1.154,1.353,16.658,15.326,24.585,7.951,9.853,Favorable
1007,Clay,Mountain,None,7.453,28.034,81.162,33.648,163.783,2.67,1.28,1.331,44.133,9.75,30.596,4.826,17.495,Unfavorable
1008,Loam,Plain,None,7.069,21.556,86.904,63.533,147.959,2.349,0.957,1.279,34.252,11.114,45.908,5.901,0.0,Favorable
1009,Clay,Hill,Drip,6.766,21.779,104.794,51.323,138.04,0.892,0.567,1.477,36.751,20.498,41.168,6.172,1.166,Favorable
1010,Sandy,Mountain,None,6.729,18.857,105.158,28.031,112.857,2.234,0.468,1.668,11.316,17.233,14.272,6.687,14.043,Unfavorable
1011,Sandy,Plain,None,6.879,20.673,108.991,39.146,161.248,3.688,1.247,1.483,12.953,16.332,2.833,4.481,4.77,Favorable
1012,Clay,Plain,None,7.331,16.434,133.66,58.557,176.828,1.496,1.26,1.382,47.335,18.568,17.918,6.843,3.579,Unfavorable
1013,Clay,Mountain,None,7.195,12.798,106.151,36.048,176.209,3.978,1.162,1.459,49.257,15.721,15.648,4.369,11.803,Unfavorable
1014,Sandy,Plain,None,6.301,19.299,95.487,44.624,120.922,2.141,0.723,1.624,3.596,21.071,40.541,6.398,0.0,Favorable
1015,Loam,Plain,Sprinkler,6.044,,103.073,57.12,188.246,,1.375,1.403,22.114,17.37,1.117,7.577,4.718,Favorable
1016,Loam,Mountain,None,6.361,17.647,107.724,45.418,109.962,0.603,0.749,1.363,36.547,26.445,20.773,5.651,19.801,Unfavorable
1017,Clay,Plain,Drip,6.828,34.962,139.173,45.035,200.287,2.278,1.501,1.404,48.885,24.611,2.108,6.16,6.013,Favorable
1018,Sandy,Mountain,None,6.883,21.728,52.046,43.186,68.574,2.07,0.247,1.495,7.411,19.098,28.376,7.054,20.716,Unfavorable
1019,Loam,Plain,None,6.968,10.916,157.514,48.636,112.352,1.681,0.503,1.418,24.808,13.166,4.144,6.847,4.248,Unfavorable
1020,Silt,Hill,None,7.362,,100.984,43.847,133.915,1.597,0.722,1.516,20.511,14.959,24.887,8.384,6.338,Favorable
1021,Loam,Hill,None,6.255,,93.034,36.795,138.927,2.494,1.09,1.236,22.244,11.571,29.95,6.256,8.38,Favorable
1022,Sandy,Hill,None,5.986,7.027,84.984,25.472,74.314,2.798,1.303,1.742,9.522,18.947,12.038,6.596,7.523,Unfavorable
1023,Silt,Mountain,Sprinkler,7.064,24.011,87.889,32.729,128.715,3.094,1.178,1.48,20.745,17.217,21.645,6.16,21.406,Favorable
1024,Sandy,Plain,Drip,7.002,29.174,102.023,17.582,91.584,2.343,1.125,1.565,1.914,20.853,26.795,9.219,0.0,Favorable
1025,Loam,Plain,None,7.611,36.898,148.848,71.439,196.983,2.869,1.589,1.407,16.343,20.718,30.065,5.842,7.884,Unfavorable
1026,Loam,Plain,Sprinkler,7.096,38.883,133.559,38.828,167.339,3.27,0.718,1.201,15.636,10.238,30.646,10.95,11.446,Favorable
1027,Clay,Mountain,None,7.731,,125.303,59.024,139.224,,1.296,1.35,42.477,15.515,64.091,8.463,19.475,Unfavorable
1028,Sandy,Plain,None,5.597,,79.121,43.261,47.404,2.15,0.907,1.635,4.846,9.299,4.277,6.476,4.808,Unfavorable
1029,Clay,Plain,Drip,7.074,31.246,127.928,59.612,195.57,2.343,1.049,1.402,33.088,19.21,14.644,7.431,3.09,Favorable
1030,Loam,Plain,Sprinkler,6.745,15.237,106.107,56.817,148.176,2.929,1.377,1.376,30.079,15.591,27.894,6.483,5.03,Favorable
1031,Sandy,Plain,None,5.961,19.613,125.866,53.305,168.074,2.392,0.866,1.548,8.924,15.74,21.266,5.469,2.181,Unfavorable
1032,Sandy,Hill,Drip,7.258,27.186,105.864,32.239,76.229,,1.052,1.572,13.241,24.197,4.536,7.915,7.155,Favorable
1033,Silt,Mountain,Sprinkler,6.835,15.149,87.269,33.572,116.949,3.255,0.744,1.261,14.346,14.34,19.253,6.86,21.968,Unfavorable
1034,Sandy,Hill,None,5.469,18.787,81.39,52.904,80.796,3.299,1.036,1.748,5.217,15.542,10.266,5.899,10.188,Unfavorable
1035,Sandy,Plain,Sprinkler,6.772,17.63,67.882,32.265,107.718,3.975,0.894,1.637,8.214,21.979,63.419,7.639,0.0,Favorable
1036,Clay,Plain,None,7.449,19.342,122.1,45.122,144.251,2.998,0.759,1.37,53.805,7.405,59.393,8.742,6.173,Favorable
1037,Silt,Hill,Sprinkler,6.898,30.578,82.271,45.629,124.0,,0.827,1.148,12.497,12.338,33.691,7.255,10.734,Favorable
1038,Silt,Hill,None,6.86,14.948,107.152,33.465,150.456,3.365,0.711,1.408,26.093,9.498,6.862,9.775,14.508,Favorable
1039,Sandy,Mountain,None,6.243,26.497,73.889,44.453,71.819,3.563,0.545,1.675,3.916,17.435,57.111,6.366,15.25,Unfavorable
1040,Sandy,Plain,Sprinkler,7.486,21.005,67.872,56.608,136.907,2.426,0.412,1.562,1.0,15.7,23.999,5.549,0.0,Favorable
1041,Silt,Hill,None,7.348,15.639,74.383,39.128,161.389,1.843,0.751,1.223,11.635,20.248,6.53,5.352,4.161,Unfavorable
1042,Loam,Hill,Sprinkler,6.131,11.388,144.391,47.029,170.848,2.051,0.806,1.383,21.482,16.821,38.492,5.145,16.427,Favorable
1043,Clay,Plain,None,6.893,21.768,120.214,47.812,179.885,3.228,1.329,1.43,53.015,19.697,9.097,7.882,10.238,Favorable
1044,Loam,Hill,Sprinkler,7.006,19.925,143.585,49.093,177.591,,1.177,1.237,20.207,12.174,9.37,6.979,15.433,Unfavorable
1045,Loam,Hill,Sprinkler,7.197,30.489,103.439,56.29,211.09,3.319,1.083,1.18,30.776,24.298,62.752,8.258,3.734,Favorable
1046,Loam,Plain,Sprinkler,6.365,23.689,97.824,36.478,202.378,,1.575,1.329,27.433,9.105,12.543,9.483,3.271,Favorable
1047,Clay,Plain,None,7.179,18.228,161.492,36.14,163.589,4.062,1.748,1.362,35.494,16.133,19.215,6.787,4.52,Favorable
1048,Loam,Plain,Sprinkler,7.483,28.945,123.945,54.405,235.841,2.404,0.802,1.4,25.952,25.949,23.605,11.0,0.0,Favorable
1049,Sandy,Plain,None,6.853,16.885,61.803,24.962,122.053,3.336,0.919,1.585,7.432,17.114,37.983,7.686,4.056,Favorable
1050,Loam,Plain,None,7.358,23.048,130.536,55.768,186.46,3.129,1.799,1.182,26.704,15.118,28.037,8.39,7.41,Favorable
1051,Silt,Hill,None,6.285,20.104,111.213,67.14,142.023,3.316,0.794,1.352,20.437,25.445,11.291,5.935,13.099,Favorable
1052,Loam,Mountain,None,7.115,15.818,117.516,38.033,161.642,2.493,0.412,1.347,26.876,17.681,28.778,5.212,18.575,Unfavorable
1053,Sandy,Plain,None,6.946,24.884,105.167,46.462,125.383,2.571,0.8,1.512,14.608,15.631,18.765,7.637,7.684,Favorable
1054,Clay,Plain,Sprinkler,7.044,,48.985,59.778,121.109,4.674,1.041,1.352,50.993,18.703,7.744,4.393,5.724,Favorable
1055,Loam,Mountain,Sprinkler,7.229,37.334,101.221,49.738,99.689,1.26,1.01,1.399,22.056,23.052,5.88,5.873,17.677,Unfavorable
1056,Sandy,Mountain,Sprinkler,7.322,24.952,96.756,37.946,86.911,1.075,1.502,1.393,10.109,11.92,13.989,8.715,10.187,Unfavorable
1057,Loam,Plain,None,6.646,28.562,132.431,20.709,159.245,1.887,0.447,1.484,13.615,15.893,40.496,7.15,0.0,Favorable
1058,Loam,Plain,None,6.9,28.25,83.089,44.2,143.346,,1.328,1.377,31.481,18.293,34.845,6.516,5.719,Favorable
1059,Sandy,Hill,Sprinkler,6.391,25.163,96.465,20.494,85.443,3.6,0.787,1.419,6.448,19.12,4.269,5.513,12.991,Favorable
1060,Sandy,Hill,None,6.535,,110.384,23.984,111.142,2.151,0.532,1.601,15.276,18.4,11.286,5.927,1.331,Unfavorable
1061,Loam,Hill,Sprinkler,7.498,24.67,123.339,71.252,176.259,3.437,0.87,1.414,33.523,17.587,40.203,8.862,9.098,Favorable
1062,Sandy,Hill,Sprinkler,7.458,23.248,118.88,52.545,152.098,2.234,0.1,1.571,1.108,16.919,4.115,7.243,11.788,Unfavorable
1063,Sandy,Hill,Sprinkler,6.24,15.78,82.885,36.248,80.817,1.524,1.052,1.406,1.0,14.433,49.853,6.402,1.092,Unfavorable
1064,Silt,Hill,Drip,6.718,22.586,108.397,46.145,175.176,,0.382,1.444,20.273,12.745,5.588,6.735,6.976,Favorable
1065,Loam,Plain,Drip,6.897,22.036,135.886,53.293,164.141,2.937,1.252,1.318,19.021,18.701,29.881,7.361,13.819,Favorable
1066,Silt,Mountain,Sprinkler,7.119,22.356,64.676,38.805,62.29,,1.163,1.037,22.348,2.0,19.124,8.999,15.415,Unfavorable
1067,Clay,Hill,Sprinkler,5.762,17.899,114.124,52.029,163.77,,1.181,1.379,41.902,22.18,6.612,6.92,9.963,Unfavorable
1068,Sandy,Plain,None,6.41,22.469,75.096,32.926,79.733,2.506,0.321,1.734,23.129,23.371,28.923,9.246,0.0,Favorable
1069,Silt,Plain,Sprinkler,6.468,27.318,109.236,36.621,154.141,2.176,0.841,1.086,17.137,17.439,12.245,9.296,9.05,Favorable
1070,Sandy,Plain,Sprinkler,6.326,26.156,109.254,42.267,142.438,3.093,0.926,1.579,16.229,15.712,25.892,7.253,0.0,Favorable
1071,Sandy,Plain,Drip,5.998,21.897,97.639,46.757,103.95,2.965,0.573,1.552,5.553,18.431,16.091,7.817,5.573,Unfavorable
1072,Sandy,Plain,Drip,6.932,28.36,89.274,33.335,161.65,4.447,0.85,1.658,5.288,15.255,14.37,5.816,14.924,Favorable
1073,Silt,Plain,Sprinkler,6.82,39.323,108.793,70.092,147.432,4.062,0.841,1.35,24.526,21.384,28.32,5.583,0.861,Favorable
1074,Loam,Plain,None,6.762,18.442,154.917,80.385,158.5,3.173,0.683,1.427,30.09,21.906,19.379,5.458,8.654,Favorable
1075,Clay,Hill,Drip,6.261,18.514,112.875,46.412,201.193,2.004,1.116,1.576,39.235,17.725,9.823,7.483,7.886,Unfavorable
1076,Loam,Plain,None,6.326,18.699,122.433,55.833,183.068,3.612,1.688,1.446,19.498,13.601,5.191,8.224,7.692,Favorable
1077,Loam,Mountain,Sprinkler,7.758,18.568,119.164,58.429,207.937,2.852,1.404,1.391,23.287,18.601,37.146,6.637,22.804,Unfavorable
1078,Clay,Mountain,Sprinkler,6.961,18.567,83.785,36.727,133.401,4.33,1.326,1.429,58.858,16.69,18.028,5.245,8.778,Favorable
1079,Silt,Plain,Drip,6.615,28.879,93.517,47.104,200.308,4.482,0.517,1.457,19.741,19.755,90.0,9.394,7.291,Favorable
1080,Loam,Hill,Drip,6.267,16.975,100.797,62.156,131.569,2.501,1.32,1.329,20.615,18.54,17.508,6.835,1.335,Favorable
1081,Sandy,Plain,Drip,6.705,22.61,76.519,35.242,109.35,2.609,0.895,1.501,15.715,20.754,19.694,8.139,7.474,Favorable
1082,Loam,Mountain,None,6.928,18.088,96.381,52.237,75.206,2.832,0.931,1.496,27.555,14.17,26.263,6.135,21.173,Unfavorable
1083,Clay,Plain,Sprinkler,6.608,23.65,149.835,34.764,223.145,2.475,1.142,1.46,32.829,9.074,11.126,7.089,3.168,Favorable
1084,Sandy,Hill,Sprinkler,7.194,27.541,100.058,21.715,74.771,1.893,0.146,1.581,6.926,14.777,54.375,8.223,15.03,Unfavorable
1085,Clay,Hill,Sprinkler,6.971,,70.413,43.734,166.535,3.51,1.311,1.526,52.411,17.13,34.915,8.177,7.048,Favorable
1086,Silt,Plain,Sprinkler,6.946,26.413,88.967,33.773,135.518,4.305,0.353,1.302,22.048,12.109,43.334,5.73,0.0,Favorable
1087,Clay,Plain,Sprinkler,6.499,22.003,100.411,41.219,189.044,2.292,1.083,1.509,43.175,12.225,20.061,7.056,9.454,Favorable
1088,Clay,Hill,None,6.723,17.849,97.368,40.637,146.515,3.565,1.086,1.52,46.146,23.089,11.414,5.537,9.395,Favorable
1089,Loam,Plain,None,7.547,18.438,122.103,44.072,146.123,2.697,1.352,1.115,28.131,19.508,17.652,6.298,0.0,Unfavorable
1090,Silt,Plain,Drip,7.573,14.972,127.269,14.36,173.498,2.12,0.461,1.284,29.913,16.617,17.682,6.577,0.435,Unfavorable
1091,Loam,Mountain,None,6.969,27.585,122.595,39.133,212.711,1.504,1.605,1.194,26.663,18.512,36.606,7.845,16.693,Unfavorable
1092,Clay,Hill,Sprinkler,6.356,24.292,95.811,27.526,161.687,3.735,0.837,1.632,44.321,17.475,27.271,8.521,5.206,Favorable
1093,Sandy,Plain,None,6.613,19.818,96.708,47.121,109.983,1.567,0.671,1.606,1.0,23.504,26.966,7.839,0.765,Favorable
1094,Silt,Hill,Sprinkler,6.58,30.222,112.989,46.651,122.24,4.486,1.823,1.308,11.668,11.777,12.494,6.598,8.705,Favorable
1095,Clay,Mountain,Drip,6.841,24.435,103.211,35.764,127.473,,1.466,1.48,43.619,24.397,27.989,5.153,11.257,Favorable
1096,Loam,Hill,Drip,6.248,30.793,116.979,41.652,179.04,2.399,1.035,1.506,21.937,15.417,22.538,8.362,6.835,Favorable
1097,Loam,Plain,Sprinkler,7.126,19.594,130.938,63.612,133.165,2.939,1.081,1.53,32.481,20.135,2.134,5.471,0.0,Favorable
1098,Loam,Hill,None,6.744,24.667,80.729,37.486,154.444,2.499,1.18,1.511,34.239,14.105,37.427,8.031,11.177,Favorable
1099,Sandy,Hill,Sprinkler,6.961,,67.686,23.152,79.071,2.466,1.055,1.531,4.32,21.03,5.843,5.732,6.112,Unfavorable
1100,Loam,Hill,Drip,6.75,28.577,104.807,64.175,125.597,2.155,0.98,1.353,25.028,25.553,33.758,8.739,5.338,Favorable
1101,Silt,Plain,None,7.055,16.043,93.583,52.54,155.326,2.26,0.718,1.194,17.683,19.515,9.581,5.948,11.721,Unfavorable
1102,Sandy,Plain,Sprinkler,7.186,22.165,96.107,19.695,94.393,1.916,0.655,1.409,12.005,13.63,16.674,8.508,4.727,Unfavorable
1103,Clay,Plain,None,6.502,22.41,132.689,58.326,203.492,2.258,1.041,1.271,52.209,21.866,19.835,7.15,8.189,Favorable
1104,Sandy,Mountain,None,6.417,14.125,36.542,26.84,72.459,3.408,1.34,1.478,1.0,15.802,23.477,8.019,15.992,Unfavorable
1105,Loam,Plain,Sprinkler,7.159,30.602,139.571,44.384,142.706,3.285,1.125,1.315,30.072,23.652,10.691,8.375,0.0,Favorable
1106,Clay,Mountain,None,7.34,22.546,89.728,37.63,163.56,2.387,1.303,1.334,52.661,17.317,24.976,4.69,16.667,Unfavorable
1107,Silt,Plain,Drip,6.139,26.226,81.803,42.365,130.365,3.263,0.446,1.262,33.019,17.525,3.421,8.127,0.0,Favorable
1108,Clay,Hill,Sprinkler,6.892,16.176,119.127,42.223,146.336,1.994,1.23,1.294,53.273,19.94,38.193,7.772,9.183,Favorable
1109,Sandy,Plain,Sprinkler,5.414,36.499,87.743,39.59,122.345,3.448,0.86,1.431,1.327,20.749,10.869,5.729,0.0,Unfavorable
1110,Sandy,Plain,Sprinkler,6.412,24.028,81.971,43.513,93.7,2.254,0.382,1.424,8.445,15.981,9.328,8.296,10.286,Favorable
1111,Sandy,Plain,None,6.302,23.114,88.662,30.532,139.154,2.452,0.834,1.5,8.872,19.348,17.905,9.627,0.863,Favorable
1112,Clay,Hill,Sprinkler,5.895,21.268,107.405,44.295,171.457,3.871,0.84,1.427,47.189,12.49,22.947,7.045,9.282,Favorable
1113,Loam,Plain,None,6.975,24.148,116.237,59.001,147.248,3.541,1.424,1.429,30.752,22.395,18.942,6.712,5.757,Favorable
1114,Clay,Hill,Drip,7.253,26.743,114.642,39.44,204.102,1.792,1.72,1.492,45.741,11.878,32.55,6.042,10.079,Favorable
1115,Clay,Plain,Sprinkler,6.803,36.623,120.743,31.191,185.707,2.481,1.295,1.55,53.19,27.523,4.643,7.318,0.746,Favorable
1116,Sandy,Plain,Sprinkler,6.353,29.04,141.862,48.767,74.324,3.41,0.748,1.449,9.864,24.395,19.261,9.938,5.747,Favorable
1117,Sandy,Hill,None,7.113,15.925,83.434,21.191,112.363,2.611,1.059,1.317,8.022,14.835,14.785,7.344,13.184,Unfavorable
1118,Silt,Hill,Sprinkler,6.075,25.455,117.038,30.558,169.181,0.721,0.478,1.365,10.132,16.196,32.037,5.961,14.463,Unfavorable
1119,Sandy,Plain,None,5.747,21.622,107.474,51.12,65.875,1.826,1.172,1.678,1.0,17.867,28.001,7.962,0.715,Unfavorable
1120,Loam,Plain,None,6.867,27.541,111.789,54.316,184.596,3.758,1.049,1.376,15.604,7.832,19.595,7.626,1.395,Favorable
1121,Sandy,Plain,Drip,5.83,25.612,84.951,62.356,112.349,0.508,0.865,1.409,5.471,23.643,7.651,6.553,0.391,Unfavorable
1122,Loam,Plain,Drip,6.956,23.322,132.563,76.812,191.324,2.665,1.058,1.288,25.271,18.897,15.223,6.506,4.924,Favorable
1123,Loam,Plain,Drip,7.262,27.017,103.421,33.473,137.614,4.187,0.939,1.596,25.768,9.907,7.846,6.875,8.114,Favorable
1124,Clay,Mountain,None,6.623,21.492,69.788,37.039,154.644,1.497,0.84,1.377,38.074,11.647,13.911,7.207,15.695,Unfavorable
1125,Sandy,Hill,None,6.351,19.803,108.231,19.195,125.651,2.574,1.034,1.466,10.734,18.462,15.163,5.659,4.046,Favorable
1126,Loam,Plain,Sprinkler,5.913,29.368,128.126,58.788,115.072,2.186,0.815,1.425,30.45,23.598,17.78,8.502,0.0,Unfavorable
1127,Clay,Plain,Sprinkler,7.395,20.955,126.612,64.402,176.511,4.123,0.952,1.5,50.015,15.208,33.148,8.136,0.0,Favorable
1128,Sandy,Hill,Sprinkler,5.856,28.594,76.049,35.697,111.066,4.145,0.729,1.561,19.516,17.074,15.633,8.427,2.943,Unfavorable
1129,Loam,Plain,Sprinkler,6.905,24.656,112.285,59.004,173.762,2.152,1.262,1.236,29.908,18.31,21.702,7.25,3.492,Favorable
1130,Loam,Plain,None,5.647,9.073,155.669,75.738,192.622,4.304,1.126,1.24,14.758,18.859,32.775,7.041,13.528,Unfavorable
1131,Loam,Mountain,Sprinkler,7.233,18.026,136.24,43.682,123.773,3.766,0.874,1.344,24.339,11.345,23.328,5.759,10.769,Favorable
1132,Sandy,Hill,None,6.433,17.779,93.716,43.645,163.788,,0.908,1.53,6.035,14.131,22.964,7.083,4.568,Unfavorable
1133,Loam,Plain,Sprinkler,7.501,21.782,108.617,72.156,106.741,0.834,0.782,1.299,29.783,18.926,49.612,6.333,5.311,Favorable
1134,Loam,Plain,None,6.131,35.322,82.952,40.968,161.526,2.727,1.099,1.195,23.251,26.599,1.236,6.507,3.641,Unfavorable
1135,Clay,Hill,None,7.104,10.657,101.259,68.389,179.879,2.99,1.647,1.328,56.002,10.764,72.384,5.193,5.731,Unfavorable
1136,Sandy,Plain,None,7.031,33.631,90.116,43.071,89.327,,1.237,1.43,6.313,14.608,16.664,6.368,4.719,Favorable
1137,Clay,Plain,None,7.621,22.47,122.543,65.195,170.392,2.804,1.13,1.515,49.792,20.027,25.6,6.192,7.171,Unfavorable
1138,Sandy,Hill,Sprinkler,7.114,22.514,83.191,14.224,143.987,2.363,0.833,1.578,3.014,14.738,8.295,4.842,14.531,Unfavorable
1139,Sandy,Plain,None,6.601,26.98,41.284,25.974,56.043,2.568,1.236,1.241,1.0,15.536,6.094,5.728,3.584,Unfavorable
1140,Sandy,Mountain,None,6.114,21.31,89.438,38.146,106.004,1.589,0.644,1.56,4.529,15.081,60.912,4.023,24.096,Unfavorable
1141,Silt,Mountain,None,6.509,24.389,66.759,6.335,174.466,3.768,1.059,1.334,18.34,12.361,50.782,5.834,12.668,Unfavorable
1142,Sandy,Hill,None,6.114,19.839,88.046,35.735,101.57,1.826,0.995,1.392,14.387,15.017,3.747,8.179,12.697,Unfavorable
1143,Loam,Hill,None,6.248,31.851,78.81,62.456,123.904,1.825,1.119,1.494,15.671,15.112,30.322,6.752,0.0,Favorable
1144,Sandy,Hill,None,6.625,14.882,70.585,28.77,107.893,,1.384,1.614,14.746,19.241,14.769,7.232,1.954,Unfavorable
1145,Sandy,Hill,None,6.086,24.573,37.654,25.544,118.052,,0.971,1.416,12.633,11.801,24.678,7.503,17.392,Unfavorable
1146,Clay,Plain,Drip,7.057,27.617,117.819,47.57,134.26,4.313,1.145,1.382,55.978,15.492,8.999,7.99,2.42,Favorable
1147,Clay,Plain,None,7.278,40.584,106.297,45.449,158.11,3.341,0.44,1.617,42.457,20.112,12.784,7.625,9.903,Unfavorable
1148,Loam,Hill,Drip,6.339,25.685,97.323,50.644,207.247,3.376,0.829,1.343,24.565,24.894,11.414,5.594,10.343,Favorable
1149,Loam,Hill,None,6.599,38.705,110.645,28.89,113.951,3.2,0.744,1.274,21.229,16.884,42.895,8.075,15.559,Unfavorable
1150,Clay,Plain,None,7.852,19.526,91.722,46.019,154.691,3.07,1.008,1.438,54.026,19.461,20.058,8.522,1.985,Unfavorable
1151,Sandy,Hill,None,6.483,16.729,93.094,27.575,123.113,2.324,0.927,1.735,14.45,16.582,29.761,6.594,6.344,Unfavorable
1152,Sandy,Hill,None,6.3,24.095,59.902,14.83,198.372,2.982,1.24,1.591,10.359,12.472,25.839,5.958,6.037,Unfavorable
1153,Loam,Hill,None,6.842,12.594,106.576,62.149,153.62,,0.866,1.258,24.536,18.678,26.891,7.271,19.167,Favorable
1154,Silt,Plain,Drip,6.613,14.405,93.378,57.403,201.346,3.516,1.862,1.158,24.368,14.582,1.591,7.211,11.398,Favorable
1155,Silt,Plain,None,7.087,16.832,103.96,47.574,150.91,2.897,0.659,1.309,12.472,18.797,3.416,6.998,0.0,Favorable
1156,Silt,Hill,None,7.175,23.811,98.311,51.945,168.896,,1.292,1.328,14.251,22.275,14.282,8.179,15.793,Unfavorable
1157,Loam,Plain,Sprinkler,6.665,31.17,88.434,48.233,233.798,3.17,0.937,1.238,20.874,23.703,1.641,9.12,3.159,Favorable
1158,Loam,Plain,Sprinkler,7.242,26.911,89.374,59.597,167.889,2.24,1.587,1.443,22.064,12.109,20.342,6.71,0.0,Favorable
1159,Clay,Plain,Drip,7.387,28.133,136.602,64.811,189.312,,1.486,1.509,49.017,21.216,37.364,8.296,6.087,Favorable
1160,Clay,Hill,Sprinkler,7.708,29.802,104.391,40.416,182.403,2.607,1.38,1.55,48.623,14.544,13.168,7.487,6.984,Unfavorable
1161,Clay,Hill,Sprinkler,7.594,,106.845,60.329,210.208,2.621,1.652,1.456,52.732,15.391,41.993,6.779,9.328,Unfavorable
1162,Clay,Plain,None,7.652,29.066,122.301,62.887,156.001,4.644,1.106,1.232,43.392,15.078,25.577,4.8,7.841,Favorable
1163,Sandy,Plain,Drip,6.415,30.021,126.887,64.853,116.29,2.692,0.76,1.54,13.683,28.585,18.093,7.966,3.38,Favorable
1164,Loam,Mountain,None,6.628,12.003,91.987,43.812,197.667,1.47,1.298,1.487,21.354,19.784,53.529,5.58,10.841,Unfavorable
1165,Silt,Plain,None,6.27,,113.355,59.268,154.909,2.435,1.313,1.247,15.791,9.551,3.118,9.566,4.371,Favorable
1166,Sandy,Mountain,None,6.191,9.242,67.589,36.626,111.236,2.816,0.273,1.548,6.865,14.395,15.776,4.841,19.395,Unfavorable
1167,Sandy,Hill,Drip,6.495,30.191,79.32,32.815,137.66,3.156,1.301,1.417,16.241,19.762,32.888,5.995,20.87,Unfavorable
1168,Sandy,Plain,None,6.319,24.819,86.939,41.532,125.46,3.475,1.114,1.587,13.226,14.423,11.593,9.848,0.0,Favorable
1169,Loam,Plain,None,6.767,11.362,104.814,66.591,143.987,3.187,0.953,1.298,23.711,21.883,33.397,6.731,0.0,Favorable
1170,Silt,Plain,None,6.675,17.984,128.501,49.094,166.419,3.346,0.92,1.24,4.334,21.838,16.866,5.366,8.41,Favorable
1171,Loam,Hill,Drip,6.678,26.221,112.706,59.629,187.826,1.407,1.078,1.178,26.909,15.919,1.663,6.169,3.3,Favorable
1172,Clay,Plain,None,8.141,20.842,147.79,41.854,118.933,2.96,1.391,1.552,40.526,18.685,2.965,7.89,2.835,Unfavorable
1173,Clay,Plain,None,7.139,27.0,104.431,72.205,181.575,2.919,1.612,1.309,52.411,23.998,23.706,7.449,2.133,Favorable
1174,Loam,Hill,None,7.186,19.785,128.594,55.685,195.947,2.519,0.974,1.249,19.051,23.396,9.539,6.291,11.694,Unfavorable
1175,Sandy,Plain,None,6.827,21.709,68.307,57.48,94.883,2.84,0.907,1.476,3.631,10.436,8.102,6.864,11.989,Unfavorable
1176,Sandy,Mountain,Sprinkler,6.656,26.324,90.625,56.838,86.765,,1.148,1.376,3.754,14.451,7.338,6.842,18.899,Unfavorable
1177,Loam,Plain,Sprinkler,7.486,23.626,124.109,53.077,150.379,1.125,1.13,1.396,22.518,21.189,20.901,6.995,1.86,Favorable
1178,Silt,Plain,None,7.031,23.792,93.771,41.431,109.458,2.14,1.055,1.251,17.544,28.526,11.646,10.079,3.725,Favorable
1179,Loam,Mountain,Drip,6.866,18.941,150.812,28.855,152.423,2.297,1.306,1.377,21.46,21.638,38.335,6.888,23.077,Unfavorable
1180,Loam,Plain,Drip,6.995,21.735,164.018,48.996,179.266,1.733,0.906,1.291,26.807,24.327,27.68,8.779,8.16,Favorable
1181,Clay,Plain,Sprinkler,7.524,22.23,93.789,52.469,126.611,3.365,1.251,1.376,53.596,22.735,31.414,9.118,0.0,Favorable
1182,Sandy,Plain,Sprinkler,6.366,24.954,97.793,24.496,82.801,3.856,0.518,1.71,4.834,15.971,13.874,8.423,4.397,Favorable
1183,Loam,Plain,Drip,6.911,31.122,111.153,48.177,179.654,1.764,0.786,1.286,24.733,16.82,6.398,6.086,1.069,Favorable
1184,Clay,Plain,Sprinkler,6.643,12.03,105.895,63.749,198.83,3.834,1.848,1.325,46.868,24.708,11.819,6.738,7.079,Favorable
1185,Silt,Mountain,None,6.696,11.974,91.694,35.296,147.018,1.381,0.843,1.383,17.354,14.119,0.56,5.633,8.554,Unfavorable
1186,Silt,Plain,None,6.455,25.088,85.843,70.454,149.137,3.465,0.868,1.444,18.593,14.529,38.331,5.986,0.0,Favorable
1187,Loam,Plain,Sprinkler,6.701,21.713,126.06,63.954,161.333,3.811,1.11,1.492,18.468,25.093,38.344,7.628,3.376,Favorable
1188,Silt,Plain,None,6.79,23.86,116.672,62.206,126.076,3.203,0.755,1.093,17.96,15.713,10.072,5.719,4.992,Favorable
1189,Loam,Plain,None,5.797,28.117,144.881,33.685,184.185,2.28,0.791,1.378,23.88,23.383,11.347,7.048,1.148,Unfavorable
1190,Clay,Plain,None,6.395,16.048,89.252,49.452,178.331,,1.465,1.649,49.124,21.651,6.639,6.158,8.411,Unfavorable
1191,Clay,Plain,Drip,7.277,26.132,86.079,32.346,176.574,2.355,1.428,1.505,39.619,15.058,31.736,5.796,8.745,Favorable
1192,Loam,Hill,None,6.56,17.695,110.984,53.291,152.043,3.806,0.83,1.408,33.985,16.654,7.188,6.066,0.27,Favorable
1193,Silt,Hill,Sprinkler,6.749,18.051,84.805,51.376,151.701,2.99,1.193,1.412,22.065,18.74,38.743,4.357,14.51,Favorable
1194,Clay,Hill,Sprinkler,7.753,20.095,92.595,47.819,155.042,2.81,1.431,1.528,44.431,19.828,27.603,8.708,16.917,Unfavorable
1195,Loam,Plain,Sprinkler,7.311,28.979,127.264,72.422,141.366,2.414,0.693,1.344,29.806,17.876,6.886,8.221,4.697,Favorable
1196,Loam,Plain,Sprinkler,7.061,28.382,127.311,35.902,103.05,,0.152,1.456,24.786,11.945,33.791,7.109,0.902,Favorable
1197,Sandy,Hill,Sprinkler,6.646,24.975,86.138,28.491,98.399,2.582,0.537,1.697,5.297,15.47,4.32,6.058,14.924,Unfavorable
1198,Silt,Mountain,Sprinkler,6.349,23.245,80.713,42.606,143.892,3.664,1.073,1.37,16.472,18.53,47.898,4.162,7.695,Favorable
1199,Sandy,Plain,None,6.584,14.998,101.255,41.663,112.645,1.013,1.281,1.442,21.702,23.979,9.703,7.47,1.103,Unfavorable
1200,Clay,Plain,Sprinkler,6.704,,139.157,26.788,174.06,2.64,1.198,1.468,53.039,14.014,11.629,8.689,0.0,Favorable
1201,Loam,Plain,Drip,6.552,29.306,117.334,53.813,222.048,3.972,0.429,1.504,28.232,16.832,27.104,8.148,2.257,Favorable
1202,Loam,Plain,None,6.111,23.705,119.562,42.647,109.625,2.387,0.723,1.263,32.912,26.223,47.202,4.229,3.856,Favorable
1203,Silt,Plain,Sprinkler,7.118,12.587,100.399,73.538,145.515,5.617,1.242,1.241,13.59,18.723,11.016,7.045,5.104,Favorable
1204,Sandy,Plain,None,6.522,18.366,87.15,57.574,168.501,2.286,0.543,1.664,11.077,17.473,13.933,5.626,9.158,Unfavorable
1205,Loam,Hill,Drip,6.64,15.566,98.718,39.1,107.843,3.66,1.162,1.364,26.826,12.857,17.223,6.645,6.223,Favorable
1206,Loam,Hill,None,7.186,24.972,126.723,42.481,121.753,1.581,0.933,1.384,25.64,21.725,23.959,6.707,13.252,Favorable
1207,Loam,Plain,Sprinkler,6.035,21.046,120.416,43.566,189.599,2.065,0.536,1.34,30.732,19.286,4.598,6.853,10.711,Favorable
1208,Loam,Plain,Sprinkler,6.977,27.224,84.956,33.47,210.542,3.017,0.943,1.378,34.34,13.684,8.476,7.113,4.691,Favorable
1209,Loam,Hill,Sprinkler,6.945,27.823,133.478,28.974,190.435,2.922,1.044,1.482,28.467,5.587,3.988,6.152,6.047,Favorable
1210,Clay,Plain,Drip,6.422,24.711,104.355,46.191,150.968,,1.425,1.552,50.55,14.807,7.769,4.947,2.862,Favorable
1211,Loam,Plain,Sprinkler,7.785,10.128,118.151,64.217,208.146,2.871,1.124,1.512,24.176,22.153,16.248,9.709,8.797,Unfavorable
1212,Loam,Plain,Drip,7.362,17.036,133.568,49.937,145.185,3.685,0.824,1.134,24.56,26.453,56.096,6.074,8.813,Favorable
1213,Clay,Plain,Drip,7.032,34.181,89.383,37.301,147.288,4.194,1.364,1.404,52.397,11.373,42.635,6.742,2.698,Favorable
1214,Loam,Hill,None,7.305,25.72,117.56,55.245,169.746,2.318,1.079,1.188,39.785,19.771,9.266,6.747,1.541,Favorable
1215,Sandy,Hill,None,6.734,18.217,92.862,34.184,70.946,3.376,1.09,1.531,11.283,19.318,24.223,4.444,7.156,Favorable
1216,Silt,Mountain,None,6.957,15.833,94.999,36.376,125.919,1.685,0.997,1.346,26.499,13.222,23.7,6.538,10.928,Favorable
1217,Sandy,Plain,Drip,6.677,31.07,118.45,15.657,150.77,,0.522,1.487,17.154,21.0,12.17,7.94,0.0,Favorable
1218,Silt,Plain,Sprinkler,7.099,34.061,73.911,39.1,103.038,2.932,1.43,1.0,19.509,25.828,42.287,6.881,3.681,Favorable
1219,Clay,Plain,None,7.233,22.821,114.07,33.137,170.339,3.191,0.977,1.343,42.577,18.322,73.883,6.795,3.804,Favorable
1220,Loam,Hill,Sprinkler,6.576,18.17,100.651,43.162,173.232,3.261,1.434,1.313,20.149,13.15,12.908,6.333,10.282,Favorable
1221,Clay,Plain,Drip,7.073,26.549,99.183,41.678,153.67,2.505,2.327,1.454,53.793,19.658,7.659,5.369,9.754,Favorable
1222,Clay,Plain,Drip,6.359,,112.652,42.135,141.59,2.684,0.583,1.47,51.088,15.745,14.984,7.899,0.0,Favorable
1223,Loam,Plain,None,6.533,15.875,122.466,55.288,165.841,3.927,0.933,1.23,32.433,19.442,19.408,8.603,1.323,Favorable
1224,Loam,Mountain,Drip,7.087,26.124,128.296,70.2,138.615,2.303,1.331,1.44,24.513,17.797,27.806,8.546,14.982,Favorable
1225,Sandy,Mountain,Sprinkler,7.093,9.574,73.951,36.587,77.862,2.741,1.149,1.582,9.633,17.214,44.695,8.217,15.233,Unfavorable
1226,Loam,Hill,Sprinkler,7.197,18.78,138.464,53.705,147.028,2.331,0.777,1.238,18.261,19.494,30.31,6.888,17.366,Favorable
1227,Loam,Plain,Sprinkler,7.217,37.908,145.375,68.676,180.182,4.285,1.435,1.368,16.266,14.642,44.766,6.568,5.812,Favorable
1228,Clay,Plain,None,7.043,17.274,98.508,55.691,146.274,2.246,0.961,1.516,54.556,20.934,16.476,8.652,6.82,Favorable
1229,Loam,Plain,Drip,7.648,22.285,105.045,51.83,145.985,3.156,0.797,1.386,32.405,11.253,4.099,6.951,0.093,Favorable
1230,Silt,Mountain,Sprinkler,6.534,15.557,124.499,58.846,123.759,1.015,1.161,1.629,23.723,19.928,21.58,6.118,19.98,Unfavorable
1231,Clay,Plain,Drip,6.825,35.781,90.427,42.589,140.27,4.779,0.912,1.328,57.367,22.156,18.654,9.727,0.264,Favorable
1232,Silt,Mountain,Sprinkler,6.044,20.204,106.719,26.658,160.74,2.574,0.913,1.521,21.851,16.315,12.886,8.274,17.917,Unfavorable
1233,Loam,Mountain,Sprinkler,7.3,24.332,86.038,47.581,159.435,,0.707,1.248,20.846,13.645,28.718,6.041,6.44,Favorable
1234,Clay,Mountain,None,7.165,17.702,84.022,51.708,130.853,3.364,0.94,1.286,43.574,16.738,7.142,5.852,16.88,Unfavorable
1235,Sandy,Plain,Sprinkler,6.755,34.498,115.169,47.906,141.702,2.674,1.085,1.38,1.0,20.838,9.338,6.966,10.59,Favorable
1236,Loam,Plain,None,6.695,14.462,155.185,43.071,174.268,2.874,0.899,1.351,16.317,19.201,4.12,8.341,0.0,Favorable
1237,Sandy,Plain,None,6.955,30.774,81.842,44.057,111.61,3.543,0.979,1.438,1.0,16.563,41.533,7.424,2.796,Favorable
1238,Loam,Hill,Drip,6.734,16.081,80.354,73.63,140.709,3.02,0.238,1.394,13.314,22.526,10.009,6.421,8.093,Favorable
1239,Loam,Plain,Drip,6.94,14.106,147.847,45.554,167.223,3.363,0.917,1.418,24.536,18.03,8.846,6.546,7.192,Favorable
1240,Loam,Hill,None,6.177,18.639,102.17,50.975,196.343,2.167,0.823,1.243,23.269,14.961,9.305,6.101,11.541,Unfavorable
1241,Sandy,Plain,None,6.793,27.958,63.207,49.584,129.19,3.642,0.478,1.516,11.202,19.553,34.392,8.263,5.135,Favorable
1242,Clay,Plain,None,7.846,20.659,113.627,46.014,226.571,3.275,0.732,1.309,52.766,16.177,9.024,7.51,3.065,Unfavorable
1243,Loam,Plain,None,6.765,17.934,89.655,49.02,144.438,2.349,1.6,1.263,30.128,10.484,17.372,6.428,0.0,Favorable
1244,Sandy,Plain,None,5.731,16.284,87.769,46.367,138.992,,1.275,1.507,4.169,25.567,10.956,9.993,7.987,Unfavorable
1245,Loam,Plain,None,6.78,30.449,153.143,53.604,156.595,2.036,0.677,1.311,26.192,13.672,36.923,7.5,3.409,Favorable
1246,Silt,Mountain,Sprinkler,6.312,15.57,122.756,23.469,147.527,,0.887,1.418,24.097,16.336,14.719,5.331,11.34,Unfavorable
1247,Sandy,Plain,None,6.578,,106.228,35.788,106.52,2.507,0.634,1.509,16.203,18.657,6.28,5.955,4.582,Unfavorable
1248,Sandy,Plain,Drip,6.052,15.787,71.193,53.058,98.68,3.013,1.008,1.679,1.0,22.229,4.199,7.788,2.445,Unfavorable
1249,Clay,Plain,None,6.551,27.895,104.891,53.302,169.967,3.52,1.353,1.311,47.106,11.788,37.629,5.472,6.039,Favorable
1250,Loam,Plain,Drip,6.256,18.374,133.129,74.688,214.274,3.416,1.28,1.249,33.676,12.875,9.352,8.612,7.354,Favorable
1251,Clay,Mountain,None,6.782,13.711,99.268,37.441,129.187,3.263,1.665,1.398,55.898,16.539,10.459,8.756,15.529,Unfavorable
1252,Sandy,Plain,Drip,6.554,19.338,79.397,35.765,99.695,3.277,0.923,1.532,11.653,24.661,16.288,6.873,14.737,Favorable
1253,Loam,Plain,Sprinkler,6.585,20.364,108.993,46.777,166.373,2.501,0.905,1.247,23.45,14.5,23.533,6.777,17.247,Favorable
1254,Clay,Plain,None,6.489,19.069,127.103,42.082,203.718,,1.436,1.429,51.898,18.789,11.155,6.234,16.084,Unfavorable
1255,Loam,Plain,Sprinkler,6.294,32.672,146.003,52.056,165.52,5.081,1.029,1.232,38.422,23.11,29.589,8.488,4.714,Favorable
1256,Loam,Hill,Sprinkler,6.276,22.432,119.964,68.474,164.806,2.303,0.887,1.595,16.647,14.993,27.648,9.427,10.608,Favorable
1257,Loam,Mountain,None,6.521,21.103,96.888,26.209,157.668,3.301,0.951,1.428,28.129,19.305,12.858,7.288,19.261,Unfavorable
1258,Clay,Plain,None,7.372,22.795,74.241,68.187,179.642,2.03,1.037,1.527,52.471,20.338,6.644,8.833,2.74,Unfavorable
1259,Loam,Plain,None,6.747,25.061,95.742,65.092,135.496,3.118,0.924,1.146,26.726,17.784,4.94,6.113,4.8,Favorable
1260,Loam,Mountain,None,7.501,22.848,102.002,69.046,131.546,1.537,1.237,1.361,17.493,19.754,9.315,7.387,13.578,Unfavorable
1261,Loam,Plain,None,6.262,13.513,126.917,51.116,156.742,2.757,0.84,1.365,25.846,17.435,28.636,6.582,11.289,Favorable
1262,Sandy,Plain,Sprinkler,5.67,24.139,65.141,35.919,62.794,2.219,0.675,1.536,1.0,17.4,1.907,7.164,0.0,Unfavorable
1263,Loam,Hill,Drip,6.921,12.974,107.467,47.887,140.268,3.45,0.521,1.232,25.581,11.379,4.127,7.716,4.665,Favorable
1264,Sandy,Plain,Sprinkler,6.19,22.659,89.792,36.382,90.615,3.853,0.331,1.548,4.897,8.676,6.621,6.844,7.176,Favorable
1265,Silt,Mountain,None,6.59,22.739,112.977,55.34,107.365,2.873,0.719,1.431,11.28,20.446,20.711,6.434,12.016,Favorable
1266,Sandy,Mountain,None,7.06,13.01,63.293,41.162,140.183,,1.0,1.502,1.0,22.911,13.554,8.48,15.305,Unfavorable
1267,Loam,Plain,None,6.531,28.442,91.817,61.673,132.681,2.823,1.443,1.202,26.328,13.846,49.014,8.906,1.97,Favorable
1268,Sandy,Plain,Sprinkler,6.795,32.738,64.584,27.152,136.753,2.643,1.058,1.543,13.458,18.864,41.603,9.071,9.007,Favorable
1269,Clay,Mountain,Sprinkler,7.118,26.421,118.425,44.209,120.896,2.927,1.712,1.198,52.23,15.227,7.973,5.389,20.024,Unfavorable
1270,Sandy,Hill,Drip,6.043,27.622,86.354,21.748,152.612,,0.415,1.632,18.569,13.843,8.722,8.031,8.354,Unfavorable
1271,Loam,Plain,Sprinkler,6.705,28.505,142.458,77.097,166.624,3.721,1.409,1.333,19.973,15.304,37.651,7.964,8.917,Favorable
1272,Clay,Mountain,Sprinkler,6.466,23.337,123.826,28.573,161.184,3.334,0.941,1.505,40.268,13.573,3.718,4.421,16.497,Unfavorable
1273,Silt,Mountain,None,6.946,12.957,78.25,37.314,73.968,3.733,1.133,1.329,20.03,17.267,35.109,9.101,14.898,Unfavorable
1274,Loam,Plain,None,6.206,19.377,119.25,89.662,142.281,2.04,1.278,1.512,14.955,24.557,17.223,6.973,5.597,Favorable
1275,Clay,Plain,None,7.687,23.424,134.446,71.534,199.496,3.194,1.375,1.658,55.797,16.861,26.114,6.02,7.501,Favorable
1276,Sandy,Plain,Sprinkler,6.789,30.937,73.164,21.319,137.07,5.04,1.407,1.602,2.036,25.091,8.585,4.627,0.0,Favorable
1277,Clay,Hill,Sprinkler,5.967,22.944,122.292,44.48,215.361,2.374,1.516,1.592,51.168,19.219,12.061,4.69,2.262,Unfavorable
1278,Clay,Plain,Sprinkler,6.598,28.926,95.421,45.271,173.589,2.119,1.191,1.341,44.442,26.44,27.048,4.817,10.648,Favorable
1279,Loam,Hill,Drip,6.508,23.025,106.591,57.813,149.285,2.875,1.43,1.172,33.099,19.566,6.979,6.544,12.091,Favorable
1280,Sandy,Plain,Drip,7.065,39.599,91.045,26.902,149.623,2.232,0.455,1.815,9.052,25.371,56.205,4.797,12.574,Unfavorable
1281,Clay,Plain,Sprinkler,7.417,23.626,104.394,36.307,178.074,3.041,1.352,1.193,41.904,21.828,20.695,8.84,3.568,Favorable
1282,Clay,Plain,None,6.754,21.706,106.101,48.74,216.353,4.251,0.719,1.328,42.764,20.008,20.421,8.7,5.949,Favorable
1283,Loam,Hill,Sprinkler,6.462,32.887,144.69,25.008,175.259,2.914,1.248,1.563,24.4,11.722,34.921,7.29,8.869,Favorable
1284,Silt,Plain,None,5.769,23.361,125.715,51.928,200.39,3.825,0.767,1.308,17.004,16.339,37.493,9.254,0.0,Favorable
1285,Loam,Hill,Sprinkler,6.913,24.524,100.679,34.47,164.51,2.51,1.319,1.163,12.257,19.722,16.979,7.201,2.419,Favorable
1286,Silt,Plain,None,6.785,12.572,95.587,29.45,97.671,2.324,0.914,1.232,26.95,18.964,12.074,4.43,2.397,Unfavorable
1287,Loam,Plain,None,6.394,27.732,113.659,61.22,179.469,1.93,0.677,1.412,30.202,17.839,54.663,7.268,4.575,Favorable
1288,Loam,Hill,Sprinkler,6.879,28.693,105.78,64.985,133.703,2.579,1.187,1.262,21.344,23.976,31.849,10.045,14.489,Favorable
1289,Silt,Mountain,None,5.706,28.838,86.299,57.441,89.742,1.512,0.73,1.459,11.08,19.982,19.209,5.293,23.484,Unfavorable
1290,Loam,Plain,None,5.937,27.947,92.032,54.161,233.323,4.178,1.013,1.482,16.61,19.221,6.624,7.549,0.443,Unfavorable
1291,Loam,Hill,Sprinkler,7.079,36.363,133.645,31.73,172.674,4.358,1.001,1.089,27.638,14.971,71.921,4.298,8.334,Favorable
1292,Clay,Hill,Sprinkler,6.851,34.077,120.1,65.379,172.333,1.164,1.083,1.358,48.631,16.448,1.664,5.345,9.78,Unfavorable
1293,Clay,Plain,Sprinkler,6.164,30.242,71.624,34.053,149.937,4.856,1.479,1.428,57.502,11.748,12.567,7.598,0.0,Favorable
1294,Clay,Hill,None,6.895,18.598,104.136,70.658,151.068,2.951,0.8,1.275,40.576,13.161,46.827,7.11,11.599,Favorable
1295,Loam,Mountain,Drip,6.535,27.208,135.05,56.03,136.622,,0.34,1.381,26.596,16.659,26.55,4.232,14.379,Unfavorable
1296,Clay,Plain,None,6.57,32.242,118.973,42.1,201.405,2.209,0.953,1.548,61.672,17.909,23.455,5.904,0.0,Favorable
1297,Silt,Hill,Sprinkler,6.822,27.416,118.691,55.23,150.969,3.544,0.873,1.031,21.15,19.756,34.462,5.794,5.885,Favorable
1298,Loam,Plain,None,7.258,10.353,81.826,49.092,194.312,2.892,0.442,1.47,24.021,22.49,35.285,7.797,8.393,Favorable
1299,Clay,Mountain,None,7.064,23.044,115.83,53.549,151.812,4.478,0.976,1.458,37.323,13.97,22.592,4.85,6.036,Favorable
1300,Sandy,Plain,Sprinkler,6.746,27.548,72.206,26.29,152.466,2.798,0.837,1.802,3.445,19.055,15.381,8.316,8.847,Favorable
1301,Sandy,Plain,None,7.031,,57.827,24.272,130.537,2.308,0.628,1.644,5.034,21.527,19.313,6.214,13.438,Unfavorable
1302,Clay,Plain,None,6.408,21.122,135.718,41.353,151.833,4.507,1.376,1.331,58.38,8.065,10.911,4.813,2.975,Favorable
1303,Loam,Plain,None,6.742,20.428,111.679,69.71,188.453,3.461,0.511,1.317,20.018,10.058,14.611,8.408,8.037,Favorable
1304,Loam,Plain,Sprinkler,7.581,25.273,116.778,34.843,206.95,2.794,1.105,1.107,20.56,26.133,12.599,6.913,4.141,Unfavorable
1305,Clay,Hill,None,7.35,18.43,103.584,59.494,161.976,1.434,0.855,1.426,46.881,13.268,23.299,7.284,1.372,Unfavorable
1306,Clay,Plain,Sprinkler,6.138,24.113,124.521,59.975,169.271,3.699,1.426,1.642,54.854,16.094,9.186,7.127,0.0,Favorable
1307,Clay,Plain,Drip,7.192,23.626,117.207,24.936,174.035,3.488,0.8,1.381,59.16,26.863,5.462,7.038,13.093,Favorable
1308,Loam,Mountain,Sprinkler,7.019,25.112,53.431,36.008,130.816,3.994,0.955,1.476,30.572,17.091,46.83,6.0,10.783,Favorable
1309,Silt,Hill,Sprinkler,6.546,,107.732,58.791,142.389,1.552,0.554,1.344,16.601,10.887,11.229,9.865,18.447,Unfavorable
1310,Clay,Plain,Drip,6.209,,146.248,51.149,157.904,2.364,1.647,1.411,47.768,26.172,31.499,6.021,13.495,Favorable
1311,Sandy,Plain,Sprinkler,6.726,33.668,94.201,16.657,79.989,2.332,0.959,1.627,1.0,10.024,35.583,10.844,5.549,Favorable
1312,Sandy,Mountain,None,6.625,22.857,27.569,33.305,87.8,2.387,0.824,1.503,5.366,15.05,29.735,8.393,11.31,Unfavorable
1313,Clay,Hill,Sprinkler,7.216,21.736,114.526,56.061,132.12,3.041,0.876,1.578,50.237,10.22,23.171,6.807,15.909,Unfavorable
1314,Clay,Mountain,None,7.34,10.905,66.526,30.64,124.762,2.369,1.669,1.466,43.317,14.604,17.753,7.308,20.352,Unfavorable
1315,Clay,Mountain,Sprinkler,6.953,11.983,102.85,19.648,165.345,2.587,0.899,1.408,45.712,15.433,25.561,6.922,18.456,Unfavorable
1316,Sandy,Plain,None,6.754,22.118,119.374,37.596,119.648,4.21,0.504,1.403,9.118,17.22,19.899,8.321,0.867,Favorable
1317,Loam,Plain,Drip,6.401,32.666,107.296,58.994,165.323,4.615,0.705,1.168,30.7,20.142,5.984,6.858,10.426,Favorable
1318,Sandy,Hill,None,6.295,,93.662,63.199,158.826,,0.655,1.315,1.0,17.343,12.278,8.023,12.941,Unfavorable
1319,Clay,Mountain,Sprinkler,7.341,39.896,104.69,24.682,181.762,4.49,1.185,1.432,60.439,12.841,26.976,7.858,16.066,Unfavorable
1320,Clay,Mountain,None,7.233,17.59,90.794,34.217,182.219,2.684,1.084,1.613,53.654,17.128,13.782,5.372,21.045,Unfavorable
1321,Silt,Mountain,Drip,6.695,29.439,103.297,77.197,145.854,3.009,0.826,1.312,21.139,12.444,22.395,5.587,12.948,Unfavorable
1322,Sandy,Hill,Drip,7.157,21.962,91.78,51.688,78.722,1.733,0.89,1.591,5.109,20.55,19.621,8.104,0.9,Favorable
1323,Sandy,Hill,Drip,7.011,21.746,78.177,30.066,108.122,2.819,0.763,1.449,10.137,14.606,29.111,6.557,15.291,Favorable
1324,Sandy,Hill,Drip,6.394,16.83,99.134,20.389,115.598,2.213,0.77,1.503,4.002,22.369,6.798,6.093,3.041,Unfavorable
1325,Loam,Mountain,Drip,6.564,21.116,110.461,41.917,233.49,2.573,0.747,1.366,29.751,18.382,5.288,7.084,10.174,Favorable
1326,Silt,Plain,Sprinkler,6.698,31.844,99.048,43.055,161.193,2.678,0.814,1.307,20.81,10.844,32.306,10.434,3.696,Favorable
1327,Sandy,Hill,None,6.846,24.112,96.747,24.995,117.615,3.72,1.437,1.45,7.559,19.331,5.535,6.646,11.765,Unfavorable
1328,Silt,Mountain,Drip,6.537,21.861,43.226,16.975,125.742,3.422,1.09,1.307,18.739,13.604,26.356,7.26,8.918,Favorable
1329,Loam,Plain,Drip,6.496,32.401,124.372,49.721,171.645,2.539,1.096,1.222,20.771,15.404,50.133,9.535,8.439,Favorable
1330,Silt,Plain,Drip,6.898,35.222,140.648,37.57,155.228,3.35,1.006,1.276,8.407,25.261,16.142,9.957,5.938,Favorable
1331,Clay,Plain,Sprinkler,7.086,27.498,126.648,53.404,168.797,4.156,0.807,1.435,43.023,13.004,6.225,6.041,3.839,Favorable
1332,Loam,Plain,None,6.855,14.523,89.744,59.677,137.829,,0.222,1.367,28.756,11.473,23.189,8.625,10.796,Favorable
1333,Loam,Plain,None,6.876,13.696,119.454,59.725,142.261,1.836,1.176,1.252,26.709,12.227,29.885,3.94,5.275,Favorable
1334,Loam,Plain,Sprinkler,7.178,17.553,130.577,41.085,155.65,2.428,0.612,1.518,23.639,22.207,22.08,4.52,6.47,Favorable
1335,Loam,Mountain,Sprinkler,6.327,27.357,107.543,41.653,156.853,1.899,1.378,1.364,22.07,17.786,21.251,7.543,17.881,Unfavorable
1336,Silt,Hill,Drip,7.101,30.8,93.34,50.387,141.985,4.996,1.255,1.197,16.277,15.434,29.538,9.268,8.407,Favorable
1337,Sandy,Plain,Sprinkler,6.52,19.895,56.805,39.311,116.019,0.83,1.371,1.643,3.282,17.724,48.096,7.686,16.065,Unfavorable
1338,Clay,Plain,Sprinkler,6.745,20.367,108.564,61.085,208.021,4.091,0.895,1.282,44.522,22.521,39.085,9.576,4.399,Favorable
1339,Clay,Plain,Drip,6.751,25.976,99.433,54.348,158.887,2.593,1.571,1.312,60.465,15.692,74.916,6.471,4.013,Favorable
1340,Loam,Plain,Drip,6.916,,133.157,47.759,170.508,2.239,1.212,1.085,20.824,12.7,37.248,6.629,5.601,Favorable
1341,Loam,Plain,Sprinkler,6.892,24.795,153.715,59.447,166.11,,0.902,1.323,13.92,14.716,22.553,7.492,8.286,Favorable
1342,Silt,Hill,None,6.973,20.237,96.78,46.31,110.99,,0.854,1.411,24.628,20.047,9.967,8.605,0.0,Favorable
1343,Silt,Plain,Sprinkler,6.863,24.973,108.763,57.451,130.056,4.374,0.948,1.267,14.64,12.071,9.95,6.348,1.893,Favorable
1344,Loam,Mountain,None,6.875,20.72,122.802,39.671,207.494,2.812,1.35,1.408,20.447,15.237,14.069,4.82,7.406,Favorable
1345,Clay,Hill,None,7.346,22.901,109.014,48.792,121.584,,1.45,1.524,44.25,15.58,33.097,7.834,3.157,Favorable
1346,Loam,Hill,Sprinkler,6.875,,119.543,28.099,163.741,2.311,0.622,1.303,15.379,9.068,49.74,6.915,11.332,Favorable
1347,Loam,Hill,Sprinkler,6.63,21.788,98.903,61.03,174.832,3.189,1.195,1.446,33.287,12.415,38.193,6.247,8.248,Favorable
1348,Silt,Plain,Sprinkler,5.799,26.502,56.259,44.243,146.743,4.684,0.61,1.32,28.265,14.885,26.274,7.755,6.089,Favorable
1349,Loam,Mountain,Drip,6.804,19.224,102.561,69.431,151.197,1.593,1.285,1.226,24.973,20.563,26.738,6.918,7.1,Favorable
1350,Loam,Hill,Sprinkler,6.269,24.795,128.74,54.075,231.469,3.002,0.99,1.457,41.977,19.404,11.24,8.72,4.894,Favorable
1351,Silt,Hill,None,6.601,27.789,106.237,39.331,161.235,3.703,0.766,1.237,30.76,21.133,13.724,6.611,15.741,Favorable
1352,Clay,Hill,None,6.398,21.028,109.222,55.745,219.337,2.602,1.006,1.377,36.42,23.421,47.506,7.138,13.752,Favorable
1353,Sandy,Hill,None,6.787,26.005,83.187,35.162,94.287,3.463,1.008,1.447,13.465,27.561,14.052,6.13,4.666,Favorable
1354,Sandy,Plain,Sprinkler,6.543,20.562,85.244,19.831,145.652,2.53,1.103,1.406,5.076,20.238,1.952,6.453,2.784,Unfavorable
1355,Loam,Hill,Sprinkler,6.709,29.139,117.826,81.759,109.628,2.805,0.667,1.361,37.806,22.268,17.473,9.427,13.06,Favorable
1356,Sandy,Hill,Sprinkler,7.37,19.695,119.333,44.031,56.196,2.381,0.619,1.582,11.398,19.696,56.751,5.566,4.509,Favorable
1357,Loam,Plain,Sprinkler,6.915,36.94,105.665,52.478,187.665,4.057,1.055,1.336,28.464,26.28,12.616,7.285,13.011,Favorable
1358,Clay,Hill,Drip,7.51,30.789,141.96,68.785,137.022,2.34,0.709,1.586,35.94,16.574,14.368,6.14,8.393,Unfavorable
1359,Loam,Plain,None,6.267,12.88,95.877,50.946,148.589,2.061,0.962,1.339,23.9,18.812,33.628,6.695,4.981,Favorable
1360,Loam,Plain,Sprinkler,6.92,21.444,133.121,38.511,125.622,2.692,0.896,1.467,26.026,18.741,20.459,4.018,4.757,Favorable
1361,Loam,Hill,None,6.775,19.961,104.182,46.973,170.231,,1.468,1.288,25.531,17.558,9.016,4.669,7.415,Favorable
1362,Loam,Plain,None,7.592,22.028,82.887,68.708,157.76,4.462,0.991,1.383,25.779,20.163,11.662,8.862,12.695,Unfavorable
1363,Clay,Hill,None,6.984,21.128,105.332,23.786,175.286,4.3,1.342,1.395,46.973,17.68,5.852,7.623,12.647,Favorable
1364,Loam,Plain,None,7.125,23.097,108.284,48.569,164.42,3.373,1.034,1.541,29.326,6.756,23.982,8.84,1.187,Favorable
1365,Sandy,Mountain,Sprinkler,6.414,25.666,49.739,27.715,28.489,4.064,1.04,1.52,15.569,14.357,24.178,6.237,15.888,Unfavorable
1366,Sandy,Plain,None,6.414,24.577,113.75,29.438,126.427,,0.242,1.699,13.59,8.396,21.793,9.675,3.329,Favorable
1367,Silt,Mountain,None,6.778,11.86,81.667,35.77,179.912,1.221,0.715,1.14,14.426,21.835,36.217,5.521,18.649,Unfavorable
1368,Silt,Hill,Drip,6.776,18.215,82.098,61.18,162.609,1.792,1.244,1.182,24.596,15.772,6.014,7.657,11.07,Favorable
1369,Silt,Plain,Sprinkler,7.373,32.002,82.059,65.37,103.618,3.603,0.786,1.303,31.312,25.881,3.105,8.815,2.443,Unfavorable
1370,Loam,Plain,None,7.596,18.945,124.426,48.944,156.092,2.547,0.826,1.661,26.671,14.065,29.292,9.979,10.952,Unfavorable
1371,Clay,Hill,Sprinkler,6.804,26.999,102.157,61.948,189.622,3.717,0.685,1.282,37.853,12.379,15.158,5.311,4.538,Favorable
1372,Clay,Plain,None,6.863,23.595,90.488,36.301,164.713,4.458,1.806,1.308,51.136,10.514,7.053,9.52,9.87,Favorable
1373,Sandy,Mountain,Drip,5.867,21.73,89.259,41.692,106.741,1.473,1.1,1.681,8.732,16.212,17.555,10.578,12.067,Unfavorable
1374,Clay,Hill,None,6.788,30.257,106.044,58.593,192.41,2.863,1.193,1.608,40.644,18.393,20.079,8.841,7.821,Favorable
1375,Clay,Hill,None,7.636,,92.205,54.373,146.489,3.262,0.704,1.444,46.48,27.577,6.617,8.607,4.711,Unfavorable
1376,Loam,Plain,Sprinkler,6.267,35.119,136.518,65.616,150.09,1.818,0.822,1.312,25.322,18.024,42.614,5.37,0.0,Favorable
1377,Sandy,Plain,Drip,7.262,,78.32,37.011,158.779,4.122,0.792,1.577,7.008,6.867,88.819,9.178,2.244,Favorable
1378,Clay,Hill,None,6.358,25.665,62.542,38.237,104.123,3.043,1.436,1.564,54.332,18.704,71.792,6.422,9.475,Favorable
1379,Loam,Mountain,Sprinkler,6.442,26.853,89.917,47.807,79.911,2.929,0.6,1.306,17.027,18.399,15.863,5.071,15.288,Unfavorable
1380,Sandy,Plain,None,6.286,15.603,81.021,48.235,119.811,3.69,0.87,1.601,8.08,13.817,40.57,8.864,0.0,Favorable
1381,Loam,Plain,Sprinkler,7.317,18.873,131.615,46.883,157.988,2.448,1.199,1.23,19.502,9.258,21.108,9.079,1.531,Favorable
1382,Loam,Plain,Sprinkler,7.16,19.549,149.803,54.132,149.866,1.277,0.602,1.446,25.713,18.393,12.248,6.5,1.765,Favorable
1383,Silt,Mountain,None,6.782,21.827,87.076,49.813,162.517,1.322,0.911,1.272,24.419,16.178,15.143,4.966,17.079,Unfavorable
1384,Loam,Plain,Sprinkler,6.947,,87.827,56.754,197.219,1.932,1.357,1.299,8.47,21.676,23.966,7.314,4.07,Favorable
1385,Loam,Hill,Drip,6.718,27.201,121.763,60.977,201.67,3.012,1.192,1.315,21.541,12.904,15.296,7.949,0.0,Favorable
1386,Clay,Hill,None,7.092,15.67,102.697,29.085,185.874,,1.142,1.352,49.975,23.237,21.024,6.21,10.729,Favorable
1387,Sandy,Hill,None,6.109,16.831,41.225,23.109,128.894,1.339,0.725,1.518,14.453,22.714,11.045,7.637,12.701,Unfavorable
1388,Loam,Hill,None,6.508,25.126,105.132,37.539,203.407,2.518,1.056,1.401,20.501,13.914,50.558,5.865,12.837,Favorable
1389,Clay,Plain,Sprinkler,7.327,,84.83,60.928,162.314,3.13,0.97,1.52,58.451,18.065,3.737,8.722,4.854,Favorable
1390,Sandy,Plain,Sprinkler,7.186,22.855,93.427,27.112,73.28,3.298,0.903,1.475,7.428,12.977,21.551,5.686,0.0,Favorable
1391,Clay,Plain,None,7.128,26.397,111.673,66.798,131.417,1.725,1.089,1.257,55.703,17.534,20.384,10.453,4.669,Favorable
1392,Loam,Mountain,None,6.333,9.996,138.531,65.598,147.097,2.024,0.873,1.233,18.89,15.056,22.985,6.451,17.887,Unfavorable
1393,Loam,Hill,Drip,7.158,31.008,126.405,22.085,174.828,1.182,1.355,1.212,16.188,14.228,19.723,6.032,9.077,Favorable
1394,Clay,Plain,Sprinkler,7.552,33.625,108.686,53.565,164.261,2.523,1.194,1.209,45.285,19.663,23.619,6.831,10.266,Unfavorable
1395,Sandy,Mountain,None,6.979,21.115,94.883,19.785,145.058,1.687,0.955,1.449,10.306,13.944,6.221,5.747,19.721,Unfavorable
1396,Loam,Plain,None,7.116,,148.161,58.453,150.24,2.74,1.276,1.4,33.292,13.309,29.366,8.174,5.296,Favorable
1397,Loam,Plain,Drip,6.687,28.436,103.461,71.285,127.171,2.346,0.803,1.341,7.713,18.898,14.832,8.017,6.044,Favorable
1398,Loam,Plain,None,6.457,15.543,120.547,56.797,156.816,,1.274,1.502,32.943,19.489,17.694,7.95,11.114,Favorable
1399,Sandy,Hill,Sprinkler,6.379,23.719,53.525,33.634,126.152,1.935,1.361,1.507,4.238,11.149,23.727,8.013,8.275,Unfavorable
1400,Loam,Plain,None,6.973,14.414,92.209,45.42,134.616,3.018,1.32,1.361,19.395,16.658,39.048,8.787,15.431,Favorable
1401,Loam,Plain,Sprinkler,6.268,31.837,104.472,20.752,106.953,2.822,1.212,1.33,19.397,18.871,27.633,6.363,7.18,Favorable
1402,Clay,Hill,None,6.704,9.734,114.359,50.881,179.215,4.833,0.76,1.442,57.255,14.576,7.536,5.922,0.0,Favorable
1403,Loam,Hill,Sprinkler,7.108,23.29,101.329,38.018,167.835,2.182,1.055,1.408,24.862,11.465,61.261,7.878,11.874,Favorable
1404,Loam,Plain,None,6.49,22.716,142.498,63.081,138.855,2.892,1.528,1.318,37.81,19.222,38.617,9.247,11.2,Favorable
1405,Loam,Plain,Sprinkler,6.492,32.061,135.03,67.554,151.901,2.676,0.89,1.349,24.802,13.47,28.436,6.472,3.995,Favorable
1406,Sandy,Hill,None,6.637,12.935,57.626,29.316,102.049,1.836,0.922,1.542,11.348,17.942,6.431,6.847,12.515,Unfavorable
1407,Clay,Hill,Sprinkler,7.127,19.181,70.992,77.886,196.98,3.444,1.769,1.566,45.154,17.519,30.81,6.667,5.672,Favorable
1408,Loam,Mountain,Sprinkler,6.464,24.491,94.681,42.758,121.422,1.202,0.949,1.0,20.073,13.583,26.496,6.059,15.443,Unfavorable
1409,Sandy,Plain,None,6.121,17.781,80.967,43.069,148.071,1.478,0.701,1.731,10.561,17.254,4.261,8.251,9.016,Unfavorable
1410,Loam,Hill,Sprinkler,7.234,23.905,132.451,41.635,171.953,,1.54,1.276,36.196,19.638,10.823,9.481,8.376,Favorable
1411,Sandy,Plain,Sprinkler,6.364,23.694,84.971,44.956,165.392,2.26,0.71,1.706,14.879,28.495,30.549,8.05,8.749,Favorable
1412,Sandy,Hill,Drip,6.011,24.07,66.245,36.266,88.822,1.861,0.753,1.435,7.319,10.515,17.224,7.686,15.821,Unfavorable
1413,Silt,Plain,Drip,6.713,28.55,100.378,40.18,159.385,3.032,0.863,1.435,15.219,12.467,27.765,5.151,5.532,Favorable
1414,Loam,Hill,None,6.593,15.936,116.286,65.089,178.137,2.386,0.774,1.339,32.145,22.201,33.548,7.517,10.086,Favorable
1415,Loam,Hill,None,7.046,20.81,104.386,66.885,154.879,2.65,0.857,1.316,16.697,11.133,8.408,5.928,11.338,Favorable
1416,Clay,Hill,Drip,7.535,,123.568,30.751,127.522,3.248,0.621,1.36,53.315,12.08,41.57,8.825,6.939,Favorable
1417,Sandy,Plain,Sprinkler,6.262,28.331,91.415,51.693,121.931,1.789,1.331,1.591,1.938,18.661,47.225,8.817,7.081,Favorable
1418,Silt,Plain,None,6.299,27.574,126.35,41.435,113.358,2.849,1.367,1.243,12.42,21.443,7.657,7.71,0.0,Favorable
1419,Sandy,Hill,None,6.584,22.273,62.307,39.083,65.981,2.645,0.148,1.513,8.623,11.629,16.194,9.364,3.776,Unfavorable
1420,Sandy,Mountain,Sprinkler,6.77,,82.725,51.508,59.598,3.249,0.935,1.524,6.5,22.422,37.038,7.268,21.341,Unfavorable
1421,Loam,Plain,None,6.433,30.992,103.743,50.091,112.92,4.794,0.891,1.409,29.985,16.187,24.636,8.576,4.452,Favorable
1422,Loam,Plain,None,7.185,22.164,136.25,54.656,141.198,2.504,1.408,1.455,36.735,13.065,16.983,7.111,2.58,Favorable
1423,Sandy,Plain,Sprinkler,6.494,29.405,63.158,57.577,143.797,3.613,0.791,1.573,20.226,19.67,1.381,8.275,10.578,Unfavorable
1424,Clay,Plain,Sprinkler,7.491,19.309,114.822,42.634,182.059,3.775,0.719,1.364,41.62,14.097,9.819,8.743,11.066,Favorable
1425,Sandy,Mountain,None,6.137,10.132,89.864,20.679,138.935,2.44,1.215,1.267,11.028,16.774,16.377,7.69,27.748,Unfavorable
1426,Sandy,Hill,None,6.357,21.401,67.736,46.458,107.509,1.843,1.176,1.321,1.485,21.429,14.494,7.58,11.214,Unfavorable
1427,Loam,Plain,Drip,7.31,23.059,140.309,63.225,197.112,2.861,0.882,1.391,25.396,17.72,8.301,6.125,3.31,Favorable
1428,Loam,Mountain,None,6.759,8.85,114.434,48.652,112.56,1.663,1.273,1.402,18.237,18.135,52.927,6.15,23.004,Unfavorable
1429,Sandy,Hill,Drip,6.531,24.95,135.597,39.786,164.373,2.175,1.141,1.522,7.038,10.804,18.573,6.049,15.313,Favorable
1430,Loam,Hill,None,6.374,20.832,87.018,35.478,175.792,2.363,1.519,1.386,22.738,21.232,48.863,9.479,10.654,Favorable
1431,Clay,Plain,None,7.171,15.645,89.665,42.128,131.708,3.373,0.768,1.361,47.59,19.885,49.197,8.459,8.58,Favorable
1432,Clay,Plain,Sprinkler,7.201,28.16,122.165,50.986,132.921,3.17,1.235,1.261,49.779,30.603,13.847,6.458,2.629,Favorable
1433,Clay,Mountain,Sprinkler,6.705,26.901,108.048,31.937,168.981,2.951,1.06,1.457,45.327,13.853,9.687,5.169,13.859,Unfavorable
1434,Loam,Hill,None,6.964,32.84,99.121,77.018,184.639,2.689,1.138,1.406,28.256,22.903,14.532,8.202,15.528,Favorable
1435,Silt,Plain,Sprinkler,7.005,27.131,96.742,47.994,158.459,2.09,1.27,1.43,27.864,15.138,20.584,8.862,2.999,Favorable
1436,Silt,Hill,None,6.799,,85.537,54.918,154.756,2.822,1.368,1.365,16.156,18.849,14.613,8.599,6.23,Favorable
1437,Sandy,Plain,None,6.559,15.221,96.867,25.663,73.953,2.666,0.562,1.659,3.479,15.081,12.613,7.819,6.427,Unfavorable
1438,Clay,Plain,None,6.841,,122.544,20.477,169.74,2.387,1.44,1.374,38.954,18.941,11.241,11.0,6.055,Favorable
1439,Loam,Plain,Sprinkler,6.544,26.02,96.901,32.696,223.482,3.527,1.2,1.311,27.849,20.016,26.586,7.915,3.877,Favorable
1440,Sandy,Plain,None,6.229,28.49,93.144,29.132,125.019,,1.44,1.538,11.546,14.871,11.202,6.719,0.774,Favorable
1441,Sandy,Plain,Drip,6.929,29.388,73.893,37.774,99.55,1.687,0.852,1.572,7.166,16.579,16.377,6.397,9.018,Favorable
1442,Loam,Plain,None,7.237,21.494,116.128,61.604,184.113,4.485,0.949,1.335,15.719,16.381,16.561,6.567,10.353,Favorable
1443,Silt,Plain,Drip,6.623,24.463,75.804,33.227,131.186,2.184,1.206,1.194,14.278,10.495,51.554,6.565,2.569,Favorable
1444,Clay,Hill,Sprinkler,7.433,22.284,82.55,58.943,141.739,,1.346,1.227,47.625,16.07,13.193,6.107,7.853,Favorable
1445,Clay,Mountain,None,6.89,16.369,101.994,43.882,176.02,2.77,1.19,1.345,45.259,9.818,1.386,5.693,11.371,Unfavorable
1446,Silt,Plain,None,7.017,30.001,121.974,63.93,115.23,,0.837,1.287,20.011,18.724,9.637,7.546,11.346,Favorable
1447,Silt,Mountain,Sprinkler,6.395,11.151,80.034,53.479,123.281,2.63,0.705,1.465,18.406,11.651,25.534,6.072,14.229,Unfavorable
1448,Sandy,Plain,None,6.485,21.552,77.193,42.421,178.787,2.274,0.806,1.715,6.346,16.28,29.668,6.769,3.259,Favorable
1449,Silt,Plain,Drip,6.817,27.602,129.571,41.994,171.033,3.265,0.722,1.42,27.692,14.716,19.728,7.308,7.38,Favorable
1450,Loam,Plain,None,7.148,13.619,127.308,46.141,193.78,2.67,0.709,1.24,25.461,18.194,16.128,7.451,1.664,Favorable
1451,Silt,Plain,Sprinkler,6.249,23.406,94.687,35.803,151.118,1.425,0.991,1.255,22.481,18.62,3.3,7.307,2.97,Favorable
1452,Loam,Hill,None,6.674,22.187,68.997,64.733,167.376,2.692,0.811,1.373,21.539,11.268,40.906,6.625,18.179,Favorable
1453,Clay,Hill,None,6.281,7.16,127.137,53.356,156.77,4.803,1.311,1.407,59.446,13.213,13.733,5.785,11.708,Unfavorable
1454,Loam,Hill,Drip,6.418,26.327,106.195,43.943,141.492,3.795,1.425,1.344,21.289,19.918,3.386,6.799,8.601,Favorable
1455,Silt,Plain,Sprinkler,6.555,26.712,101.333,47.435,204.792,,0.617,1.376,18.195,22.119,29.903,6.387,0.0,Favorable
1456,Loam,Plain,Sprinkler,6.967,25.945,93.536,60.819,171.696,3.918,1.027,1.293,27.151,18.116,23.719,4.708,5.17,Favorable
1457,Loam,Hill,Sprinkler,6.698,21.533,125.547,21.484,171.577,2.967,0.771,1.194,25.665,15.757,29.38,6.274,7.917,Favorable
1458,Loam,Plain,None,7.193,26.224,139.938,67.747,157.903,1.962,1.138,1.358,19.662,21.351,9.391,6.695,3.542,Favorable
1459,Clay,Hill,Sprinkler,7.138,18.386,100.364,31.839,183.939,3.78,1.414,1.592,53.82,21.517,16.085,8.818,12.306,Favorable
1460,Loam,Hill,None,6.857,11.491,118.498,49.955,96.539,2.057,0.841,1.151,29.452,14.62,32.459,6.495,21.751,Unfavorable
1461,Sandy,Plain,Sprinkler,6.874,27.036,98.219,21.864,106.498,3.845,0.777,1.42,1.0,12.422,35.664,6.029,9.033,Favorable
1462,Clay,Plain,None,7.282,17.838,136.975,55.259,145.189,3.434,0.973,1.333,49.006,15.106,38.264,6.127,7.005,Favorable
1463,Sandy,Plain,None,6.853,27.675,92.436,35.403,125.529,3.667,0.787,1.561,9.284,12.77,17.721,6.377,0.0,Favorable
1464,Sandy,Hill,None,6.638,23.333,111.304,38.835,96.995,1.605,0.964,1.485,10.032,21.173,20.877,5.163,13.946,Unfavorable
1465,Clay,Hill,Sprinkler,7.231,35.928,132.862,50.092,199.525,3.22,1.353,1.295,36.489,16.762,25.879,4.718,14.604,Favorable
1466,Sandy,Mountain,None,6.961,29.055,72.333,30.194,100.195,3.815,0.888,1.55,10.705,14.729,3.987,6.689,15.419,Unfavorable
1467,Clay,Hill,Sprinkler,7.326,35.788,123.064,43.806,168.84,2.643,1.368,1.401,52.02,20.082,16.885,8.652,6.568,Favorable
1468,Clay,Hill,Sprinkler,7.097,,137.051,39.5,156.494,2.223,0.904,1.514,43.99,14.424,4.8,5.247,13.883,Unfavorable
1469,Sandy,Hill,None,6.601,11.02,119.846,39.609,140.564,1.743,0.75,1.417,9.404,17.693,10.358,7.602,12.624,Unfavorable
1470,Sandy,Plain,None,7.369,27.661,88.0,30.587,137.15,,0.795,1.595,2.056,16.846,33.792,9.616,0.0,Favorable
1471,Loam,Plain,None,6.908,,141.546,64.085,110.905,1.913,1.57,1.538,11.819,20.177,26.393,6.888,3.806,Favorable
1472,Clay,Plain,Drip,7.538,19.207,119.511,34.795,144.607,2.651,1.09,1.539,50.522,19.481,25.308,5.17,3.321,Favorable
1473,Loam,Plain,None,6.49,21.781,128.987,64.966,198.111,3.142,1.279,1.384,25.083,20.813,28.47,8.416,2.926,Favorable
1474,Loam,Plain,None,6.906,21.171,122.27,48.1,178.613,3.284,0.654,1.377,29.207,21.032,23.982,6.588,11.544,Favorable
1475,Loam,Hill,None,6.606,11.731,121.736,25.754,164.148,4.677,0.903,1.122,22.597,18.213,18.861,6.309,10.726,Favorable
1476,Clay,Hill,Sprinkler,7.462,,161.782,42.834,154.173,2.764,0.786,1.529,43.57,22.229,11.488,7.378,4.454,Favorable
1477,Loam,Plain,Sprinkler,7.674,27.509,108.098,57.033,179.614,3.999,1.6,1.179,22.513,11.636,18.346,6.097,10.543,Favorable
1478,Loam,Plain,None,6.898,29.391,121.33,28.48,166.873,3.576,1.877,1.654,26.561,19.324,46.753,6.845,3.643,Favorable
1479,Sandy,Plain,None,6.667,26.808,124.126,37.557,165.907,,0.867,1.514,1.0,21.083,30.252,6.053,5.99,Favorable
1480,Silt,Hill,Drip,7.335,23.472,118.576,22.929,181.145,4.731,0.695,1.388,15.021,25.766,55.954,6.089,8.646,Favorable
1481,Sandy,Mountain,None,6.446,18.133,63.242,36.168,124.888,,0.836,1.584,18.697,11.985,7.954,5.644,23.452,Unfavorable
1482,Sandy,Hill,Drip,5.871,,88.934,5.0,87.808,2.382,0.733,1.668,21.383,5.781,6.362,5.27,16.557,Unfavorable
1483,Sandy,Plain,Drip,6.518,30.157,142.005,32.466,100.68,4.054,0.559,1.454,4.87,14.852,25.312,5.879,2.227,Favorable
1484,Clay,Mountain,Sprinkler,7.313,13.416,54.852,75.068,195.536,1.645,1.642,1.619,48.53,11.127,8.598,6.227,16.119,Unfavorable
1485,Loam,Plain,None,6.997,26.639,117.416,46.202,148.502,1.53,0.694,1.336,23.783,12.824,26.216,5.541,9.879,Favorable
1486,Loam,Mountain,Drip,6.405,27.05,114.397,51.184,118.044,1.583,1.163,1.328,20.817,14.962,14.282,7.273,12.971,Favorable
1487,Loam,Plain,None,7.272,30.285,110.82,65.792,128.68,4.297,1.318,1.245,20.493,11.74,17.122,8.366,0.0,Favorable
1488,Clay,Plain,None,7.772,22.077,130.876,61.983,157.93,5.011,0.945,1.353,46.013,23.1,2.562,9.051,3.4,Unfavorable
1489,Sandy,Hill,Sprinkler,5.603,20.188,85.938,30.248,87.5,,0.862,1.678,14.759,6.079,7.635,6.184,11.134,Unfavorable
1490,Clay,Hill,Sprinkler,7.46,16.016,110.726,81.006,186.636,2.012,1.013,1.499,54.591,19.588,4.002,6.371,5.333,Unfavorable
1491,Sandy,Plain,Drip,5.998,26.569,144.003,28.765,117.067,2.315,0.564,1.576,8.006,22.031,10.0,8.026,3.49,Unfavorable
1492,Loam,Mountain,None,6.998,16.492,79.147,49.159,101.365,4.029,0.949,1.307,28.799,9.604,6.504,6.942,16.853,Unfavorable
1493,Clay,Plain,None,6.624,13.891,86.117,78.503,185.869,3.615,1.357,1.541,56.561,15.741,41.493,9.553,2.003,Favorable
1494,Sandy,Mountain,Sprinkler,6.715,31.337,74.301,7.864,141.29,2.897,0.365,1.605,1.0,17.292,14.808,6.311,7.443,Unfavorable
1495,Clay,Plain,None,6.873,13.531,98.834,53.57,193.55,3.062,1.171,1.369,47.673,16.591,12.155,8.511,5.929,Favorable
1496,Silt,Plain,Sprinkler,7.2,34.577,84.632,95.476,139.482,3.762,1.126,1.182,7.192,23.582,29.83,8.341,5.127,Favorable
1497,Loam,Hill,Drip,7.239,30.257,86.116,60.727,209.731,2.634,0.916,1.376,20.997,19.137,16.546,9.605,8.507,Favorable
1498,Sandy,Plain,None,6.299,24.046,129.68,37.446,118.003,1.475,1.356,1.571,3.248,15.891,46.291,7.024,0.0,Favorable
1499,Loam,Plain,Sprinkler,6.677,29.509,98.529,51.807,149.511,,1.265,1.402,24.641,19.029,19.655,8.739,9.213,Favorable
1500,Silt,Mountain,None,7.17,20.654,88.092,22.342,162.826,3.076,1.183,1.261,24.699,17.889,33.751,6.142,20.017,Unfavorable
1501,Loam,Plain,Sprinkler,6.593,21.768,91.303,53.606,151.078,3.373,1.128,1.054,33.415,10.37,39.757,7.723,10.411,Favorable
1502,Silt,Hill,Sprinkler,6.427,24.872,44.468,28.99,107.668,,0.791,1.225,18.788,13.435,17.889,8.786,1.939,Favorable
1503,Sandy,Mountain,Drip,5.876,30.746,68.067,41.231,91.15,3.294,0.135,1.502,9.261,21.843,2.508,7.972,29.028,Unfavorable
1504,Clay,Plain,Sprinkler,6.65,,114.673,33.724,184.715,4.314,1.437,1.48,51.948,17.106,24.16,6.76,0.006,Favorable
1505,Clay,Mountain,Drip,7.103,25.239,99.852,54.436,179.057,3.777,1.337,1.225,58.615,14.488,10.965,7.237,9.495,Favorable
1506,Sandy,Mountain,None,7.06,,76.819,16.652,72.679,2.373,0.558,1.541,12.805,30.865,28.81,5.944,9.476,Unfavorable
1507,Clay,Mountain,Sprinkler,6.98,26.321,102.292,53.788,156.621,,1.206,1.509,47.53,23.013,1.052,3.777,15.467,Unfavorable
1508,Loam,Plain,Sprinkler,6.937,35.987,124.814,53.837,158.143,3.257,0.944,1.34,23.009,17.565,18.023,6.531,3.119,Favorable
1509,Loam,Plain,Sprinkler,6.999,28.426,96.395,60.054,111.078,2.261,1.279,1.46,36.644,19.05,4.942,5.166,1.941,Favorable
1510,Loam,Plain,None,7.169,19.719,82.971,47.464,148.875,1.614,0.98,1.19,33.541,16.925,63.114,5.142,4.857,Favorable
1511,Loam,Plain,None,6.745,22.523,105.166,49.295,191.201,3.524,1.255,1.324,24.819,22.754,6.986,6.748,13.196,Favorable
1512,Sandy,Plain,Sprinkler,6.886,26.545,68.316,44.492,119.601,2.092,0.73,1.465,1.69,14.594,11.913,7.513,7.876,Unfavorable
1513,Sandy,Plain,Sprinkler,6.378,19.7,111.941,20.255,140.925,2.532,0.989,1.438,9.515,17.501,32.512,7.291,7.48,Favorable
1514,Sandy,Plain,Drip,6.351,15.81,96.703,39.509,111.91,1.584,0.661,1.663,7.502,22.201,10.584,8.587,1.165,Unfavorable
1515,Loam,Plain,None,7.024,25.608,127.544,60.052,146.633,3.123,0.882,1.189,33.288,13.692,11.04,5.722,7.569,Favorable
1516,Sandy,Plain,Drip,6.575,25.484,85.014,19.724,99.165,1.454,1.201,1.268,16.742,16.54,8.968,8.617,9.422,Unfavorable
1517,Sandy,Hill,Drip,6.387,30.275,86.894,32.806,129.738,1.541,0.93,1.772,3.027,16.994,11.604,7.305,18.068,Unfavorable
1518,Sandy,Plain,None,5.721,26.761,83.013,48.498,132.027,3.119,0.626,1.508,7.39,15.286,14.499,7.711,18.238,Unfavorable
1519,Loam,Hill,Drip,7.198,24.766,131.747,28.771,205.534,2.114,1.238,1.268,11.508,14.613,11.912,5.597,3.62,Favorable
1520,Sandy,Hill,Drip,6.633,24.227,61.525,43.21,130.483,2.802,0.752,1.62,11.061,14.277,23.678,6.08,13.163,Favorable
1521,Silt,Plain,None,7.098,,99.255,50.861,146.992,1.203,0.788,1.319,16.048,18.619,9.179,8.227,2.764,Favorable
1522,Loam,Plain,Sprinkler,7.249,27.674,158.383,50.093,141.108,,1.029,1.451,13.401,15.754,8.965,7.36,11.864,Favorable
1523,Clay,Mountain,None,7.175,,111.991,59.859,151.088,2.917,1.195,1.307,47.142,22.111,42.356,9.199,7.84,Unfavorable
1524,Silt,Mountain,Drip,5.975,20.673,104.523,30.53,187.224,3.171,1.11,1.327,9.766,12.817,19.941,6.695,19.332,Unfavorable
1525,Loam,Mountain,None,5.966,18.04,77.323,40.683,172.698,2.033,0.966,1.331,23.81,8.179,37.461,8.723,17.854,Unfavorable
1526,Loam,Plain,None,6.477,30.65,133.354,52.023,177.481,3.302,0.948,1.416,32.121,19.415,28.88,8.013,3.109,Favorable
1527,Sandy,Plain,None,6.935,19.403,96.494,22.762,119.72,3.304,0.682,1.566,2.55,14.591,11.842,5.526,0.0,Favorable
1528,Loam,Mountain,Drip,5.958,13.937,124.536,39.282,157.003,2.286,0.946,1.327,27.462,21.091,8.518,9.336,19.659,Unfavorable
1529,Loam,Hill,Sprinkler,6.943,27.44,104.212,59.922,110.171,1.803,0.991,1.299,21.154,18.499,12.463,5.265,12.581,Favorable
1530,Silt,Plain,Drip,6.387,31.048,116.701,57.236,127.535,2.581,1.332,1.175,16.245,17.138,30.092,8.153,1.599,Favorable
1531,Clay,Mountain,None,6.252,14.016,84.329,43.656,205.104,3.06,1.164,1.522,46.984,5.596,3.555,5.501,25.161,Unfavorable
1532,Sandy,Plain,Sprinkler,6.304,,96.651,30.445,115.393,,1.242,1.621,6.979,11.858,63.406,7.491,8.063,Favorable
1533,Clay,Plain,Sprinkler,6.492,33.538,117.845,72.208,140.975,3.727,1.234,1.36,52.198,13.075,22.399,5.839,10.358,Favorable
1534,Silt,Plain,Sprinkler,6.828,17.938,107.725,40.017,95.2,3.838,1.375,1.374,23.976,11.763,9.021,7.308,0.0,Favorable
1535,Loam,Plain,None,7.266,14.221,101.087,82.928,139.597,4.511,1.302,1.308,28.49,14.891,15.058,4.085,0.0,Favorable
1536,Clay,Plain,Drip,6.954,29.606,133.02,24.667,168.248,2.691,1.019,1.346,46.947,17.774,13.364,8.042,0.0,Favorable
1537,Loam,Plain,None,6.946,25.652,125.033,57.654,189.201,,1.164,1.384,31.694,14.945,15.49,7.513,0.0,Favorable
1538,Loam,Mountain,None,5.603,24.666,108.794,52.913,187.703,2.085,1.461,1.3,26.893,20.123,36.171,7.345,15.937,Unfavorable
1539,Silt,Mountain,Sprinkler,6.199,28.957,77.651,40.667,161.378,2.666,1.761,1.286,8.512,3.959,4.512,8.806,16.614,Unfavorable
1540,Loam,Plain,None,7.064,26.44,113.261,57.043,158.472,2.272,0.901,1.258,22.025,15.561,32.891,7.416,2.119,Favorable
1541,Sandy,Hill,None,6.121,28.802,87.292,50.765,110.226,5.136,0.542,1.619,10.227,23.342,27.262,4.633,18.057,Unfavorable
1542,Silt,Mountain,None,6.175,20.615,100.517,41.917,120.579,3.075,1.081,1.381,10.306,13.19,54.23,5.195,15.736,Unfavorable
1543,Clay,Plain,Sprinkler,6.74,22.224,121.689,47.505,142.056,3.172,1.066,1.468,49.586,19.331,49.317,7.282,9.462,Favorable
1544,Sandy,Plain,Drip,7.113,32.657,97.69,43.34,170.324,2.131,0.851,1.505,11.098,16.238,12.023,9.414,17.913,Unfavorable
1545,Clay,Mountain,None,7.455,14.935,108.404,18.453,132.135,2.572,1.78,1.35,51.689,18.199,6.302,9.915,18.384,Unfavorable
1546,Clay,Plain,Drip,6.769,29.837,95.497,45.362,194.355,3.777,1.466,1.38,49.353,17.135,13.422,8.282,6.614,Favorable
1547,Loam,Plain,None,6.973,19.482,126.697,51.282,185.094,1.282,1.115,1.39,21.378,19.759,54.178,8.365,10.813,Favorable
1548,Silt,Mountain,None,6.784,,135.647,42.429,131.486,0.4,0.817,1.146,17.27,24.331,24.91,8.331,14.22,Unfavorable
1549,Sandy,Hill,Sprinkler,6.436,24.521,84.027,41.664,100.104,4.715,1.16,1.513,1.0,20.191,2.859,4.455,3.406,Favorable
1550,Loam,Plain,Drip,6.786,26.92,115.127,61.448,140.052,3.718,1.188,1.286,29.329,22.414,22.648,4.737,3.681,Favorable
1551,Sandy,Plain,Sprinkler,6.883,30.13,81.765,62.259,135.985,2.747,0.81,1.518,5.87,15.947,25.76,4.27,1.639,Favorable
1552,Clay,Plain,None,7.081,20.53,101.445,44.116,174.961,4.494,1.383,1.33,43.071,21.931,20.49,5.645,3.438,Favorable
1553,Loam,Plain,Sprinkler,7.702,20.288,114.742,65.237,168.745,1.771,1.452,1.292,26.676,11.885,7.383,5.445,0.0,Unfavorable
1554,Loam,Hill,None,6.649,13.549,100.098,61.93,129.433,2.594,1.331,1.668,26.95,13.403,22.589,7.72,8.887,Favorable
1555,Clay,Plain,None,6.894,33.034,95.957,50.324,190.109,4.52,1.378,1.116,48.238,24.768,11.658,7.645,0.0,Favorable
1556,Clay,Hill,None,7.002,21.301,92.345,43.678,197.012,2.847,1.195,1.262,52.006,19.373,58.855,6.838,9.531,Favorable
1557,Clay,Mountain,None,7.735,,100.259,24.454,148.966,3.186,0.949,1.407,51.483,9.547,13.748,7.352,14.033,Unfavorable
1558,Sandy,Hill,Sprinkler,6.656,25.636,92.216,20.971,112.135,2.434,0.787,1.521,5.944,18.132,1.475,5.025,10.968,Unfavorable
1559,Sandy,Plain,Sprinkler,6.23,,121.696,34.038,139.911,2.013,0.893,1.418,4.576,15.971,13.812,7.47,1.897,Favorable
1560,Loam,Plain,None,7.115,29.008,133.407,55.949,191.905,4.458,0.597,1.0,25.768,12.138,8.831,10.157,14.229,Favorable
1561,Sandy,Plain,Sprinkler,6.061,,77.072,39.98,121.162,3.309,0.989,1.374,5.975,22.632,2.683,6.076,10.406,Unfavorable
1562,Clay,Plain,Drip,7.075,35.863,113.024,42.078,116.701,2.922,1.597,1.391,49.852,23.006,22.098,6.83,5.61,Favorable
1563,Silt,Plain,Drip,6.435,27.628,95.538,71.026,171.101,2.668,1.344,1.421,11.961,18.335,52.239,6.83,7.499,Favorable
1564,Sandy,Plain,Sprinkler,5.995,38.063,72.244,42.371,129.471,5.174,0.816,1.421,12.355,17.133,17.292,7.665,2.075,Unfavorable
1565,Clay,Mountain,Sprinkler,6.831,19.696,102.948,51.986,185.04,1.547,1.25,1.453,39.64,21.357,19.596,4.615,20.302,Unfavorable
1566,Sandy,Plain,None,6.837,26.394,67.144,20.033,145.905,3.322,0.919,1.549,3.499,17.322,20.401,8.483,0.0,Favorable
1567,Sandy,Plain,None,6.695,14.492,88.377,32.064,135.857,2.528,0.74,1.605,13.222,32.01,27.469,8.17,7.398,Favorable
1568,Clay,Plain,Drip,6.931,31.394,103.547,57.221,196.932,2.86,1.248,1.618,54.601,13.526,23.83,6.594,4.584,Favorable
1569,Clay,Plain,Drip,6.671,28.916,122.208,75.021,152.736,2.386,1.603,1.329,45.134,19.856,3.741,4.675,3.335,Favorable
1570,Sandy,Plain,None,6.486,27.27,123.258,38.028,102.47,1.365,1.106,1.506,11.946,26.144,14.405,6.102,5.605,Unfavorable
1571,Loam,Plain,Sprinkler,6.346,17.97,115.941,49.678,186.208,3.011,0.815,1.212,27.563,23.761,8.834,6.693,4.924,Favorable
1572,Loam,Hill,None,6.733,15.226,112.084,52.407,169.133,2.329,1.718,1.47,24.305,17.482,18.359,5.68,10.661,Favorable
1573,Clay,Plain,None,7.175,32.897,169.342,37.594,124.689,3.428,1.043,1.489,42.223,20.333,19.147,8.053,0.089,Favorable
1574,Sandy,Plain,None,6.638,22.234,117.14,52.965,125.151,0.84,0.552,1.339,28.597,18.366,35.449,6.539,2.107,Favorable
1575,Silt,Plain,Sprinkler,6.765,24.961,112.22,73.713,157.711,3.471,0.87,1.2,18.249,19.552,14.047,7.619,12.998,Favorable
1576,Loam,Plain,Drip,6.865,32.488,168.589,54.415,169.603,2.508,0.872,1.326,28.536,22.214,6.512,7.705,3.4,Favorable
1577,Loam,Plain,Drip,6.819,26.353,137.568,39.787,136.752,4.672,1.162,1.346,37.741,13.603,71.417,6.066,1.086,Favorable
1578,Silt,Plain,Drip,6.352,25.255,66.88,61.331,179.539,2.301,0.238,1.351,16.096,17.014,26.456,8.555,8.869,Favorable
1579,Loam,Hill,None,6.638,29.198,128.315,42.273,109.737,3.177,1.19,1.469,19.092,17.419,65.096,8.643,13.618,Favorable
1580,Silt,Hill,None,6.399,17.837,101.744,52.171,150.771,1.309,1.1,1.223,20.954,19.287,21.07,6.512,6.996,Favorable
1581,Loam,Hill,Drip,7.356,20.455,100.478,56.891,133.922,2.004,1.368,1.485,24.54,16.711,37.875,8.222,5.793,Favorable
1582,Clay,Plain,Sprinkler,7.058,32.917,84.294,45.567,154.137,1.37,0.909,1.486,48.442,21.529,12.933,9.15,10.677,Unfavorable
1583,Loam,Mountain,Sprinkler,6.979,25.227,124.792,53.518,143.179,2.179,1.301,1.295,20.79,13.684,30.118,6.964,21.616,Favorable
1584,Clay,Plain,None,7.355,16.614,104.216,39.099,197.151,2.187,0.956,1.24,45.415,24.886,16.918,6.166,0.0,Favorable
1585,Loam,Hill,Sprinkler,6.752,22.885,102.606,61.985,102.858,2.731,0.858,1.278,31.482,18.711,13.074,8.359,3.774,Favorable
1586,Loam,Hill,Sprinkler,6.765,33.495,160.164,40.055,202.986,,1.233,1.322,27.766,16.166,39.977,4.791,7.568,Favorable
1587,Loam,Plain,Sprinkler,6.459,28.717,124.236,64.605,208.134,3.799,1.104,1.197,28.878,10.358,37.863,7.801,2.362,Favorable
1588,Clay,Hill,Sprinkler,6.821,18.456,113.302,59.11,143.749,2.01,1.659,1.554,43.979,13.966,5.363,7.196,14.568,Unfavorable
1589,Clay,Mountain,Drip,6.735,25.239,110.278,43.559,129.984,3.312,0.817,1.442,56.872,19.023,28.286,6.575,13.179,Unfavorable
1590,Clay,Mountain,None,6.724,21.68,90.046,19.949,119.818,2.791,1.412,1.592,54.936,12.457,19.345,8.177,12.263,Unfavorable
1591,Silt,Hill,None,6.483,18.575,85.962,17.455,178.886,2.014,0.188,1.419,25.833,14.137,21.486,9.365,5.642,Unfavorable
1592,Sandy,Plain,Sprinkler,6.62,24.043,92.782,49.713,119.096,2.779,0.893,1.486,4.642,15.918,2.993,9.155,2.285,Favorable
1593,Sandy,Plain,None,6.872,22.135,47.119,52.114,151.785,1.518,0.974,1.513,1.0,22.686,25.4,7.17,0.0,Favorable
1594,Clay,Mountain,Sprinkler,7.331,26.297,108.531,37.629,134.106,2.807,1.268,1.356,49.243,12.923,5.144,6.551,18.796,Unfavorable
1595,Loam,Plain,None,7.085,22.481,127.363,81.747,127.2,4.464,1.063,1.201,36.15,23.162,4.15,5.405,0.0,Favorable
1596,Loam,Plain,Sprinkler,6.913,24.155,97.674,45.544,152.221,2.869,1.246,1.287,28.094,18.527,2.009,6.487,12.046,Favorable
1597,Clay,Hill,Sprinkler,7.286,27.574,86.298,33.025,222.579,4.161,0.978,1.605,50.408,10.032,38.949,7.187,5.322,Favorable
1598,Sandy,Hill,Sprinkler,6.325,33.175,62.98,27.35,104.498,3.209,0.175,1.55,6.596,23.618,30.847,4.479,21.665,Unfavorable
1599,Loam,Hill,Sprinkler,7.143,32.533,123.15,58.906,145.291,2.678,1.272,1.338,33.693,20.404,7.755,5.388,4.546,Favorable
1600,Loam,Mountain,None,6.698,27.996,42.878,44.18,149.25,2.529,1.313,1.411,14.165,16.35,25.731,5.242,15.982,Unfavorable
1601,Silt,Plain,None,6.557,33.536,130.328,60.609,127.52,1.684,0.581,1.37,21.354,19.374,31.311,7.288,10.302,Favorable
1602,Sandy,Hill,None,6.872,36.223,81.071,29.053,178.771,2.195,0.664,1.455,4.614,14.093,13.504,6.999,10.038,Unfavorable
1603,Clay,Hill,None,6.885,18.101,162.667,63.455,156.04,,1.054,1.196,50.195,21.236,7.892,6.915,16.85,Unfavorable
1604,Clay,Hill,Sprinkler,6.662,15.652,124.143,37.397,181.914,,1.289,1.361,47.278,19.013,14.946,8.617,9.032,Favorable
1605,Sandy,Plain,Drip,6.872,25.529,106.603,15.599,139.704,2.314,0.574,1.572,5.642,17.101,28.343,8.72,3.626,Favorable
1606,Loam,Plain,Drip,6.838,23.956,127.127,50.723,101.378,2.47,1.425,1.398,17.793,9.478,51.818,7.616,3.112,Favorable
1607,Sandy,Plain,Sprinkler,6.251,21.143,100.1,29.207,63.846,1.455,0.859,1.472,10.196,18.551,16.613,8.754,0.0,Favorable
1608,Silt,Mountain,Drip,6.888,20.536,123.253,59.177,91.8,3.576,0.706,1.224,15.27,9.849,12.618,6.252,13.115,Unfavorable
1609,Sandy,Plain,None,6.401,24.435,80.059,34.286,101.897,2.616,0.516,1.537,5.147,15.489,19.979,4.169,1.61,Favorable
1610,Sandy,Mountain,None,6.786,13.468,120.425,35.069,95.644,1.605,0.128,1.559,7.905,16.46,10.494,8.02,22.416,Unfavorable
1611,Loam,Hill,None,5.866,21.253,120.443,52.411,158.501,2.803,1.115,1.564,7.068,21.919,18.01,5.027,8.973,Unfavorable
1612,Clay,Plain,None,6.577,29.139,138.582,27.656,189.824,3.529,0.989,1.267,47.81,18.551,9.208,7.479,1.469,Favorable
1613,Loam,Hill,None,6.889,18.169,113.613,50.535,108.859,2.354,0.939,1.422,25.491,21.664,16.242,5.747,10.486,Favorable
1614,Loam,Plain,Drip,6.64,23.003,101.964,57.523,185.736,6.096,1.603,1.267,20.803,13.777,35.274,6.575,0.0,Favorable
1615,Loam,Hill,Sprinkler,6.63,11.21,120.641,50.568,157.311,3.072,1.097,1.331,21.621,17.358,9.955,7.568,7.942,Favorable
1616,Clay,Hill,None,6.41,17.867,103.615,45.514,163.095,2.728,1.593,1.512,43.61,25.325,25.286,7.274,11.859,Unfavorable
1617,Sandy,Plain,None,6.582,15.317,138.336,49.016,185.813,3.686,0.834,1.49,16.443,12.551,14.577,5.662,4.91,Favorable
1618,Loam,Hill,Sprinkler,6.893,30.532,135.88,58.368,142.103,2.649,0.936,1.235,28.606,19.525,19.099,6.256,8.513,Favorable
1619,Loam,Plain,None,6.623,22.351,92.763,62.564,149.518,0.705,0.684,1.336,27.76,13.027,13.753,6.89,0.0,Favorable
1620,Silt,Plain,Drip,6.648,26.318,94.799,51.76,97.296,,0.86,1.517,21.788,17.641,20.381,5.316,7.923,Favorable
1621,Clay,Plain,Sprinkler,7.348,30.113,126.96,63.539,180.17,1.988,1.19,1.377,42.206,16.406,14.435,5.41,6.433,Favorable
1622,Loam,Hill,None,6.709,17.012,103.239,69.971,138.758,3.759,1.807,1.556,31.432,18.286,15.944,9.473,8.017,Favorable
1623,Sandy,Plain,None,6.727,14.225,112.301,41.055,140.477,2.423,0.461,1.651,7.938,21.507,12.835,8.405,4.072,Unfavorable
1624,Loam,Mountain,None,6.904,20.439,128.194,41.962,170.97,1.611,1.682,1.232,23.13,12.657,45.352,5.39,10.634,Favorable
1625,Clay,Plain,None,7.353,38.146,127.217,41.133,136.334,3.403,1.588,1.466,51.603,18.462,9.131,7.26,10.772,Unfavorable
1626,Clay,Hill,None,7.679,11.608,128.179,44.334,173.049,3.053,1.445,1.374,39.158,10.495,49.682,7.243,5.965,Unfavorable
1627,Sandy,Plain,None,6.639,22.354,76.845,42.678,117.271,2.92,0.746,1.598,12.808,16.236,16.495,7.169,0.0,Favorable
1628,Clay,Hill,Sprinkler,7.743,14.27,72.701,60.824,173.488,,0.857,1.476,45.709,15.296,23.768,8.456,10.201,Unfavorable
1629,Loam,Hill,Drip,6.642,24.859,90.892,42.845,149.699,3.923,0.351,1.267,14.574,11.923,16.727,5.578,10.728,Favorable
1630,Loam,Plain,Sprinkler,6.846,19.081,117.611,54.518,148.804,1.594,0.872,1.383,27.67,12.946,5.376,3.179,10.947,Favorable
1631,Clay,Plain,None,6.43,15.992,97.8,64.952,129.176,2.82,1.493,1.451,46.912,12.405,9.201,6.037,7.38,Unfavorable
1632,Loam,Plain,None,6.558,16.095,149.193,53.01,106.993,3.541,1.235,1.452,31.502,21.707,10.636,4.629,9.017,Favorable
1633,Loam,Plain,Sprinkler,7.001,13.009,86.916,52.983,161.631,,0.615,1.371,25.663,14.094,36.413,5.537,0.0,Favorable
1634,Clay,Hill,Sprinkler,7.311,34.763,119.232,30.346,137.675,3.621,1.171,1.242,55.725,18.125,11.137,11.0,4.237,Unfavorable
1635,Silt,Hill,Drip,6.759,30.23,105.901,49.694,174.99,2.587,0.608,1.253,9.139,15.119,40.867,6.46,15.802,Favorable
1636,Clay,Mountain,Sprinkler,7.337,19.817,129.496,55.352,138.886,1.727,1.914,1.431,52.442,13.03,10.661,8.547,12.475,Unfavorable
1637,Silt,Plain,Sprinkler,6.152,18.816,127.578,29.696,142.273,4.272,0.934,1.406,22.468,21.977,14.407,6.398,0.0,Favorable
1638,Clay,Hill,Sprinkler,7.268,12.768,119.273,58.326,178.107,1.911,1.106,1.444,50.55,19.911,35.422,6.535,11.79,Favorable
1639,Sandy,Plain,None,6.65,23.703,53.413,38.077,129.048,2.708,1.038,1.618,10.938,23.712,23.439,6.201,5.021,Favorable
1640,Sandy,Hill,Drip,6.333,36.051,100.501,42.273,115.575,2.793,0.548,1.666,10.126,20.821,10.795,6.424,2.979,Favorable
1641,Loam,Hill,Drip,7.604,31.527,94.194,76.865,138.404,4.052,1.063,1.291,16.961,15.893,40.201,9.745,12.872,Favorable
1642,Loam,Plain,None,6.274,17.151,126.514,53.679,118.656,3.386,0.912,1.386,29.212,22.586,18.067,8.432,2.492,Favorable
1643,Silt,Hill,Sprinkler,6.719,27.065,105.589,62.057,143.251,4.361,1.218,1.299,1.736,15.823,21.173,6.067,3.79,Favorable
1644,Loam,Plain,Sprinkler,6.422,20.484,103.795,56.835,116.611,1.667,0.758,1.201,29.873,14.592,5.357,5.531,11.924,Favorable
1645,Sandy,Plain,None,6.82,33.257,58.467,52.265,131.474,2.583,0.91,1.789,9.572,8.251,40.2,8.066,5.672,Unfavorable
1646,Loam,Plain,Sprinkler,6.875,,83.639,78.819,167.543,0.841,0.95,1.496,19.382,10.957,54.918,6.078,0.0,Favorable
1647,Clay,Plain,Drip,7.216,28.378,150.574,56.703,207.508,3.11,1.612,1.339,48.903,19.506,24.154,7.842,0.0,Favorable
1648,Loam,Hill,None,6.624,,96.322,35.271,146.388,0.486,0.886,1.365,24.446,15.305,1.667,7.024,4.012,Unfavorable
1649,Clay,Plain,Sprinkler,6.655,30.794,102.957,64.744,157.764,1.963,1.109,1.447,49.741,22.726,26.861,5.975,0.0,Favorable
1650,Sandy,Plain,Drip,6.849,29.881,135.175,23.375,156.512,4.337,1.03,1.524,7.853,19.701,21.429,5.768,1.888,Favorable
1651,Loam,Plain,None,6.742,,104.776,52.174,198.116,3.376,0.744,1.515,16.959,16.806,2.688,5.009,0.673,Favorable
1652,Sandy,Plain,None,5.899,22.212,60.279,39.069,98.341,2.233,0.845,1.34,8.364,22.958,22.055,7.07,0.335,Unfavorable
1653,Loam,Plain,Sprinkler,6.903,28.368,91.874,57.575,118.999,3.031,1.435,1.363,28.964,21.711,30.96,5.207,8.461,Favorable
1654,Clay,Hill,Sprinkler,6.93,19.044,127.084,57.584,163.358,2.461,1.071,1.425,56.866,20.706,2.673,7.76,11.205,Favorable
1655,Silt,Mountain,None,6.778,22.978,69.912,60.661,81.575,1.498,1.111,1.327,23.057,9.92,7.77,4.923,17.186,Unfavorable
1656,Loam,Plain,Drip,6.156,12.11,92.934,77.847,187.605,,0.894,1.236,23.74,14.469,9.396,6.543,6.184,Favorable
1657,Loam,Plain,Sprinkler,6.674,24.91,88.302,57.236,149.654,1.878,1.287,1.431,27.143,16.863,22.177,6.386,5.744,Favorable
1658,Silt,Plain,None,6.91,29.526,104.439,54.531,154.406,2.508,0.828,1.115,13.469,15.54,8.912,8.014,0.0,Favorable
1659,Loam,Plain,Drip,6.939,27.534,120.365,56.384,152.348,3.831,0.942,1.398,29.36,16.375,20.758,8.802,8.751,Favorable
1660,Clay,Plain,None,6.866,7.101,115.169,46.543,163.171,4.373,0.875,1.315,49.756,25.499,50.211,9.38,5.49,Favorable
1661,Sandy,Hill,Sprinkler,6.895,23.586,66.447,28.102,81.211,3.565,0.85,1.506,15.806,10.647,52.589,6.347,2.645,Favorable
1662,Loam,Plain,Drip,8.247,21.281,120.742,39.775,152.836,3.164,0.89,1.441,24.917,20.886,17.384,3.921,0.846,Favorable
1663,Silt,Plain,None,6.716,26.74,115.001,35.446,140.031,4.178,0.997,1.14,11.785,19.233,19.798,5.791,9.071,Favorable
1664,Loam,Mountain,Drip,7.021,31.425,106.135,60.579,189.987,3.189,1.369,1.491,27.63,21.989,28.068,7.851,7.868,Favorable
1665,Loam,Plain,Sprinkler,7.382,29.015,116.822,51.296,159.25,2.081,1.227,1.346,19.326,14.658,27.291,7.717,4.382,Favorable
1666,Clay,Plain,Drip,6.664,28.521,83.384,40.565,156.099,3.656,1.829,1.546,46.681,13.734,26.843,6.756,6.406,Favorable
1667,Sandy,Plain,Sprinkler,6.574,26.224,80.151,12.243,99.73,,0.265,1.423,2.125,22.414,15.619,5.132,7.898,Favorable
1668,Clay,Plain,None,6.449,23.928,68.106,73.484,173.934,2.941,1.007,1.357,50.428,25.402,60.87,6.053,6.052,Favorable
1669,Clay,Plain,None,6.854,28.797,89.555,43.985,204.16,2.831,1.23,1.213,51.345,20.389,23.403,7.01,7.797,Favorable
1670,Silt,Mountain,None,6.208,26.103,97.873,29.826,120.201,1.32,0.66,1.109,25.279,19.779,4.552,5.118,13.378,Unfavorable
1671,Sandy,Plain,Sprinkler,6.869,27.466,113.791,40.012,110.724,2.555,1.201,1.531,3.506,15.38,13.947,6.284,5.361,Favorable
1672,Sandy,Mountain,Sprinkler,6.06,20.975,96.478,39.315,137.694,1.947,0.996,1.312,3.225,23.397,26.912,7.016,20.167,Unfavorable
1673,Silt,Plain,Drip,6.395,,82.027,40.007,150.503,2.394,0.611,1.383,19.747,14.736,40.43,7.318,4.069,Favorable
1674,Clay,Plain,Sprinkler,6.583,11.156,124.348,57.465,175.684,4.062,1.309,1.657,38.245,20.781,59.925,9.454,4.806,Favorable
1675,Clay,Plain,None,7.163,24.839,81.858,40.944,162.525,,1.781,1.624,50.253,11.505,18.574,8.22,4.542,Favorable
1676,Loam,Hill,None,7.7,25.803,127.212,55.749,176.24,3.102,0.73,1.259,30.702,12.725,6.664,6.975,6.314,Unfavorable
1677,Sandy,Plain,None,6.24,23.027,92.344,17.402,110.015,3.041,1.118,1.443,12.653,17.367,29.705,6.822,0.0,Favorable
1678,Silt,Plain,Drip,6.983,24.542,108.306,59.258,178.746,2.511,0.889,1.335,12.749,19.826,17.894,7.155,7.019,Favorable
1679,Loam,Plain,Sprinkler,6.249,27.666,94.258,62.358,115.399,,1.334,1.291,35.169,18.489,22.42,6.733,4.412,Favorable
1680,Sandy,Mountain,Drip,6.587,17.261,48.085,39.306,137.745,1.959,0.732,1.751,14.153,15.859,19.376,6.752,18.628,Unfavorable
1681,Loam,Plain,Drip,6.575,19.295,118.732,48.559,134.786,3.234,1.437,1.281,29.209,13.997,20.742,8.308,2.672,Favorable
1682,Loam,Plain,None,6.817,26.371,100.027,78.214,157.613,2.091,1.208,1.341,17.209,19.225,23.845,6.072,0.0,Favorable
1683,Sandy,Hill,Drip,6.901,30.136,86.68,17.449,126.951,2.644,0.155,1.599,1.0,8.193,43.608,5.968,6.868,Favorable
1684,Clay,Hill,None,6.776,23.786,103.888,69.851,127.784,4.26,1.027,1.413,41.081,19.108,22.023,5.554,8.689,Favorable
1685,Clay,Hill,Drip,7.92,32.035,110.316,56.073,195.021,3.227,1.437,1.269,45.816,16.746,16.706,8.604,11.505,Unfavorable
1686,Clay,Mountain,None,7.708,8.196,127.615,54.773,110.989,3.484,0.9,1.48,42.923,13.89,16.027,7.843,8.041,Unfavorable
1687,Clay,Plain,None,6.485,18.2,93.134,43.898,167.685,5.128,0.76,1.399,48.124,21.647,5.42,9.76,0.394,Favorable
1688,Sandy,Mountain,Drip,7.26,19.863,99.203,33.267,109.447,1.976,1.234,1.578,21.067,22.315,6.824,6.713,18.77,Unfavorable
1689,Loam,Plain,Drip,6.769,18.956,61.977,59.655,101.002,3.359,1.564,1.326,27.391,14.834,50.171,7.554,6.709,Favorable
1690,Loam,Hill,None,5.978,18.422,95.679,43.054,229.028,3.893,1.172,1.399,26.362,16.856,21.319,7.301,5.207,Favorable
1691,Sandy,Plain,Drip,6.677,13.832,99.794,24.192,105.633,2.524,1.236,1.608,3.851,17.493,30.391,5.91,10.992,Favorable
1692,Silt,Hill,None,6.864,28.979,113.341,28.448,140.899,2.556,1.124,1.412,25.09,11.348,5.181,8.088,12.087,Unfavorable
1693,Clay,Plain,None,7.08,32.096,107.058,37.765,163.609,3.339,1.006,1.491,45.891,19.474,26.962,6.752,0.0,Favorable
1694,Sandy,Mountain,Drip,6.998,14.603,57.966,40.305,88.588,3.723,0.364,1.605,10.469,21.693,13.224,6.755,18.753,Unfavorable
1695,Clay,Plain,None,7.304,18.01,113.056,62.453,185.474,2.971,0.836,1.491,54.139,22.428,29.503,5.95,0.0,Favorable
1696,Sandy,Plain,Sprinkler,5.351,31.22,84.518,42.385,76.996,4.295,0.699,1.484,2.976,13.784,13.295,4.171,0.0,Unfavorable
1697,Silt,Hill,None,6.968,38.124,114.443,17.731,149.129,4.72,0.86,1.263,25.846,8.319,8.204,5.494,5.449,Favorable
1698,Clay,Plain,Sprinkler,7.091,24.69,83.99,71.249,131.741,2.646,1.326,1.443,49.297,16.254,20.408,7.428,4.816,Favorable
1699,Loam,Plain,Drip,6.855,20.02,87.756,51.328,162.834,3.341,1.134,1.388,35.972,11.774,16.328,3.915,1.757,Favorable
1700,Silt,Plain,None,7.201,19.505,130.745,51.473,122.6,4.326,0.1,1.218,22.682,15.972,19.032,6.235,2.463,Favorable
1701,Loam,Hill,None,6.488,26.239,138.419,42.454,127.363,3.324,1.504,1.198,15.695,17.71,27.671,6.915,9.142,Favorable
1702,Sandy,Plain,Drip,6.511,32.425,71.338,21.504,140.007,1.581,0.633,1.491,1.0,10.983,22.296,7.362,4.589,Favorable
1703,Loam,Plain,Drip,7.351,18.043,119.451,38.926,179.915,3.512,0.919,1.404,20.245,14.876,24.081,6.211,2.778,Favorable
1704,Loam,Mountain,None,6.522,17.702,102.744,45.821,173.408,2.823,0.618,1.473,12.911,12.448,32.081,7.463,16.889,Favorable
1705,Sandy,Hill,Drip,6.586,15.34,73.8,25.655,188.894,1.597,1.031,1.391,16.834,11.34,9.183,7.254,9.279,Unfavorable
1706,Loam,Plain,None,7.253,10.39,84.114,61.998,148.538,2.334,1.185,1.274,29.378,19.465,27.013,8.585,3.057,Unfavorable
1707,Clay,Hill,Sprinkler,7.47,15.96,143.99,67.085,156.104,2.759,1.255,1.586,52.666,22.463,13.528,9.175,13.757,Unfavorable
1708,Clay,Hill,Drip,7.332,24.074,86.419,53.2,177.501,2.75,1.176,1.453,47.852,7.637,27.447,7.25,13.294,Favorable
1709,Clay,Mountain,None,6.948,20.687,124.949,68.039,140.729,1.308,0.751,1.385,50.773,22.237,5.677,7.864,18.262,Unfavorable
1710,Sandy,Plain,Drip,5.884,25.512,109.434,27.205,193.708,,0.1,1.374,7.796,20.114,38.063,9.636,7.34,Unfavorable
1711,Sandy,Plain,Sprinkler,6.43,19.931,113.12,34.471,78.322,2.884,0.809,1.652,10.814,31.509,11.882,5.556,0.0,Favorable
1712,Silt,Plain,None,6.729,24.113,88.795,55.144,223.609,3.672,0.773,1.259,30.234,12.808,23.808,7.668,8.042,Favorable
1713,Silt,Plain,Sprinkler,6.544,23.014,91.173,48.453,174.296,1.531,1.175,1.301,24.738,16.932,33.633,7.039,2.709,Favorable
1714,Sandy,Hill,None,6.856,13.604,80.591,48.976,140.913,2.048,0.42,1.516,16.144,13.898,26.29,7.159,9.223,Favorable
1715,Sandy,Plain,Sprinkler,6.132,,114.4,38.889,126.476,2.635,0.476,1.604,16.353,11.115,30.663,5.929,8.338,Favorable
1716,Silt,Mountain,Sprinkler,6.986,28.654,74.114,36.316,150.571,2.936,1.077,1.217,28.488,19.954,8.984,7.968,15.284,Favorable
1717,Silt,Mountain,None,6.275,11.246,176.831,57.086,142.26,2.133,1.19,1.371,14.958,20.673,39.212,5.183,17.708,Unfavorable
1718,Silt,Mountain,Sprinkler,7.034,24.896,81.365,35.422,192.671,1.202,0.816,1.395,14.831,16.717,13.758,6.695,6.065,Unfavorable
1719,Sandy,Plain,None,6.107,24.439,78.073,19.592,93.639,2.908,0.13,1.582,6.483,20.657,7.565,6.287,6.596,Unfavorable
1720,Loam,Plain,None,6.086,12.878,90.812,57.71,155.832,2.5,0.433,1.397,25.273,20.551,21.873,7.064,0.465,Favorable
1721,Silt,Hill,Sprinkler,6.271,32.443,88.827,22.199,99.743,1.535,1.0,1.448,22.391,14.544,5.785,6.557,21.054,Unfavorable
1722,Loam,Hill,Sprinkler,6.704,8.793,67.703,55.376,136.698,3.225,0.933,1.496,17.667,31.899,15.02,7.928,6.683,Favorable
1723,Sandy,Hill,None,6.479,27.835,96.003,64.073,98.723,2.403,0.1,1.527,3.299,15.901,25.421,7.585,3.398,Favorable
1724,Clay,Plain,Sprinkler,6.189,20.092,92.981,61.987,206.609,3.2,1.48,1.443,54.983,17.782,51.074,6.748,0.0,Favorable
1725,Loam,Plain,Sprinkler,6.247,28.08,112.027,63.713,173.709,2.452,1.245,1.061,17.299,27.741,15.471,5.766,5.058,Favorable
1726,Loam,Hill,None,6.846,10.556,130.348,22.862,174.728,2.46,1.066,1.355,14.476,19.667,70.788,9.078,12.752,Unfavorable
1727,Loam,Hill,None,6.73,23.774,102.748,53.415,195.848,1.692,0.798,1.464,28.359,21.444,24.46,5.664,11.385,Favorable
1728,Silt,Plain,None,6.639,25.149,102.574,50.375,143.915,3.292,1.026,1.211,21.591,20.882,20.702,7.115,2.053,Favorable
1729,Silt,Plain,Sprinkler,6.848,18.124,113.173,41.25,143.369,,1.013,1.308,24.954,19.637,14.731,5.945,7.683,Favorable
1730,Clay,Plain,None,6.541,30.553,123.53,73.177,160.86,3.12,1.479,1.727,44.507,21.919,21.376,7.588,0.0,Favorable
1731,Clay,Mountain,Drip,6.98,24.024,121.291,51.649,153.124,0.752,0.765,1.563,48.029,11.497,11.673,10.207,15.051,Unfavorable
1732,Silt,Hill,None,7.307,15.463,100.93,24.277,141.579,3.084,0.557,1.0,17.045,13.389,14.308,5.804,6.799,Favorable
1733,Loam,Plain,Sprinkler,7.47,27.163,105.262,44.97,117.562,1.591,1.385,1.4,15.502,10.097,17.522,6.823,7.379,Favorable
1734,Loam,Plain,Drip,6.36,31.519,117.07,42.011,170.745,2.05,0.983,1.296,31.803,9.725,6.967,7.924,13.318,Favorable
1735,Clay,Hill,Sprinkler,6.591,21.892,101.338,43.524,180.452,2.364,1.439,1.422,54.884,12.935,13.23,6.539,12.569,Unfavorable
1736,Silt,Hill,None,6.11,22.784,90.957,34.955,115.663,3.14,0.765,1.404,19.87,16.961,16.889,6.763,19.618,Unfavorable
1737,Sandy,Plain,None,6.467,24.319,72.851,55.676,103.805,2.416,1.354,1.744,19.428,28.896,25.166,7.842,8.067,Unfavorable
1738,Silt,Mountain,Drip,6.428,,112.38,40.867,132.537,3.789,0.328,1.254,7.766,12.345,13.677,3.829,4.232,Favorable
1739,Loam,Plain,Sprinkler,6.942,31.051,113.039,64.982,138.291,3.84,0.904,1.186,22.049,15.9,26.49,6.182,8.619,Favorable
1740,Clay,Plain,Sprinkler,7.686,37.698,123.923,41.924,171.674,2.063,0.945,1.51,40.988,19.97,27.645,9.661,12.583,Unfavorable
1741,Silt,Hill,None,6.324,20.946,104.06,28.937,156.364,2.857,0.633,1.416,16.527,17.599,34.942,6.571,3.423,Favorable
1742,Silt,Hill,Sprinkler,6.703,31.568,136.538,38.827,167.173,3.676,1.146,1.303,19.182,14.737,6.084,7.665,12.048,Favorable
1743,Sandy,Hill,None,6.068,10.863,95.111,39.531,112.822,4.014,0.479,1.469,1.0,7.15,16.499,7.237,5.104,Unfavorable
1744,Clay,Hill,None,6.782,29.87,108.535,54.701,186.552,,1.601,1.546,44.892,25.597,27.084,5.251,6.756,Favorable
1745,Silt,Hill,None,7.284,21.775,96.284,61.347,132.94,4.029,1.04,1.329,6.066,11.015,30.627,7.36,15.01,Favorable
1746,Loam,Mountain,None,7.353,23.585,101.43,48.072,121.243,,1.139,1.377,18.18,17.15,32.651,6.086,12.84,Favorable
1747,Loam,Plain,Sprinkler,6.956,20.362,116.555,54.736,189.315,1.557,0.583,1.355,15.092,21.579,78.88,6.92,0.0,Favorable
1748,Silt,Plain,None,7.017,19.067,89.109,32.954,174.431,,0.608,1.393,15.175,21.996,6.97,5.601,7.893,Favorable
1749,Clay,Mountain,None,7.256,5.0,101.076,36.457,122.653,4.797,1.05,1.481,55.566,24.84,28.251,6.532,18.564,Unfavorable
1750,Loam,Plain,None,6.942,18.947,141.952,56.946,152.176,2.163,0.775,1.345,15.973,24.345,11.062,6.848,3.17,Favorable
1751,Clay,Plain,None,7.164,19.645,98.928,59.913,179.139,,0.787,1.486,59.127,17.499,23.14,7.433,0.0,Favorable
1752,Sandy,Mountain,Sprinkler,6.622,35.45,127.291,44.97,156.266,3.391,0.547,1.646,18.309,23.59,23.583,3.589,14.297,Unfavorable
1753,Clay,Hill,None,6.603,21.448,109.677,57.459,139.92,3.816,1.654,1.473,53.857,17.125,18.301,8.172,7.175,Favorable
1754,Sandy,Plain,Drip,6.787,25.056,97.548,54.102,77.629,1.787,0.721,1.312,8.898,19.883,7.309,6.472,4.931,Favorable
1755,Silt,Hill,None,7.558,22.676,102.763,57.323,143.206,1.454,1.303,1.407,25.619,13.088,11.23,3.865,5.123,Unfavorable
1756,Clay,Plain,None,6.206,33.569,102.384,58.769,116.061,3.388,1.122,1.437,37.644,20.31,12.203,6.56,7.301,Favorable
1757,Clay,Hill,Sprinkler,7.123,21.716,127.605,53.442,131.702,2.411,1.366,1.319,51.145,7.96,19.288,6.372,6.881,Favorable
1758,Clay,Plain,None,6.899,14.419,138.583,32.049,208.041,2.477,1.409,1.585,40.87,14.085,19.295,4.211,12.943,Unfavorable
1759,Clay,Plain,None,7.238,14.381,66.28,64.542,174.037,3.745,1.585,1.373,58.419,16.254,17.379,7.56,1.421,Favorable
1760,Clay,Plain,Drip,7.193,27.505,131.792,62.826,190.677,3.933,1.142,1.586,48.329,16.301,4.78,10.53,4.01,Favorable
1761,Clay,Plain,None,8.38,21.295,105.523,63.078,156.346,3.047,0.602,1.467,49.324,20.407,18.012,5.794,9.181,Favorable
1762,Sandy,Hill,Sprinkler,5.525,23.785,59.35,49.14,89.382,2.726,0.879,1.374,4.343,15.037,26.713,7.105,11.993,Unfavorable
1763,Loam,Plain,Sprinkler,7.536,32.455,114.524,62.387,162.41,2.69,1.03,1.428,17.86,24.488,12.302,9.315,9.557,Favorable
1764,Clay,Hill,None,6.724,26.511,138.574,51.787,176.858,4.794,0.474,1.499,43.412,10.132,14.212,8.282,10.572,Favorable
1765,Sandy,Hill,Drip,6.699,21.315,83.965,47.173,71.52,2.574,1.293,1.667,1.0,17.088,25.469,7.225,6.719,Favorable
1766,Sandy,Plain,Sprinkler,6.676,30.229,64.568,16.778,149.723,1.079,0.995,1.675,12.154,18.208,18.388,6.976,3.724,Favorable
1767,Sandy,Hill,None,6.916,25.227,107.669,47.333,114.805,2.917,0.504,1.43,7.852,9.815,25.713,5.057,9.964,Favorable
1768,Clay,Hill,None,7.591,26.826,94.077,51.806,111.34,1.309,1.396,1.438,43.743,18.17,12.742,6.859,6.789,Unfavorable
1769,Loam,Mountain,Drip,6.49,16.199,100.158,40.029,148.7,2.868,1.376,1.27,27.813,22.282,24.16,9.247,15.103,Favorable
1770,Clay,Mountain,Sprinkler,7.154,24.761,100.122,53.447,169.116,2.465,1.156,1.279,45.796,10.548,38.35,6.564,15.463,Unfavorable
1771,Clay,Hill,None,7.011,28.917,94.76,45.219,147.534,3.932,0.686,1.347,49.996,20.838,17.303,6.379,7.072,Favorable
1772,Clay,Plain,Sprinkler,7.444,22.374,110.813,44.37,124.549,3.637,1.171,1.42,58.227,16.685,6.484,5.406,9.647,Favorable
1773,Loam,Plain,Drip,5.824,24.249,120.437,78.859,106.849,3.103,1.017,1.358,31.92,10.134,14.566,8.829,7.909,Favorable
1774,Clay,Plain,Drip,6.879,31.792,116.982,59.735,177.023,4.169,1.255,1.53,59.306,5.894,31.133,5.04,13.083,Favorable
1775,Sandy,Plain,None,5.599,26.463,67.028,51.116,80.646,2.542,0.171,1.706,19.301,17.301,21.695,7.105,2.945,Unfavorable
1776,Clay,Plain,Drip,7.645,26.767,87.333,36.622,201.09,2.919,1.564,1.415,47.216,14.92,9.402,5.118,2.952,Unfavorable
1777,Sandy,Mountain,Drip,6.226,29.528,46.348,49.693,69.824,1.522,0.409,1.468,14.3,24.546,27.784,6.505,16.389,Unfavorable
1778,Clay,Plain,Sprinkler,7.021,21.921,102.469,36.221,160.178,3.413,0.957,1.357,56.03,13.698,8.456,8.829,8.96,Favorable
1779,Loam,Plain,None,6.649,24.663,130.707,45.647,154.455,3.447,1.409,1.27,19.427,21.412,28.567,7.42,2.371,Favorable
1780,Clay,Plain,Sprinkler,7.407,22.893,148.864,47.653,142.077,3.288,1.183,1.163,43.807,21.638,46.848,7.347,6.572,Favorable
1781,Silt,Plain,None,6.864,24.187,94.82,78.247,167.838,2.916,0.608,1.328,12.841,6.426,11.357,8.086,0.0,Favorable
1782,Loam,Mountain,None,7.481,18.698,110.657,35.916,135.761,3.768,1.295,1.344,31.742,10.579,22.174,6.576,15.123,Favorable
1783,Loam,Hill,Drip,6.713,18.342,79.961,43.416,125.695,2.651,1.27,1.417,12.51,18.712,9.603,7.42,6.073,Favorable
1784,Sandy,Hill,Sprinkler,6.731,24.745,63.492,26.419,121.994,3.739,0.712,1.646,4.313,20.221,28.829,6.45,5.456,Favorable
1785,Clay,Plain,Drip,7.29,29.419,129.122,60.856,189.59,4.132,1.421,1.335,46.679,15.335,48.594,6.384,7.521,Favorable
1786,Loam,Plain,None,6.574,26.495,106.764,71.519,198.576,3.697,1.986,1.236,20.648,12.954,15.839,8.628,0.0,Favorable
1787,Clay,Plain,Drip,6.946,25.705,137.449,60.753,185.856,3.051,0.613,1.447,44.091,15.277,22.186,8.713,6.782,Favorable
1788,Clay,Mountain,None,7.626,31.939,102.477,40.47,134.287,2.213,0.516,1.324,42.81,13.983,10.709,6.658,17.408,Unfavorable
1789,Clay,Hill,Sprinkler,6.443,18.033,108.863,35.531,147.25,4.596,0.744,1.324,49.464,20.688,15.482,6.764,14.514,Favorable
1790,Clay,Plain,None,6.601,34.446,109.91,51.62,189.354,1.819,0.898,1.428,50.793,10.998,19.578,5.953,4.548,Favorable
1791,Clay,Plain,None,6.996,11.886,104.949,79.849,170.033,3.086,1.326,1.505,59.561,21.857,6.054,8.807,0.0,Unfavorable
1792,Clay,Plain,Drip,7.287,24.303,115.149,42.857,187.575,2.645,1.743,1.429,47.756,23.378,27.753,6.303,0.0,Favorable
1793,Clay,Plain,Sprinkler,6.963,34.695,94.833,55.8,188.896,2.1,1.218,1.347,32.059,13.251,29.56,8.3,0.231,Favorable
1794,Loam,Plain,Sprinkler,6.376,27.152,113.765,61.528,158.218,,0.955,1.382,23.371,20.291,34.826,7.173,10.078,Favorable
1795,Sandy,Plain,None,6.97,11.396,75.957,31.558,122.511,2.418,0.655,1.683,22.551,11.196,24.738,5.739,9.722,Unfavorable
1796,Clay,Mountain,None,6.839,,108.996,46.394,144.284,3.489,1.428,1.384,41.508,5.571,44.282,6.391,23.281,Unfavorable
1797,Sandy,Plain,None,6.802,24.997,111.195,34.305,87.697,4.13,0.638,1.688,18.472,11.346,21.756,7.523,1.18,Favorable
1798,Clay,Hill,Sprinkler,7.292,19.657,136.829,61.307,208.716,2.795,0.884,1.354,59.639,23.691,8.065,8.578,9.751,Unfavorable
1799,Sandy,Plain,None,6.348,18.959,96.487,36.137,133.04,2.072,0.737,1.415,3.861,10.552,14.685,8.861,15.543,Unfavorable
1800,Sandy,Mountain,Sprinkler,5.991,26.148,77.752,35.807,86.492,1.303,0.1,1.54,7.239,16.424,18.345,4.701,11.29,Unfavorable
1801,Sandy,Mountain,None,6.792,14.934,95.475,33.212,158.163,3.74,0.338,1.426,11.387,17.321,1.389,6.347,21.526,Unfavorable
1802,Clay,Mountain,Sprinkler,6.37,23.283,124.42,34.929,156.179,2.621,0.869,1.462,43.704,15.798,18.525,6.581,7.451,Unfavorable
1803,Loam,Hill,Drip,7.084,30.76,135.121,81.081,136.476,2.152,1.195,1.245,30.859,17.987,39.441,8.49,18.068,Favorable
1804,Clay,Plain,Sprinkler,7.087,27.203,123.576,43.655,167.092,2.656,1.045,1.485,49.04,21.112,2.743,5.992,1.787,Favorable
1805,Sandy,Hill,None,6.679,23.131,74.842,28.976,117.5,1.896,1.167,1.641,2.259,17.745,18.516,8.526,10.496,Unfavorable
1806,Loam,Plain,None,6.431,23.408,135.761,83.033,186.434,3.886,1.256,1.371,26.231,15.526,10.937,4.953,3.557,Favorable
1807,Sandy,Hill,Drip,6.385,28.913,92.611,31.332,74.733,3.026,0.743,1.694,9.505,15.557,2.073,4.192,6.808,Unfavorable
1808,Clay,Mountain,None,6.586,18.007,106.315,36.101,145.233,1.405,0.886,1.386,52.965,19.542,19.263,8.541,9.031,Unfavorable
1809,Loam,Plain,None,6.71,22.988,94.997,58.601,184.675,3.57,1.131,1.408,28.039,12.028,2.322,5.824,3.419,Favorable
1810,Clay,Mountain,Sprinkler,6.971,22.214,176.949,38.612,124.787,2.225,1.249,1.484,42.489,20.416,46.694,5.202,16.843,Unfavorable
1811,Clay,Plain,Drip,6.916,27.058,112.935,65.726,163.591,4.899,1.016,1.262,50.933,22.883,10.746,4.912,0.473,Favorable
1812,Loam,Hill,None,6.876,22.188,88.839,54.395,141.144,1.983,1.147,1.484,21.04,17.03,20.542,7.588,6.185,Favorable
1813,Sandy,Plain,None,6.642,18.908,115.798,36.683,116.763,3.224,0.808,1.408,11.795,15.88,8.691,6.995,17.678,Unfavorable
1814,Sandy,Mountain,None,6.862,22.144,87.303,25.169,126.685,2.714,0.767,1.452,10.084,18.43,1.692,8.096,6.593,Unfavorable
1815,Loam,Mountain,None,6.767,12.372,110.3,33.176,135.611,0.642,1.427,1.296,16.05,17.257,5.561,4.699,17.919,Unfavorable
1816,Loam,Plain,Sprinkler,6.48,15.927,134.978,44.562,160.51,,1.283,1.24,26.636,20.367,22.627,7.426,9.716,Favorable
1817,Sandy,Hill,None,5.881,25.905,82.391,39.931,96.359,,0.701,1.379,1.0,16.796,9.127,6.35,14.733,Unfavorable
1818,Clay,Plain,None,6.697,12.359,121.876,65.625,185.092,2.791,1.222,1.222,44.345,10.997,27.229,6.677,10.499,Favorable
1819,Clay,Plain,Sprinkler,6.9,26.981,128.119,40.175,175.082,2.256,1.344,1.573,41.622,13.921,13.425,3.611,10.552,Favorable
1820,Sandy,Hill,Sprinkler,7.201,26.428,46.187,23.629,97.602,4.073,0.129,1.815,5.623,15.2,10.995,6.378,11.893,Unfavorable
1821,Sandy,Plain,None,6.389,,132.772,37.867,115.351,2.864,1.225,1.618,9.209,18.423,26.108,7.545,2.911,Favorable
1822,Silt,Hill,Sprinkler,6.165,25.227,98.316,49.286,165.064,2.036,0.816,1.224,13.66,25.558,45.328,5.713,12.051,Favorable
1823,Sandy,Plain,None,6.81,16.067,121.437,31.826,101.684,2.614,0.729,1.65,10.553,10.219,10.315,7.089,4.806,Unfavorable
1824,Clay,Plain,None,6.677,21.158,120.293,52.152,163.968,3.356,1.302,1.53,37.272,13.467,4.376,8.907,4.811,Favorable
1825,Sandy,Hill,None,6.137,10.166,59.216,31.382,130.861,2.844,0.994,1.31,6.813,16.17,36.886,6.301,7.645,Unfavorable
1826,Loam,Plain,None,7.33,29.516,92.32,55.999,157.24,3.227,0.463,1.282,17.351,24.134,28.535,5.423,0.0,Favorable
1827,Loam,Plain,None,6.728,23.828,101.092,65.517,157.091,3.371,1.139,1.31,24.625,20.369,31.342,9.853,4.604,Favorable
1828,Loam,Plain,Drip,5.929,,123.606,38.753,184.227,2.782,0.452,1.213,31.378,15.28,19.332,7.805,8.303,Favorable
1829,Loam,Hill,None,6.944,29.966,126.923,53.73,129.813,1.901,0.703,1.5,42.542,23.686,7.607,9.102,8.057,Favorable
1830,Sandy,Plain,Sprinkler,6.772,20.938,75.519,38.149,108.551,2.981,0.649,1.431,1.8,18.126,49.58,5.171,10.58,Favorable
1831,Clay,Hill,Sprinkler,7.367,32.495,111.863,38.539,148.138,4.992,0.973,1.423,56.551,21.829,5.214,9.194,7.271,Unfavorable
1832,Loam,Plain,None,6.978,22.41,114.256,69.347,173.963,2.695,1.277,1.398,25.133,21.318,10.028,7.725,0.012,Favorable
1833,Silt,Plain,None,6.735,22.117,103.056,34.364,164.335,1.799,0.49,1.35,30.458,23.606,15.159,7.271,8.657,Favorable
1834,Silt,Hill,Sprinkler,6.893,14.835,94.402,28.039,146.037,3.246,1.356,1.246,18.457,10.849,18.41,10.171,11.101,Favorable
1835,Sandy,Plain,None,6.42,14.384,90.792,20.027,121.62,1.127,0.418,1.651,11.845,14.891,30.686,8.98,2.485,Unfavorable
1836,Clay,Plain,Drip,7.368,34.192,110.399,39.491,139.063,3.264,1.107,1.46,35.248,17.05,6.864,6.816,15.4,Favorable
1837,Clay,Plain,Sprinkler,7.0,15.703,100.092,50.28,178.053,,1.198,1.457,43.693,19.218,33.243,7.788,10.603,Favorable
1838,Clay,Hill,Drip,7.51,26.551,132.809,53.221,159.948,,1.729,1.289,42.701,19.306,43.756,8.17,0.0,Favorable
1839,Loam,Hill,Sprinkler,6.83,27.385,67.151,70.365,144.034,4.325,1.378,1.344,28.985,18.453,34.342,9.402,13.937,Favorable
1840,Silt,Plain,None,6.428,17.846,92.467,45.898,207.135,1.996,0.819,1.254,14.626,17.472,21.016,6.126,0.179,Favorable
1841,Loam,Hill,Sprinkler,6.581,15.931,87.627,50.115,122.823,1.313,0.888,1.255,29.513,16.14,16.583,8.415,14.154,Unfavorable
1842,Silt,Plain,Drip,6.661,30.142,126.066,45.812,130.444,3.65,0.576,1.288,25.486,20.759,6.128,5.4,0.0,Favorable
1843,Loam,Plain,None,6.798,8.774,101.99,56.361,204.103,3.093,1.308,1.376,16.101,18.888,6.411,6.863,1.534,Favorable
1844,Loam,Mountain,Drip,7.067,26.157,69.421,52.04,182.618,,1.02,1.244,28.208,7.533,84.73,6.6,18.394,Unfavorable
1845,Silt,Plain,Sprinkler,6.506,20.944,104.136,51.116,145.803,2.788,1.469,1.167,15.395,17.247,5.815,7.115,8.495,Favorable
1846,Clay,Hill,None,6.976,18.583,149.703,70.336,163.67,,1.335,1.504,60.561,17.202,4.83,5.494,4.559,Favorable
1847,Loam,Hill,None,6.811,18.341,110.003,62.394,138.396,2.133,0.704,1.356,17.824,9.658,21.396,7.467,8.584,Favorable
1848,Sandy,Mountain,None,6.367,10.096,71.81,33.407,96.08,2.454,0.883,1.523,12.196,20.597,16.085,4.701,16.094,Unfavorable
1849,Loam,Plain,Sprinkler,7.616,18.794,137.233,57.036,143.662,3.501,1.217,1.33,22.67,18.062,17.761,6.421,10.774,Favorable
1850,Sandy,Hill,Drip,6.459,19.354,32.312,17.601,128.018,,0.816,1.528,1.344,14.184,26.018,8.814,9.574,Unfavorable
1851,Loam,Plain,Drip,7.247,18.857,72.794,39.444,196.071,3.789,0.899,1.181,20.933,17.791,17.273,7.262,6.381,Favorable
1852,Loam,Hill,None,6.726,12.677,98.883,35.001,232.384,1.068,0.81,1.204,31.466,17.806,41.884,5.492,8.617,Favorable
1853,Sandy,Plain,Sprinkler,7.117,30.601,93.81,34.079,198.69,3.052,1.274,1.422,14.8,18.543,40.65,9.233,3.021,Favorable
1854,Loam,Plain,None,5.96,30.833,90.994,58.239,138.664,3.574,0.703,1.474,28.759,8.761,15.011,6.035,0.0,Favorable
1855,Loam,Plain,Sprinkler,6.581,24.63,116.038,51.372,139.223,4.509,0.988,1.301,27.469,17.47,14.391,8.198,0.35,Favorable
1856,Loam,Plain,None,6.241,21.51,123.058,64.488,145.986,4.35,0.541,1.254,19.276,21.774,21.803,8.305,5.935,Favorable
1857,Sandy,Plain,None,6.813,21.044,88.161,42.548,84.942,1.849,0.737,1.691,1.0,16.841,34.708,8.265,9.948,Unfavorable
1858,Loam,Hill,Sprinkler,6.515,,102.948,73.042,160.466,,1.061,1.374,35.031,10.836,22.352,8.02,6.73,Favorable
1859,Silt,Plain,None,6.944,34.548,131.232,70.713,127.779,2.216,1.306,1.236,31.831,23.449,25.335,6.736,0.453,Favorable
1860,Sandy,Plain,Sprinkler,6.521,31.95,81.002,50.886,101.369,2.635,1.015,1.69,1.597,16.359,52.491,9.364,0.0,Favorable
1861,Loam,Hill,Sprinkler,6.247,38.712,142.978,65.97,152.226,,0.695,1.378,33.522,22.106,2.001,8.633,12.171,Unfavorable
1862,Sandy,Plain,Sprinkler,5.778,26.747,73.486,24.182,109.219,2.451,1.07,1.579,14.87,8.007,48.125,6.874,5.923,Unfavorable
1863,Sandy,Mountain,Sprinkler,6.472,25.207,63.009,49.815,58.207,,0.518,1.817,1.0,18.959,62.593,7.426,15.163,Unfavorable
1864,Sandy,Hill,Sprinkler,5.792,20.122,87.776,45.304,30.151,3.531,0.217,1.535,1.0,11.802,5.779,8.917,2.87,Unfavorable
1865,Loam,Hill,None,6.802,21.167,71.526,32.607,128.413,5.055,1.315,1.345,23.155,13.648,42.536,7.789,13.801,Favorable
1866,Clay,Plain,Drip,6.68,30.843,122.825,44.634,139.507,1.701,1.679,1.573,46.488,21.308,21.615,7.069,2.178,Favorable
1867,Silt,Hill,Sprinkler,6.468,22.173,88.643,25.915,145.582,2.787,0.83,1.181,18.458,21.73,19.626,8.337,7.544,Favorable
1868,Loam,Hill,Drip,7.364,17.784,116.852,43.252,127.142,2.104,0.997,1.268,16.962,18.215,3.752,9.801,6.09,Favorable
1869,Sandy,Plain,None,6.701,16.898,77.061,45.68,154.63,2.969,1.321,1.465,19.36,21.824,5.682,9.4,13.239,Unfavorable
1870,Clay,Mountain,Sprinkler,7.022,19.982,101.495,40.981,167.926,1.469,0.856,1.613,50.133,14.295,22.164,9.116,16.206,Unfavorable
1871,Loam,Mountain,Sprinkler,6.202,34.201,102.226,37.402,134.308,2.823,1.079,1.309,26.726,14.662,15.931,4.911,18.975,Unfavorable
1872,Loam,Mountain,Drip,6.701,18.783,124.938,38.215,154.834,3.538,0.924,1.398,20.025,14.994,74.571,5.648,10.939,Favorable
1873,Loam,Plain,Sprinkler,6.997,31.127,111.699,51.406,141.168,3.252,0.973,1.283,23.268,19.87,33.066,7.754,0.0,Favorable
1874,Loam,Plain,Sprinkler,6.439,16.777,115.915,59.932,208.846,,1.135,1.23,22.766,21.654,37.619,6.633,1.217,Favorable
1875,Silt,Plain,None,5.871,20.023,122.835,53.582,167.167,3.339,0.764,1.462,14.492,9.072,33.408,8.997,0.0,Favorable
1876,Loam,Mountain,None,6.936,27.933,104.958,74.972,155.994,2.373,0.646,1.461,34.786,14.076,33.848,7.126,7.984,Favorable
1877,Loam,Mountain,Drip,6.715,27.263,86.103,52.543,144.098,2.255,1.122,1.46,26.001,12.409,25.022,5.128,15.745,Favorable
1878,Sandy,Plain,Sprinkler,6.399,25.19,122.987,51.576,127.327,1.849,0.664,1.552,8.44,21.091,35.23,7.552,1.025,Favorable
1879,Clay,Plain,Drip,6.748,20.859,109.226,34.737,224.583,2.692,0.843,1.457,43.463,11.788,31.001,9.069,9.583,Favorable
1880,Silt,Plain,Drip,6.725,9.475,72.9,31.516,195.67,2.7,0.777,1.43,16.372,20.007,39.557,6.792,0.0,Favorable
1881,Sandy,Plain,Sprinkler,6.825,22.282,60.288,36.477,68.81,2.862,0.812,1.73,5.303,18.746,23.553,6.079,10.725,Unfavorable
1882,Sandy,Plain,None,6.297,16.176,104.583,35.947,132.575,2.141,0.983,1.464,12.084,18.278,17.43,8.275,6.147,Unfavorable
1883,Silt,Hill,None,7.376,26.392,73.648,56.396,111.59,3.672,0.91,1.323,17.982,23.651,2.736,6.267,13.106,Unfavorable
1884,Sandy,Plain,None,6.422,18.756,91.3,45.168,115.774,2.533,0.916,1.681,1.0,19.153,36.73,7.096,0.0,Favorable
1885,Sandy,Plain,None,6.351,25.985,40.126,25.557,96.296,,0.735,1.527,5.681,16.06,19.805,8.189,1.761,Favorable
1886,Loam,Hill,None,7.037,23.63,96.799,66.937,165.669,1.96,1.528,1.16,26.33,32.549,22.393,7.853,9.624,Favorable
1887,Silt,Plain,Drip,6.662,23.647,136.458,53.681,172.341,1.961,0.618,1.385,13.315,16.136,9.942,8.401,4.835,Favorable
1888,Loam,Plain,None,7.023,18.729,93.647,43.536,122.981,2.754,1.13,1.25,24.272,21.421,29.677,6.776,3.05,Favorable
1889,Sandy,Mountain,Sprinkler,6.902,22.779,42.565,23.971,177.163,3.35,0.599,1.53,5.956,16.008,19.143,9.256,20.634,Unfavorable
1890,Loam,Plain,Drip,6.814,19.711,116.605,46.427,181.375,2.694,0.962,1.298,16.809,15.351,17.224,6.997,11.551,Favorable
1891,Loam,Plain,Sprinkler,7.573,19.367,131.212,41.764,195.966,3.7,1.24,1.341,24.713,13.38,11.762,8.558,1.972,Unfavorable
1892,Loam,Plain,Drip,6.626,19.135,112.216,52.623,203.92,3.386,1.036,1.34,23.029,25.84,28.157,7.46,0.0,Favorable
1893,Loam,Plain,None,5.596,28.615,111.919,54.663,201.283,3.173,1.084,1.207,24.631,14.912,25.437,6.586,8.963,Unfavorable
1894,Sandy,Hill,Sprinkler,6.968,22.777,100.435,16.213,88.626,3.199,1.041,1.398,2.195,17.47,10.74,5.796,3.294,Favorable
1895,Clay,Plain,Sprinkler,7.147,36.128,136.88,27.132,129.416,,1.29,1.371,51.688,14.01,8.99,7.004,0.549,Favorable
1896,Loam,Plain,Sprinkler,6.328,,99.615,64.239,194.493,1.467,1.584,1.424,22.375,21.605,36.23,7.643,0.0,Favorable
1897,Clay,Plain,Sprinkler,6.591,19.79,101.766,58.021,189.712,,1.203,1.469,49.385,14.492,0.47,7.218,6.091,Favorable
1898,Clay,Plain,Drip,6.547,37.551,112.248,75.971,171.965,3.309,0.834,1.559,50.074,21.256,12.087,5.493,5.25,Favorable
1899,Clay,Mountain,Sprinkler,7.227,22.568,132.222,41.84,145.995,2.401,1.708,1.362,45.042,13.157,35.349,6.697,12.377,Unfavorable
1900,Sandy,Plain,None,6.802,30.787,101.282,26.54,108.529,,0.333,1.524,1.0,24.142,3.544,6.495,7.992,Favorable
1901,Clay,Hill,None,6.67,,157.35,48.613,120.406,3.471,1.286,1.47,59.935,15.005,8.541,7.407,11.108,Favorable
1902,Clay,Plain,Sprinkler,7.189,30.237,121.891,60.649,205.025,4.949,1.124,1.375,44.594,13.635,69.595,6.196,0.0,Favorable
1903,Sandy,Hill,None,6.268,20.445,102.848,45.692,171.354,,0.103,1.613,13.009,18.556,15.982,7.814,9.549,Unfavorable
1904,Loam,Mountain,None,6.626,22.111,81.448,54.935,58.267,,0.98,1.344,13.754,23.757,2.348,5.993,10.584,Unfavorable
1905,Clay,Mountain,None,6.37,14.881,79.324,38.66,162.166,2.128,1.075,1.334,59.592,16.771,28.183,7.922,21.621,Unfavorable
1906,Clay,Mountain,None,6.647,10.547,113.005,39.646,135.949,2.457,0.679,1.261,38.321,16.628,7.383,6.159,19.126,Unfavorable
1907,Loam,Plain,None,6.784,28.845,98.794,52.549,171.717,3.207,1.064,1.317,22.795,12.712,31.387,6.269,3.985,Favorable
1908,Sandy,Hill,Drip,6.628,14.318,93.031,45.637,83.838,3.26,1.074,1.488,7.638,5.205,8.318,6.854,11.612,Unfavorable
1909,Loam,Plain,Sprinkler,7.292,30.206,122.413,47.1,195.875,2.495,1.166,1.366,11.305,20.244,16.812,6.734,10.151,Favorable
1910,Loam,Plain,None,6.743,23.815,178.854,56.525,183.191,3.228,0.91,1.31,22.044,12.602,13.447,8.718,2.872,Favorable
1911,Silt,Plain,None,7.136,11.446,97.215,35.45,121.432,3.231,0.939,1.183,18.195,19.333,27.196,6.072,9.419,Favorable
1912,Clay,Plain,Sprinkler,7.703,31.696,95.986,44.422,209.064,3.723,1.175,1.547,45.02,19.49,11.939,5.926,0.681,Unfavorable
1913,Silt,Plain,Sprinkler,6.651,29.233,99.948,32.164,156.938,2.946,0.959,1.385,16.431,20.452,13.27,5.575,6.222,Favorable
1914,Sandy,Hill,Sprinkler,6.245,28.842,36.159,17.124,105.833,2.454,0.418,1.752,6.347,12.029,20.438,6.803,15.415,Unfavorable
1915,Sandy,Plain,Drip,6.014,23.164,38.56,32.781,119.166,1.946,0.596,1.514,8.369,17.499,27.262,9.63,0.913,Unfavorable
1916,Sandy,Plain,Sprinkler,7.082,30.601,90.344,39.747,143.431,0.8,0.414,1.588,1.494,9.462,7.104,9.584,7.941,Unfavorable
1917,Clay,Plain,Drip,6.833,32.806,82.437,46.572,152.987,2.841,0.76,1.232,42.198,15.391,35.39,6.701,9.505,Favorable
1918,Clay,Mountain,Drip,6.681,27.087,82.782,48.357,154.098,2.849,1.338,1.537,56.94,17.073,8.941,5.678,19.829,Unfavorable
1919,Sandy,Plain,Sprinkler,6.367,25.415,89.831,33.398,121.995,3.443,0.835,1.477,7.017,12.859,51.318,6.724,12.91,Favorable
1920,Sandy,Hill,Drip,7.052,33.244,89.363,41.221,116.192,2.103,0.626,1.704,7.164,15.824,11.829,9.08,6.916,Unfavorable
1921,Clay,Plain,Drip,7.248,32.069,137.957,51.374,184.438,2.364,1.418,1.419,36.798,21.115,21.177,8.987,0.0,Favorable
1922,Sandy,Plain,Sprinkler,7.475,26.618,96.508,35.926,59.978,2.121,0.996,1.503,1.394,18.79,18.98,6.727,9.52,Unfavorable
1923,Sandy,Plain,Sprinkler,6.857,18.036,58.975,31.46,119.677,1.066,1.057,1.607,1.0,13.366,40.057,6.6,5.282,Favorable
1924,Loam,Plain,None,6.464,23.776,109.959,34.121,150.514,2.729,1.124,1.377,20.55,16.671,24.123,6.319,8.534,Favorable
1925,Silt,Plain,None,7.134,26.661,93.173,58.33,156.832,2.747,1.336,1.306,17.864,13.72,34.228,8.56,0.0,Favorable
1926,Silt,Plain,Sprinkler,6.813,27.689,118.827,21.219,167.543,3.063,0.424,1.481,24.711,22.486,6.413,8.14,4.472,Favorable
1927,Silt,Hill,Sprinkler,6.6,30.812,120.673,48.343,94.502,1.909,0.636,1.159,24.78,11.416,15.048,6.841,1.912,Favorable
1928,Loam,Hill,Drip,6.953,29.035,113.023,57.479,207.836,3.23,1.4,1.555,29.085,17.871,5.241,5.57,13.281,Favorable
1929,Sandy,Plain,Sprinkler,6.089,28.11,107.438,26.913,107.522,1.915,0.663,1.508,1.0,23.099,21.936,6.296,3.31,Favorable
1930,Sandy,Plain,None,7.334,20.131,85.092,53.064,104.35,4.698,1.456,1.378,17.38,20.168,31.464,6.192,1.344,Favorable
1931,Clay,Plain,Drip,7.151,25.64,128.488,44.014,159.244,2.839,1.115,1.314,46.283,22.584,11.614,8.876,0.0,Favorable
1932,Silt,Mountain,None,6.203,20.666,114.504,19.821,116.361,1.571,1.325,1.515,16.001,13.507,24.109,6.032,20.072,Unfavorable
1933,Clay,Plain,None,6.787,23.418,108.58,52.064,149.122,3.961,0.744,1.337,45.408,18.934,17.739,9.167,8.193,Favorable
1934,Loam,Hill,Sprinkler,6.849,31.88,112.515,52.972,164.695,1.741,1.176,1.397,21.138,14.304,15.185,7.285,0.0,Favorable
1935,Loam,Plain,None,6.789,,137.008,59.912,159.329,3.058,1.062,1.225,32.439,18.574,10.776,7.812,10.251,Favorable
1936,Loam,Plain,None,6.549,,145.643,61.189,162.547,3.05,1.112,1.312,15.655,17.719,21.048,10.762,5.521,Favorable
1937,Clay,Mountain,Sprinkler,7.924,15.442,90.855,35.952,152.766,2.219,1.004,1.492,54.745,14.058,34.967,7.052,20.752,Unfavorable
1938,Loam,Hill,Sprinkler,6.222,23.907,97.442,60.688,121.142,3.972,1.31,1.341,36.012,9.989,15.907,7.362,16.841,Favorable
1939,Loam,Hill,None,5.971,21.191,91.297,44.599,169.196,3.075,1.11,1.429,21.952,17.325,9.699,7.608,6.415,Unfavorable
1940,Silt,Hill,None,7.312,26.16,110.683,47.102,184.911,1.907,1.029,1.274,15.26,11.743,15.869,7.511,9.316,Favorable
1941,Sandy,Plain,Sprinkler,6.774,26.185,87.529,67.998,158.981,2.659,0.889,1.624,7.024,18.884,17.118,7.334,8.79,Favorable
1942,Sandy,Mountain,Sprinkler,6.523,20.647,69.842,17.916,167.712,1.794,0.357,1.629,5.451,20.007,7.611,4.093,6.262,Unfavorable
1943,Clay,Plain,Drip,7.257,27.886,119.209,39.366,178.532,3.222,0.727,1.594,54.259,16.919,25.913,7.669,0.27,Favorable
1944,Clay,Hill,None,6.321,32.67,84.781,47.215,154.851,3.358,2.066,1.328,45.128,16.726,10.553,4.663,9.801,Unfavorable
1945,Loam,Plain,Sprinkler,6.976,21.887,114.934,56.632,152.551,2.131,1.25,1.501,29.474,13.411,6.258,8.241,6.762,Favorable
1946,Loam,Hill,None,7.33,25.479,80.813,49.24,154.56,3.058,0.392,1.285,26.331,13.715,19.954,7.752,12.523,Favorable
1947,Clay,Plain,Sprinkler,7.358,14.726,118.25,50.849,135.456,,1.416,1.493,44.423,22.793,16.928,6.94,3.726,Favorable
1948,Sandy,Hill,None,6.492,16.088,82.703,29.603,112.541,3.365,0.268,1.551,10.725,19.811,37.304,6.93,6.052,Favorable
1949,Loam,Plain,None,6.275,29.417,106.546,38.906,174.217,2.902,0.899,1.34,20.19,21.207,16.968,6.657,0.134,Favorable
1950,Silt,Mountain,None,6.651,19.508,66.79,54.279,163.116,1.889,0.921,1.164,16.511,21.126,10.815,7.214,11.95,Unfavorable
1951,Sandy,Hill,None,6.326,25.914,81.976,21.868,190.902,2.981,0.738,1.562,13.363,15.987,41.824,6.772,8.618,Favorable
1952,Loam,Hill,Sprinkler,7.249,25.104,83.924,40.09,173.655,1.385,1.225,1.297,34.159,20.622,29.029,8.906,9.857,Favorable
1953,Silt,Mountain,None,5.874,20.063,125.638,49.803,118.081,2.094,0.636,1.032,18.031,19.474,34.732,8.16,14.646,Unfavorable
1954,Sandy,Mountain,None,6.308,21.725,55.31,25.622,155.254,0.44,0.574,1.649,5.654,17.54,29.066,7.421,22.666,Unfavorable
1955,Sandy,Hill,None,6.775,13.59,92.82,43.994,112.042,2.101,1.277,1.58,11.068,12.203,21.22,4.763,7.447,Unfavorable
1956,Silt,Mountain,Sprinkler,6.591,27.847,128.6,53.66,75.792,,0.718,1.511,1.0,18.492,14.388,8.946,19.51,Unfavorable
1957,Silt,Hill,Sprinkler,6.969,26.01,84.285,30.614,170.366,3.367,0.841,1.25,31.187,29.02,16.46,7.864,6.955,Favorable
1958,Loam,Plain,Sprinkler,6.009,33.147,103.78,64.968,136.914,,0.942,1.447,28.299,13.918,13.43,4.944,10.228,Favorable
1959,Clay,Hill,Drip,8.106,19.814,117.42,46.678,143.958,,1.717,1.334,55.661,17.105,34.039,4.444,20.878,Unfavorable
1960,Sandy,Hill,Drip,6.996,17.033,94.771,33.472,90.068,2.835,0.969,1.512,11.719,13.795,25.193,6.004,6.301,Favorable
1961,Silt,Plain,Drip,6.468,11.557,138.051,58.035,192.684,1.468,1.063,1.204,11.48,20.759,10.387,6.753,2.506,Favorable
1962,Loam,Plain,None,7.092,23.776,90.508,51.086,202.218,2.736,1.446,1.524,18.366,24.468,17.44,6.719,3.42,Favorable
1963,Loam,Plain,Sprinkler,7.015,29.247,67.447,39.535,168.042,3.569,1.209,1.367,19.258,20.85,21.429,9.07,3.64,Favorable
1964,Clay,Plain,Drip,7.357,17.696,84.499,58.19,165.262,2.648,1.112,1.484,47.119,15.047,47.098,7.989,4.411,Favorable
1965,Silt,Hill,None,6.606,16.971,92.211,58.144,175.953,2.195,0.756,1.299,17.282,21.12,15.228,7.141,16.067,Unfavorable
1966,Clay,Hill,None,7.068,23.1,139.555,29.864,209.829,3.821,1.611,1.384,38.061,17.898,33.173,6.911,7.394,Favorable
1967,Loam,Plain,Sprinkler,6.744,27.714,111.056,46.806,167.006,,1.036,1.246,32.911,22.903,26.398,8.735,8.12,Favorable
1968,Sandy,Plain,Sprinkler,6.642,,85.784,51.817,72.31,3.329,0.965,1.479,12.584,12.688,17.956,7.171,5.466,Favorable
1969,Sandy,Plain,None,6.151,13.237,112.091,29.02,101.09,3.327,0.453,1.443,13.501,21.678,17.903,4.494,6.877,Unfavorable
1970,Clay,Plain,None,7.439,30.892,78.056,33.704,106.276,3.576,1.75,1.482,48.328,17.737,52.246,7.989,0.0,Favorable
1971,Clay,Plain,Sprinkler,6.499,22.968,104.116,67.675,188.692,3.16,1.308,1.431,45.173,19.124,29.691,9.002,0.237,Favorable
1972,Silt,Plain,None,6.742,24.261,106.44,64.362,184.7,1.969,1.023,1.252,12.772,14.696,7.405,5.237,3.273,Favorable
1973,Silt,Plain,Sprinkler,7.065,35.017,105.649,66.965,133.767,3.297,1.125,1.333,20.085,11.995,24.211,5.121,2.723,Favorable
1974,Loam,Plain,Drip,6.841,30.256,156.574,58.615,179.674,,0.533,1.31,23.677,22.946,25.014,8.305,3.119,Favorable
1975,Sandy,Plain,None,6.575,21.36,96.147,52.12,111.177,2.712,0.981,1.733,3.426,11.887,37.666,5.934,1.14,Favorable
1976,Loam,Hill,None,6.771,17.156,131.476,69.98,150.882,3.866,0.727,1.31,17.495,17.198,14.606,5.22,9.515,Favorable
1977,Sandy,Mountain,Sprinkler,6.383,32.906,45.241,29.907,108.804,3.331,0.974,1.56,8.056,19.323,23.694,6.647,17.601,Unfavorable
1978,Loam,Plain,None,7.188,13.221,88.881,45.433,184.242,2.325,1.303,1.435,20.147,12.718,19.51,8.216,3.836,Favorable
1979,Loam,Plain,None,6.611,23.796,133.949,57.696,115.67,2.598,1.15,1.211,32.296,23.864,5.302,5.089,6.091,Favorable
1980,Clay,Hill,None,7.237,30.34,60.982,61.532,153.621,3.416,1.2,1.469,48.713,24.825,9.432,8.552,10.71,Favorable
1981,Clay,Hill,Sprinkler,6.678,28.98,131.346,55.448,214.178,3.021,1.251,1.38,44.69,17.016,6.54,7.568,3.02,Favorable
1982,Clay,Hill,Drip,7.323,29.79,102.687,31.321,153.518,3.633,1.101,1.355,47.593,12.91,33.36,7.183,8.526,Favorable
1983,Silt,Plain,None,6.178,21.866,99.715,47.18,145.226,3.11,1.172,1.302,15.125,32.7,16.234,7.045,6.561,Favorable
1984,Silt,Mountain,None,6.417,24.15,81.861,39.097,180.758,3.082,0.789,1.203,24.697,20.359,14.368,7.059,9.065,Unfavorable
1985,Clay,Plain,None,6.438,12.025,127.491,45.513,148.435,2.205,1.027,1.432,42.814,17.688,5.833,7.627,17.853,Unfavorable
1986,Loam,Hill,None,6.849,28.578,74.397,55.733,157.809,3.41,0.824,1.452,22.582,21.981,6.66,7.727,6.012,Favorable
1987,Loam,Mountain,None,6.807,5.906,113.765,40.655,209.879,1.377,1.195,1.39,23.09,19.062,24.04,6.64,12.517,Unfavorable
1988,Loam,Hill,None,6.682,22.318,116.094,44.026,177.16,,1.125,1.462,28.417,19.534,26.238,7.007,9.238,Favorable
1989,Loam,Plain,Drip,6.812,18.874,102.238,64.283,160.5,2.504,0.757,1.359,22.365,20.157,14.549,9.717,10.562,Favorable
1990,Loam,Plain,Sprinkler,6.724,22.066,107.765,65.673,193.525,3.469,1.099,1.41,28.782,16.622,16.728,10.576,14.337,Favorable
1991,Sandy,Mountain,Sprinkler,5.895,24.233,82.343,29.6,140.52,3.307,1.204,1.449,10.205,21.903,20.662,8.169,21.727,Unfavorable
1992,Sandy,Hill,None,6.43,27.027,108.658,62.502,146.597,,0.758,1.259,11.0,12.871,6.108,8.508,11.958,Unfavorable
1993,Sandy,Mountain,Sprinkler,7.347,21.607,64.484,42.183,105.752,1.686,0.807,1.565,13.737,10.264,38.901,4.54,27.625,Unfavorable
1994,Silt,Plain,None,7.323,26.391,134.767,43.89,116.85,1.981,0.709,1.179,12.543,20.568,9.194,4.627,0.0,Favorable
1995,Loam,Plain,Sprinkler,6.841,35.208,136.46,51.299,170.029,3.452,0.307,1.478,23.513,22.246,44.399,7.577,6.0,Favorable
1996,Loam,Plain,None,7.049,23.464,142.127,52.644,117.016,4.726,1.274,1.36,20.121,7.083,43.98,6.582,5.586,Favorable
1997,Loam,Plain,None,6.818,23.046,128.558,65.646,159.703,0.909,0.984,1.59,17.309,15.795,63.239,7.0,12.216,Favorable
1998,Clay,Plain,Sprinkler,7.311,26.291,98.077,42.621,187.871,2.517,1.624,1.338,51.791,14.54,12.917,8.381,7.514,Favorable
1999,Sandy,Plain,Sprinkler,5.977,26.487,127.375,37.81,112.862,,0.705,1.63,1.0,19.188,49.492,9.458,4.054,Unfavorable
2000,Clay,Hill,None,7.519,,130.512,53.842,190.993,1.664,0.728,1.411,45.603,19.709,7.555,7.356,17.997,Unfavorable
2001,Clay,Plain,None,6.505,23.335,100.841,48.113,179.565,2.375,1.296,1.401,43.838,21.517,33.472,5.155,8.179,Favorable
2002,Loam,Plain,None,6.853,17.248,131.82,64.221,195.789,2.099,1.025,1.435,29.067,18.486,20.8,8.308,2.783,Favorable
2003,Loam,Plain,Sprinkler,7.343,28.749,87.689,59.562,157.757,3.948,0.784,1.333,20.429,22.512,22.264,7.873,5.46,Favorable
2004,Loam,Hill,Drip,6.466,31.681,127.969,63.683,129.928,1.73,0.742,1.399,24.254,11.547,21.56,4.036,6.21,Favorable
2005,Loam,Hill,Drip,6.686,18.467,88.331,54.428,190.207,2.06,0.748,1.486,28.96,8.535,31.806,9.151,10.418,Favorable
2006,Loam,Hill,Sprinkler,7.284,21.612,117.861,46.359,103.37,1.971,1.003,1.2,21.53,14.565,42.979,6.155,10.062,Favorable
2007,Clay,Hill,None,6.926,27.408,124.048,48.048,114.508,1.796,1.189,1.326,43.528,16.569,39.236,5.519,13.645,Favorable
2008,Loam,Plain,None,6.677,22.48,138.857,29.143,125.984,3.701,1.577,1.358,24.174,16.631,30.296,8.597,13.228,Favorable
2009,Clay,Plain,None,7.192,16.624,101.076,61.087,154.372,2.917,1.572,1.335,50.89,17.181,43.704,6.998,0.0,Favorable
2010,Clay,Mountain,Sprinkler,7.242,33.582,89.79,24.3,180.527,3.246,1.5,1.507,49.125,23.105,15.314,6.785,19.413,Unfavorable
2011,Clay,Hill,None,6.793,12.52,93.225,67.746,128.542,2.975,1.239,1.393,47.311,17.319,45.127,6.374,12.668,Favorable
2012,Loam,Plain,Drip,6.207,22.32,110.865,61.217,173.1,2.699,0.888,1.456,16.378,21.85,2.877,6.561,1.633,Favorable
2013,Loam,Plain,None,6.455,31.931,126.492,38.132,171.215,2.249,0.677,1.339,30.231,14.469,12.49,7.522,0.468,Favorable
2014,Loam,Hill,Drip,6.455,25.83,124.143,51.799,173.455,,1.026,1.288,31.419,22.096,13.146,5.516,6.854,Favorable
2015,Sandy,Hill,None,6.193,20.156,100.783,18.905,77.762,2.751,1.139,1.429,9.309,18.571,1.616,7.72,13.381,Unfavorable
2016,Clay,Plain,Sprinkler,7.463,30.534,101.366,35.842,162.706,4.737,1.543,1.612,57.464,15.45,12.612,7.802,0.0,Favorable
2017,Clay,Plain,None,6.725,24.991,139.947,42.473,186.68,3.123,1.051,1.599,46.477,20.526,9.443,6.004,1.948,Favorable
2018,Sandy,Plain,Drip,5.938,26.533,88.367,32.341,120.85,1.204,0.999,1.442,15.055,17.709,48.732,5.576,0.0,Favorable
2019,Sandy,Hill,None,6.389,20.902,86.647,51.117,86.264,1.573,1.141,1.468,17.771,13.182,7.99,6.694,14.552,Unfavorable
2020,Clay,Hill,Sprinkler,6.467,14.012,106.374,34.895,205.616,3.946,1.17,1.459,66.298,19.22,1.829,7.927,6.24,Favorable
2021,Loam,Plain,None,6.741,23.309,134.821,80.826,157.819,2.388,0.853,1.155,26.236,20.843,7.174,8.152,2.747,Favorable
2022,Loam,Plain,None,5.916,27.892,126.728,60.576,201.383,1.491,0.587,1.316,15.005,22.501,34.811,8.897,3.553,Unfavorable
2023,Clay,Plain,None,6.983,16.911,121.473,35.293,153.651,3.396,1.365,1.396,54.322,20.525,49.499,9.836,7.004,Favorable
2024,Clay,Plain,None,7.241,16.015,106.611,43.689,128.348,,1.085,1.425,45.641,18.036,4.647,4.356,8.931,Unfavorable
2025,Silt,Plain,Sprinkler,6.638,16.54,87.099,65.271,135.925,3.209,0.194,1.264,24.041,16.287,4.219,6.939,12.447,Favorable
2026,Sandy,Hill,Sprinkler,6.236,,78.033,35.258,98.312,3.581,0.58,1.672,2.051,18.18,25.222,6.366,5.899,Favorable
2027,Sandy,Plain,Sprinkler,6.243,29.716,98.519,25.176,95.485,3.162,0.92,1.57,6.852,20.836,10.77,10.423,0.0,Favorable
2028,Loam,Plain,None,6.534,23.782,118.001,65.558,179.714,1.886,1.043,1.455,27.939,12.697,5.301,5.325,0.0,Favorable
2029,Sandy,Plain,Sprinkler,6.44,34.303,83.454,38.097,111.842,2.591,0.595,1.631,9.724,23.31,18.489,7.163,0.0,Favorable
2030,Sandy,Hill,None,6.423,20.807,108.447,36.85,83.575,3.059,0.545,1.474,3.254,13.987,17.676,8.942,11.424,Unfavorable
2031,Clay,Hill,Sprinkler,7.541,16.109,114.742,29.284,177.306,3.182,0.743,1.41,44.803,14.705,11.229,6.077,2.911,Unfavorable
2032,Loam,Mountain,Drip,7.76,24.024,101.79,56.526,192.361,2.233,0.673,1.353,26.527,10.15,3.121,5.215,20.616,Unfavorable
2033,Clay,Hill,Drip,7.072,31.353,128.926,52.425,185.509,1.99,1.553,1.245,44.618,14.099,22.908,6.307,13.577,Favorable
2034,Clay,Plain,Sprinkler,7.91,6.437,85.782,48.341,213.251,1.915,0.884,1.521,41.881,24.554,5.911,6.795,1.105,Unfavorable
2035,Clay,Hill,None,7.451,28.59,108.702,56.162,153.598,5.188,1.343,1.47,48.2,13.733,7.352,7.97,9.953,Favorable
2036,Clay,Hill,Drip,6.518,17.824,122.338,43.636,191.105,4.906,1.211,1.442,63.979,18.924,7.396,7.511,4.441,Favorable
2037,Clay,Plain,None,7.515,21.027,124.186,65.167,178.424,2.861,0.711,1.478,50.571,18.591,22.831,7.839,0.0,Favorable
2038,Clay,Plain,None,6.955,20.002,98.15,40.91,167.715,4.149,1.374,1.389,48.473,19.784,23.853,6.094,4.275,Favorable
2039,Loam,Plain,Sprinkler,6.667,29.154,111.054,45.496,122.358,2.717,0.89,1.291,32.871,18.378,50.944,4.824,0.029,Favorable
2040,Silt,Plain,Sprinkler,6.73,25.711,107.924,48.986,123.693,2.64,0.993,1.076,17.339,22.921,40.465,6.355,0.0,Favorable
2041,Loam,Plain,None,6.896,13.609,124.351,47.917,192.166,2.866,0.983,1.291,28.215,15.289,15.163,6.679,0.069,Favorable
2042,Loam,Mountain,Sprinkler,6.181,,96.389,45.036,137.133,4.411,1.118,1.118,20.349,12.564,36.343,5.507,9.653,Favorable
2043,Loam,Hill,None,6.879,,122.9,52.09,150.267,0.942,1.096,1.226,26.445,15.016,17.865,6.566,11.889,Unfavorable
2044,Loam,Plain,None,6.849,20.513,121.521,70.02,108.972,4.17,0.867,1.025,24.982,21.107,47.881,9.714,5.204,Favorable
2045,Clay,Plain,Drip,6.5,36.172,140.132,46.563,140.334,4.974,1.511,1.155,51.502,12.061,5.087,7.379,0.02,Favorable
2046,Sandy,Plain,Sprinkler,7.146,27.87,72.609,32.158,80.99,2.9,0.291,1.424,11.935,19.089,8.249,7.611,0.0,Favorable
2047,Loam,Plain,Sprinkler,6.415,25.091,101.44,52.119,157.474,1.98,1.266,1.311,19.958,22.278,19.477,6.093,10.262,Favorable
2048,Clay,Plain,None,7.771,24.59,112.372,57.099,137.054,2.005,1.444,1.492,52.506,20.9,11.823,8.238,1.728,Unfavorable
2049,Sandy,Hill,Sprinkler,6.747,27.114,84.756,40.7,107.865,1.967,1.042,1.515,2.512,19.429,7.501,5.749,6.594,Unfavorable
2050,Sandy,Plain,Sprinkler,6.506,21.581,106.675,32.318,82.864,1.611,0.973,1.676,8.057,25.576,12.308,7.272,0.0,Favorable
2051,Sandy,Plain,Sprinkler,7.023,23.61,138.447,56.522,137.0,0.998,1.211,1.397,14.858,18.92,4.815,9.327,3.521,Unfavorable
2052,Loam,Hill,Drip,6.608,,94.7,30.621,97.421,1.694,1.059,1.386,15.763,17.907,15.934,8.436,4.015,Favorable
2053,Silt,Plain,Drip,6.548,32.822,147.241,20.617,108.558,2.671,1.103,1.411,15.274,17.202,12.564,7.281,8.648,Favorable
2054,Silt,Plain,Sprinkler,6.692,25.19,115.308,60.811,160.577,4.266,0.963,1.415,14.59,10.221,26.078,5.929,2.508,Favorable
2055,Sandy,Mountain,Sprinkler,6.715,19.803,74.456,18.542,86.934,3.811,0.825,1.52,1.0,11.914,29.581,7.128,13.157,Unfavorable
2056,Loam,Plain,Drip,6.866,25.162,84.57,65.959,179.331,2.54,0.963,1.181,33.02,18.087,5.456,7.173,15.817,Favorable
2057,Sandy,Hill,Drip,6.131,19.076,95.961,26.888,126.723,2.406,1.025,1.579,9.762,23.353,21.256,8.912,19.749,Unfavorable
2058,Loam,Plain,Sprinkler,6.492,10.081,109.561,52.116,179.275,2.865,0.838,1.675,12.269,23.365,14.587,9.014,0.0,Favorable
2059,Clay,Hill,Sprinkler,7.521,28.93,78.126,35.943,146.552,2.764,1.742,1.275,48.844,23.816,19.769,9.598,5.559,Unfavorable
2060,Loam,Hill,Sprinkler,6.711,,114.329,51.853,145.956,2.505,0.933,1.443,28.224,19.706,13.583,8.018,12.621,Favorable
2061,Clay,Hill,Drip,6.933,24.959,73.227,46.722,158.627,2.926,1.13,1.33,44.903,19.033,32.407,8.67,11.1,Favorable
2062,Silt,Hill,Drip,6.85,24.029,132.532,25.787,142.922,3.33,0.654,1.379,20.293,17.238,14.407,5.171,12.611,Favorable
2063,Loam,Hill,Drip,7.218,29.678,93.452,76.717,177.681,1.783,1.298,1.46,11.523,16.504,11.16,8.433,7.617,Favorable
2064,Loam,Plain,None,6.962,28.886,119.036,49.672,108.285,4.158,0.597,1.29,25.774,17.196,10.35,6.514,0.0,Favorable
2065,Sandy,Plain,Drip,5.816,28.936,64.581,32.778,129.799,3.888,0.644,1.567,6.872,17.766,10.362,6.772,0.783,Unfavorable
2066,Silt,Hill,None,6.406,10.051,112.637,21.017,164.786,0.916,0.754,1.333,17.34,23.32,38.386,5.449,10.777,Unfavorable
2067,Loam,Plain,None,6.434,10.665,129.898,70.076,144.771,2.665,1.472,1.318,17.882,16.436,11.64,6.605,4.197,Unfavorable
2068,Clay,Plain,None,6.818,25.358,90.697,56.545,175.598,3.503,1.334,1.65,41.599,18.686,41.462,7.418,3.182,Favorable
2069,Silt,Plain,Sprinkler,6.907,11.455,130.115,46.635,111.158,2.315,0.619,1.38,25.556,31.497,15.694,5.699,11.599,Favorable
2070,Clay,Plain,Sprinkler,7.271,36.311,126.368,62.75,151.239,4.773,1.528,1.171,52.386,24.404,44.878,7.949,15.732,Favorable
2071,Sandy,Plain,None,6.562,,85.983,40.068,129.369,3.079,1.007,1.482,9.932,16.506,26.295,7.503,1.332,Favorable
2072,Loam,Mountain,None,6.646,18.939,106.663,48.487,180.876,2.383,0.712,1.395,14.197,16.218,47.349,5.69,11.727,Favorable
2073,Sandy,Mountain,Sprinkler,6.783,31.254,82.237,27.872,120.362,2.246,1.256,1.573,12.344,12.99,33.927,8.398,18.932,Unfavorable
2074,Loam,Plain,None,7.278,22.57,115.44,54.697,164.4,3.417,1.111,1.237,22.582,18.591,14.863,7.995,9.122,Favorable
2075,Loam,Hill,Sprinkler,6.61,22.301,127.88,46.707,148.952,2.542,0.752,1.318,17.219,15.138,17.662,7.545,8.689,Favorable
2076,Loam,Mountain,None,6.321,19.378,114.862,83.345,129.974,,1.24,1.454,29.05,18.788,17.286,5.27,13.185,Unfavorable
2077,Silt,Plain,None,5.93,28.694,145.052,44.369,141.312,2.074,1.122,1.449,20.227,11.443,12.09,7.658,0.0,Unfavorable
2078,Loam,Hill,Drip,6.695,18.804,122.297,67.117,152.185,2.614,1.153,1.478,22.349,16.676,4.373,7.673,6.658,Favorable
2079,Silt,Plain,Sprinkler,6.669,19.089,109.716,45.143,96.394,2.389,1.083,1.505,17.106,20.219,18.043,7.542,0.54,Favorable
2080,Loam,Plain,None,6.363,22.821,103.754,60.927,181.583,2.463,1.052,1.443,29.883,19.705,33.36,5.309,11.72,Favorable
2081,Silt,Plain,None,6.816,21.662,80.669,53.425,93.799,4.413,1.034,1.409,15.794,17.528,1.668,7.784,6.481,Favorable
2082,Clay,Hill,None,6.917,22.415,115.553,40.78,142.176,3.425,0.884,1.474,60.115,14.738,36.768,7.435,13.164,Favorable
2083,Silt,Hill,Drip,6.986,22.489,125.903,41.717,116.218,2.733,1.17,1.329,28.852,13.277,18.979,7.779,11.086,Favorable
2084,Loam,Plain,Drip,6.984,,113.227,26.786,101.986,2.755,0.911,1.367,23.593,13.155,22.493,6.131,7.985,Favorable
2085,Clay,Mountain,Sprinkler,7.009,26.745,57.67,49.667,223.461,3.09,1.636,1.289,51.674,14.669,41.733,6.335,18.341,Unfavorable
2086,Clay,Plain,None,6.614,7.5,85.08,43.637,121.494,3.709,0.846,1.497,40.34,14.969,67.855,8.384,1.928,Favorable
2087,Sandy,Plain,Sprinkler,6.823,15.822,99.27,15.693,107.184,0.956,1.273,1.563,8.148,11.373,39.175,4.785,4.965,Favorable
2088,Sandy,Hill,Sprinkler,7.108,28.424,69.346,52.472,45.804,2.763,0.616,1.459,1.0,15.516,16.122,8.078,13.012,Unfavorable
2089,Loam,Hill,None,6.333,21.782,120.227,39.418,131.981,2.926,1.184,1.338,29.139,19.63,26.55,7.809,4.514,Favorable
2090,Clay,Plain,None,7.394,,140.372,50.378,158.444,2.073,1.057,1.425,47.305,20.395,39.362,8.028,0.0,Favorable
2091,Clay,Mountain,None,6.805,31.351,84.993,43.706,175.268,3.299,1.112,1.3,48.954,16.642,18.015,9.362,5.217,Favorable
2092,Loam,Plain,None,7.635,25.991,117.294,58.724,178.854,3.457,0.931,1.311,31.581,25.12,17.473,5.81,0.0,Favorable
2093,Sandy,Plain,Drip,6.153,22.011,119.709,41.209,95.668,4.601,1.023,1.606,9.898,12.077,7.874,8.485,2.881,Favorable
2094,Sandy,Hill,Sprinkler,6.253,17.25,81.62,58.532,86.136,3.054,0.634,1.58,20.179,10.379,7.652,6.648,11.496,Unfavorable
2095,Loam,Plain,None,6.86,21.78,104.284,43.67,148.996,1.199,0.807,1.42,28.907,24.67,60.462,9.495,12.023,Favorable
2096,Silt,Hill,Sprinkler,6.867,31.428,115.282,64.109,148.557,2.41,0.797,1.133,28.178,17.982,7.31,5.85,8.446,Favorable
2097,Sandy,Plain,Sprinkler,6.533,27.354,71.646,44.626,91.548,4.199,0.726,1.549,5.184,23.872,7.879,7.688,4.945,Favorable
2098,Loam,Plain,Drip,6.79,25.319,102.387,54.521,164.226,2.792,0.674,1.409,27.492,14.587,19.649,7.04,5.352,Favorable
2099,Clay,Plain,None,7.169,13.684,96.82,60.383,182.953,1.626,1.164,1.298,44.762,18.097,14.087,9.416,6.562,Unfavorable
2100,Loam,Plain,Drip,6.693,,139.164,53.295,138.828,3.507,1.102,1.313,26.029,16.518,11.559,5.221,7.601,Favorable
2101,Silt,Plain,None,7.375,22.189,109.732,30.843,133.881,2.653,1.018,1.301,14.652,16.962,37.428,4.952,11.208,Favorable
2102,Loam,Hill,None,6.505,7.987,123.778,58.576,171.926,1.427,0.819,1.267,35.862,17.904,11.768,5.052,10.372,Unfavorable
2103,Sandy,Plain,Sprinkler,6.062,20.293,80.694,56.363,92.759,2.686,1.24,1.559,7.823,15.175,9.644,7.141,3.217,Favorable
2104,Loam,Hill,None,6.743,,85.728,32.511,148.25,2.753,0.943,1.247,28.778,13.149,47.114,6.287,9.39,Favorable
2105,Clay,Hill,None,6.475,24.686,100.958,59.803,174.216,2.934,1.263,1.541,47.654,17.91,8.371,6.584,6.452,Favorable
2106,Clay,Hill,None,6.673,12.078,84.489,63.671,175.868,2.89,1.258,1.474,44.104,26.35,19.633,8.83,5.415,Favorable
2107,Loam,Plain,None,6.862,22.085,90.991,38.949,92.469,3.112,1.436,1.506,23.939,20.227,5.302,9.251,5.632,Favorable
2108,Silt,Plain,None,6.299,,106.84,48.556,192.681,1.843,1.077,1.358,14.034,12.934,36.517,7.077,6.722,Favorable
2109,Sandy,Hill,None,6.506,,104.873,39.413,104.757,1.25,0.648,1.558,1.0,12.826,20.377,4.562,15.683,Unfavorable
2110,Silt,Hill,Sprinkler,6.684,,98.549,33.931,160.086,1.976,0.958,1.141,9.13,11.314,29.959,9.119,5.277,Favorable
2111,Silt,Plain,Drip,6.917,8.179,130.207,22.648,142.649,2.767,0.812,1.356,12.079,20.827,19.914,9.229,5.093,Favorable
2112,Clay,Plain,None,6.868,19.802,96.762,50.859,168.708,2.754,1.182,1.363,51.952,15.158,8.286,8.286,7.01,Favorable
2113,Clay,Mountain,Drip,6.661,23.49,101.94,48.429,85.593,,0.896,1.507,44.207,11.674,11.119,7.276,21.712,Unfavorable
2114,Sandy,Hill,Drip,6.669,37.682,112.298,47.143,138.377,2.103,1.064,1.493,3.067,18.993,26.304,8.437,24.586,Unfavorable
2115,Silt,Hill,None,6.891,22.333,109.55,39.118,186.092,2.536,1.171,1.396,16.489,14.183,18.316,5.627,6.364,Favorable
2116,Silt,Hill,Sprinkler,6.782,20.247,125.423,30.533,159.681,,0.471,1.163,24.198,25.754,34.473,7.327,3.858,Favorable
2117,Silt,Hill,None,6.43,,113.309,45.489,127.968,3.895,0.98,1.418,24.698,16.733,28.077,7.651,14.044,Favorable
2118,Sandy,Hill,Sprinkler,7.152,27.849,63.017,21.762,109.81,3.033,0.682,1.558,1.0,22.823,21.136,7.292,15.838,Unfavorable
2119,Loam,Hill,Sprinkler,7.351,11.785,132.023,31.393,149.804,,1.058,1.432,20.39,20.723,9.334,7.802,7.127,Unfavorable
2120,Loam,Hill,None,6.915,25.284,102.004,46.565,131.905,3.631,0.707,1.382,13.624,19.016,38.832,4.832,2.265,Favorable
2121,Sandy,Plain,Sprinkler,6.852,31.852,85.152,26.71,152.104,2.929,1.193,1.609,19.571,7.978,15.721,5.993,0.0,Favorable
2122,Sandy,Hill,Sprinkler,6.275,,93.806,39.146,147.016,2.877,0.1,1.681,10.448,16.881,25.557,7.921,11.492,Favorable
2123,Clay,Plain,Drip,6.868,18.386,129.933,53.545,189.178,3.619,1.8,1.307,41.852,26.985,2.354,6.002,1.141,Favorable
2124,Loam,Plain,None,6.519,25.954,87.935,33.842,147.739,1.198,0.722,1.471,23.367,17.395,17.288,5.642,4.118,Favorable
2125,Loam,Hill,Sprinkler,7.195,26.233,75.849,71.697,162.465,2.386,1.339,1.427,7.867,8.093,17.971,4.687,11.426,Favorable
2126,Clay,Plain,None,7.125,27.947,106.075,50.642,149.865,4.087,1.115,1.459,46.194,13.201,13.821,6.003,0.738,Favorable
2127,Loam,Hill,None,6.826,23.501,94.366,40.118,174.481,2.652,0.718,1.604,20.238,10.496,11.858,4.765,9.433,Favorable
2128,Clay,Plain,Sprinkler,7.183,30.707,101.239,60.493,163.021,3.66,1.357,1.419,42.221,9.449,10.471,8.242,14.648,Favorable
2129,Silt,Plain,Sprinkler,6.317,20.357,114.042,57.479,137.462,3.114,1.638,1.623,22.633,19.252,46.708,3.813,4.922,Favorable
2130,Clay,Plain,Sprinkler,7.446,27.973,107.94,56.32,178.964,2.974,1.493,1.433,49.041,15.879,16.439,8.892,9.1,Favorable
2131,Sandy,Mountain,Drip,5.906,23.163,81.574,44.628,164.222,2.961,0.655,1.635,17.67,20.012,4.88,8.888,18.304,Unfavorable
2132,Loam,Hill,None,6.284,20.027,112.367,55.284,130.47,2.814,0.996,1.341,26.179,6.975,18.537,6.738,7.08,Favorable
2133,Loam,Plain,None,7.005,24.608,89.299,49.423,135.425,2.618,0.372,1.4,27.236,20.727,29.979,6.768,5.632,Favorable
2134,Sandy,Plain,None,6.191,,90.452,24.489,132.402,2.45,0.814,1.601,11.049,12.258,13.153,8.794,4.738,Unfavorable
2135,Sandy,Hill,None,6.436,,105.499,24.348,102.23,2.232,1.297,1.475,11.464,16.071,25.912,6.268,6.553,Favorable
2136,Loam,Hill,None,5.956,26.483,109.375,65.935,127.528,2.523,0.861,1.393,29.231,11.601,31.983,8.17,3.034,Favorable
2137,Sandy,Mountain,Drip,5.443,29.938,68.002,29.066,162.453,2.466,0.403,1.313,3.187,9.42,38.529,4.103,16.236,Unfavorable
2138,Loam,Plain,Drip,6.925,25.364,109.742,55.243,216.879,2.328,1.186,1.281,28.517,24.87,37.283,7.723,0.0,Favorable
2139,Silt,Hill,Drip,6.697,28.007,122.03,36.585,139.49,3.505,0.569,1.38,18.96,22.359,13.431,5.38,13.194,Favorable
2140,Sandy,Mountain,None,6.831,20.523,99.873,26.769,57.578,3.206,0.332,1.563,1.0,16.874,34.965,4.666,13.793,Unfavorable
2141,Sandy,Plain,None,7.118,27.67,84.022,49.506,112.704,3.688,1.138,1.612,14.265,21.109,48.197,8.22,0.0,Favorable
2142,Clay,Plain,None,6.731,15.41,66.608,44.704,174.293,2.318,0.942,1.4,37.605,18.682,19.427,5.411,2.587,Favorable
2143,Sandy,Hill,None,6.419,23.334,76.286,30.974,95.164,1.449,0.862,1.563,11.684,13.853,30.005,4.595,11.719,Unfavorable
2144,Loam,Plain,None,6.792,31.193,106.299,48.624,178.841,2.38,1.646,1.549,25.035,17.205,41.886,8.72,0.0,Favorable
2145,Clay,Plain,Drip,6.362,28.156,112.99,45.868,222.396,2.335,1.406,1.309,45.653,20.18,6.542,9.268,12.507,Unfavorable
2146,Loam,Hill,None,6.662,26.615,68.799,61.501,137.849,2.444,1.033,1.489,27.851,15.34,28.851,6.978,6.666,Favorable
2147,Silt,Plain,Drip,5.952,34.708,93.255,44.665,127.405,3.443,0.129,1.477,20.141,9.071,24.101,7.443,4.475,Favorable
2148,Sandy,Hill,Sprinkler,5.915,21.471,63.277,43.944,98.341,2.387,0.818,1.593,4.85,18.695,15.135,7.629,12.799,Unfavorable
2149,Loam,Hill,None,6.449,19.375,75.018,49.947,189.886,4.14,1.053,1.238,32.638,21.313,12.479,6.768,10.547,Favorable
2150,Sandy,Hill,None,6.529,10.359,129.863,31.855,110.429,1.685,0.717,1.54,5.256,21.384,38.563,8.516,9.977,Unfavorable
2151,Loam,Hill,None,6.57,20.802,72.283,54.27,127.948,1.762,1.485,1.469,27.533,18.55,13.427,5.697,14.442,Unfavorable
2152,Sandy,Plain,Sprinkler,6.395,27.776,94.171,36.218,111.095,3.497,0.871,1.624,9.831,18.592,44.442,6.362,5.021,Favorable
2153,Loam,Plain,Drip,6.337,35.745,93.386,58.598,166.518,2.92,0.613,1.424,29.89,25.059,17.249,4.649,7.672,Favorable
2154,Sandy,Hill,Sprinkler,6.654,,68.441,45.419,122.1,1.945,0.635,1.246,2.408,11.35,15.918,6.856,0.0,Favorable
2155,Sandy,Hill,None,6.612,22.33,48.695,30.77,100.216,2.04,1.811,1.384,4.618,15.333,15.304,8.55,5.797,Unfavorable
2156,Sandy,Plain,Sprinkler,5.683,37.58,119.6,51.206,117.658,2.255,0.752,1.603,6.13,21.074,18.769,7.652,6.712,Unfavorable
2157,Sandy,Plain,Drip,6.647,26.528,62.739,32.033,123.058,,0.739,1.606,1.0,24.065,45.844,9.504,3.727,Favorable
2158,Loam,Plain,Drip,6.94,29.175,104.068,56.639,166.619,3.004,0.622,1.503,23.476,12.855,17.139,6.472,3.869,Favorable
2159,Loam,Plain,None,6.672,16.071,67.012,55.705,222.268,2.887,0.553,1.377,28.824,26.226,10.033,8.721,3.351,Favorable
2160,Sandy,Hill,None,6.804,13.739,58.103,29.755,76.974,2.654,0.589,1.549,11.234,20.185,25.611,7.932,5.412,Unfavorable
2161,Loam,Hill,None,7.206,24.807,117.872,52.102,158.449,4.047,1.824,1.338,26.909,13.56,46.788,8.185,7.507,Favorable
2162,Loam,Plain,None,6.966,24.779,123.086,60.122,161.787,,1.49,1.282,15.394,10.136,36.138,7.902,4.01,Favorable
2163,Silt,Hill,None,5.942,17.285,97.956,34.231,181.643,1.258,0.643,1.334,9.128,19.005,36.056,8.022,11.545,Unfavorable
2164,Sandy,Plain,Drip,6.643,,136.881,21.574,139.335,3.208,0.937,1.436,9.083,15.559,8.662,7.54,9.747,Favorable
2165,Loam,Plain,Drip,6.89,30.927,126.134,61.211,183.787,2.631,0.753,1.372,30.409,24.227,36.112,6.976,4.154,Favorable
2166,Loam,Plain,Drip,6.495,33.788,94.982,42.175,156.568,3.978,1.222,1.34,23.429,16.126,10.596,8.001,8.487,Favorable
2167,Sandy,Plain,Sprinkler,5.63,36.883,71.552,43.499,120.99,,0.987,1.473,6.244,22.87,16.227,8.693,15.734,Unfavorable
2168,Clay,Plain,Sprinkler,6.77,25.841,99.887,65.183,160.599,3.674,0.744,1.443,43.929,18.039,7.9,5.853,1.327,Favorable
2169,Clay,Hill,Sprinkler,7.067,20.076,124.27,56.851,151.129,2.436,1.166,1.649,47.567,14.854,25.128,6.625,11.88,Unfavorable
2170,Sandy,Plain,None,6.393,15.586,76.209,27.409,81.939,2.77,0.991,1.696,11.073,11.019,10.851,7.765,1.736,Unfavorable
2171,Silt,Hill,None,7.959,17.43,111.749,39.841,167.315,1.814,1.286,1.358,20.428,13.922,4.228,4.737,8.421,Unfavorable
2172,Silt,Hill,Sprinkler,6.909,24.643,94.327,21.902,139.445,1.578,0.956,1.444,21.327,4.622,14.635,7.422,9.617,Favorable
2173,Clay,Plain,None,6.651,23.047,117.266,58.378,149.055,2.894,1.332,1.323,36.826,11.413,16.227,8.524,8.289,Favorable
2174,Clay,Plain,Sprinkler,7.753,27.791,109.313,34.08,119.571,4.062,1.043,1.36,46.028,16.843,7.09,7.831,2.962,Unfavorable
2175,Loam,Plain,Drip,6.702,25.013,85.785,55.696,186.493,3.217,1.116,1.274,35.791,18.206,20.622,8.399,4.987,Favorable
2176,Clay,Hill,Sprinkler,7.051,20.975,116.626,45.988,233.247,4.039,1.427,1.503,48.619,14.653,31.696,5.234,3.029,Favorable
2177,Loam,Mountain,Drip,6.119,19.377,108.381,59.668,114.928,3.287,0.904,1.524,20.612,9.259,2.688,3.739,17.718,Unfavorable
2178,Sandy,Plain,None,6.474,18.63,66.77,33.711,106.503,2.323,0.44,1.598,1.0,22.368,13.022,7.744,0.0,Unfavorable
2179,Sandy,Plain,None,7.351,,64.514,47.626,148.847,,0.883,1.507,1.0,15.104,9.907,8.839,2.449,Favorable
2180,Clay,Plain,Sprinkler,7.298,25.442,126.731,39.97,176.466,4.154,1.505,1.271,42.833,19.693,8.104,5.246,11.16,Favorable
2181,Loam,Mountain,Sprinkler,7.344,21.401,98.366,46.594,195.746,1.675,1.34,1.462,24.559,15.715,16.923,5.728,7.9,Favorable
2182,Silt,Mountain,Sprinkler,6.357,9.762,114.011,49.215,128.646,2.511,1.173,1.372,18.341,21.125,4.178,7.261,19.268,Unfavorable
2183,Loam,Mountain,Sprinkler,7.606,19.507,128.611,35.474,140.922,2.032,0.568,1.36,20.302,11.519,52.603,6.51,17.936,Unfavorable
2184,Clay,Plain,None,7.078,28.553,111.074,34.52,160.584,4.199,1.386,1.479,43.545,16.05,20.918,7.618,5.164,Favorable
2185,Loam,Mountain,None,6.337,31.523,128.629,43.568,173.932,2.454,1.024,1.581,28.402,13.37,26.2,6.742,18.106,Unfavorable
2186,Sandy,Plain,Sprinkler,7.127,18.44,78.663,33.174,150.155,2.719,0.684,1.507,11.254,19.14,10.708,6.564,0.0,Unfavorable
2187,Clay,Plain,Drip,6.734,29.515,94.56,65.821,147.945,2.853,0.83,1.698,47.547,11.786,57.267,7.894,4.109,Favorable
2188,Sandy,Plain,Drip,6.115,32.267,123.105,47.628,59.667,1.402,1.036,1.451,2.604,10.342,16.433,9.88,0.0,Unfavorable
2189,Clay,Mountain,Sprinkler,7.531,15.592,78.898,39.511,82.243,3.823,1.05,1.379,50.919,7.229,16.072,7.073,22.894,Unfavorable
2190,Sandy,Hill,Sprinkler,6.676,26.179,110.508,28.495,138.611,3.847,0.589,1.62,4.79,18.113,33.424,7.739,10.672,Favorable
2191,Loam,Plain,Sprinkler,6.491,26.738,119.339,38.447,189.605,,0.835,1.451,34.678,18.807,12.508,6.587,5.319,Favorable
2192,Sandy,Plain,Sprinkler,6.361,28.051,96.207,49.681,84.172,2.305,1.334,1.469,2.433,12.759,55.99,6.742,5.395,Favorable
2193,Sandy,Hill,None,7.25,34.579,88.691,53.034,70.294,3.618,0.43,1.628,19.258,16.245,13.307,5.701,8.855,Favorable
2194,Silt,Hill,None,6.586,24.72,103.535,54.116,179.024,3.384,1.181,1.238,18.849,11.351,10.655,7.303,8.006,Favorable
2195,Sandy,Plain,Sprinkler,6.314,29.692,72.679,34.929,117.408,3.047,0.527,1.631,10.1,15.376,18.897,7.039,1.609,Favorable
2196,Sandy,Plain,None,6.475,18.691,64.447,38.965,109.601,3.311,0.874,1.6,15.823,15.242,24.527,5.516,1.559,Favorable
2197,Sandy,Plain,None,7.321,22.994,94.676,23.595,77.153,,0.924,1.784,2.643,16.714,29.161,6.243,6.159,Favorable
2198,Clay,Plain,Sprinkler,6.456,28.074,110.89,47.414,178.413,2.721,1.277,1.211,48.607,13.353,17.467,8.056,4.585,Favorable
2199,Clay,Plain,Sprinkler,6.391,30.627,79.325,69.227,118.866,3.322,1.21,1.538,56.133,19.526,40.139,7.581,16.051,Favorable
2200,Silt,Plain,Sprinkler,7.224,16.514,78.58,45.329,171.952,3.722,0.697,1.265,8.616,20.528,37.917,7.207,5.709,Favorable
2201,Loam,Plain,Drip,6.517,31.333,117.679,44.44,125.86,1.623,1.903,1.383,22.835,9.9,12.989,7.541,0.43,Favorable
2202,Loam,Plain,Drip,6.268,19.815,86.007,64.456,93.928,1.059,0.713,1.346,15.639,13.44,32.206,8.219,12.998,Favorable
2203,Clay,Hill,Sprinkler,7.062,30.145,90.539,41.019,166.09,2.722,0.93,1.405,50.858,8.819,48.402,5.817,7.224,Favorable
2204,Clay,Plain,Drip,5.845,16.45,113.719,69.616,203.401,3.633,1.394,1.413,44.123,20.574,1.947,5.105,8.092,Unfavorable
2205,Silt,Plain,None,6.457,22.688,110.792,57.885,156.806,,0.551,1.383,11.111,17.319,52.921,7.856,4.376,Favorable
2206,Sandy,Mountain,Sprinkler,7.112,21.24,52.308,19.428,93.68,1.812,0.835,1.558,1.0,13.06,37.382,6.856,17.489,Unfavorable
2207,Silt,Hill,Drip,6.096,32.866,109.692,51.761,174.324,3.226,0.77,1.229,22.943,17.506,16.023,7.674,13.433,Favorable
2208,Clay,Mountain,None,7.347,8.837,85.808,39.593,174.787,2.699,1.565,1.525,54.577,13.678,17.021,6.499,19.914,Unfavorable
2209,Silt,Mountain,Sprinkler,7.385,10.97,92.702,44.305,165.202,1.76,0.6,1.388,30.46,11.021,15.784,5.827,12.615,Unfavorable
2210,Sandy,Hill,None,6.28,35.504,134.057,29.527,107.243,4.917,1.068,1.636,13.189,16.83,15.365,4.938,16.003,Unfavorable
2211,Clay,Hill,Sprinkler,7.132,19.804,97.516,79.638,171.37,,1.032,1.284,46.34,15.682,15.511,7.873,14.117,Unfavorable
2212,Sandy,Plain,None,6.131,23.34,102.142,28.529,96.894,2.036,0.335,1.743,6.45,20.543,3.274,5.532,4.213,Unfavorable
2213,Loam,Plain,Drip,7.451,23.379,108.985,55.131,174.418,3.109,1.17,1.212,30.228,17.568,33.363,7.617,3.619,Favorable
2214,Silt,Plain,Sprinkler,6.912,,94.202,53.351,178.829,2.198,0.699,1.37,13.248,8.693,17.933,4.936,0.0,Favorable
2215,Loam,Hill,None,6.294,18.477,107.772,32.291,140.849,3.138,1.23,1.134,42.784,20.419,11.981,7.832,15.277,Unfavorable
2216,Clay,Hill,Sprinkler,6.09,25.622,108.603,38.548,201.096,2.754,1.093,1.426,44.788,18.234,24.559,7.48,10.961,Unfavorable
2217,Sandy,Plain,None,6.931,21.919,119.191,60.906,135.008,2.638,0.892,1.44,12.075,19.085,44.933,8.805,0.0,Favorable
2218,Clay,Plain,None,7.67,28.019,123.752,18.892,177.123,1.835,0.778,1.363,56.594,24.529,63.728,3.0,5.409,Favorable
2219,Sandy,Plain,None,6.609,,65.156,25.497,82.965,3.557,0.808,1.455,12.092,5.997,33.021,8.399,9.456,Favorable
2220,Sandy,Plain,None,6.231,23.146,82.526,28.58,136.39,0.82,0.554,1.449,3.878,32.317,72.159,9.074,0.0,Unfavorable
2221,Sandy,Plain,Drip,6.367,19.631,91.667,27.678,97.761,,0.48,1.918,5.976,17.419,26.473,8.431,0.0,Favorable
2222,Sandy,Plain,Sprinkler,6.798,32.172,83.307,26.618,114.308,1.8,0.819,1.624,12.634,16.692,36.787,7.402,3.829,Favorable
2223,Loam,Hill,Sprinkler,6.14,27.46,120.231,42.358,186.06,2.561,0.755,1.601,21.475,21.957,40.93,5.131,10.339,Favorable
2224,Loam,Hill,None,6.455,33.578,116.289,49.198,183.992,1.782,1.331,1.214,29.062,10.475,32.048,6.214,10.761,Favorable
2225,Clay,Plain,Sprinkler,6.315,33.813,116.637,58.871,193.712,4.146,1.16,1.34,40.298,12.343,22.167,6.721,6.105,Favorable
2226,Clay,Plain,Sprinkler,7.034,22.152,139.572,31.221,183.216,2.776,1.399,1.626,41.019,19.488,6.199,8.763,9.608,Favorable
2227,Sandy,Hill,None,6.826,21.789,83.423,20.13,110.048,3.65,0.582,1.51,6.015,15.047,33.661,7.421,8.94,Favorable
2228,Sandy,Hill,Drip,6.199,20.47,89.284,18.765,100.186,2.936,1.058,1.734,9.016,20.917,21.392,4.404,6.212,Favorable
2229,Loam,Hill,Sprinkler,6.579,23.892,84.111,36.258,157.49,3.25,1.274,1.211,18.428,18.452,17.153,7.644,13.647,Favorable
2230,Sandy,Plain,None,6.711,23.902,77.95,41.561,119.004,1.872,0.235,1.613,5.221,14.449,41.962,7.107,0.867,Favorable
2231,Sandy,Plain,None,6.639,17.019,53.131,27.7,124.439,2.153,0.886,1.543,6.161,10.145,11.675,4.659,6.493,Unfavorable
2232,Silt,Mountain,Drip,7.113,22.543,51.664,51.392,164.497,2.819,1.473,1.356,22.725,15.826,9.956,5.03,19.058,Unfavorable
2233,Sandy,Mountain,Sprinkler,6.214,26.647,90.421,33.767,88.493,2.271,0.387,1.702,12.282,9.944,4.177,6.235,7.24,Unfavorable
2234,Silt,Mountain,Sprinkler,5.837,28.856,98.026,36.409,120.72,3.303,0.31,1.15,10.761,20.687,14.88,4.496,9.613,Unfavorable
2235,Silt,Plain,None,5.993,22.671,77.375,53.734,141.58,4.181,1.378,1.467,22.483,12.068,15.742,6.094,7.08,Favorable
2236,Loam,Plain,None,6.682,29.864,82.757,47.54,146.696,3.103,1.295,1.484,24.536,11.264,22.699,7.793,0.0,Favorable
2237,Loam,Plain,Sprinkler,6.941,19.929,91.267,63.894,134.167,1.752,1.029,1.332,15.909,17.963,13.359,6.335,9.034,Favorable
2238,Loam,Hill,None,6.742,17.095,139.764,64.873,195.979,2.142,1.245,1.251,20.721,16.971,13.597,5.788,7.477,Favorable
2239,Clay,Hill,None,7.412,16.901,97.976,55.398,135.94,2.422,1.215,1.455,50.857,24.004,5.038,6.374,11.247,Unfavorable
2240,Loam,Mountain,Sprinkler,6.895,14.776,105.19,52.856,147.825,2.639,0.392,1.276,20.502,8.338,14.406,4.418,17.437,Unfavorable
2241,Silt,Hill,Sprinkler,7.305,28.806,89.885,60.428,167.328,2.167,0.867,1.348,10.39,14.571,32.803,6.028,14.619,Favorable
2242,Clay,Plain,None,7.818,19.596,99.25,53.502,146.876,2.312,0.926,1.334,47.548,16.045,5.625,8.168,0.0,Unfavorable
2243,Loam,Mountain,Drip,6.87,23.164,143.148,21.751,122.457,1.725,0.217,1.317,17.154,13.42,12.863,9.441,24.492,Unfavorable
2244,Loam,Plain,Sprinkler,7.047,20.282,138.828,35.374,169.399,0.938,1.461,1.417,26.16,15.205,3.054,9.854,4.622,Favorable
2245,Loam,Plain,None,6.91,29.173,116.099,50.133,191.213,,0.857,1.342,33.718,13.317,8.326,5.949,0.0,Favorable
2246,Clay,Plain,Drip,6.692,23.343,164.863,49.246,175.65,2.779,1.308,1.42,47.697,21.606,29.343,6.808,0.0,Favorable
2247,Sandy,Hill,None,5.394,16.098,91.343,53.09,124.741,1.654,1.37,1.609,11.441,17.472,36.883,7.398,11.044,Unfavorable
2248,Clay,Hill,Drip,7.225,14.939,80.621,50.086,150.214,3.38,1.234,1.378,51.421,10.499,19.483,4.72,1.84,Favorable
2249,Silt,Plain,Drip,7.024,26.539,117.805,65.699,159.682,3.601,1.079,1.263,34.351,17.23,11.738,8.268,0.0,Favorable
2250,Loam,Plain,None,6.805,21.77,110.292,55.475,173.419,3.251,0.88,1.378,21.248,21.158,30.341,7.314,2.797,Favorable
2251,Clay,Plain,Drip,7.152,26.712,140.662,52.58,191.731,4.024,1.26,1.209,57.615,15.964,12.686,6.32,0.36,Favorable
2252,Loam,Plain,Drip,6.955,31.154,82.719,27.669,162.307,,1.375,1.632,22.201,17.937,17.903,6.48,7.288,Favorable
2253,Clay,Plain,None,7.337,18.569,91.899,27.268,157.604,2.693,1.264,1.449,41.761,24.28,27.209,7.32,4.955,Favorable
2254,Clay,Hill,None,6.627,19.804,134.013,58.406,160.932,3.018,0.737,1.462,40.845,18.456,18.597,4.684,15.793,Favorable
2255,Silt,Hill,None,7.151,23.132,89.23,35.731,170.16,2.177,0.558,1.37,14.225,16.595,12.047,8.01,7.813,Favorable
2256,Silt,Mountain,Drip,6.872,16.338,86.063,25.515,140.706,2.202,0.292,1.338,19.483,13.531,7.187,4.963,14.671,Unfavorable
2257,Loam,Plain,Drip,6.339,20.806,121.107,37.581,178.345,3.773,1.347,1.323,18.611,11.313,13.943,6.158,2.562,Favorable
2258,Sandy,Plain,None,6.442,16.546,84.491,31.123,169.908,1.474,0.2,1.562,7.217,20.956,27.081,8.805,9.939,Unfavorable
2259,Loam,Hill,Sprinkler,6.746,34.358,147.405,73.778,137.845,4.098,0.434,1.525,29.325,16.805,14.714,10.903,11.684,Favorable
2260,Loam,Plain,Sprinkler,7.465,,129.18,50.067,143.469,4.668,1.313,1.2,38.915,15.683,39.259,8.025,0.0,Favorable
2261,Loam,Plain,None,6.774,13.126,109.545,69.088,158.482,3.89,0.83,1.429,19.95,24.593,39.569,8.428,0.0,Favorable
2262,Clay,Plain,Sprinkler,7.029,24.682,90.74,77.813,168.612,2.094,0.995,1.285,43.611,16.134,22.675,7.547,8.582,Favorable
2263,Sandy,Plain,None,7.041,15.591,98.673,29.156,87.601,2.503,0.863,1.608,1.0,15.81,15.671,4.426,8.035,Unfavorable
2264,Silt,Plain,None,7.37,13.855,115.266,62.563,169.375,1.634,0.154,1.237,16.323,29.624,11.766,8.783,7.061,Unfavorable
2265,Loam,Mountain,Drip,7.268,27.586,76.957,53.165,165.031,2.434,1.135,1.588,31.637,10.879,4.816,7.52,18.997,Unfavorable
2266,Sandy,Plain,Sprinkler,6.413,28.679,121.371,48.4,143.315,2.132,0.447,1.457,3.21,15.22,25.337,4.393,3.713,Favorable
2267,Loam,Hill,Sprinkler,6.787,17.016,142.881,61.773,189.608,2.161,1.211,1.42,15.08,18.553,16.308,7.943,12.206,Favorable
2268,Silt,Mountain,None,7.248,27.569,102.789,26.089,93.829,4.065,1.337,1.241,24.882,11.098,28.759,7.18,7.774,Favorable
2269,Loam,Hill,Sprinkler,6.364,16.286,83.935,36.498,181.55,3.135,0.682,1.281,29.869,17.82,17.824,8.353,7.027,Favorable
2270,Silt,Plain,None,6.457,25.56,144.237,42.034,120.578,3.605,0.53,1.278,24.279,22.499,22.925,5.866,3.109,Favorable
2271,Sandy,Mountain,Sprinkler,6.301,21.291,89.109,34.599,89.362,1.356,1.028,1.58,7.197,14.414,26.041,8.116,13.261,Unfavorable
2272,Clay,Hill,None,8.354,11.424,130.032,44.382,176.609,1.297,0.722,1.461,56.407,15.04,19.855,8.995,8.15,Unfavorable
2273,Silt,Plain,None,6.355,23.559,127.424,40.87,153.855,3.07,1.247,1.254,17.508,19.504,5.422,5.159,0.0,Favorable
2274,Loam,Hill,Drip,6.736,41.285,130.108,52.418,126.367,2.758,0.954,1.274,21.433,19.181,16.498,6.797,9.999,Favorable
2275,Clay,Hill,Drip,6.37,19.783,99.083,55.709,153.361,1.336,0.849,1.41,44.878,10.775,15.803,5.771,8.507,Favorable
2276,Loam,Plain,None,7.509,24.187,124.701,48.052,165.664,2.796,1.67,1.256,37.309,20.428,4.093,6.823,2.662,Unfavorable
2277,Sandy,Mountain,None,6.435,26.635,98.468,31.369,110.983,,0.755,1.627,10.83,20.233,15.223,8.172,15.214,Unfavorable
2278,Loam,Plain,Drip,6.727,28.35,131.699,53.034,142.648,1.757,1.168,1.423,25.782,19.708,67.451,5.262,0.0,Favorable
2279,Loam,Plain,None,6.896,,79.92,64.891,205.441,2.846,0.725,1.199,19.495,16.885,21.952,6.912,5.343,Favorable
2280,Silt,Plain,None,6.586,33.38,101.974,56.917,139.835,4.438,0.992,1.278,20.999,28.274,24.371,7.789,5.04,Favorable
2281,Loam,Plain,None,6.399,32.878,111.514,49.785,163.907,2.869,0.955,1.305,24.486,22.464,9.532,7.272,4.517,Favorable
2282,Loam,Hill,Drip,7.026,28.712,108.479,35.465,155.878,2.022,0.903,1.102,30.693,15.569,2.068,7.128,6.695,Favorable
2283,Sandy,Plain,Sprinkler,6.613,31.536,66.25,35.998,81.591,3.514,0.212,1.618,16.285,13.779,18.996,7.214,8.026,Favorable
2284,Sandy,Plain,Sprinkler,6.652,32.349,84.5,33.943,110.568,3.69,1.564,1.343,7.181,16.082,35.981,6.572,1.699,Favorable
2285,Sandy,Hill,Drip,6.509,,89.122,47.788,147.449,1.991,1.475,1.575,7.063,13.451,22.046,7.809,2.69,Favorable
2286,Clay,Plain,None,6.889,32.633,82.025,47.574,142.163,3.505,0.851,1.36,54.789,8.208,15.339,7.956,10.177,Favorable
2287,Loam,Hill,None,6.043,16.107,96.184,50.642,84.249,,0.507,1.419,22.751,17.797,9.886,6.893,11.486,Unfavorable
2288,Loam,Plain,Drip,6.71,33.257,123.387,32.454,156.043,4.554,1.242,1.407,21.842,20.776,45.713,9.75,1.224,Favorable
2289,Loam,Plain,Sprinkler,6.479,23.509,129.652,44.637,144.152,3.889,0.985,1.121,22.47,19.11,16.618,8.109,0.686,Favorable
2290,Loam,Plain,Drip,7.346,33.783,84.406,73.811,137.937,,0.93,1.465,17.157,16.474,7.803,6.121,5.72,Favorable
2291,Clay,Plain,None,7.515,25.958,89.844,43.133,108.635,3.781,0.99,1.284,48.167,15.342,52.569,8.174,5.603,Favorable
2292,Loam,Plain,Sprinkler,6.449,26.37,96.72,47.465,193.239,2.303,1.025,1.404,14.989,17.929,15.789,7.397,3.371,Favorable
2293,Silt,Hill,Drip,6.428,22.908,86.588,26.659,160.322,1.613,0.843,1.24,17.62,14.412,19.696,5.835,2.18,Favorable
2294,Silt,Hill,Sprinkler,6.49,26.588,102.222,40.031,128.071,2.181,1.039,1.244,16.177,19.019,16.948,9.02,12.917,Favorable
2295,Sandy,Plain,None,6.405,18.179,107.257,49.804,97.969,2.868,0.351,1.355,4.511,16.672,2.939,7.55,0.0,Unfavorable
2296,Clay,Plain,Sprinkler,6.894,22.182,107.838,50.941,149.332,,0.905,1.34,48.758,20.458,15.543,6.472,7.971,Favorable
2297,Loam,Plain,None,6.542,18.019,103.969,63.875,171.598,2.917,0.863,1.246,13.725,20.828,47.389,6.045,8.95,Favorable
2298,Sandy,Plain,Sprinkler,6.279,29.702,73.369,40.518,108.549,3.215,0.685,1.573,9.636,24.372,32.316,7.86,7.458,Favorable
2299,Loam,Plain,Sprinkler,7.159,17.141,82.623,53.361,177.206,2.707,0.55,1.432,26.476,18.031,21.421,5.013,4.75,Favorable
2300,Loam,Hill,Drip,7.229,5.248,137.008,55.847,121.942,1.775,0.989,1.622,18.976,16.613,17.487,5.772,5.768,Unfavorable
2301,Sandy,Plain,None,6.196,30.326,109.126,30.944,137.672,2.345,0.974,1.563,1.0,11.79,29.0,4.54,0.041,Favorable
2302,Silt,Hill,Sprinkler,6.43,23.413,81.038,50.735,132.823,2.052,0.892,1.536,18.711,20.739,4.296,8.601,8.616,Favorable
2303,Silt,Plain,None,6.179,24.338,98.108,29.698,139.129,2.365,0.81,1.243,15.342,16.259,12.48,5.97,4.845,Favorable
2304,Sandy,Plain,Sprinkler,7.05,26.622,93.544,42.487,99.653,,0.592,1.718,14.084,15.633,17.427,7.603,14.306,Unfavorable
2305,Sandy,Plain,Drip,6.537,29.514,108.983,19.377,142.445,2.99,0.669,1.488,1.0,21.218,19.602,6.925,3.114,Favorable
2306,Loam,Plain,Sprinkler,6.307,22.133,136.437,60.128,198.884,3.234,0.566,1.423,26.875,16.077,24.645,6.396,5.717,Favorable
2307,Loam,Plain,None,7.216,22.619,132.418,40.127,199.145,3.281,1.246,1.191,28.863,21.433,15.794,6.946,6.219,Favorable
2308,Clay,Plain,Sprinkler,7.427,24.054,133.1,49.814,158.514,3.035,1.194,1.516,42.056,18.914,17.524,8.762,9.123,Favorable
2309,Clay,Plain,Drip,6.869,27.144,67.872,38.868,177.82,2.986,1.053,1.554,49.915,14.638,8.22,4.119,9.434,Favorable
2310,Loam,Plain,None,6.855,21.484,113.069,55.347,195.851,3.366,1.071,1.179,19.582,18.658,20.588,6.168,0.351,Favorable
2311,Clay,Mountain,Sprinkler,6.198,,109.339,45.819,150.223,5.158,1.779,1.614,51.662,18.412,14.835,7.037,18.194,Unfavorable
2312,Clay,Plain,Sprinkler,7.192,21.246,81.514,59.575,196.195,2.727,1.392,1.328,51.379,18.116,15.317,8.856,0.0,Favorable
2313,Loam,Hill,Drip,6.792,20.276,140.979,60.824,130.038,2.54,0.305,1.306,33.001,26.353,77.899,3.285,10.577,Favorable
2314,Loam,Plain,None,6.318,26.674,133.333,43.901,142.053,2.782,0.849,1.432,26.902,18.26,18.457,6.803,0.94,Favorable
2315,Loam,Mountain,Drip,6.957,17.723,80.229,20.483,140.697,1.166,0.715,1.543,25.973,24.182,32.268,7.297,15.352,Favorable
2316,Sandy,Plain,None,6.572,29.031,107.442,60.807,115.445,2.686,0.701,1.554,10.475,13.385,8.364,7.944,3.025,Favorable
2317,Loam,Hill,Sprinkler,6.919,27.714,118.866,23.004,189.998,2.866,1.046,1.288,20.757,13.992,6.975,7.4,8.854,Favorable
2318,Loam,Plain,None,6.845,14.12,86.802,48.72,183.019,1.85,1.331,1.215,28.662,19.446,11.6,7.504,0.0,Favorable
2319,Sandy,Plain,Sprinkler,6.701,28.786,108.282,14.687,113.014,2.124,1.209,1.482,17.783,21.436,5.041,5.674,2.634,Favorable
2320,Loam,Plain,None,6.235,21.541,129.632,50.6,129.449,2.518,1.223,1.393,9.127,11.601,7.466,5.813,0.0,Favorable
2321,Sandy,Plain,Sprinkler,6.385,21.844,102.158,35.772,133.978,3.655,0.756,1.513,11.331,17.16,29.259,7.358,2.575,Favorable
2322,Sandy,Plain,Sprinkler,6.326,34.406,92.424,35.784,161.232,3.281,0.837,1.375,3.698,10.381,47.528,8.206,1.728,Favorable
2323,Loam,Hill,None,7.41,,98.629,38.484,106.995,2.381,0.106,1.409,22.314,20.084,17.076,7.214,14.943,Unfavorable
2324,Silt,Plain,None,6.524,23.793,77.959,49.652,173.356,2.503,1.257,1.316,22.971,20.969,9.533,5.868,4.221,Favorable
2325,Sandy,Plain,Sprinkler,6.517,29.781,83.975,43.329,92.396,3.133,0.637,1.607,3.052,13.113,17.21,6.223,3.23,Favorable
2326,Loam,Mountain,Drip,6.392,27.619,112.89,58.817,163.882,4.239,0.962,1.558,25.159,12.248,6.6,9.041,13.481,Favorable
2327,Loam,Plain,None,6.647,13.554,110.971,53.175,166.674,1.506,1.406,1.35,24.283,14.176,8.955,8.452,4.893,Favorable
2328,Sandy,Plain,Sprinkler,6.404,28.446,45.857,64.783,72.411,2.506,1.137,1.648,13.682,19.792,9.61,5.711,5.07,Unfavorable
2329,Clay,Plain,Sprinkler,7.46,18.654,116.397,74.894,195.809,4.348,1.336,1.291,46.339,14.564,11.647,7.275,11.331,Favorable
2330,Loam,Hill,Sprinkler,6.81,28.381,99.523,48.485,93.488,2.289,0.892,1.362,17.059,18.809,63.857,5.082,16.423,Favorable
2331,Clay,Plain,Sprinkler,6.957,30.112,73.574,39.273,190.625,2.958,1.28,1.331,52.463,20.645,0.958,9.375,7.169,Favorable
2332,Clay,Plain,Sprinkler,6.942,25.632,106.481,42.612,193.453,1.704,1.665,1.286,40.198,23.843,4.934,8.642,11.934,Unfavorable
2333,Clay,Plain,Drip,6.654,27.645,122.367,46.376,174.348,2.927,0.954,1.511,46.322,18.081,8.091,6.022,1.709,Favorable
2334,Clay,Plain,None,6.374,22.151,144.542,67.556,107.601,2.865,1.788,1.436,45.896,14.996,90.0,8.32,0.0,Unfavorable
2335,Clay,Mountain,Sprinkler,6.933,10.129,107.863,49.636,102.902,1.091,0.648,1.423,52.758,20.954,13.325,3.0,16.222,Unfavorable
2336,Loam,Hill,None,7.253,,114.778,50.619,175.74,4.925,0.412,1.261,21.284,16.146,19.977,6.043,6.681,Favorable
2337,Clay,Plain,Sprinkler,6.938,25.516,136.389,37.195,170.221,3.458,1.553,1.304,49.172,16.373,10.948,6.422,0.768,Favorable
2338,Clay,Plain,None,6.175,18.125,136.956,64.682,169.109,2.396,1.529,1.59,61.937,14.709,5.795,9.257,1.142,Unfavorable
2339,Sandy,Plain,Sprinkler,5.421,25.039,61.54,43.184,133.049,3.247,0.933,1.475,1.0,14.924,23.53,8.617,0.264,Unfavorable
2340,Silt,Plain,None,6.836,33.598,96.594,73.41,104.133,1.012,1.339,1.462,11.921,16.05,36.179,6.93,8.495,Favorable
2341,Loam,Plain,Sprinkler,7.138,33.731,125.774,60.99,173.388,1.635,1.18,1.308,11.849,31.473,60.674,6.407,6.17,Favorable
2342,Clay,Hill,Sprinkler,6.96,14.332,58.503,50.16,182.32,2.714,0.9,1.388,47.737,17.255,9.112,6.734,6.336,Unfavorable
2343,Loam,Plain,Sprinkler,7.124,24.657,130.639,49.357,137.976,3.369,0.827,1.2,20.087,11.117,15.771,4.538,1.582,Favorable
2344,Clay,Hill,None,7.417,10.054,94.417,68.33,104.404,2.114,1.403,1.263,51.432,19.477,2.722,5.617,4.93,Unfavorable
2345,Clay,Hill,Sprinkler,7.103,10.718,93.623,28.872,124.503,3.694,0.631,1.426,58.41,15.988,26.782,8.569,7.952,Favorable
2346,Clay,Mountain,Sprinkler,6.984,23.286,114.099,41.132,117.017,3.087,1.075,1.026,51.277,6.622,19.085,7.331,15.581,Favorable
2347,Clay,Plain,None,7.232,28.498,117.266,18.575,160.902,2.333,0.9,1.347,45.925,16.422,11.503,4.208,0.0,Favorable
2348,Loam,Plain,Sprinkler,7.163,15.363,135.719,46.493,184.855,2.774,0.824,1.102,33.304,9.611,63.001,7.267,3.656,Favorable
2349,Silt,Mountain,None,6.597,7.814,109.448,45.861,120.481,1.146,0.824,1.16,30.178,11.123,24.284,5.805,23.47,Unfavorable
2350,Clay,Plain,None,7.007,37.218,161.278,56.735,223.063,3.326,1.457,1.417,46.321,23.699,41.215,4.885,1.02,Unfavorable
2351,Loam,Hill,Sprinkler,6.794,25.012,97.34,47.595,130.977,1.845,0.783,1.055,20.698,17.724,52.121,6.504,13.697,Favorable
2352,Clay,Hill,None,6.572,26.443,55.167,55.615,127.88,3.046,1.38,1.44,45.189,22.968,25.944,7.405,10.141,Favorable
2353,Clay,Plain,None,7.217,18.358,109.02,53.974,155.737,4.787,1.521,1.562,41.197,22.85,2.51,6.435,12.79,Unfavorable
2354,Loam,Hill,None,6.222,29.757,115.462,53.997,152.63,2.212,0.737,1.324,13.682,11.73,39.61,7.13,14.629,Favorable
2355,Clay,Plain,Sprinkler,6.851,,127.263,52.865,164.235,,1.411,1.323,50.416,22.045,25.201,7.499,12.137,Favorable
2356,Loam,Hill,None,7.233,30.663,140.51,69.71,166.999,3.299,1.05,1.534,35.024,26.867,29.944,7.848,0.869,Favorable
2357,Loam,Plain,Drip,6.948,22.648,114.266,54.692,139.773,2.932,1.235,1.441,25.393,11.809,12.02,5.567,2.538,Favorable
2358,Loam,Plain,None,6.792,17.04,112.527,58.494,148.482,2.751,0.636,1.334,26.256,20.728,11.941,5.934,8.114,Favorable
2359,Sandy,Hill,Drip,6.006,15.144,92.55,27.896,67.572,1.78,1.042,1.502,7.712,23.095,28.986,8.209,12.098,Unfavorable
2360,Silt,Hill,Drip,6.721,19.93,86.47,55.188,157.047,2.005,0.812,1.387,13.06,18.672,9.659,6.56,6.923,Favorable
2361,Silt,Plain,None,6.559,25.652,119.878,48.835,111.626,3.568,1.446,1.276,15.531,21.864,26.024,5.847,6.39,Favorable
2362,Loam,Plain,None,6.655,29.349,131.055,51.229,238.359,4.636,1.038,1.314,32.377,28.368,27.333,8.514,3.046,Favorable
2363,Sandy,Plain,Drip,6.639,44.184,72.943,42.844,89.626,1.571,1.054,1.703,10.838,19.854,12.141,6.459,4.006,Favorable
2364,Sandy,Plain,Drip,6.445,28.143,121.917,48.718,123.24,2.693,1.046,1.477,8.079,16.181,38.066,8.166,0.0,Favorable
2365,Silt,Plain,None,7.1,32.976,91.86,58.318,123.935,2.114,1.061,1.015,27.365,18.182,25.587,7.317,9.608,Favorable
2366,Loam,Plain,Sprinkler,6.898,,63.17,37.099,199.499,,0.807,1.35,26.882,22.325,22.472,4.701,0.0,Favorable
2367,Silt,Plain,Drip,6.629,23.92,107.544,39.615,127.043,2.756,0.581,1.178,15.469,25.391,9.991,3.443,7.071,Favorable
2368,Clay,Plain,None,6.851,29.914,102.689,55.638,160.804,3.059,1.875,1.373,53.404,15.714,33.938,6.027,6.949,Favorable
2369,Loam,Plain,None,6.422,33.703,114.128,62.881,40.842,3.205,0.709,1.37,25.611,20.716,13.998,7.811,6.253,Favorable
2370,Clay,Plain,Sprinkler,7.118,24.594,135.495,56.174,154.229,3.849,1.296,1.469,41.16,14.531,15.276,7.992,0.049,Favorable
2371,Loam,Hill,None,6.579,15.864,113.365,42.202,117.06,4.01,1.536,1.262,12.306,9.416,7.513,6.01,1.742,Favorable
2372,Sandy,Plain,Sprinkler,5.986,18.368,96.395,22.945,167.049,2.274,0.856,1.696,16.767,21.198,37.187,5.973,4.565,Unfavorable
2373,Sandy,Mountain,None,6.597,23.604,81.952,26.396,74.775,3.086,1.171,1.523,7.052,12.66,8.723,8.383,12.371,Unfavorable
2374,Sandy,Mountain,Sprinkler,5.724,17.541,87.905,39.199,112.105,1.129,0.607,1.564,13.702,16.983,2.129,9.091,20.355,Unfavorable
2375,Sandy,Plain,Sprinkler,5.822,18.145,90.869,33.904,119.592,,0.846,1.501,6.294,18.242,6.013,8.602,1.98,Unfavorable
2376,Sandy,Hill,None,6.738,28.391,74.795,33.641,72.675,5.335,0.572,1.5,1.0,17.791,11.535,5.243,8.936,Favorable
2377,Clay,Hill,Sprinkler,6.353,23.237,106.828,58.082,208.807,4.481,1.711,1.46,54.658,13.86,16.174,10.051,11.373,Favorable
2378,Sandy,Mountain,None,6.68,16.817,56.434,37.567,66.019,1.224,1.037,1.552,14.578,20.162,3.488,9.368,20.378,Unfavorable
2379,Sandy,Hill,None,6.448,14.428,114.826,34.94,137.875,2.66,1.032,1.529,6.996,16.398,32.82,7.834,10.252,Favorable
2380,Silt,Hill,None,6.469,16.474,123.869,53.769,116.438,2.504,1.009,1.253,19.737,12.847,4.735,8.278,10.353,Unfavorable
2381,Clay,Plain,Sprinkler,7.051,21.17,103.673,47.567,207.586,3.324,1.188,1.397,57.116,16.209,76.065,9.018,0.049,Favorable
2382,Sandy,Hill,Sprinkler,5.928,18.038,105.184,31.826,108.479,3.024,1.114,1.281,4.312,16.899,4.935,9.357,2.517,Unfavorable
2383,Silt,Plain,None,5.89,30.144,57.656,53.495,167.886,,1.042,1.257,20.736,19.605,12.77,6.683,3.084,Favorable
2384,Loam,Hill,Drip,6.303,21.732,92.576,62.57,137.983,3.293,0.566,1.287,25.682,17.923,5.436,6.687,18.509,Favorable
2385,Sandy,Plain,None,6.488,26.158,81.162,44.632,127.526,,0.169,1.515,8.334,26.806,22.662,6.791,11.654,Unfavorable
2386,Sandy,Plain,Sprinkler,6.869,,72.747,40.586,139.246,2.685,0.227,1.469,15.093,32.394,6.13,5.696,0.0,Favorable
2387,Silt,Mountain,None,7.025,,80.763,15.104,120.167,1.99,0.835,1.273,22.081,16.346,12.079,7.517,13.137,Unfavorable
2388,Sandy,Plain,Sprinkler,5.811,20.94,67.158,19.671,83.854,1.345,0.722,1.544,14.556,11.33,14.253,7.188,5.353,Unfavorable
2389,Clay,Hill,None,7.217,,94.034,45.243,153.929,2.991,1.408,1.551,38.94,20.438,7.594,4.65,10.957,Unfavorable
2390,Silt,Hill,Drip,6.279,18.942,104.027,42.604,138.119,3.896,1.096,1.115,20.531,16.738,36.802,5.902,13.994,Favorable
2391,Loam,Hill,None,6.684,20.089,98.304,63.095,139.593,3.657,0.603,1.28,28.633,16.732,21.817,7.091,8.823,Favorable
2392,Clay,Plain,None,6.573,32.44,124.255,64.172,147.828,3.24,1.398,1.372,52.497,8.609,6.448,6.82,10.533,Unfavorable
2393,Loam,Plain,None,6.299,,122.718,54.828,166.117,3.586,1.559,1.282,25.886,17.137,3.406,8.001,0.0,Favorable
2394,Loam,Plain,Sprinkler,6.643,28.414,98.448,49.968,181.338,4.356,0.835,1.376,33.845,17.826,20.697,9.518,2.942,Favorable
2395,Silt,Plain,Sprinkler,6.892,40.386,89.229,55.676,157.782,2.692,1.227,1.255,14.768,17.93,9.763,10.035,11.579,Favorable
2396,Loam,Hill,None,7.011,21.953,97.138,39.948,112.08,,0.973,1.42,37.897,17.678,16.372,6.73,6.664,Favorable
2397,Loam,Plain,Drip,7.2,31.818,137.723,51.734,153.033,4.678,0.689,1.491,28.463,18.574,18.449,5.875,3.967,Favorable
2398,Loam,Plain,None,6.597,23.186,107.506,45.938,129.802,2.449,1.371,1.371,22.032,20.578,4.552,5.415,0.0,Favorable
2399,Loam,Mountain,None,7.063,21.403,114.446,51.622,168.112,3.689,0.791,1.404,15.968,16.247,20.413,7.031,24.118,Unfavorable
2400,Clay,Plain,Sprinkler,6.122,8.42,104.605,43.781,170.463,2.197,1.915,1.572,60.241,17.08,9.467,6.082,0.0,Unfavorable
2401,Loam,Plain,None,6.851,,118.205,62.237,152.885,3.438,1.196,1.301,18.283,16.079,10.607,9.68,0.0,Favorable
2402,Clay,Plain,None,7.119,14.032,137.233,61.139,160.35,3.482,1.443,1.471,53.816,12.313,21.802,7.94,0.0,Favorable
2403,Sandy,Plain,None,6.076,17.826,87.106,8.268,156.205,3.235,0.537,1.589,8.097,17.757,15.711,7.478,2.156,Favorable
2404,Sandy,Hill,None,6.27,11.272,85.542,35.029,113.018,3.033,0.712,1.649,3.149,20.071,13.388,7.436,15.614,Unfavorable
2405,Sandy,Plain,Sprinkler,5.564,,117.534,49.355,148.507,1.793,0.673,1.537,14.051,16.07,65.193,7.158,5.241,Unfavorable
2406,Loam,Plain,Drip,6.934,27.872,97.181,54.897,137.546,,0.34,1.458,20.052,14.041,11.89,8.287,0.0,Favorable
2407,Loam,Plain,Drip,6.715,31.306,124.737,53.343,172.738,3.239,1.397,1.373,28.645,14.467,27.577,5.669,12.048,Favorable
2408,Clay,Plain,None,6.855,36.077,105.31,58.908,220.415,3.791,1.003,1.43,48.695,15.178,17.049,4.849,1.832,Favorable
2409,Clay,Plain,Sprinkler,7.216,23.435,151.46,40.409,178.228,4.677,0.869,1.647,48.762,12.786,20.364,7.972,17.22,Favorable
2410,Loam,Plain,None,6.566,20.798,109.47,66.314,110.667,2.419,1.434,1.401,26.412,18.24,9.707,5.514,8.514,Favorable
2411,Clay,Plain,Sprinkler,7.147,27.116,123.183,53.818,134.946,3.897,0.799,1.428,46.654,19.023,18.852,7.984,10.088,Favorable
2412,Silt,Hill,Drip,6.884,26.724,108.183,40.97,141.258,3.626,0.743,1.295,25.548,10.416,32.719,7.838,5.623,Favorable
2413,Clay,Plain,None,7.184,29.148,104.165,48.874,169.026,3.422,1.288,1.462,54.415,16.123,18.238,5.577,0.0,Favorable
2414,Loam,Plain,None,7.224,25.861,99.68,59.514,176.767,4.474,1.264,1.387,20.48,16.002,2.123,5.701,17.038,Favorable
2415,Loam,Plain,None,6.845,29.817,141.246,43.349,118.213,4.149,1.179,1.346,22.292,22.153,15.907,8.105,2.888,Favorable
2416,Loam,Hill,None,6.682,20.174,105.141,34.232,135.072,,1.322,1.194,18.464,15.334,20.239,6.122,5.354,Favorable
2417,Silt,Hill,None,6.499,13.94,98.088,37.256,199.055,3.09,0.983,1.367,17.044,11.22,34.401,6.64,6.368,Favorable
2418,Silt,Plain,None,6.353,26.038,108.789,54.222,113.97,2.011,0.807,1.304,10.915,21.339,17.56,9.453,7.296,Favorable
2419,Loam,Mountain,None,6.327,13.87,126.333,37.911,183.584,,1.166,1.487,21.929,13.325,26.336,5.867,18.277,Unfavorable
2420,Loam,Mountain,Drip,6.743,15.105,86.971,54.026,126.891,4.113,1.705,1.376,28.86,25.559,5.495,8.097,11.737,Unfavorable
2421,Loam,Hill,Drip,6.963,19.687,108.359,41.852,144.868,2.165,0.715,1.25,23.745,13.598,5.814,6.527,12.071,Favorable
2422,Clay,Plain,None,6.889,,121.143,41.794,169.167,5.0,0.97,1.384,44.948,24.059,12.077,7.262,3.551,Favorable
2423,Clay,Plain,Sprinkler,6.771,,103.567,51.497,179.235,3.459,1.383,1.428,53.706,17.405,20.826,6.473,8.597,Favorable
2424,Sandy,Mountain,None,6.31,21.96,47.032,46.37,128.966,3.088,0.805,1.486,6.134,5.826,17.044,7.661,17.303,Unfavorable
2425,Loam,Mountain,None,6.73,24.208,91.217,50.205,181.74,3.252,1.468,1.293,23.439,23.919,3.88,5.092,14.679,Favorable
2426,Clay,Hill,None,6.924,14.006,108.495,59.077,175.197,2.954,1.325,1.589,54.563,16.423,13.916,7.1,3.546,Favorable
2427,Silt,Hill,Drip,7.353,30.724,144.098,39.332,158.06,2.888,1.07,1.301,7.661,19.142,22.025,5.977,7.867,Favorable
2428,Loam,Mountain,None,6.925,,120.08,55.091,128.188,,1.426,1.221,22.91,20.144,15.006,7.087,11.744,Favorable
2429,Sandy,Mountain,None,5.589,8.766,62.331,33.699,113.274,,1.33,1.708,1.0,12.512,19.244,6.396,27.965,Unfavorable
2430,Silt,Plain,Sprinkler,6.707,28.93,129.227,48.045,122.563,4.705,0.978,1.18,18.786,20.727,14.224,9.648,0.0,Favorable
2431,Sandy,Mountain,None,6.85,25.112,80.763,45.493,89.043,,0.559,1.56,16.514,21.221,15.649,6.783,4.67,Favorable
2432,Clay,Mountain,None,6.853,19.722,98.462,42.107,183.545,2.016,1.387,1.52,51.877,7.108,34.95,8.393,21.033,Unfavorable
2433,Clay,Plain,Drip,7.368,28.0,113.488,43.252,151.521,3.147,1.547,1.366,50.776,14.872,37.504,7.147,5.703,Favorable
2434,Loam,Plain,None,6.503,19.019,114.386,61.34,96.582,1.941,0.819,1.265,26.392,19.72,23.467,8.52,6.232,Favorable
2435,Clay,Plain,Sprinkler,6.474,27.806,147.309,62.97,162.648,3.028,1.565,1.501,42.925,19.181,26.073,6.705,0.574,Favorable
2436,Clay,Plain,Sprinkler,7.595,26.736,123.431,55.59,126.559,3.756,1.534,1.581,45.975,14.724,0.473,6.564,10.883,Unfavorable
2437,Sandy,Hill,Drip,5.734,27.031,55.337,32.856,100.699,2.168,0.747,1.596,1.0,18.027,1.615,5.636,15.536,Unfavorable
2438,Loam,Mountain,Sprinkler,7.303,23.694,96.688,36.222,133.925,2.36,0.976,1.455,28.461,17.842,11.352,7.75,14.011,Favorable
2439,Sandy,Mountain,None,6.814,25.598,27.659,31.638,88.236,2.984,0.333,1.609,4.497,8.06,7.618,6.628,19.722,Unfavorable
2440,Clay,Hill,Drip,6.94,16.65,117.505,56.297,151.163,3.901,1.477,1.545,52.238,8.501,14.976,6.566,8.18,Favorable
2441,Sandy,Hill,None,7.057,17.135,43.633,16.513,107.26,3.683,0.818,1.588,5.121,18.394,26.041,6.215,10.462,Unfavorable
2442,Loam,Plain,None,7.727,21.542,142.083,57.981,166.93,2.237,0.575,1.526,25.977,21.863,45.214,8.08,4.117,Favorable
2443,Loam,Mountain,Sprinkler,6.536,22.392,102.309,50.494,147.195,1.929,0.716,1.423,26.529,15.949,24.33,5.404,20.919,Unfavorable
2444,Silt,Mountain,Drip,6.251,,91.064,45.177,141.129,2.809,1.315,1.229,14.807,16.743,4.974,6.715,13.185,Unfavorable
2445,Sandy,Plain,None,6.312,21.801,97.707,18.155,142.739,,0.982,1.515,6.268,19.315,28.321,4.466,13.42,Unfavorable
2446,Sandy,Plain,Sprinkler,5.703,37.908,79.882,41.006,122.397,3.336,1.057,1.488,1.0,11.999,27.118,6.602,1.09,Unfavorable
2447,Loam,Hill,None,7.373,23.915,92.862,46.159,152.165,1.396,1.247,1.303,18.418,18.164,32.19,8.327,11.493,Favorable
2448,Loam,Plain,None,7.32,21.368,70.453,79.398,127.939,3.213,0.444,1.326,34.318,23.367,18.088,8.013,6.662,Favorable
2449,Loam,Hill,None,6.66,21.283,94.785,46.981,198.935,1.969,1.129,1.185,21.655,17.539,7.654,6.861,10.597,Favorable
2450,Silt,Plain,Drip,6.247,20.092,126.325,44.165,150.443,2.121,0.579,1.053,12.263,16.311,15.094,7.376,1.896,Favorable
2451,Clay,Plain,Drip,7.795,31.129,121.932,50.053,155.291,,0.801,1.384,48.28,15.198,13.679,8.268,0.0,Unfavorable
2452,Sandy,Plain,Sprinkler,6.289,28.544,79.901,36.882,127.296,3.622,0.573,1.677,5.563,17.691,20.196,8.45,0.0,Favorable
2453,Sandy,Plain,None,6.194,26.487,63.632,39.022,108.559,1.689,0.475,1.599,2.75,22.45,15.404,4.874,2.739,Unfavorable
2454,Silt,Plain,None,6.463,10.18,113.972,58.352,156.902,2.692,0.965,1.183,22.838,21.696,14.937,6.738,9.079,Unfavorable
2455,Clay,Plain,Drip,6.95,19.209,82.487,35.97,211.662,2.631,1.019,1.396,47.223,25.743,3.511,8.584,0.0,Favorable
2456,Loam,Mountain,Drip,7.022,15.023,118.241,58.731,163.918,,1.118,1.167,23.062,23.628,9.153,9.753,17.639,Favorable
2457,Silt,Hill,Drip,6.736,33.382,129.057,53.213,153.979,,1.224,1.402,17.153,17.682,20.516,4.552,7.399,Favorable
2458,Loam,Plain,Sprinkler,6.439,22.446,139.509,54.919,181.928,1.675,0.843,1.308,11.73,12.412,23.798,7.115,4.492,Favorable
2459,Clay,Plain,None,7.274,23.038,124.904,63.622,165.064,3.633,1.529,1.404,39.665,16.337,21.692,5.697,6.497,Favorable
2460,Clay,Plain,None,7.56,23.443,151.073,68.85,124.741,,1.476,1.352,49.823,19.874,26.006,5.349,4.695,Unfavorable
2461,Sandy,Hill,None,6.302,21.177,63.364,48.967,96.915,1.385,1.432,1.566,12.138,10.118,7.661,8.694,3.61,Unfavorable
2462,Sandy,Plain,None,6.504,22.095,85.717,36.436,115.21,3.29,0.833,1.595,10.566,28.788,13.553,8.854,10.657,Favorable
2463,Loam,Plain,Drip,6.876,30.511,82.864,60.149,161.799,1.665,0.537,1.401,19.48,17.33,11.383,6.983,7.554,Favorable
2464,Clay,Plain,None,6.767,,106.521,70.421,144.048,2.759,1.457,1.6,41.732,17.046,15.659,5.616,3.846,Favorable
2465,Clay,Plain,None,6.759,16.556,99.783,67.314,169.486,3.571,1.276,1.3,51.016,19.608,16.052,8.234,8.354,Favorable
2466,Clay,Mountain,None,6.77,25.95,115.213,39.613,138.202,3.612,1.257,1.279,37.58,20.269,2.976,8.182,17.869,Unfavorable
2467,Clay,Mountain,None,7.109,20.536,69.939,41.182,184.537,3.277,1.241,1.36,56.901,20.895,11.292,7.436,17.841,Unfavorable
2468,Silt,Hill,Sprinkler,6.177,23.331,148.764,21.889,210.708,2.807,0.679,1.321,7.322,17.225,41.376,8.937,8.304,Favorable
2469,Loam,Hill,Sprinkler,6.583,28.659,105.201,44.432,155.752,3.506,1.049,1.269,34.388,16.583,9.845,7.613,12.839,Favorable
2470,Silt,Plain,Drip,7.416,24.228,113.321,60.828,194.278,3.254,0.814,1.207,12.236,17.072,6.238,7.308,9.371,Favorable
2471,Sandy,Hill,Sprinkler,6.991,25.971,95.094,31.962,116.923,,0.877,1.755,8.095,16.636,27.651,6.061,5.748,Favorable
2472,Clay,Hill,None,6.932,10.759,131.668,47.991,191.414,4.211,1.322,1.311,48.919,17.801,18.45,7.462,12.001,Favorable
2473,Clay,Plain,Sprinkler,7.187,22.926,145.229,55.101,121.644,1.988,1.374,1.421,41.285,16.203,26.652,8.373,9.209,Favorable
2474,Sandy,Plain,None,7.093,26.589,93.509,43.266,84.881,2.533,0.821,1.422,10.591,15.329,26.431,8.565,6.57,Favorable
2475,Sandy,Plain,Sprinkler,6.18,,103.874,30.063,100.982,2.859,0.769,1.676,8.541,8.264,32.138,7.272,5.346,Favorable
2476,Sandy,Plain,Sprinkler,6.028,28.918,95.333,53.266,111.611,3.264,0.72,1.528,10.302,15.803,14.285,7.941,0.0,Unfavorable
2477,Clay,Plain,Sprinkler,7.117,21.1,93.212,62.907,176.698,3.288,0.803,1.499,52.36,19.197,25.517,5.532,0.0,Favorable
2478,Clay,Plain,None,7.256,26.225,131.922,67.118,198.47,2.541,1.373,1.423,48.215,7.089,31.542,7.253,12.783,Favorable
2479,Clay,Mountain,None,7.218,25.65,116.185,29.177,142.503,1.519,0.653,1.476,61.486,15.968,16.584,4.831,18.451,Unfavorable
2480,Silt,Mountain,None,6.727,8.66,67.597,40.579,161.055,1.528,0.965,1.271,19.002,8.749,6.978,6.399,18.996,Unfavorable
2481,Loam,Plain,None,6.837,19.237,107.612,49.468,188.817,,1.347,1.517,27.923,14.702,8.221,8.99,2.335,Favorable
2482,Silt,Mountain,None,6.39,10.698,93.655,31.897,196.181,2.865,0.559,1.267,29.206,15.573,27.205,8.62,7.459,Unfavorable
2483,Loam,Plain,Sprinkler,5.886,32.723,107.924,41.882,180.767,2.139,1.401,1.128,15.141,19.665,69.301,8.233,0.0,Unfavorable
2484,Loam,Plain,Drip,6.723,24.117,112.891,58.318,155.115,4.054,0.965,1.428,29.455,22.147,25.281,8.731,0.0,Favorable
2485,Clay,Plain,Sprinkler,6.571,14.049,131.099,47.703,179.263,2.913,1.428,1.478,37.811,21.421,25.223,6.891,8.911,Favorable
2486,Sandy,Hill,None,6.503,38.68,68.77,41.465,121.619,2.701,1.059,1.485,1.0,4.976,34.634,4.548,6.353,Unfavorable
2487,Sandy,Plain,None,7.535,12.837,106.065,46.592,115.573,1.46,0.828,1.766,10.637,17.183,30.238,6.077,15.119,Unfavorable
2488,Sandy,Hill,Sprinkler,6.638,,60.139,27.492,92.093,3.242,0.756,1.872,6.966,11.399,41.774,6.588,11.509,Favorable
2489,Loam,Mountain,Drip,6.225,21.15,93.615,41.745,156.651,2.689,0.429,1.556,25.412,9.321,19.825,9.193,10.218,Favorable
2490,Clay,Mountain,None,6.412,12.582,97.419,37.666,195.902,2.189,1.2,1.3,51.057,9.999,5.588,7.582,11.393,Unfavorable
2491,Clay,Hill,Sprinkler,7.698,22.395,107.346,50.487,150.048,2.953,1.414,1.234,51.02,24.536,4.001,7.369,13.48,Unfavorable
2492,Loam,Plain,None,6.626,,95.579,53.069,159.572,,1.245,1.292,28.138,15.547,34.248,7.297,3.795,Favorable
2493,Sandy,Hill,Sprinkler,6.117,27.734,83.95,21.59,142.206,2.667,0.349,1.598,12.977,16.7,9.122,10.119,13.316,Unfavorable
2494,Loam,Plain,None,6.688,29.426,112.105,55.583,163.671,1.067,0.927,1.433,26.211,24.856,25.53,6.907,9.325,Favorable
2495,Loam,Plain,None,7.131,23.922,116.502,41.255,178.945,2.883,1.186,1.377,23.616,14.905,18.636,7.049,0.062,Favorable
2496,Loam,Plain,Drip,7.021,25.097,102.436,49.471,115.078,3.58,1.476,1.454,25.121,15.141,61.593,8.449,3.147,Favorable
2497,Loam,Plain,Sprinkler,6.809,26.137,111.218,49.48,162.114,,1.022,1.495,24.092,28.446,21.299,7.552,5.472,Favorable
2498,Clay,Plain,None,6.822,21.558,69.414,73.794,161.66,4.73,1.06,1.42,56.37,18.701,41.643,7.558,5.535,Favorable
2499,Silt,Plain,None,6.224,25.914,102.098,52.842,155.821,3.491,1.069,1.315,13.992,16.688,4.459,5.227,9.76,Favorable
2500,Sandy,Plain,Drip,6.985,22.836,76.116,38.138,159.553,2.085,0.775,1.47,10.268,18.288,10.779,6.086,6.671,Favorable
2501,Loam,Plain,Drip,7.43,19.345,81.876,69.364,153.327,2.427,0.47,1.434,18.104,22.789,29.16,5.75,7.148,Favorable
2502,Sandy,Mountain,None,6.699,13.451,47.68,34.82,70.074,2.751,0.525,1.817,12.541,13.965,9.592,6.888,20.934,Unfavorable
2503,Loam,Plain,None,7.262,15.552,133.043,61.709,175.016,3.958,0.827,1.446,27.982,21.506,18.166,7.204,0.0,Favorable
2504,Sandy,Hill,Sprinkler,6.036,14.123,106.258,65.77,112.189,2.755,0.241,1.647,10.238,17.022,10.709,4.369,6.288,Unfavorable
2505,Clay,Plain,Drip,5.941,32.086,104.117,65.087,133.788,3.8,0.783,1.366,54.648,17.76,20.813,9.712,14.05,Unfavorable
2506,Clay,Plain,Sprinkler,6.867,31.041,123.925,72.522,171.853,1.873,0.566,1.563,33.578,23.503,7.004,10.537,11.438,Unfavorable
2507,Clay,Hill,Drip,6.677,,119.865,35.622,164.563,4.084,0.734,1.512,53.144,26.13,7.665,6.65,5.338,Favorable
2508,Silt,Hill,None,7.337,10.62,105.496,61.539,108.514,2.077,1.02,1.272,13.152,20.388,14.206,7.426,9.868,Unfavorable
2509,Clay,Hill,None,6.794,17.567,68.189,62.719,161.49,2.955,1.466,1.268,40.348,12.565,12.012,7.055,17.526,Unfavorable
2510,Loam,Mountain,None,6.985,25.031,70.379,34.638,192.867,2.205,0.776,1.138,24.519,14.534,3.156,4.554,22.806,Unfavorable
2511,Loam,Plain,Sprinkler,6.986,33.859,129.706,58.806,170.015,3.24,1.346,1.399,23.393,24.079,20.194,5.751,3.022,Favorable
2512,Silt,Mountain,None,6.866,20.995,77.143,20.592,122.972,1.876,0.676,1.34,11.205,15.318,0.575,5.762,19.889,Unfavorable
2513,Loam,Plain,None,7.095,19.626,112.22,64.275,109.14,3.165,1.261,1.326,21.007,22.379,6.047,6.199,1.893,Favorable
2514,Loam,Plain,None,6.658,25.376,96.71,37.067,131.117,1.446,1.081,1.366,29.969,15.187,14.044,7.746,11.955,Favorable
2515,Loam,Plain,None,7.328,20.203,122.418,56.805,110.267,,0.949,1.364,22.698,9.272,3.575,8.6,6.314,Favorable
2516,Loam,Hill,Drip,6.727,24.246,88.652,54.474,130.245,2.91,0.465,1.495,13.779,14.69,18.952,5.707,0.0,Favorable
2517,Loam,Hill,Sprinkler,6.63,25.753,96.526,67.983,175.471,3.349,0.998,1.291,19.697,21.33,10.258,8.249,3.265,Favorable
2518,Silt,Hill,Sprinkler,6.595,21.739,124.825,40.858,144.452,1.777,1.448,1.345,23.975,12.819,4.068,5.293,15.728,Unfavorable
2519,Loam,Plain,Drip,6.7,28.813,103.356,65.454,166.326,,1.045,1.261,35.929,22.709,22.667,8.916,6.84,Favorable
2520,Loam,Hill,Sprinkler,6.797,24.354,108.047,42.442,132.12,3.715,0.839,1.243,24.607,14.303,12.941,6.278,9.459,Favorable
2521,Loam,Plain,None,7.231,25.318,135.038,50.182,212.466,4.134,0.796,1.464,19.422,10.525,30.75,5.707,7.499,Favorable
2522,Loam,Plain,None,7.162,13.833,134.254,57.833,160.646,3.074,0.552,1.339,39.388,27.289,30.18,8.07,2.827,Favorable
2523,Loam,Plain,Sprinkler,7.054,29.327,122.754,55.958,188.274,2.724,1.703,1.303,20.923,18.897,18.118,6.019,14.843,Favorable
2524,Sandy,Plain,Sprinkler,6.518,21.146,139.616,25.773,164.039,2.77,0.841,1.499,4.207,22.989,40.37,7.651,12.207,Unfavorable
2525,Clay,Plain,Sprinkler,7.312,14.99,122.822,63.67,183.117,2.274,0.889,1.457,53.875,22.448,23.564,6.96,12.615,Favorable
2526,Sandy,Plain,Sprinkler,6.145,22.893,80.379,26.16,162.579,4.268,0.821,1.696,1.0,18.998,20.006,7.051,3.356,Favorable
2527,Loam,Plain,None,6.619,26.814,126.395,62.131,128.981,3.655,0.622,1.514,25.521,24.01,17.771,9.695,0.0,Favorable
2528,Loam,Plain,None,6.432,16.639,120.448,63.235,128.244,2.812,1.396,1.45,33.655,20.868,7.726,3.302,2.375,Favorable
2529,Sandy,Plain,None,5.744,15.505,66.902,29.336,86.363,1.459,1.139,1.594,8.59,18.698,10.039,9.022,6.894,Unfavorable
2530,Silt,Plain,None,6.848,18.562,109.92,40.537,110.257,3.736,1.256,1.145,19.366,11.824,31.676,10.928,6.284,Favorable
2531,Loam,Plain,Drip,6.875,17.063,121.766,45.896,150.645,,0.431,1.297,29.245,20.742,11.482,9.371,0.321,Favorable
2532,Clay,Mountain,Drip,6.89,22.711,60.578,34.605,159.916,4.204,1.151,1.375,48.856,10.436,23.001,4.126,17.896,Unfavorable
2533,Sandy,Hill,None,6.883,23.085,80.439,40.252,87.204,2.748,0.605,1.579,20.901,13.354,25.972,9.311,8.788,Favorable
2534,Silt,Plain,Sprinkler,6.606,23.291,92.416,48.41,163.278,3.229,0.448,1.191,20.469,13.973,18.74,7.129,0.0,Favorable
2535,Loam,Plain,Drip,7.485,21.265,116.052,67.578,210.122,,1.673,1.48,19.432,20.701,25.699,6.455,4.038,Favorable
2536,Sandy,Hill,Sprinkler,6.386,13.763,86.21,43.99,120.006,1.488,0.608,1.661,5.993,13.084,42.968,7.563,12.977,Unfavorable
2537,Sandy,Plain,None,6.306,28.086,90.238,49.751,138.508,3.859,0.66,1.473,11.732,20.082,39.533,9.633,4.753,Favorable
2538,Silt,Plain,None,5.948,18.782,150.754,26.872,94.831,4.14,1.22,1.238,20.832,25.703,57.23,8.747,9.176,Favorable
2539,Sandy,Plain,None,5.941,,86.311,8.924,194.247,1.811,0.568,1.275,5.913,10.536,7.95,9.077,5.673,Unfavorable
2540,Sandy,Mountain,Drip,6.78,18.435,39.491,28.49,107.594,1.585,1.452,1.498,6.93,17.131,21.631,7.433,20.19,Unfavorable
2541,Sandy,Hill,Sprinkler,6.545,34.138,58.645,47.028,114.639,,1.173,1.611,3.545,18.174,7.764,6.584,5.311,Unfavorable
2542,Loam,Plain,None,7.034,21.28,128.285,55.712,156.144,3.952,1.115,1.348,21.943,17.221,12.095,6.657,5.373,Favorable
2543,Sandy,Plain,None,6.62,35.313,74.144,27.855,120.01,,0.872,1.416,1.0,12.24,10.571,10.158,0.0,Favorable
2544,Silt,Mountain,None,7.209,13.851,128.982,20.677,140.242,3.448,1.315,1.174,21.284,18.89,18.194,6.595,9.964,Unfavorable
2545,Clay,Plain,None,7.062,22.909,67.996,39.703,193.206,3.556,1.386,1.419,53.007,18.49,0.996,5.153,0.512,Favorable
2546,Loam,Mountain,Drip,7.576,26.939,113.012,36.759,144.478,2.188,1.047,1.414,18.913,8.76,14.166,4.493,16.056,Unfavorable
2547,Clay,Hill,Sprinkler,6.794,17.884,102.321,39.602,192.925,1.796,1.261,1.323,42.079,20.045,13.308,5.046,0.0,Favorable
2548,Loam,Hill,Sprinkler,6.614,19.189,88.611,44.846,168.007,1.968,1.303,1.327,25.869,17.201,3.127,8.513,11.077,Favorable
2549,Loam,Hill,None,6.788,27.398,116.896,74.123,143.033,3.536,1.528,1.215,19.08,3.722,5.924,7.957,3.236,Favorable
2550,Sandy,Hill,None,6.591,18.653,63.542,27.44,69.453,3.065,0.568,1.463,1.739,13.736,41.66,6.504,2.482,Favorable
2551,Clay,Plain,None,7.111,25.553,126.594,62.505,157.837,3.408,0.985,1.631,44.008,20.986,9.022,7.87,5.467,Favorable
2552,Loam,Plain,Sprinkler,6.65,24.85,117.796,69.696,161.168,3.786,1.092,1.427,28.256,17.92,22.294,6.914,13.014,Favorable
2553,Clay,Hill,Drip,7.717,28.297,95.383,56.823,171.531,2.704,1.325,1.396,47.749,21.426,43.647,8.232,15.219,Unfavorable
2554,Loam,Plain,Sprinkler,7.189,31.403,101.419,55.025,126.692,,0.993,1.47,13.939,19.466,14.242,8.121,5.548,Favorable
2555,Silt,Plain,None,5.998,25.144,56.826,42.141,188.77,3.119,0.649,1.268,14.451,20.226,9.844,6.424,0.0,Unfavorable
2556,Silt,Plain,Drip,6.034,25.31,132.964,42.428,91.423,,0.58,1.297,17.823,19.196,4.98,7.079,0.0,Favorable
2557,Sandy,Hill,Sprinkler,5.815,33.445,127.461,50.848,91.513,4.044,0.863,1.787,11.021,17.33,21.689,7.807,11.703,Unfavorable
2558,Loam,Hill,Sprinkler,6.546,,93.915,36.332,147.9,3.888,0.939,1.222,26.461,13.161,13.99,7.601,10.931,Favorable
2559,Loam,Plain,None,6.131,17.682,106.143,52.249,150.996,2.981,1.221,1.369,31.942,28.964,13.821,10.201,2.376,Favorable
2560,Silt,Plain,None,6.864,18.614,108.617,42.309,145.843,3.293,1.246,1.239,10.444,18.733,20.237,6.574,3.604,Favorable
2561,Clay,Hill,Sprinkler,7.268,26.421,132.645,62.553,159.626,1.698,0.725,1.599,48.377,20.252,2.917,4.832,16.007,Unfavorable
2562,Clay,Plain,Drip,7.028,22.367,111.553,49.357,184.738,4.568,1.105,1.475,49.103,18.109,10.826,6.975,2.189,Favorable
2563,Clay,Plain,Sprinkler,8.087,26.688,155.802,67.511,167.045,3.317,0.795,1.222,43.01,17.392,37.905,9.476,0.0,Unfavorable
2564,Loam,Hill,Sprinkler,6.771,16.229,138.228,54.152,177.067,2.595,0.998,1.228,26.404,11.489,11.853,6.648,9.646,Favorable
2565,Loam,Mountain,Drip,7.007,24.66,91.024,50.327,104.479,2.122,0.96,1.267,23.216,8.562,51.284,7.108,5.907,Favorable
2566,Sandy,Hill,Sprinkler,6.32,17.687,121.689,45.184,133.786,1.472,1.304,1.519,11.827,11.544,7.281,7.888,9.254,Unfavorable
2567,Silt,Hill,Drip,6.112,23.674,94.598,38.204,120.661,2.341,0.478,1.293,26.619,17.001,23.707,7.879,6.127,Favorable
2568,Sandy,Plain,Sprinkler,6.79,35.497,111.087,63.377,95.507,2.572,0.437,1.473,15.657,22.875,7.995,6.653,6.021,Favorable
2569,Clay,Plain,None,6.474,,69.67,64.671,173.104,3.543,1.375,1.291,49.499,9.955,25.225,9.127,6.391,Favorable
2570,Loam,Plain,None,6.166,14.377,114.725,45.157,171.102,3.246,0.155,1.442,31.22,19.628,13.874,7.001,10.594,Favorable
2571,Clay,Plain,Sprinkler,6.823,24.811,128.472,50.966,192.825,,1.765,1.577,49.815,12.891,19.757,7.737,4.196,Favorable
2572,Loam,Plain,None,6.096,5.927,103.36,55.873,159.913,2.71,1.217,1.38,32.253,13.522,11.172,7.407,0.912,Unfavorable
2573,Sandy,Plain,Sprinkler,6.543,28.406,79.538,30.233,122.962,3.173,1.466,1.554,16.46,14.056,3.2,6.573,2.5,Favorable
2574,Silt,Plain,None,6.836,22.361,105.713,59.215,178.417,2.744,0.775,1.153,19.365,14.558,4.769,7.461,15.133,Unfavorable
2575,Sandy,Hill,None,6.536,25.605,69.484,33.33,80.809,2.827,0.939,1.474,11.588,8.753,45.494,6.734,16.063,Unfavorable
2576,Sandy,Hill,None,6.489,21.404,104.598,27.67,112.325,3.163,0.922,1.544,16.197,22.581,8.921,6.24,1.562,Favorable
2577,Loam,Plain,Sprinkler,6.225,25.707,87.224,50.302,135.132,5.029,0.829,1.453,44.162,17.66,20.352,10.198,4.555,Favorable
2578,Sandy,Plain,None,6.697,22.966,74.984,52.824,125.176,0.982,0.6,1.38,4.391,20.92,27.847,7.722,0.0,Favorable
2579,Loam,Plain,None,7.269,26.89,115.845,40.916,205.19,2.127,1.448,1.448,20.973,16.534,25.232,6.636,6.287,Favorable
2580,Loam,Plain,Drip,6.842,30.512,104.819,69.811,156.487,2.8,1.151,1.0,21.791,14.961,4.858,9.253,11.891,Favorable
2581,Clay,Plain,Sprinkler,7.274,16.908,112.986,60.249,195.766,3.675,1.308,1.492,44.609,16.199,16.243,5.714,2.458,Favorable
2582,Sandy,Hill,Sprinkler,6.458,21.934,77.919,56.357,139.069,3.114,0.72,1.665,8.903,20.08,1.418,6.472,7.905,Favorable
2583,Loam,Hill,Drip,6.668,29.508,86.251,50.876,158.104,3.736,0.638,1.303,14.577,18.459,7.423,6.266,15.012,Favorable
2584,Silt,Mountain,Sprinkler,6.912,19.356,75.15,41.83,80.305,2.49,0.417,1.552,13.218,8.395,20.071,5.135,10.207,Favorable
2585,Sandy,Plain,Sprinkler,6.492,14.962,98.062,39.626,133.399,1.566,0.633,1.756,11.66,21.697,41.581,9.143,0.0,Favorable
2586,Clay,Mountain,None,7.358,19.545,99.607,56.478,204.263,2.297,1.64,1.529,53.146,12.937,42.47,6.834,9.882,Unfavorable
2587,Clay,Plain,None,7.164,22.759,122.936,54.533,163.424,2.47,1.104,1.358,52.576,22.499,10.26,6.953,0.787,Favorable
2588,Clay,Hill,None,6.664,11.741,95.339,33.137,130.322,3.543,1.074,1.301,45.323,17.047,32.74,5.989,1.196,Favorable
2589,Sandy,Mountain,Sprinkler,6.397,28.49,88.212,41.001,111.456,1.593,0.912,1.589,9.792,23.933,11.482,7.349,22.046,Unfavorable
2590,Clay,Plain,Drip,7.378,27.378,120.901,61.652,192.203,5.155,1.712,1.415,57.493,16.959,26.213,7.617,3.585,Favorable
2591,Clay,Plain,None,7.043,20.81,116.144,39.114,158.231,3.709,1.087,1.599,40.274,18.364,9.083,5.273,5.628,Favorable
2592,Sandy,Hill,None,6.449,25.212,129.524,12.956,120.45,1.855,0.68,1.587,1.0,20.265,16.881,4.958,6.151,Unfavorable
2593,Loam,Plain,None,6.556,32.519,125.555,74.68,171.099,2.528,1.229,1.411,22.654,21.613,14.306,8.218,0.0,Favorable
2594,Loam,Hill,None,7.043,13.403,105.488,22.779,166.393,,1.017,1.341,21.296,14.858,13.182,7.015,17.529,Unfavorable
2595,Silt,Mountain,None,6.721,18.264,100.696,34.71,129.448,0.532,1.267,1.147,21.595,16.946,16.821,5.176,14.582,Unfavorable
2596,Clay,Plain,Sprinkler,7.097,32.237,125.9,38.843,99.626,2.167,0.851,1.43,43.777,8.853,27.904,7.212,1.749,Favorable
2597,Loam,Plain,None,7.132,21.143,120.517,64.347,148.901,2.751,0.924,1.328,35.822,20.898,31.382,6.102,4.832,Favorable
2598,Loam,Mountain,Drip,6.765,16.879,127.017,44.643,162.622,1.186,0.763,1.286,36.398,8.081,10.201,4.472,21.816,Unfavorable
2599,Clay,Mountain,Drip,7.325,29.495,86.99,64.836,147.5,2.656,1.091,1.293,48.2,12.275,32.168,7.714,16.489,Favorable
2600,Loam,Mountain,Drip,6.761,29.072,130.987,41.141,93.507,3.837,1.463,1.315,27.942,19.65,12.448,7.595,18.988,Favorable
