subtaskID,datapointID,answer
1,1,800.0
2,2000-2001_Charlton_Man City,0.5
2,2000-2001_Chelsea_West Ham,0.33
2,2000-2001_Coventry_Middlesbrough,0.33
2,2000-2001_Derby_Southampton,0.0
2,2000-2001_Leeds_Everton,0.5
2,2000-2001_Leicester_Aston Villa,0.0
2,2000-2001_Liverpool_Bradford,0.0
2,2000-2001_Sunderland_Arsenal,0.5
2,2000-2001_Tottenham_Ipswich,0.33
2,2000-2001_Man United_Newcastle,0.0
2,2000-2001_Arsenal_Liverpool,0.25
2,2000-2001_Arsenal_Charlton,0.33
2,2000-2001_Bradford_Leicester,0.0
2,2000-2001_Everton_Derby,0.5
2,2000-2001_Ipswich_Sunderland,0.0
2,2000-2001_Man City_Coventry,0.5
2,2000-2001_Middlesbrough_Leeds,0.33
2,2000-2001_Newcastle_Tottenham,0.0
2,2000-2001_Southampton_Liverpool,0.5
2,2000-2001_West Ham_Man United,0.5
2,2000-2001_Aston Villa_Chelsea,0.33
2,2000-2001_Leeds_Man City,0.0
2,2000-2001_Man United_Bradford,0.5
2,2000-2001_Sunderland_West Ham,0.5
2,2000-2001_Tottenham_Everton,0.33
2,2000-2001_Charlton_Southampton,0.25
2,2000-2001_Chelsea_Arsenal,0.33
2,2000-2001_Coventry_Newcastle,0.33
2,2000-2001_Derby_Middlesbrough,0.5
2,2000-2001_Leicester_Ipswich,0.0
2,2000-2001_Liverpool_Aston Villa,0.0
2,2000-2001_Bradford_Arsenal,0.33
2,2000-2001_Coventry_Leeds,0.0
2,2000-2001_Ipswich_Aston Villa,0.0
2,2000-2001_Leicester_Southampton,0.33
2,2000-2001_Liverpool_Man City,0.25
2,2000-2001_Man United_Sunderland,0.0
2,2000-2001_Middlesbrough_Everton,0.0
2,2000-2001_Newcastle_Chelsea,0.0
2,2000-2001_Derby_Charlton,0.33
2,2000-2001_Tottenham_West Ham,0.5
2,2000-2001_Arsenal_Coventry,0.0
2,2000-2001_Aston Villa_Bradford,0.0
2,2000-2001_Charlton_Tottenham,0.0
2,2000-2001_Everton_Man United,0.5
2,2000-2001_Leeds_Ipswich,0.5
2,2000-2001_Southampton_Newcastle,0.0
2,2000-2001_Sunderland_Derby,0.5
2,2000-2001_Chelsea_Leicester,0.5
2,2000-2001_Man City_Middlesbrough,0.33
2,2000-2001_West Ham_Liverpool,0.0
2,2000-2001_Bradford_Southampton,0.0
2,2000-2001_Coventry_West Ham,0.0
2,2000-2001_Derby_Leeds,0.33
2,2000-2001_Ipswich_Arsenal,0.0
2,2000-2001_Liverpool_Sunderland,0.0
2,2000-2001_Man United_Chelsea,0.5
2,2000-2001_Middlesbrough_Aston Villa,0.0
2,2000-2001_Newcastle_Charlton,0.0
2,2000-2001_Tottenham_Man City,0.0
2,2000-2001_Leicester_Everton,0.0
2,2000-2001_Aston Villa_Derby,0.5
2,2000-2001_Charlton_Coventry,0.0
2,2000-2001_Everton_Ipswich,0.0
2,2000-2001_Leeds_Tottenham,0.33
2,2000-2001_Man City_Newcastle,0.33
2,2000-2001_Southampton_Middlesbrough,0.5
2,2000-2001_West Ham_Bradford,0.5
2,2000-2001_Arsenal_Man United,0.0
2,2000-2001_Chelsea_Liverpool,0.0
2,2000-2001_Sunderland_Leicester,0.0
2,2000-2001_Arsenal_Aston Villa,0.5
2,2000-2001_Coventry_Tottenham,0.33
2,2000-2001_Everton_Southampton,0.0
2,2000-2001_Ipswich_West Ham,0.0
2,2000-2001_Leeds_Charlton,0.33
2,2000-2001_Leicester_Man United,0.5
2,2000-2001_Man City_Bradford,0.0
2,2000-2001_Sunderland_Chelsea,0.0
2,2000-2001_Derby_Liverpool,0.0
2,2000-2001_Middlesbrough_Newcastle,0.0
2,2000-2001_Bradford_Ipswich,0.0
2,2000-2001_Charlton_Middlesbrough,0.0
2,2000-2001_Chelsea_Coventry,0.33
2,2000-2001_Liverpool_Leicester,0.33
2,2000-2001_Man United_Leeds,0.33
2,2000-2001_Newcastle_Everton,0.0
2,2000-2001_Tottenham_Derby,0.5
2,2000-2001_West Ham_Arsenal,0.0
2,2000-2001_Aston Villa_Sunderland,0.5
2,2000-2001_Southampton_Man City,0.5
2,2000-2001_Arsenal_Man City,0.33
2,2000-2001_Aston Villa_Charlton,0.5
2,2000-2001_Chelsea_Tottenham,0.5
2,2000-2001_Ipswich_Middlesbrough,0.0
2,2000-2001_Leicester_Derby,0.0
2,2000-2001_Man United_Southampton,0.33
2,2000-2001_Sunderland_Coventry,0.0
2,2000-2001_West Ham_Newcastle,0.0
2,2000-2001_Bradford_Leeds,0.25
2,2000-2001_Liverpool_Everton,0.0
2,2000-2001_Charlton_Bradford,0.5
2,2000-2001_Coventry_Man United,0.0
2,2000-2001_Leeds_Liverpool,0.25
2,2000-2001_Man City_Leicester,0.0
2,2000-2001_Middlesbrough_Arsenal,0.0
2,2000-2001_Newcastle_Ipswich,0.0
2,2000-2001_Southampton_Chelsea,0.33
2,2000-2001_Tottenham_Sunderland,0.5
2,2000-2001_Everton_Aston Villa,0.5
2,2000-2001_Derby_West Ham,0.0
2,2000-2001_Arsenal_Derby,0.0
2,2000-2001_Aston Villa_Tottenham,0.0
2,2000-2001_Bradford_Everton,0.5
2,2000-2001_Ipswich_Charlton,0.33
2,2000-2001_Leicester_Newcastle,0.0
2,2000-2001_Man United_Middlesbrough,0.0
2,2000-2001_Sunderland_Southampton,0.0
2,2000-2001_West Ham_Man City,0.33
2,2000-2001_Chelsea_Leeds,0.5
2,2000-2001_Liverpool_Coventry,0.5
2,2000-2001_Charlton_Chelsea,0.0
2,2000-2001_Derby_Bradford,0.0
2,2000-2001_Everton_Arsenal,0.0
2,2000-2001_Leeds_West Ham,0.0
2,2000-2001_Man City_Man United,0.5
2,2000-2001_Middlesbrough_Leicester,0.0
2,2000-2001_Newcastle_Sunderland,0.5
2,2000-2001_Southampton_Aston Villa,0.0
2,2000-2001_Tottenham_Liverpool,0.0
2,2000-2001_Coventry_Ipswich,0.0
2,2000-2001_Charlton_Sunderland,0.0
2,2000-2001_Coventry_Aston Villa,0.5
2,2000-2001_Derby_Man United,0.0
2,2000-2001_Everton_Chelsea,0.5
2,2000-2001_Man City_Ipswich,0.33
2,2000-2001_Middlesbrough_Bradford,0.5
2,2000-2001_Southampton_West Ham,0.25
2,2000-2001_Tottenham_Leicester,0.33
2,2000-2001_Leeds_Arsenal,0.33
2,2000-2001_Newcastle_Liverpool,0.33
2,2000-2001_Arsenal_Southampton,0.25
2,2000-2001_Aston Villa_Newcastle,0.0
2,2000-2001_Bradford_Coventry,0.33
2,2000-2001_Ipswich_Derby,0.0
2,2000-2001_Leicester_Leeds,0.5
2,2000-2001_Liverpool_Charlton,0.0
2,2000-2001_Man United_Tottenham,0.0
2,2000-2001_West Ham_Middlesbrough,0.5
2,2000-2001_Chelsea_Man City,0.33
2,2000-2001_Sunderland_Everton,0.5
2,2000-2001_Arsenal_Newcastle,0.5
2,2000-2001_Bradford_Tottenham,0.33
2,2000-2001_Charlton_Man United,0.33
2,2000-2001_Chelsea_Derby,0.5
2,2000-2001_Man City_Everton,0.25
2,2000-2001_Southampton_Leeds,0.5
2,2000-2001_Sunderland_Middlesbrough,0.0
2,2000-2001_West Ham_Aston Villa,0.0
2,2000-2001_Coventry_Leicester,0.33
2,2000-2001_Liverpool_Ipswich,0.5
2,2000-2001_Aston Villa_Man City,0.5
2,2000-2001_Derby_Coventry,0.5
2,2000-2001_Everton_West Ham,0.5
2,2000-2001_Ipswich_Southampton,0.5
2,2000-2001_Leeds_Sunderland,0.25
2,2000-2001_Leicester_Charlton,0.0
2,2000-2001_Middlesbrough_Chelsea,0.0
2,2000-2001_Newcastle_Bradford,0.0
2,2000-2001_Man United_Liverpool,0.0
2,2000-2001_Tottenham_Arsenal,0.0
2,2000-2001_Coventry_Southampton,0.0
2,2000-2001_Charlton_Everton,0.5
2,2000-2001_Chelsea_Bradford,0.0
2,2000-2001_Derby_Newcastle,0.5
2,2000-2001_Leeds_Aston Villa,0.5
2,2000-2001_Leicester_West Ham,0.0
2,2000-2001_Liverpool_Arsenal,0.5
2,2000-2001_Man United_Ipswich,0.33
2,2000-2001_Sunderland_Man City,0.0
2,2000-2001_Tottenham_Middlesbrough,0.0
2,2000-2001_Arsenal_Leicester,0.25
2,2000-2001_Aston Villa_Man United,0.0
2,2000-2001_Bradford_Sunderland,0.25
2,2000-2001_Everton_Coventry,0.5
2,2000-2001_Ipswich_Chelsea,0.5
2,2000-2001_Man City_Derby,0.5
2,2000-2001_Middlesbrough_Liverpool,0.0
2,2000-2001_Newcastle_Leeds,0.5
2,2000-2001_West Ham_Charlton,0.33
2,2000-2001_Southampton_Tottenham,0.5
2,2000-2001_Arsenal_Sunderland,0.5
2,2000-2001_Ipswich_Tottenham,0.33
2,2000-2001_Man City_Charlton,0.33
2,2000-2001_Middlesbrough_Coventry,0.5
2,2000-2001_Newcastle_Man United,0.5
2,2000-2001_Southampton_Derby,0.0
2,2000-2001_Charlton_Arsenal,0.33
2,2000-2001_Chelsea_Aston Villa,0.0
2,2000-2001_Coventry_Man City,0.33
2,2000-2001_Derby_Everton,0.0
2,2000-2001_Leeds_Middlesbrough,0.0
2,2000-2001_Leicester_Bradford,0.5
2,2000-2001_Liverpool_Southampton,0.33
2,2000-2001_Man United_West Ham,0.5
2,2000-2001_Sunderland_Ipswich,0.33
2,2000-2001_Tottenham_Newcastle,0.2
2,2000-2001_Arsenal_Chelsea,0.5
2,2000-2001_Aston Villa_Liverpool,0.0
2,2000-2001_Bradford_Man United,0.33
2,2000-2001_Everton_Tottenham,0.0
2,2000-2001_Man City_Leeds,0.33
2,2000-2001_Middlesbrough_Derby,0.5
2,2000-2001_Newcastle_Coventry,0.5
2,2000-2001_Southampton_Charlton,0.33
2,2000-2001_West Ham_Sunderland,0.5
2,2000-2001_Ipswich_Leicester,0.0
2,2000-2001_Chelsea_Ipswich,0.33
2,2000-2001_Coventry_Everton,0.33
2,2000-2001_Derby_Man City,0.0
2,2000-2001_Leeds_Newcastle,0.5
2,2000-2001_Leicester_Arsenal,0.5
2,2000-2001_Liverpool_Middlesbrough,0.0
2,2000-2001_Man United_Aston Villa,0.0
2,2000-2001_Tottenham_Southampton,0.0
2,2000-2001_Sunderland_Bradford,0.33
2,2000-2001_Charlton_West Ham,0.0
2,2000-2001_Aston Villa_Leeds,0.0
2,2000-2001_Arsenal_Bradford,0.0
2,2000-2001_Charlton_Derby,0.0
2,2000-2001_Chelsea_Newcastle,0.5
2,2000-2001_Everton_Middlesbrough,0.5
2,2000-2001_Leeds_Coventry,0.33
2,2000-2001_Man City_Liverpool,0.33
2,2000-2001_Southampton_Leicester,0.5
2,2000-2001_Sunderland_Man United,0.5
2,2000-2001_West Ham_Tottenham,0.33
2,2000-2001_Bradford_Aston Villa,0.0
2,2000-2001_Coventry_Arsenal,0.5
2,2000-2001_Derby_Sunderland,0.5
2,2000-2001_Ipswich_Leeds,0.5
2,2000-2001_Leicester_Chelsea,0.0
2,2000-2001_Liverpool_West Ham,0.5
2,2000-2001_Man United_Everton,0.0
2,2000-2001_Middlesbrough_Man City,0.5
2,2000-2001_Tottenham_Charlton,0.0
2,2000-2001_Everton_Leeds,0.0
2,2000-2001_Arsenal_Ipswich,0.0
2,2000-2001_Aston Villa_Middlesbrough,0.0
2,2000-2001_Chelsea_Man United,0.0
2,2000-2001_Everton_Leicester,0.5
2,2000-2001_Leeds_Derby,0.33
2,2000-2001_Man City_Tottenham,0.0
2,2000-2001_Southampton_Bradford,0.0
2,2000-2001_Sunderland_Liverpool,0.33
2,2000-2001_Charlton_Newcastle,0.0
2,2000-2001_West Ham_Coventry,0.25
2,2000-2001_Bradford_West Ham,0.0
2,2000-2001_Coventry_Charlton,0.33
2,2000-2001_Derby_Aston Villa,0.0
2,2000-2001_Ipswich_Everton,0.5
2,2000-2001_Leicester_Sunderland,0.5
2,2000-2001_Middlesbrough_Southampton,0.0
2,2000-2001_Newcastle_Man City,0.0
2,2000-2001_Tottenham_Leeds,0.33
2,2000-2001_Man United_Arsenal,0.33
2,2000-2001_Arsenal_West Ham,0.5
2,2000-2001_Coventry_Chelsea,0.5
2,2000-2001_Derby_Tottenham,0.5
2,2000-2001_Everton_Newcastle,0.5
2,2000-2001_Leeds_Man United,0.25
2,2000-2001_Leicester_Liverpool,0.0
2,2000-2001_Man City_Southampton,0.0
2,2000-2001_Middlesbrough_Charlton,0.0
2,2000-2001_Ipswich_Bradford,0.5
2,2000-2001_Sunderland_Aston Villa,0.5
2,2000-2001_West Ham_Chelsea,0.0
2,2000-2001_Aston Villa_Ipswich,0.0
2,2000-2001_Bradford_Man City,0.5
2,2000-2001_Charlton_Leeds,0.33
2,2000-2001_Chelsea_Sunderland,0.5
2,2000-2001_Man United_Leicester,0.33
2,2000-2001_Newcastle_Middlesbrough,0.5
2,2000-2001_Southampton_Everton,0.0
2,2000-2001_Tottenham_Coventry,0.0
2,2000-2001_West Ham_Ipswich,0.0
2,2000-2001_Aston Villa_Arsenal,0.5
2,2000-2001_Liverpool_Derby,0.0
2,2000-2001_Arsenal_Tottenham,0.33
2,2000-2001_Bradford_Newcastle,0.33
2,2000-2001_Chelsea_Middlesbrough,0.0
2,2000-2001_Coventry_Derby,0.5
2,2000-2001_Liverpool_Man United,0.0
2,2000-2001_Man City_Aston Villa,0.33
2,2000-2001_Sunderland_Leeds,0.5
2,2000-2001_West Ham_Everton,0.33
2,2000-2001_Charlton_Leicester,0.5
2,2000-2001_Southampton_Ipswich,0.0
2,2000-2001_Aston Villa_Leicester,0.0
2,2000-2001_Aston Villa_West Ham,0.5
2,2000-2001_Derby_Chelsea,0.0
2,2000-2001_Leeds_Southampton,0.0
2,2000-2001_Leicester_Coventry,0.25
2,2000-2001_Everton_Man City,0.2
2,2000-2001_Middlesbrough_Sunderland,0.5
2,2000-2001_Ipswich_Liverpool,0.0
2,2000-2001_Man United_Charlton,0.33
2,2000-2001_Tottenham_Bradford,0.33
2,2000-2001_Man City_Arsenal,0.0
2,2000-2001_Bradford_Charlton,0.0
2,2000-2001_Liverpool_Leeds,0.5
2,2000-2001_Arsenal_Middlesbrough,0.0
2,2000-2001_Aston Villa_Everton,0.0
2,2000-2001_Chelsea_Southampton,0.5
2,2000-2001_Ipswich_Newcastle,0.0
2,2000-2001_Leicester_Man City,0.5
2,2000-2001_Man United_Coventry,0.33
2,2000-2001_Sunderland_Tottenham,0.5
2,2000-2001_West Ham_Derby,0.5
2,2000-2001_Coventry_Sunderland,0.0
2,2000-2001_Derby_Leicester,0.0
2,2000-2001_Everton_Liverpool,0.33
2,2000-2001_Middlesbrough_Ipswich,0.0
2,2000-2001_Newcastle_West Ham,0.33
2,2000-2001_Charlton_Aston Villa,0.33
2,2000-2001_Tottenham_Chelsea,0.5
2,2000-2001_Arsenal_Everton,0.5
2,2000-2001_Aston Villa_Southampton,0.0
2,2000-2001_Bradford_Derby,0.0
2,2000-2001_Chelsea_Charlton,0.0
2,2000-2001_Ipswich_Coventry,0.0
2,2000-2001_Leicester_Middlesbrough,0.33
2,2000-2001_Man United_Man City,0.0
2,2000-2001_Sunderland_Newcastle,0.5
2,2000-2001_West Ham_Leeds,0.25
2,2000-2001_Liverpool_Tottenham,0.0
2,2000-2001_Coventry_Liverpool,0.5
2,2000-2001_Derby_Arsenal,0.5
2,2000-2001_Everton_Bradford,0.0
2,2000-2001_Leeds_Chelsea,0.5
2,2000-2001_Man City_West Ham,0.2
2,2000-2001_Middlesbrough_Man United,0.0
2,2000-2001_Newcastle_Leicester,0.0
2,2000-2001_Southampton_Sunderland,0.0
2,2000-2001_Tottenham_Aston Villa,0.0
2,2000-2001_Charlton_Ipswich,0.25
2,2000-2001_Bradford_Liverpool,0.0
2,2000-2001_Newcastle_Southampton,0.5
2,2000-2001_Arsenal_Leeds,0.33
2,2000-2001_Aston Villa_Coventry,0.33
2,2000-2001_Bradford_Middlesbrough,0.5
2,2000-2001_Chelsea_Everton,0.0
2,2000-2001_Leicester_Tottenham,0.5
2,2000-2001_Liverpool_Newcastle,0.0
2,2000-2001_Man United_Derby,0.0
2,2000-2001_Sunderland_Charlton,0.33
2,2000-2001_West Ham_Southampton,0.5
2,2000-2001_Ipswich_Man City,0.0
2,2000-2001_Liverpool_Chelsea,0.33
2,2000-2001_Leeds_Bradford,0.25
2,2000-2001_Southampton_Man United,0.0
2,2000-2001_Newcastle_Arsenal,0.0
2,2000-2001_Charlton_Liverpool,0.25
2,2000-2001_Coventry_Bradford,0.0
2,2000-2001_Derby_Ipswich,0.0
2,2000-2001_Everton_Sunderland,0.25
2,2000-2001_Leeds_Leicester,0.25
2,2000-2001_Man City_Chelsea,0.33
2,2000-2001_Middlesbrough_West Ham,0.33
2,2000-2001_Newcastle_Aston Villa,0.5
2,2000-2001_Southampton_Arsenal,0.5
2,2000-2001_Tottenham_Man United,0.5
2,2001-2002_Charlton_Everton,0.0
2,2001-2002_Derby_Blackburn,0.0
2,2001-2002_Leeds_Southampton,0.5
2,2001-2002_Leicester_Bolton,0.33
2,2001-2002_Liverpool_West Ham,0.33
2,2001-2002_Middlesbrough_Arsenal,0.5
2,2001-2002_Sunderland_Ipswich,0.0
2,2001-2002_Tottenham_Aston Villa,0.0
2,2001-2002_Chelsea_Newcastle,0.25
2,2001-2002_Man United_Fulham,0.5
2,2001-2002_Everton_Tottenham,0.5
2,2001-2002_Arsenal_Leeds,0.33
2,2001-2002_Bolton_Middlesbrough,0.0
2,2001-2002_Ipswich_Derby,0.25
2,2001-2002_Blackburn_Man United,0.33
2,2001-2002_Fulham_Sunderland,0.33
2,2001-2002_Arsenal_Leicester,0.5
2,2001-2002_Blackburn_Tottenham,0.0
2,2001-2002_Everton_Middlesbrough,0.0
2,2001-2002_Fulham_Derby,0.0
2,2001-2002_Ipswich_Charlton,0.33
2,2001-2002_Southampton_Chelsea,0.0
2,2001-2002_West Ham_Leeds,0.0
2,2001-2002_Aston Villa_Man United,0.0
2,2001-2002_Newcastle_Sunderland,0.0
2,2001-2002_Bolton_Liverpool,0.5
2,2001-2002_Chelsea_Arsenal,0.5
2,2001-2002_Derby_West Ham,0.5
2,2001-2002_Leeds_Bolton,0.0
2,2001-2002_Leicester_Ipswich,0.5
2,2001-2002_Liverpool_Aston Villa,0.5
2,2001-2002_Man United_Everton,0.5
2,2001-2002_Middlesbrough_Newcastle,0.5
2,2001-2002_Sunderland_Blackburn,0.0
2,2001-2002_Charlton_Fulham,0.5
2,2001-2002_Tottenham_Southampton,0.0
2,2001-2002_Bolton_Southampton,0.0
2,2001-2002_Derby_Leicester,0.2
2,2001-2002_Everton_Liverpool,0.5
2,2001-2002_Fulham_Arsenal,0.33
2,2001-2002_Middlesbrough_West Ham,0.5
2,2001-2002_Newcastle_Man United,0.33
2,2001-2002_Aston Villa_Sunderland,0.0
2,2001-2002_Charlton_Leeds,0.33
2,2001-2002_Ipswich_Blackburn,0.5
2,2001-2002_Tottenham_Chelsea,0.33
2,2001-2002_Leicester_Middlesbrough,0.0
2,2001-2002_Blackburn_Bolton,0.5
2,2001-2002_Sunderland_Tottenham,0.33
2,2001-2002_Arsenal_Bolton,0.33
2,2001-2002_Blackburn_Everton,0.0
2,2001-2002_Leicester_Fulham,0.5
2,2001-2002_Liverpool_Tottenham,0.0
2,2001-2002_Man United_Ipswich,0.0
2,2001-2002_Sunderland_Charlton,0.33
2,2001-2002_Chelsea_Middlesbrough,0.5
2,2001-2002_Leeds_Derby,0.5
2,2001-2002_West Ham_Newcastle,0.5
2,2001-2002_Southampton_Aston Villa,0.5
2,2001-2002_Newcastle_Leicester,0.0
2,2001-2002_Bolton_Sunderland,0.33
2,2001-2002_Charlton_Leicester,0.5
2,2001-2002_Derby_Arsenal,0.5
2,2001-2002_Everton_West Ham,0.33
2,2001-2002_Middlesbrough_Southampton,0.0
2,2001-2002_Tottenham_Man United,0.33
2,2001-2002_Aston Villa_Blackburn,0.0
2,2001-2002_Fulham_Chelsea,0.33
2,2001-2002_Ipswich_Leeds,0.33
2,2001-2002_Newcastle_Liverpool,0.0
2,2001-2002_Bolton_Newcastle,0.2
2,2001-2002_Charlton_Middlesbrough,0.5
2,2001-2002_Chelsea_Leicester,0.0
2,2001-2002_Ipswich_Everton,0.0
2,2001-2002_Liverpool_Leeds,0.0
2,2001-2002_Southampton_Arsenal,0.5
2,2001-2002_Sunderland_Man United,0.5
2,2001-2002_Aston Villa_Fulham,0.0
2,2001-2002_Blackburn_West Ham,0.25
2,2001-2002_Tottenham_Derby,0.25
2,2001-2002_Arsenal_Blackburn,0.5
2,2001-2002_Derby_Charlton,0.0
2,2001-2002_Everton_Aston Villa,0.33
2,2001-2002_Leicester_Liverpool,0.33
2,2001-2002_Man United_Bolton,0.0
2,2001-2002_West Ham_Southampton,0.33
2,2001-2002_Fulham_Ipswich,0.33
2,2001-2002_Leeds_Chelsea,0.33
2,2001-2002_Newcastle_Tottenham,0.0
2,2001-2002_Middlesbrough_Sunderland,0.0
2,2001-2002_Aston Villa_Charlton,0.0
2,2001-2002_Southampton_Ipswich,0.33
2,2001-2002_West Ham_Chelsea,0.0
2,2001-2002_Aston Villa_Bolton,0.5
2,2001-2002_Charlton_Liverpool,0.0
2,2001-2002_Everton_Newcastle,0.33
2,2001-2002_Fulham_Southampton,0.33
2,2001-2002_Man United_Leeds,0.5
2,2001-2002_Sunderland_Arsenal,0.33
2,2001-2002_Tottenham_Middlesbrough,0.0
2,2001-2002_Derby_Chelsea,0.5
2,2001-2002_Ipswich_West Ham,0.25
2,2001-2002_Blackburn_Leicester,0.5
2,2001-2002_Bolton_Everton,0.25
2,2001-2002_Leicester_Sunderland,0.0
2,2001-2002_Middlesbrough_Derby,0.33
2,2001-2002_Newcastle_Aston Villa,0.33
2,2001-2002_Southampton_Blackburn,0.0
2,2001-2002_West Ham_Fulham,0.5
2,2001-2002_Arsenal_Charlton,0.33
2,2001-2002_Chelsea_Ipswich,0.0
2,2001-2002_Leeds_Tottenham,0.5
2,2001-2002_Liverpool_Man United,0.0
2,2001-2002_Aston Villa_Middlesbrough,0.0
2,2001-2002_Blackburn_Liverpool,0.0
2,2001-2002_Derby_Southampton,0.0
2,2001-2002_Fulham_Newcastle,0.33
2,2001-2002_Man United_Leicester,0.0
2,2001-2002_Tottenham_Arsenal,0.0
2,2001-2002_Everton_Chelsea,0.5
2,2001-2002_Ipswich_Bolton,0.0
2,2001-2002_Sunderland_Leeds,0.0
2,2001-2002_Charlton_West Ham,0.25
2,2001-2002_Bolton_Fulham,0.0
2,2001-2002_Chelsea_Blackburn,0.0
2,2001-2002_Leicester_Everton,0.0
2,2001-2002_Newcastle_Derby,0.5
2,2001-2002_Southampton_Charlton,0.33
2,2001-2002_West Ham_Tottenham,0.0
2,2001-2002_Arsenal_Man United,0.5
2,2001-2002_Leeds_Aston Villa,0.33
2,2001-2002_Liverpool_Sunderland,0.5
2,2001-2002_Middlesbrough_Ipswich,0.0
2,2001-2002_Aston Villa_Leicester,0.5
2,2001-2002_Blackburn_Middlesbrough,0.5
2,2001-2002_Charlton_Newcastle,0.0
2,2001-2002_Derby_Liverpool,0.0
2,2001-2002_Ipswich_Arsenal,0.0
2,2001-2002_Man United_Chelsea,0.5
2,2001-2002_Sunderland_West Ham,0.5
2,2001-2002_Everton_Southampton,0.0
2,2001-2002_Fulham_Leeds,0.0
2,2001-2002_Tottenham_Bolton,0.5
2,2001-2002_Chelsea_Charlton,0.33
2,2001-2002_West Ham_Aston Villa,0.5
2,2001-2002_Charlton_Tottenham,0.25
2,2001-2002_Derby_Bolton,0.0
2,2001-2002_Fulham_Everton,0.33
2,2001-2002_Leicester_Southampton,0.0
2,2001-2002_Liverpool_Middlesbrough,0.0
2,2001-2002_Man United_West Ham,0.25
2,2001-2002_Arsenal_Aston Villa,0.5
2,2001-2002_Blackburn_Leeds,0.25
2,2001-2002_Ipswich_Newcastle,0.0
2,2001-2002_Sunderland_Chelsea,0.0
2,2001-2002_Liverpool_Fulham,0.0
2,2001-2002_Man United_Derby,0.33
2,2001-2002_Bolton_Charlton,0.0
2,2001-2002_Everton_Derby,0.0
2,2001-2002_Middlesbrough_Man United,0.0
2,2001-2002_Newcastle_Blackburn,0.5
2,2001-2002_Southampton_Sunderland,0.5
2,2001-2002_Tottenham_Fulham,0.5
2,2001-2002_West Ham_Arsenal,0.25
2,2001-2002_Chelsea_Liverpool,0.33
2,2001-2002_Leeds_Leicester,0.5
2,2001-2002_Aston Villa_Ipswich,0.0
2,2001-2002_Arsenal_Newcastle,0.5
2,2001-2002_Leeds_Everton,0.5
2,2001-2002_Charlton_Blackburn,0.0
2,2001-2002_Derby_Aston Villa,0.0
2,2001-2002_Leeds_Newcastle,0.33
2,2001-2002_Leicester_West Ham,0.5
2,2001-2002_Man United_Southampton,0.25
2,2001-2002_Sunderland_Everton,0.0
2,2001-2002_Tottenham_Ipswich,0.33
2,2001-2002_Chelsea_Bolton,0.5
2,2001-2002_Liverpool_Arsenal,0.5
2,2001-2002_Arsenal_Chelsea,0.5
2,2001-2002_Aston Villa_Liverpool,0.0
2,2001-2002_Blackburn_Sunderland,0.5
2,2001-2002_Bolton_Leeds,0.5
2,2001-2002_Everton_Man United,0.33
2,2001-2002_Fulham_Charlton,0.0
2,2001-2002_Ipswich_Leicester,0.0
2,2001-2002_Newcastle_Middlesbrough,0.0
2,2001-2002_Southampton_Tottenham,0.0
2,2001-2002_West Ham_Derby,0.5
2,2001-2002_Arsenal_Middlesbrough,0.33
2,2001-2002_Aston Villa_Tottenham,0.0
2,2001-2002_Blackburn_Derby,0.33
2,2001-2002_Bolton_Leicester,0.33
2,2001-2002_Everton_Charlton,0.0
2,2001-2002_Ipswich_Sunderland,0.5
2,2001-2002_Newcastle_Chelsea,0.5
2,2001-2002_Southampton_Leeds,0.0
2,2001-2002_West Ham_Liverpool,0.33
2,2001-2002_Fulham_Man United,0.33
2,2001-2002_Charlton_Ipswich,0.5
2,2001-2002_Chelsea_Southampton,0.5
2,2001-2002_Leeds_West Ham,0.5
2,2001-2002_Liverpool_Bolton,0.0
2,2001-2002_Middlesbrough_Everton,0.0
2,2001-2002_Sunderland_Aston Villa,0.0
2,2001-2002_Tottenham_Blackburn,0.33
2,2001-2002_Derby_Fulham,0.0
2,2001-2002_Man United_Newcastle,0.0
2,2001-2002_Southampton_Liverpool,0.0
2,2001-2002_Aston Villa_Derby,0.5
2,2001-2002_Blackburn_Charlton,0.5
2,2001-2002_Bolton_Chelsea,0.0
2,2001-2002_Everton_Sunderland,0.0
2,2001-2002_Fulham_Middlesbrough,0.5
2,2001-2002_Ipswich_Tottenham,0.0
2,2001-2002_Newcastle_Leeds,0.33
2,2001-2002_West Ham_Leicester,0.0
2,2001-2002_Arsenal_Liverpool,0.0
2,2001-2002_Southampton_Man United,0.33
2,2001-2002_Derby_Ipswich,0.5
2,2001-2002_Leicester_Newcastle,0.0
2,2001-2002_Liverpool_Southampton,0.0
2,2001-2002_Man United_Blackburn,0.0
2,2001-2002_Middlesbrough_Bolton,0.0
2,2001-2002_Sunderland_Fulham,0.5
2,2001-2002_Tottenham_Everton,0.33
2,2001-2002_Chelsea_West Ham,0.33
2,2001-2002_Leeds_Arsenal,0.0
2,2001-2002_Charlton_Aston Villa,0.0
2,2001-2002_Man United_Liverpool,0.0
2,2001-2002_Leicester_Arsenal,0.0
2,2001-2002_Bolton_Man United,0.33
2,2001-2002_Charlton_Derby,0.0
2,2001-2002_Sunderland_Middlesbrough,0.5
2,2001-2002_Aston Villa_Everton,0.5
2,2001-2002_Blackburn_Arsenal,0.5
2,2001-2002_Chelsea_Leeds,0.0
2,2001-2002_Ipswich_Fulham,0.0
2,2001-2002_Liverpool_Leicester,0.0
2,2001-2002_Southampton_West Ham,0.5
2,2001-2002_Tottenham_Newcastle,0.0
2,2001-2002_Arsenal_Southampton,0.0
2,2001-2002_Derby_Tottenham,0.0
2,2001-2002_Everton_Ipswich,0.0
2,2001-2002_Fulham_Aston Villa,0.5
2,2001-2002_Leicester_Chelsea,0.5
2,2001-2002_Man United_Sunderland,0.25
2,2001-2002_Newcastle_Bolton,0.25
2,2001-2002_West Ham_Blackburn,0.5
2,2001-2002_Leeds_Liverpool,0.33
2,2001-2002_Middlesbrough_Charlton,0.0
2,2001-2002_Aston Villa_Chelsea,0.0
2,2001-2002_Bolton_West Ham,0.0
2,2001-2002_Derby_Sunderland,0.0
2,2001-2002_Fulham_Blackburn,0.5
2,2001-2002_Ipswich_Liverpool,0.33
2,2001-2002_Middlesbrough_Leeds,0.0
2,2001-2002_Newcastle_Southampton,0.5
2,2001-2002_Tottenham_Leicester,0.33
2,2001-2002_Charlton_Man United,0.0
2,2001-2002_Everton_Arsenal,0.0
2,2001-2002_Middlesbrough_Fulham,0.5
2,2001-2002_Arsenal_Fulham,0.33
2,2001-2002_Leicester_Derby,0.33
2,2001-2002_Liverpool_Everton,0.0
2,2001-2002_Man United_Aston Villa,0.0
2,2001-2002_Southampton_Bolton,0.5
2,2001-2002_West Ham_Middlesbrough,0.33
2,2001-2002_Leeds_Charlton,0.5
2,2001-2002_Sunderland_Newcastle,0.5
2,2001-2002_Aston Villa_West Ham,0.0
2,2001-2002_Bolton_Blackburn,0.0
2,2001-2002_Charlton_Chelsea,0.0
2,2001-2002_Fulham_Liverpool,0.0
2,2001-2002_Ipswich_Southampton,0.0
2,2001-2002_Middlesbrough_Leicester,0.5
2,2001-2002_Newcastle_Arsenal,0.0
2,2001-2002_Tottenham_Sunderland,0.0
2,2001-2002_Derby_Man United,0.33
2,2001-2002_Everton_Leeds,0.5
2,2001-2002_Arsenal_Derby,0.0
2,2001-2002_Blackburn_Aston Villa,0.5
2,2001-2002_Sunderland_Bolton,0.0
2,2001-2002_Chelsea_Fulham,0.5
2,2001-2002_Leeds_Ipswich,0.0
2,2001-2002_Liverpool_Newcastle,0.33
2,2001-2002_Man United_Tottenham,0.25
2,2001-2002_Southampton_Middlesbrough,0.0
2,2001-2002_West Ham_Everton,0.0
2,2001-2002_Leicester_Charlton,0.5
2,2001-2002_Blackburn_Ipswich,0.5
2,2001-2002_Chelsea_Tottenham,0.33
2,2001-2002_Bolton_Derby,0.0
2,2001-2002_Chelsea_Sunderland,0.5
2,2001-2002_Everton_Fulham,0.33
2,2001-2002_Middlesbrough_Liverpool,0.0
2,2001-2002_Newcastle_Ipswich,0.25
2,2001-2002_Southampton_Leicester,0.0
2,2001-2002_West Ham_Man United,0.5
2,2001-2002_Aston Villa_Arsenal,0.0
2,2001-2002_Leeds_Blackburn,0.5
2,2001-2002_Tottenham_Charlton,0.0
2,2001-2002_Charlton_Bolton,0.5
2,2001-2002_Derby_Everton,0.5
2,2001-2002_Ipswich_Aston Villa,0.0
2,2001-2002_Leicester_Leeds,0.5
2,2001-2002_Man United_Middlesbrough,0.5
2,2001-2002_Sunderland_Southampton,0.5
2,2001-2002_Fulham_Tottenham,0.0
2,2001-2002_Liverpool_Chelsea,0.0
2,2001-2002_Newcastle_Everton,0.5
2,2001-2002_Arsenal_Sunderland,0.0
2,2001-2002_Bolton_Aston Villa,0.5
2,2001-2002_Chelsea_Derby,0.33
2,2001-2002_Leeds_Man United,0.5
2,2001-2002_Leicester_Blackburn,0.0
2,2001-2002_Liverpool_Charlton,0.0
2,2001-2002_Middlesbrough_Tottenham,0.0
2,2001-2002_Southampton_Fulham,0.0
2,2001-2002_West Ham_Ipswich,0.33
2,2001-2002_Blackburn_Southampton,0.0
2,2001-2002_Charlton_Arsenal,0.0
2,2001-2002_Derby_Middlesbrough,0.0
2,2001-2002_Everton_Bolton,0.5
2,2001-2002_Fulham_West Ham,0.0
2,2001-2002_Ipswich_Chelsea,0.0
2,2001-2002_Sunderland_Leicester,0.5
2,2001-2002_Tottenham_Leeds,0.0
2,2001-2002_Aston Villa_Newcastle,0.0
2,2001-2002_Arsenal_Tottenham,0.5
2,2001-2002_Bolton_Ipswich,0.0
2,2001-2002_Chelsea_Everton,0.33
2,2001-2002_Leicester_Man United,0.33
2,2001-2002_Middlesbrough_Aston Villa,0.0
2,2001-2002_Southampton_Derby,0.0
2,2001-2002_West Ham_Charlton,0.33
2,2001-2002_Leeds_Sunderland,0.0
2,2001-2002_Newcastle_Fulham,0.0
2,2001-2002_Blackburn_Chelsea,0.0
2,2001-2002_Aston Villa_Leeds,0.0
2,2001-2002_Charlton_Southampton,0.0
2,2001-2002_Derby_Newcastle,0.5
2,2001-2002_Everton_Leicester,0.33
2,2001-2002_Sunderland_Liverpool,0.0
2,2001-2002_Tottenham_West Ham,0.0
2,2001-2002_Bolton_Tottenham,0.5
2,2001-2002_Chelsea_Man United,0.5
2,2001-2002_Leeds_Fulham,0.0
2,2001-2002_Leicester_Aston Villa,0.5
2,2001-2002_Liverpool_Derby,0.0
2,2001-2002_Middlesbrough_Blackburn,0.33
2,2001-2002_Newcastle_Charlton,0.0
2,2001-2002_Southampton_Everton,0.0
2,2001-2002_West Ham_Sunderland,0.33
2,2001-2002_Arsenal_Ipswich,0.25
2,2001-2002_Blackburn_Newcastle,0.33
2,2001-2002_Fulham_Bolton,0.0
2,2001-2002_Arsenal_West Ham,0.5
2,2001-2002_Ipswich_Middlesbrough,0.0
2,2001-2002_Aston Villa_Southampton,0.0
2,2001-2002_Charlton_Sunderland,0.5
2,2001-2002_Derby_Leeds,0.0
2,2001-2002_Fulham_Leicester,0.5
2,2001-2002_Ipswich_Man United,0.0
2,2001-2002_Middlesbrough_Chelsea,0.0
2,2001-2002_Newcastle_West Ham,0.5
2,2001-2002_Tottenham_Liverpool,0.0
2,2001-2002_Everton_Blackburn,0.5
2,2001-2002_Bolton_Arsenal,0.0
2,2001-2002_Liverpool_Blackburn,0.2
2,2001-2002_Man United_Arsenal,0.5
2,2001-2002_Arsenal_Everton,0.33
2,2001-2002_Blackburn_Fulham,0.5
2,2001-2002_Chelsea_Aston Villa,0.33
2,2001-2002_Leeds_Middlesbrough,0.33
2,2001-2002_Leicester_Tottenham,0.33
2,2001-2002_Liverpool_Ipswich,0.5
2,2001-2002_Man United_Charlton,0.0
2,2001-2002_Southampton_Newcastle,0.0
2,2001-2002_Sunderland_Derby,0.0
2,2001-2002_West Ham_Bolton,0.5
2,2002-2003_Blackburn_Sunderland,0.5
2,2002-2003_Charlton_Chelsea,0.5
2,2002-2003_Everton_Tottenham,0.33
2,2002-2003_Fulham_Bolton,0.5
2,2002-2003_Leeds_Man City,0.33
2,2002-2003_Man United_West Brom,0.5
2,2002-2003_Southampton_Middlesbrough,0.0
2,2002-2003_Arsenal_Birmingham,0.0
2,2002-2003_Aston Villa_Liverpool,0.5
2,2002-2003_Newcastle_West Ham,0.5
2,2002-2003_Chelsea_Man United,0.5
2,2002-2003_Birmingham_Blackburn,0.0
2,2002-2003_Bolton_Charlton,0.0
2,2002-2003_Liverpool_Southampton,0.0
2,2002-2003_Man City_Newcastle,0.33
2,2002-2003_Middlesbrough_Fulham,0.25
2,2002-2003_Sunderland_Everton,0.33
2,2002-2003_Tottenham_Aston Villa,0.0
2,2002-2003_West Brom_Leeds,0.0
2,2002-2003_West Ham_Arsenal,0.5
2,2002-2003_Arsenal_West Brom,0.5
2,2002-2003_Charlton_Tottenham,0.0
2,2002-2003_Aston Villa_Man City,0.5
2,2002-2003_Blackburn_Liverpool,0.5
2,2002-2003_Everton_Birmingham,0.0
2,2002-2003_Leeds_Sunderland,0.0
2,2002-2003_Southampton_Chelsea,0.0
2,2002-2003_Birmingham_Leeds,0.5
2,2002-2003_Man City_Everton,0.0
2,2002-2003_Middlesbrough_Blackburn,0.5
2,2002-2003_Sunderland_Man United,0.5
2,2002-2003_Tottenham_Southampton,0.25
2,2002-2003_West Brom_Fulham,0.5
2,2002-2003_West Ham_Charlton,0.0
2,2002-2003_Bolton_Aston Villa,0.0
2,2002-2003_Chelsea_Arsenal,0.33
2,2002-2003_Liverpool_Newcastle,0.5
2,2002-2003_Man United_Middlesbrough,0.0
2,2002-2003_Arsenal_Man City,0.5
2,2002-2003_Middlesbrough_Sunderland,0.33
2,2002-2003_Aston Villa_Charlton,0.0
2,2002-2003_Blackburn_Chelsea,0.33
2,2002-2003_Fulham_Tottenham,0.33
2,2002-2003_Liverpool_Birmingham,0.0
2,2002-2003_Man United_Bolton,0.5
2,2002-2003_Newcastle_Leeds,0.5
2,2002-2003_Southampton_Everton,0.25
2,2002-2003_West Ham_West Brom,0.0
2,2002-2003_Bolton_Liverpool,0.5
2,2002-2003_Charlton_Arsenal,0.5
2,2002-2003_Chelsea_Newcastle,0.5
2,2002-2003_Everton_Middlesbrough,0.5
2,2002-2003_Leeds_Man United,0.0
2,2002-2003_Sunderland_Fulham,0.0
2,2002-2003_West Brom_Southampton,0.5
2,2002-2003_Man City_Blackburn,0.2
2,2002-2003_Tottenham_West Ham,0.33
2,2002-2003_Birmingham_Aston Villa,0.5
2,2002-2003_Arsenal_Bolton,0.5
2,2002-2003_Liverpool_West Brom,0.33
2,2002-2003_Man United_Tottenham,0.33
2,2002-2003_Middlesbrough_Birmingham,0.5
2,2002-2003_Newcastle_Sunderland,0.5
2,2002-2003_Southampton_Charlton,0.0
2,2002-2003_West Ham_Man City,0.0
2,2002-2003_Aston Villa_Everton,0.5
2,2002-2003_Blackburn_Leeds,0.0
2,2002-2003_Fulham_Chelsea,0.0
2,2002-2003_Birmingham_Newcastle,0.5
2,2002-2003_Bolton_Southampton,0.25
2,2002-2003_Charlton_Man United,0.5
2,2002-2003_Chelsea_West Ham,0.33
2,2002-2003_Everton_Fulham,0.5
2,2002-2003_Leeds_Arsenal,0.33
2,2002-2003_Man City_Liverpool,0.33
2,2002-2003_Sunderland_Aston Villa,0.33
2,2002-2003_Tottenham_Middlesbrough,0.33
2,2002-2003_West Brom_Blackburn,0.0
2,2002-2003_Middlesbrough_Bolton,0.0
2,2002-2003_Newcastle_West Brom,0.5
2,2002-2003_Southampton_Man City,0.33
2,2002-2003_West Ham_Birmingham,0.0
2,2002-2003_Arsenal_Sunderland,0.0
2,2002-2003_Aston Villa_Leeds,0.33
2,2002-2003_Blackburn_Tottenham,0.0
2,2002-2003_Fulham_Charlton,0.5
2,2002-2003_Liverpool_Chelsea,0.0
2,2002-2003_Man United_Everton,0.0
2,2002-2003_Blackburn_Newcastle,0.33
2,2002-2003_Everton_Arsenal,0.0
2,2002-2003_Fulham_Man United,0.0
2,2002-2003_Leeds_Liverpool,0.5
2,2002-2003_Man City_Chelsea,0.0
2,2002-2003_Sunderland_West Ham,0.0
2,2002-2003_West Brom_Birmingham,0.25
2,2002-2003_Charlton_Middlesbrough,0.0
2,2002-2003_Tottenham_Bolton,0.0
2,2002-2003_Aston Villa_Southampton,0.33
2,2002-2003_Fulham_West Ham,0.5
2,2002-2003_Arsenal_Blackburn,0.25
2,2002-2003_Birmingham_Man City,0.0
2,2002-2003_Chelsea_West Brom,0.0
2,2002-2003_Liverpool_Tottenham,0.33
2,2002-2003_Man United_Aston Villa,0.33
2,2002-2003_Middlesbrough_Leeds,0.33
2,2002-2003_Newcastle_Charlton,0.5
2,2002-2003_Southampton_Fulham,0.5
2,2002-2003_West Ham_Everton,0.0
2,2002-2003_Bolton_Sunderland,0.5
2,2002-2003_Birmingham_Bolton,0.33
2,2002-2003_Liverpool_West Ham,0.0
2,2002-2003_Man United_Southampton,0.33
2,2002-2003_West Brom_Man City,0.0
2,2002-2003_Blackburn_Aston Villa,0.5
2,2002-2003_Charlton_Sunderland,0.5
2,2002-2003_Fulham_Arsenal,0.0
2,2002-2003_Leeds_Everton,0.25
2,2002-2003_Tottenham_Chelsea,0.5
2,2002-2003_Newcastle_Middlesbrough,0.33
2,2002-2003_Arsenal_Newcastle,0.0
2,2002-2003_Aston Villa_Fulham,0.5
2,2002-2003_Bolton_West Brom,0.5
2,2002-2003_Chelsea_Birmingham,0.0
2,2002-2003_Everton_Charlton,0.0
2,2002-2003_Man City_Man United,0.5
2,2002-2003_Middlesbrough_Liverpool,0.0
2,2002-2003_Southampton_Blackburn,0.5
2,2002-2003_Sunderland_Tottenham,0.0
2,2002-2003_West Ham_Leeds,0.25
2,2002-2003_Arsenal_Tottenham,0.0
2,2002-2003_Chelsea_Middlesbrough,0.0
2,2002-2003_Man City_Charlton,0.5
2,2002-2003_Newcastle_Southampton,0.5
2,2002-2003_West Brom_Aston Villa,0.0
2,2002-2003_Birmingham_Fulham,0.5
2,2002-2003_Blackburn_Everton,0.5
2,2002-2003_Leeds_Bolton,0.33
2,2002-2003_Liverpool_Sunderland,0.33
2,2002-2003_West Ham_Man United,0.0
2,2002-2003_Aston Villa_West Ham,0.33
2,2002-2003_Bolton_Chelsea,0.2
2,2002-2003_Everton_West Brom,0.5
2,2002-2003_Fulham_Liverpool,0.5
2,2002-2003_Man United_Newcastle,0.5
2,2002-2003_Middlesbrough_Man City,0.33
2,2002-2003_Southampton_Arsenal,0.5
2,2002-2003_Sunderland_Birmingham,0.5
2,2002-2003_Charlton_Blackburn,0.5
2,2002-2003_Tottenham_Leeds,0.5
2,2002-2003_Arsenal_Aston Villa,0.25
2,2002-2003_Birmingham_Tottenham,0.0
2,2002-2003_Blackburn_Fulham,0.0
2,2002-2003_Chelsea_Sunderland,0.0
2,2002-2003_Man City_Bolton,0.0
2,2002-2003_West Brom_Middlesbrough,0.33
2,2002-2003_Leeds_Charlton,0.33
2,2002-2003_Liverpool_Man United,0.5
2,2002-2003_Newcastle_Everton,0.5
2,2002-2003_West Ham_Southampton,0.0
2,2002-2003_Aston Villa_Newcastle,0.0
2,2002-2003_Bolton_Blackburn,0.5
2,2002-2003_Charlton_Liverpool,0.33
2,2002-2003_Everton_Chelsea,0.25
2,2002-2003_Fulham_Leeds,0.5
2,2002-2003_Man United_Arsenal,0.0
2,2002-2003_Middlesbrough_West Ham,0.33
2,2002-2003_Southampton_Birmingham,0.0
2,2002-2003_Tottenham_West Brom,0.5
2,2002-2003_Sunderland_Man City,0.0
2,2002-2003_Aston Villa_West Brom,0.25
2,2002-2003_Charlton_Man City,0.5
2,2002-2003_Everton_Blackburn,0.33
2,2002-2003_Man United_West Ham,0.0
2,2002-2003_Middlesbrough_Chelsea,0.5
2,2002-2003_Southampton_Newcastle,0.33
2,2002-2003_Fulham_Birmingham,0.33
2,2002-2003_Sunderland_Liverpool,0.33
2,2002-2003_Tottenham_Arsenal,0.0
2,2002-2003_Bolton_Leeds,0.0
2,2002-2003_Arsenal_Middlesbrough,0.25
2,2002-2003_Birmingham_Charlton,0.33
2,2002-2003_Chelsea_Aston Villa,0.0
2,2002-2003_Leeds_Southampton,0.33
2,2002-2003_Newcastle_Fulham,0.5
2,2002-2003_West Brom_Sunderland,0.5
2,2002-2003_West Ham_Bolton,0.0
2,2002-2003_Blackburn_Man United,0.33
2,2002-2003_Liverpool_Everton,0.5
2,2002-2003_Man City_Tottenham,0.2
2,2002-2003_Birmingham_Everton,0.0
2,2002-2003_Bolton_Newcastle,0.25
2,2002-2003_Chelsea_Southampton,0.0
2,2002-2003_Liverpool_Blackburn,0.0
2,2002-2003_Man City_Aston Villa,0.25
2,2002-2003_Middlesbrough_Man United,0.33
2,2002-2003_Sunderland_Leeds,0.33
2,2002-2003_Tottenham_Charlton,0.33
2,2002-2003_West Brom_Arsenal,0.0
2,2002-2003_West Ham_Fulham,0.5
2,2002-2003_Aston Villa_Middlesbrough,0.5
2,2002-2003_Blackburn_West Ham,0.5
2,2002-2003_Charlton_West Brom,0.5
2,2002-2003_Everton_Bolton,0.0
2,2002-2003_Fulham_Man City,0.25
2,2002-2003_Leeds_Chelsea,0.0
2,2002-2003_Man United_Birmingham,0.33
2,2002-2003_Southampton_Sunderland,0.5
2,2002-2003_Arsenal_Liverpool,0.5
2,2002-2003_Newcastle_Tottenham,0.0
2,2002-2003_Arsenal_Chelsea,0.0
2,2002-2003_Aston Villa_Bolton,0.33
2,2002-2003_Blackburn_Middlesbrough,0.0
2,2002-2003_Everton_Man City,0.0
2,2002-2003_Leeds_Birmingham,0.0
2,2002-2003_Man United_Sunderland,0.5
2,2002-2003_Newcastle_Liverpool,0.5
2,2002-2003_Southampton_Tottenham,0.0
2,2002-2003_Bolton_Fulham,0.5
2,2002-2003_Chelsea_Charlton,0.25
2,2002-2003_Liverpool_Aston Villa,0.0
2,2002-2003_Man City_Leeds,0.0
2,2002-2003_Middlesbrough_Southampton,0.33
2,2002-2003_Sunderland_Blackburn,0.5
2,2002-2003_West Brom_Man United,0.0
2,2002-2003_West Ham_Newcastle,0.5
2,2002-2003_Birmingham_Arsenal,0.5
2,2002-2003_Tottenham_Everton,0.2
2,2002-2003_Aston Villa_Tottenham,0.5
2,2002-2003_Blackburn_Birmingham,0.25
2,2002-2003_Charlton_Bolton,0.0
2,2002-2003_Everton_Sunderland,0.33
2,2002-2003_Leeds_West Brom,0.0
2,2002-2003_Man United_Chelsea,0.0
2,2002-2003_Newcastle_Man City,0.0
2,2002-2003_Southampton_Liverpool,0.0
2,2002-2003_Arsenal_West Ham,0.25
2,2002-2003_Fulham_Middlesbrough,0.5
2,2002-2003_Charlton_West Ham,0.5
2,2002-2003_Newcastle_Bolton,0.5
2,2002-2003_Bolton_Everton,0.0
2,2002-2003_Chelsea_Leeds,0.5
2,2002-2003_Middlesbrough_Aston Villa,0.5
2,2002-2003_Sunderland_Southampton,0.0
2,2002-2003_Liverpool_Arsenal,0.33
2,2002-2003_Man City_Fulham,0.5
2,2002-2003_Tottenham_Newcastle,0.0
2,2002-2003_West Brom_Charlton,0.0
2,2002-2003_West Ham_Blackburn,0.0
2,2002-2003_Arsenal_Fulham,0.0
2,2002-2003_Bolton_Birmingham,0.5
2,2002-2003_Chelsea_Tottenham,0.33
2,2002-2003_Everton_Leeds,0.0
2,2002-2003_Man City_West Brom,0.5
2,2002-2003_Southampton_Man United,0.0
2,2002-2003_Sunderland_Charlton,0.5
2,2002-2003_Aston Villa_Blackburn,0.5
2,2002-2003_West Ham_Liverpool,0.0
2,2002-2003_Birmingham_Man United,0.0
2,2002-2003_Birmingham_Chelsea,0.5
2,2002-2003_Blackburn_Southampton,0.33
2,2002-2003_Charlton_Everton,0.33
2,2002-2003_Fulham_Aston Villa,0.0
2,2002-2003_Leeds_West Ham,0.33
2,2002-2003_Liverpool_Middlesbrough,0.33
2,2002-2003_Tottenham_Sunderland,0.25
2,2002-2003_West Brom_Bolton,0.5
2,2002-2003_Man United_Man City,0.33
2,2002-2003_Newcastle_Arsenal,0.33
2,2002-2003_Fulham_West Brom,0.0
2,2002-2003_Bolton_Man United,0.0
2,2002-2003_Charlton_Aston Villa,0.5
2,2002-2003_Chelsea_Blackburn,0.5
2,2002-2003_Everton_Southampton,0.25
2,2002-2003_Leeds_Newcastle,0.0
2,2002-2003_Man City_Arsenal,0.25
2,2002-2003_Sunderland_Middlesbrough,0.0
2,2002-2003_Birmingham_Liverpool,0.0
2,2002-2003_West Brom_West Ham,0.0
2,2002-2003_Tottenham_Fulham,0.5
2,2002-2003_Blackburn_Man City,0.0
2,2002-2003_Fulham_Sunderland,0.5
2,2002-2003_Middlesbrough_Everton,0.0
2,2002-2003_Newcastle_Chelsea,0.0
2,2002-2003_Southampton_West Brom,0.5
2,2002-2003_West Ham_Tottenham,0.0
2,2002-2003_Arsenal_Charlton,0.33
2,2002-2003_Aston Villa_Birmingham,0.5
2,2002-2003_Man United_Leeds,0.0
2,2002-2003_Middlesbrough_Newcastle,0.0
2,2002-2003_Liverpool_Bolton,0.5
2,2002-2003_Aston Villa_Man United,0.5
2,2002-2003_Blackburn_Arsenal,0.5
2,2002-2003_Charlton_Newcastle,0.0
2,2002-2003_Everton_West Ham,0.0
2,2002-2003_Fulham_Southampton,0.0
2,2002-2003_Leeds_Middlesbrough,0.5
2,2002-2003_Sunderland_Bolton,0.33
2,2002-2003_Man City_Birmingham,0.0
2,2002-2003_Tottenham_Liverpool,0.33
2,2002-2003_West Brom_Chelsea,0.0
2,2002-2003_Birmingham_West Brom,0.0
2,2002-2003_Chelsea_Man City,0.25
2,2002-2003_Man United_Fulham,0.5
2,2002-2003_Middlesbrough_Charlton,0.0
2,2002-2003_Newcastle_Blackburn,0.33
2,2002-2003_Southampton_Aston Villa,0.5
2,2002-2003_West Ham_Sunderland,0.0
2,2002-2003_Arsenal_Everton,0.0
2,2002-2003_Liverpool_Leeds,0.33
2,2002-2003_Bolton_Tottenham,0.0
2,2002-2003_Aston Villa_Arsenal,0.0
2,2002-2003_Bolton_Man City,0.0
2,2002-2003_Charlton_Leeds,0.33
2,2002-2003_Man United_Liverpool,0.33
2,2002-2003_Middlesbrough_West Brom,0.33
2,2002-2003_Southampton_West Ham,0.5
2,2002-2003_Sunderland_Chelsea,0.0
2,2002-2003_Tottenham_Birmingham,0.33
2,2002-2003_Everton_Newcastle,0.5
2,2002-2003_Fulham_Blackburn,0.0
2,2002-2003_Birmingham_Sunderland,0.0
2,2002-2003_Blackburn_Charlton,0.33
2,2002-2003_Chelsea_Bolton,0.5
2,2002-2003_Leeds_Tottenham,0.0
2,2002-2003_Liverpool_Fulham,0.5
2,2002-2003_Man City_Middlesbrough,0.0
2,2002-2003_Newcastle_Man United,0.25
2,2002-2003_West Brom_Everton,0.0
2,2002-2003_West Ham_Aston Villa,0.33
2,2002-2003_Arsenal_Man United,0.5
2,2002-2003_Tottenham_Man City,0.5
2,2002-2003_Aston Villa_Chelsea,0.33
2,2002-2003_Bolton_West Ham,0.25
2,2002-2003_Charlton_Birmingham,0.0
2,2002-2003_Everton_Liverpool,0.5
2,2002-2003_Fulham_Newcastle,0.5
2,2002-2003_Man United_Blackburn,0.5
2,2002-2003_Middlesbrough_Arsenal,0.0
2,2002-2003_Southampton_Leeds,0.25
2,2002-2003_Sunderland_West Brom,0.33
2,2002-2003_Birmingham_Southampton,0.5
2,2002-2003_Blackburn_Bolton,0.0
2,2002-2003_Chelsea_Everton,0.0
2,2002-2003_Liverpool_Charlton,0.33
2,2002-2003_Man City_Sunderland,0.0
2,2002-2003_Newcastle_Aston Villa,0.5
2,2002-2003_West Brom_Tottenham,0.5
2,2002-2003_West Ham_Middlesbrough,0.0
2,2002-2003_Leeds_Fulham,0.5
2,2002-2003_Birmingham_Middlesbrough,0.0
2,2002-2003_Bolton_Arsenal,0.2
2,2002-2003_Charlton_Southampton,0.25
2,2002-2003_Chelsea_Fulham,0.0
2,2002-2003_Everton_Aston Villa,0.33
2,2002-2003_Leeds_Blackburn,0.25
2,2002-2003_Sunderland_Newcastle,0.25
2,2002-2003_West Brom_Liverpool,0.33
2,2002-2003_Man City_West Ham,0.25
2,2002-2003_Tottenham_Man United,0.5
2,2002-2003_Aston Villa_Sunderland,0.33
2,2002-2003_Blackburn_West Brom,0.5
2,2002-2003_Fulham_Everton,0.33
2,2002-2003_Liverpool_Man City,0.0
2,2002-2003_Man United_Charlton,0.25
2,2002-2003_Middlesbrough_Tottenham,0.33
2,2002-2003_Newcastle_Birmingham,0.0
2,2002-2003_Southampton_Bolton,0.0
2,2002-2003_West Ham_Chelsea,0.5
2,2002-2003_Arsenal_Leeds,0.33
2,2002-2003_Arsenal_Southampton,0.2
2,2002-2003_Birmingham_West Ham,0.33
2,2002-2003_Bolton_Middlesbrough,0.33
2,2002-2003_Charlton_Fulham,0.5
2,2002-2003_Chelsea_Liverpool,0.5
2,2002-2003_Everton_Man United,0.5
2,2002-2003_Leeds_Aston Villa,0.5
2,2002-2003_Man City_Southampton,0.33
2,2002-2003_Sunderland_Arsenal,0.25
2,2002-2003_Tottenham_Blackburn,0.5
2,2002-2003_West Brom_Newcastle,0.0
2,2003-2004_Arsenal_Everton,0.25
2,2003-2004_Birmingham_Tottenham,0.5
2,2003-2004_Blackburn_Wolves,0.25
2,2003-2004_Fulham_Middlesbrough,0.33
2,2003-2004_Leicester_Southampton,0.5
2,2003-2004_Man United_Bolton,0.33
2,2003-2004_Portsmouth_Aston Villa,0.5
2,2003-2004_Charlton_Man City,0.5
2,2003-2004_Leeds_Newcastle,0.25
2,2003-2004_Liverpool_Chelsea,0.0
2,2003-2004_Bolton_Blackburn,0.33
2,2003-2004_Chelsea_Leicester,0.5
2,2003-2004_Everton_Fulham,0.25
2,2003-2004_Man City_Portsmouth,0.5
2,2003-2004_Newcastle_Man United,0.0
2,2003-2004_Southampton_Birmingham,0.5
2,2003-2004_Tottenham_Leeds,0.5
2,2003-2004_Wolves_Charlton,0.5
2,2003-2004_Aston Villa_Liverpool,0.25
2,2003-2004_Middlesbrough_Arsenal,0.5
2,2003-2004_Blackburn_Man City,0.5
2,2003-2004_Charlton_Everton,0.33
2,2003-2004_Leeds_Southampton,0.33
2,2003-2004_Leicester_Middlesbrough,0.5
2,2003-2004_Portsmouth_Bolton,0.33
2,2003-2004_Arsenal_Aston Villa,0.5
2,2003-2004_Liverpool_Tottenham,0.33
2,2003-2004_Man United_Wolves,0.5
2,2003-2004_Aston Villa_Leicester,0.5
2,2003-2004_Bolton_Charlton,0.5
2,2003-2004_Chelsea_Blackburn,0.5
2,2003-2004_Everton_Liverpool,0.25
2,2003-2004_Middlesbrough_Leeds,0.33
2,2003-2004_Newcastle_Birmingham,0.5
2,2003-2004_Tottenham_Fulham,0.33
2,2003-2004_Wolves_Portsmouth,0.5
2,2003-2004_Man City_Arsenal,0.5
2,2003-2004_Southampton_Man United,0.0
2,2003-2004_Arsenal_Portsmouth,0.0
2,2003-2004_Blackburn_Liverpool,0.25
2,2003-2004_Bolton_Middlesbrough,0.5
2,2003-2004_Charlton_Man United,0.5
2,2003-2004_Chelsea_Tottenham,0.33
2,2003-2004_Everton_Newcastle,0.33
2,2003-2004_Southampton_Wolves,0.5
2,2003-2004_Birmingham_Fulham,0.5
2,2003-2004_Man City_Aston Villa,0.5
2,2003-2004_Leicester_Leeds,0.33
2,2003-2004_Aston Villa_Charlton,0.5
2,2003-2004_Fulham_Man City,0.5
2,2003-2004_Leeds_Birmingham,0.5
2,2003-2004_Liverpool_Leicester,0.5
2,2003-2004_Newcastle_Bolton,0.0
2,2003-2004_Portsmouth_Blackburn,0.5
2,2003-2004_Tottenham_Southampton,0.5
2,2003-2004_Wolves_Chelsea,0.5
2,2003-2004_Man United_Arsenal,0.5
2,2003-2004_Middlesbrough_Everton,0.0
2,2003-2004_Arsenal_Newcastle,0.0
2,2003-2004_Birmingham_Portsmouth,0.0
2,2003-2004_Bolton_Wolves,0.33
2,2003-2004_Chelsea_Aston Villa,0.0
2,2003-2004_Leicester_Man United,0.5
2,2003-2004_Southampton_Middlesbrough,0.5
2,2003-2004_Blackburn_Fulham,0.5
2,2003-2004_Charlton_Liverpool,0.33
2,2003-2004_Everton_Leeds,0.25
2,2003-2004_Man City_Tottenham,0.5
2,2003-2004_Fulham_Leicester,0.5
2,2003-2004_Leeds_Blackburn,0.5
2,2003-2004_Liverpool_Arsenal,0.5
2,2003-2004_Man United_Birmingham,0.5
2,2003-2004_Newcastle_Southampton,0.0
2,2003-2004_Portsmouth_Charlton,0.25
2,2003-2004_Tottenham_Everton,0.5
2,2003-2004_Wolves_Man City,0.0
2,2003-2004_Aston Villa_Bolton,0.33
2,2003-2004_Middlesbrough_Chelsea,0.0
2,2003-2004_Birmingham_Chelsea,0.33
2,2003-2004_Arsenal_Chelsea,0.0
2,2003-2004_Fulham_Wolves,0.5
2,2003-2004_Leeds_Man United,0.0
2,2003-2004_Man City_Bolton,0.33
2,2003-2004_Middlesbrough_Newcastle,0.5
2,2003-2004_Portsmouth_Liverpool,0.0
2,2003-2004_Birmingham_Aston Villa,0.0
2,2003-2004_Everton_Southampton,0.5
2,2003-2004_Leicester_Tottenham,0.33
2,2003-2004_Blackburn_Charlton,0.5
2,2003-2004_Fulham_Newcastle,0.5
2,2003-2004_Aston Villa_Everton,0.0
2,2003-2004_Bolton_Birmingham,0.5
2,2003-2004_Chelsea_Man City,0.0
2,2003-2004_Liverpool_Leeds,0.33
2,2003-2004_Man United_Fulham,0.25
2,2003-2004_Newcastle_Portsmouth,0.0
2,2003-2004_Southampton_Blackburn,0.0
2,2003-2004_Wolves_Leicester,0.33
2,2003-2004_Charlton_Arsenal,0.0
2,2003-2004_Tottenham_Middlesbrough,0.5
2,2003-2004_Everton_Chelsea,0.0
2,2003-2004_Leeds_Arsenal,0.5
2,2003-2004_Man United_Portsmouth,0.5
2,2003-2004_Middlesbrough_Wolves,0.0
2,2003-2004_Newcastle_Aston Villa,0.25
2,2003-2004_Southampton_Man City,0.0
2,2003-2004_Tottenham_Bolton,0.5
2,2003-2004_Fulham_Liverpool,0.0
2,2003-2004_Leicester_Blackburn,0.0
2,2003-2004_Birmingham_Charlton,0.25
2,2003-2004_Arsenal_Tottenham,0.5
2,2003-2004_Aston Villa_Middlesbrough,0.0
2,2003-2004_Bolton_Southampton,0.5
2,2003-2004_Charlton_Fulham,0.5
2,2003-2004_Portsmouth_Leeds,0.5
2,2003-2004_Wolves_Birmingham,0.0
2,2003-2004_Chelsea_Newcastle,0.0
2,2003-2004_Liverpool_Man United,0.0
2,2003-2004_Man City_Leicester,0.0
2,2003-2004_Blackburn_Everton,0.33
2,2003-2004_Birmingham_Arsenal,0.0
2,2003-2004_Everton_Wolves,0.5
2,2003-2004_Leeds_Bolton,0.0
2,2003-2004_Leicester_Charlton,0.0
2,2003-2004_Man United_Blackburn,0.5
2,2003-2004_Middlesbrough_Liverpool,0.5
2,2003-2004_Newcastle_Man City,0.5
2,2003-2004_Southampton_Chelsea,0.0
2,2003-2004_Tottenham_Aston Villa,0.0
2,2003-2004_Fulham_Portsmouth,0.0
2,2003-2004_Aston Villa_Southampton,0.33
2,2003-2004_Blackburn_Tottenham,0.25
2,2003-2004_Bolton_Everton,0.0
2,2003-2004_Charlton_Leeds,0.5
2,2003-2004_Portsmouth_Leicester,0.5
2,2003-2004_Wolves_Newcastle,0.0
2,2003-2004_Arsenal_Fulham,0.0
2,2003-2004_Chelsea_Man United,0.0
2,2003-2004_Liverpool_Birmingham,0.0
2,2003-2004_Man City_Middlesbrough,0.5
2,2003-2004_Birmingham_Blackburn,0.5
2,2003-2004_Fulham_Bolton,0.0
2,2003-2004_Leeds_Chelsea,0.0
2,2003-2004_Leicester_Arsenal,0.0
2,2003-2004_Man United_Aston Villa,0.0
2,2003-2004_Middlesbrough_Portsmouth,0.5
2,2003-2004_Newcastle_Liverpool,0.0
2,2003-2004_Tottenham_Wolves,0.33
2,2003-2004_Everton_Man City,0.0
2,2003-2004_Southampton_Charlton,0.33
2,2003-2004_Chelsea_Bolton,0.0
2,2003-2004_Leicester_Birmingham,0.33
2,2003-2004_Liverpool_Southampton,0.33
2,2003-2004_Man United_Man City,0.0
2,2003-2004_Middlesbrough_Charlton,0.0
2,2003-2004_Newcastle_Tottenham,0.33
2,2003-2004_Portsmouth_Everton,0.33
2,2003-2004_Arsenal_Blackburn,0.5
2,2003-2004_Aston Villa_Wolves,0.33
2,2003-2004_Leeds_Fulham,0.5
2,2003-2004_Blackburn_Aston Villa,0.0
2,2003-2004_Bolton_Arsenal,0.0
2,2003-2004_Charlton_Newcastle,0.25
2,2003-2004_Everton_Leicester,0.25
2,2003-2004_Fulham_Chelsea,0.0
2,2003-2004_Southampton_Portsmouth,0.0
2,2003-2004_Tottenham_Man United,0.5
2,2003-2004_Man City_Leeds,0.5
2,2003-2004_Arsenal_Wolves,0.25
2,2003-2004_Birmingham_Man City,0.0
2,2003-2004_Blackburn_Middlesbrough,0.0
2,2003-2004_Charlton_Chelsea,0.2
2,2003-2004_Fulham_Southampton,0.33
2,2003-2004_Leeds_Aston Villa,0.0
2,2003-2004_Leicester_Newcastle,0.0
2,2003-2004_Liverpool_Bolton,0.0
2,2003-2004_Man United_Everton,0.5
2,2003-2004_Portsmouth_Tottenham,0.0
2,2003-2004_Aston Villa_Fulham,0.0
2,2003-2004_Bolton_Leicester,0.0
2,2003-2004_Chelsea_Portsmouth,0.0
2,2003-2004_Everton_Birmingham,0.0
2,2003-2004_Man City_Liverpool,0.5
2,2003-2004_Middlesbrough_Man United,0.5
2,2003-2004_Newcastle_Blackburn,0.33
2,2003-2004_Tottenham_Charlton,0.25
2,2003-2004_Wolves_Leeds,0.25
2,2003-2004_Southampton_Arsenal,0.0
2,2003-2004_Aston Villa_Portsmouth,0.33
2,2003-2004_Bolton_Man United,0.33
2,2003-2004_Chelsea_Liverpool,0.0
2,2003-2004_Everton_Arsenal,0.0
2,2003-2004_Man City_Charlton,0.0
2,2003-2004_Middlesbrough_Fulham,0.0
2,2003-2004_Newcastle_Leeds,0.0
2,2003-2004_Southampton_Leicester,0.5
2,2003-2004_Tottenham_Birmingham,0.5
2,2003-2004_Wolves_Blackburn,0.0
2,2003-2004_Arsenal_Middlesbrough,0.5
2,2003-2004_Birmingham_Southampton,0.5
2,2003-2004_Blackburn_Bolton,0.5
2,2003-2004_Charlton_Wolves,0.0
2,2003-2004_Fulham_Everton,0.0
2,2003-2004_Leeds_Tottenham,0.0
2,2003-2004_Liverpool_Aston Villa,0.0
2,2003-2004_Portsmouth_Man City,0.33
2,2003-2004_Leicester_Chelsea,0.0
2,2003-2004_Man United_Newcastle,0.0
2,2003-2004_Bolton_Portsmouth,0.0
2,2003-2004_Everton_Charlton,0.33
2,2003-2004_Man City_Blackburn,0.0
2,2003-2004_Middlesbrough_Leicester,0.25
2,2003-2004_Southampton_Leeds,0.5
2,2003-2004_Tottenham_Liverpool,0.0
2,2003-2004_Wolves_Man United,0.33
2,2003-2004_Aston Villa_Arsenal,0.5
2,2003-2004_Chelsea_Birmingham,0.0
2,2003-2004_Newcastle_Fulham,0.0
2,2003-2004_Wolves_Liverpool,0.5
2,2003-2004_Birmingham_Newcastle,0.5
2,2003-2004_Charlton_Bolton,0.33
2,2003-2004_Fulham_Tottenham,0.33
2,2003-2004_Leeds_Middlesbrough,0.0
2,2003-2004_Leicester_Aston Villa,0.33
2,2003-2004_Liverpool_Everton,0.0
2,2003-2004_Man United_Southampton,0.33
2,2003-2004_Portsmouth_Wolves,0.0
2,2003-2004_Arsenal_Man City,0.5
2,2003-2004_Blackburn_Chelsea,0.33
2,2003-2004_Aston Villa_Leeds,0.0
2,2003-2004_Bolton_Liverpool,0.5
2,2003-2004_Everton_Man United,0.25
2,2003-2004_Middlesbrough_Blackburn,0.0
2,2003-2004_Newcastle_Leicester,0.0
2,2003-2004_Southampton_Fulham,0.5
2,2003-2004_Tottenham_Portsmouth,0.25
2,2003-2004_Wolves_Arsenal,0.5
2,2003-2004_Chelsea_Charlton,0.0
2,2003-2004_Man City_Birmingham,0.25
2,2003-2004_Arsenal_Southampton,0.0
2,2003-2004_Leeds_Wolves,0.5
2,2003-2004_Leicester_Bolton,0.5
2,2003-2004_Birmingham_Everton,0.33
2,2003-2004_Blackburn_Newcastle,0.33
2,2003-2004_Charlton_Tottenham,0.33
2,2003-2004_Fulham_Aston Villa,0.5
2,2003-2004_Liverpool_Man City,0.0
2,2003-2004_Man United_Middlesbrough,0.33
2,2003-2004_Portsmouth_Chelsea,0.5
2,2003-2004_Bolton_Man City,0.25
2,2003-2004_Charlton_Blackburn,0.25
2,2003-2004_Chelsea_Arsenal,0.25
2,2003-2004_Man United_Leeds,0.33
2,2003-2004_Newcastle_Middlesbrough,0.0
2,2003-2004_Southampton_Everton,0.33
2,2003-2004_Wolves_Fulham,0.0
2,2003-2004_Aston Villa_Birmingham,0.5
2,2003-2004_Tottenham_Leicester,0.5
2,2003-2004_Arsenal_Charlton,0.25
2,2003-2004_Blackburn_Southampton,0.33
2,2003-2004_Everton_Aston Villa,0.25
2,2003-2004_Fulham_Man United,0.5
2,2003-2004_Leicester_Wolves,0.0
2,2003-2004_Man City_Chelsea,0.0
2,2003-2004_Leeds_Liverpool,0.33
2,2003-2004_Portsmouth_Newcastle,0.5
2,2003-2004_Birmingham_Middlesbrough,0.33
2,2003-2004_Birmingham_Bolton,0.0
2,2003-2004_Middlesbrough_Tottenham,0.0
2,2003-2004_Birmingham_Leicester,0.0
2,2003-2004_Blackburn_Arsenal,0.0
2,2003-2004_Bolton_Chelsea,0.33
2,2003-2004_Charlton_Middlesbrough,0.33
2,2003-2004_Everton_Portsmouth,0.0
2,2003-2004_Fulham_Leeds,0.25
2,2003-2004_Man City_Man United,0.33
2,2003-2004_Southampton_Liverpool,0.5
2,2003-2004_Tottenham_Newcastle,0.0
2,2003-2004_Wolves_Aston Villa,0.33
2,2003-2004_Liverpool_Portsmouth,0.33
2,2003-2004_Arsenal_Bolton,0.5
2,2003-2004_Aston Villa_Blackburn,0.0
2,2003-2004_Chelsea_Fulham,0.0
2,2003-2004_Leicester_Everton,0.33
2,2003-2004_Liverpool_Wolves,0.33
2,2003-2004_Man United_Tottenham,0.0
2,2003-2004_Middlesbrough_Birmingham,0.33
2,2003-2004_Newcastle_Charlton,0.0
2,2003-2004_Portsmouth_Southampton,0.33
2,2003-2004_Leeds_Man City,0.5
2,2003-2004_Birmingham_Leeds,0.33
2,2003-2004_Blackburn_Portsmouth,0.0
2,2003-2004_Charlton_Aston Villa,0.33
2,2003-2004_Chelsea_Wolves,0.33
2,2003-2004_Everton_Middlesbrough,0.0
2,2003-2004_Man City_Fulham,0.0
2,2003-2004_Southampton_Tottenham,0.33
2,2003-2004_Arsenal_Man United,0.33
2,2003-2004_Bolton_Newcastle,0.5
2,2003-2004_Leicester_Liverpool,0.33
2,2003-2004_Fulham_Birmingham,0.5
2,2003-2004_Middlesbrough_Bolton,0.5
2,2003-2004_Newcastle_Everton,0.25
2,2003-2004_Tottenham_Chelsea,0.0
2,2003-2004_Wolves_Southampton,0.5
2,2003-2004_Aston Villa_Man City,0.0
2,2003-2004_Liverpool_Blackburn,0.33
2,2003-2004_Leeds_Leicester,0.25
2,2003-2004_Arsenal_Liverpool,0.5
2,2003-2004_Everton_Tottenham,0.5
2,2003-2004_Birmingham_Man United,0.0
2,2003-2004_Blackburn_Leeds,0.0
2,2003-2004_Bolton_Aston Villa,0.5
2,2003-2004_Charlton_Portsmouth,0.0
2,2003-2004_Chelsea_Middlesbrough,0.0
2,2003-2004_Leicester_Fulham,0.33
2,2003-2004_Man City_Wolves,0.33
2,2003-2004_Newcastle_Arsenal,0.0
2,2003-2004_Aston Villa_Chelsea,0.0
2,2003-2004_Fulham_Blackburn,0.33
2,2003-2004_Liverpool_Charlton,0.33
2,2003-2004_Middlesbrough_Southampton,0.33
2,2003-2004_Portsmouth_Birmingham,0.5
2,2003-2004_Tottenham_Man City,0.0
2,2003-2004_Wolves_Bolton,0.5
2,2003-2004_Leeds_Everton,0.5
2,2003-2004_Man United_Leicester,0.5
2,2003-2004_Arsenal_Leeds,0.5
2,2003-2004_Blackburn_Leicester,0.0
2,2003-2004_Bolton_Tottenham,0.5
2,2003-2004_Charlton_Birmingham,0.0
2,2003-2004_Chelsea_Everton,0.0
2,2003-2004_Liverpool_Fulham,0.33
2,2003-2004_Man City_Southampton,0.5
2,2003-2004_Portsmouth_Man United,0.33
2,2003-2004_Wolves_Middlesbrough,0.5
2,2003-2004_Aston Villa_Newcastle,0.5
2,2003-2004_Man United_Charlton,0.0
2,2003-2004_Everton_Blackburn,0.5
2,2003-2004_Fulham_Charlton,0.0
2,2003-2004_Leicester_Man City,0.0
2,2003-2004_Man United_Liverpool,0.0
2,2003-2004_Middlesbrough_Aston Villa,0.5
2,2003-2004_Southampton_Bolton,0.5
2,2003-2004_Birmingham_Wolves,0.5
2,2003-2004_Leeds_Portsmouth,0.0
2,2003-2004_Newcastle_Chelsea,0.5
2,2003-2004_Tottenham_Arsenal,0.0
2,2003-2004_Arsenal_Birmingham,0.0
2,2003-2004_Blackburn_Man United,0.0
2,2003-2004_Charlton_Leicester,0.5
2,2003-2004_Chelsea_Southampton,0.0
2,2003-2004_Man City_Newcastle,0.0
2,2003-2004_Portsmouth_Fulham,0.5
2,2003-2004_Wolves_Everton,0.25
2,2003-2004_Aston Villa_Tottenham,0.0
2,2003-2004_Bolton_Leeds,0.25
2,2003-2004_Liverpool_Middlesbrough,0.0
2,2003-2004_Portsmouth_Arsenal,0.33
2,2003-2004_Birmingham_Liverpool,0.0
2,2003-2004_Everton_Bolton,0.0
2,2003-2004_Leeds_Charlton,0.5
2,2003-2004_Leicester_Portsmouth,0.5
2,2003-2004_Man United_Chelsea,0.5
2,2003-2004_Middlesbrough_Man City,0.0
2,2003-2004_Southampton_Aston Villa,0.33
2,2003-2004_Tottenham_Blackburn,0.33
2,2003-2004_Fulham_Arsenal,0.0
2,2003-2004_Newcastle_Wolves,0.5
2,2003-2004_Southampton_Newcastle,0.33
2,2003-2004_Arsenal_Leicester,0.0
2,2003-2004_Aston Villa_Man United,0.25
2,2003-2004_Blackburn_Birmingham,0.0
2,2003-2004_Bolton_Fulham,0.33
2,2003-2004_Charlton_Southampton,0.33
2,2003-2004_Chelsea_Leeds,0.0
2,2003-2004_Liverpool_Newcastle,0.0
2,2003-2004_Man City_Everton,0.33
2,2003-2004_Portsmouth_Middlesbrough,0.33
2,2003-2004_Wolves_Tottenham,0.5
2,2004-2005_Aston Villa_Southampton,0.33
2,2004-2005_Blackburn_West Brom,0.0
2,2004-2005_Bolton_Charlton,0.33
2,2004-2005_Man City_Fulham,0.0
2,2004-2005_Middlesbrough_Newcastle,0.33
2,2004-2005_Norwich_Crystal Palace,0.25
2,2004-2005_Portsmouth_Birmingham,0.33
2,2004-2005_Tottenham_Liverpool,0.5
2,2004-2005_Chelsea_Man United,0.0
2,2004-2005_Everton_Arsenal,0.5
2,2004-2005_Birmingham_Chelsea,0.0
2,2004-2005_Charlton_Portsmouth,0.33
2,2004-2005_Crystal Palace_Everton,0.33
2,2004-2005_Fulham_Bolton,0.33
2,2004-2005_Liverpool_Man City,0.5
2,2004-2005_Man United_Norwich,0.33
2,2004-2005_Newcastle_Tottenham,0.33
2,2004-2005_Southampton_Blackburn,0.5
2,2004-2005_Arsenal_Middlesbrough,0.33
2,2004-2005_West Brom_Aston Villa,0.5
2,2004-2005_Birmingham_Man City,0.0
2,2004-2005_Crystal Palace_Chelsea,0.0
2,2004-2005_Arsenal_Blackburn,0.33
2,2004-2005_Charlton_Aston Villa,0.0
2,2004-2005_Fulham_Middlesbrough,0.0
2,2004-2005_Newcastle_Norwich,0.33
2,2004-2005_Southampton_Bolton,0.0
2,2004-2005_West Brom_Tottenham,0.0
2,2004-2005_Aston Villa_Newcastle,0.33
2,2004-2005_Blackburn_Man United,0.25
2,2004-2005_Chelsea_Southampton,0.0
2,2004-2005_Everton_West Brom,0.33
2,2004-2005_Man City_Charlton,0.0
2,2004-2005_Middlesbrough_Crystal Palace,0.5
2,2004-2005_Norwich_Arsenal,0.25
2,2004-2005_Tottenham_Birmingham,0.0
2,2004-2005_Bolton_Liverpool,0.0
2,2004-2005_Man United_Everton,0.0
2,2004-2005_Portsmouth_Fulham,0.25
2,2004-2005_Aston Villa_Chelsea,0.33
2,2004-2005_Bolton_Man United,0.5
2,2004-2005_Fulham_Arsenal,0.0
2,2004-2005_Liverpool_West Brom,0.33
2,2004-2005_Man City_Everton,0.5
2,2004-2005_Middlesbrough_Birmingham,0.5
2,2004-2005_Newcastle_Blackburn,0.0
2,2004-2005_Portsmouth_Crystal Palace,0.33
2,2004-2005_Tottenham_Norwich,0.5
2,2004-2005_Charlton_Southampton,0.33
2,2004-2005_Arsenal_Bolton,0.5
2,2004-2005_Birmingham_Charlton,0.33
2,2004-2005_Blackburn_Portsmouth,0.5
2,2004-2005_Crystal Palace_Man City,0.0
2,2004-2005_Norwich_Aston Villa,0.0
2,2004-2005_West Brom_Fulham,0.25
2,2004-2005_Chelsea_Tottenham,0.5
2,2004-2005_Everton_Middlesbrough,0.0
2,2004-2005_Southampton_Newcastle,0.0
2,2004-2005_Man United_Liverpool,0.5
2,2004-2005_Aston Villa_Crystal Palace,0.0
2,2004-2005_Bolton_Birmingham,0.5
2,2004-2005_Fulham_Southampton,0.0
2,2004-2005_Liverpool_Norwich,0.0
2,2004-2005_Man City_Arsenal,0.0
2,2004-2005_Middlesbrough_Chelsea,0.0
2,2004-2005_Newcastle_West Brom,0.25
2,2004-2005_Tottenham_Man United,0.0
2,2004-2005_Portsmouth_Everton,0.0
2,2004-2005_Charlton_Blackburn,0.0
2,2004-2005_Arsenal_Charlton,0.5
2,2004-2005_Blackburn_Aston Villa,0.33
2,2004-2005_Everton_Tottenham,0.0
2,2004-2005_Norwich_Portsmouth,0.33
2,2004-2005_Southampton_Man City,0.33
2,2004-2005_West Brom_Bolton,0.33
2,2004-2005_Birmingham_Newcastle,0.5
2,2004-2005_Chelsea_Liverpool,0.0
2,2004-2005_Man United_Middlesbrough,0.5
2,2004-2005_Crystal Palace_Fulham,0.5
2,2004-2005_Arsenal_Aston Villa,0.5
2,2004-2005_Birmingham_Man United,0.0
2,2004-2005_Blackburn_Middlesbrough,0.33
2,2004-2005_Bolton_Crystal Palace,0.0
2,2004-2005_Everton_Southampton,0.0
2,2004-2005_Fulham_Liverpool,0.33
2,2004-2005_Man City_Chelsea,0.0
2,2004-2005_West Brom_Norwich,0.5
2,2004-2005_Charlton_Newcastle,0.33
2,2004-2005_Portsmouth_Tottenham,0.0
2,2004-2005_Aston Villa_Fulham,0.0
2,2004-2005_Chelsea_Blackburn,0.33
2,2004-2005_Crystal Palace_West Brom,0.5
2,2004-2005_Liverpool_Charlton,0.0
2,2004-2005_Norwich_Everton,0.33
2,2004-2005_Tottenham_Bolton,0.0
2,2004-2005_Man United_Arsenal,0.5
2,2004-2005_Middlesbrough_Portsmouth,0.0
2,2004-2005_Newcastle_Man City,0.33
2,2004-2005_Southampton_Birmingham,0.0
2,2004-2005_Arsenal_Southampton,0.5
2,2004-2005_Birmingham_Crystal Palace,0.0
2,2004-2005_Blackburn_Liverpool,0.0
2,2004-2005_Charlton_Middlesbrough,0.0
2,2004-2005_Everton_Aston Villa,0.33
2,2004-2005_Fulham_Tottenham,0.0
2,2004-2005_Portsmouth_Man United,0.33
2,2004-2005_West Brom_Chelsea,0.5
2,2004-2005_Bolton_Newcastle,0.0
2,2004-2005_Man City_Norwich,0.33
2,2004-2005_Aston Villa_Portsmouth,0.0
2,2004-2005_Chelsea_Everton,0.5
2,2004-2005_Crystal Palace_Arsenal,0.0
2,2004-2005_Liverpool_Birmingham,0.5
2,2004-2005_Norwich_Blackburn,0.0
2,2004-2005_Southampton_West Brom,0.0
2,2004-2005_Tottenham_Charlton,0.5
2,2004-2005_Man United_Man City,0.33
2,2004-2005_Middlesbrough_Bolton,0.5
2,2004-2005_Newcastle_Fulham,0.33
2,2004-2005_Birmingham_Everton,0.0
2,2004-2005_Bolton_Aston Villa,0.33
2,2004-2005_Charlton_Norwich,0.5
2,2004-2005_Fulham_Chelsea,0.5
2,2004-2005_Liverpool_Crystal Palace,0.5
2,2004-2005_Man City_Blackburn,0.5
2,2004-2005_Southampton_Portsmouth,0.5
2,2004-2005_Tottenham_Arsenal,0.5
2,2004-2005_Newcastle_Man United,0.5
2,2004-2005_West Brom_Middlesbrough,0.25
2,2004-2005_Arsenal_West Brom,0.0
2,2004-2005_Chelsea_Bolton,0.5
2,2004-2005_Crystal Palace_Newcastle,0.0
2,2004-2005_Everton_Fulham,0.33
2,2004-2005_Man United_Charlton,0.0
2,2004-2005_Middlesbrough_Liverpool,0.0
2,2004-2005_Norwich_Southampton,0.0
2,2004-2005_Portsmouth_Man City,0.33
2,2004-2005_Blackburn_Birmingham,0.2
2,2004-2005_Aston Villa_Tottenham,0.0
2,2004-2005_Birmingham_Norwich,0.0
2,2004-2005_Bolton_Portsmouth,0.33
2,2004-2005_Charlton_Chelsea,0.25
2,2004-2005_Fulham_Blackburn,0.5
2,2004-2005_Man City_Aston Villa,0.0
2,2004-2005_Southampton_Crystal Palace,0.5
2,2004-2005_West Brom_Man United,0.0
2,2004-2005_Liverpool_Arsenal,0.0
2,2004-2005_Newcastle_Everton,0.5
2,2004-2005_Tottenham_Middlesbrough,0.0
2,2004-2005_Arsenal_Birmingham,0.0
2,2004-2005_Aston Villa_Liverpool,0.0
2,2004-2005_Blackburn_Tottenham,0.0
2,2004-2005_Chelsea_Newcastle,0.5
2,2004-2005_Everton_Bolton,0.5
2,2004-2005_Man United_Southampton,0.33
2,2004-2005_Norwich_Fulham,0.5
2,2004-2005_Portsmouth_West Brom,0.5
2,2004-2005_Crystal Palace_Charlton,0.0
2,2004-2005_Middlesbrough_Man City,0.5
2,2004-2005_Crystal Palace_Blackburn,0.5
2,2004-2005_Everton_Liverpool,0.5
2,2004-2005_Man City_Tottenham,0.0
2,2004-2005_Newcastle_Portsmouth,0.5
2,2004-2005_Norwich_Bolton,0.5
2,2004-2005_Southampton_Middlesbrough,0.33
2,2004-2005_West Brom_Charlton,0.0
2,2004-2005_Arsenal_Chelsea,0.5
2,2004-2005_Aston Villa_Birmingham,0.5
2,2004-2005_Fulham_Man United,0.0
2,2004-2005_Liverpool_Portsmouth,0.0
2,2004-2005_Birmingham_West Brom,0.5
2,2004-2005_Blackburn_Everton,0.0
2,2004-2005_Bolton_Man City,0.0
2,2004-2005_Chelsea_Norwich,0.0
2,2004-2005_Man United_Crystal Palace,0.2
2,2004-2005_Middlesbrough_Aston Villa,0.0
2,2004-2005_Tottenham_Southampton,0.33
2,2004-2005_Liverpool_Newcastle,0.5
2,2004-2005_Portsmouth_Arsenal,0.0
2,2004-2005_Charlton_Fulham,0.0
2,2004-2005_Arsenal_Fulham,0.0
2,2004-2005_Birmingham_Middlesbrough,0.0
2,2004-2005_Blackburn_Newcastle,0.5
2,2004-2005_Chelsea_Aston Villa,0.5
2,2004-2005_Crystal Palace_Portsmouth,0.25
2,2004-2005_Everton_Man City,0.5
2,2004-2005_Man United_Bolton,0.0
2,2004-2005_Norwich_Tottenham,0.25
2,2004-2005_Southampton_Charlton,0.25
2,2004-2005_West Brom_Liverpool,0.0
2,2004-2005_Aston Villa_Man United,0.5
2,2004-2005_Bolton_Blackburn,0.5
2,2004-2005_Charlton_Everton,0.0
2,2004-2005_Fulham_Birmingham,0.0
2,2004-2005_Liverpool_Southampton,0.0
2,2004-2005_Man City_West Brom,0.0
2,2004-2005_Middlesbrough_Norwich,0.33
2,2004-2005_Portsmouth_Chelsea,0.0
2,2004-2005_Tottenham_Crystal Palace,0.33
2,2004-2005_Newcastle_Arsenal,0.0
2,2004-2005_Aston Villa_Blackburn,0.0
2,2004-2005_Bolton_West Brom,0.33
2,2004-2005_Charlton_Arsenal,0.0
2,2004-2005_Fulham_Crystal Palace,0.5
2,2004-2005_Liverpool_Chelsea,0.0
2,2004-2005_Man City_Southampton,0.33
2,2004-2005_Middlesbrough_Man United,0.0
2,2004-2005_Newcastle_Birmingham,0.0
2,2004-2005_Portsmouth_Norwich,0.0
2,2004-2005_Tottenham_Everton,0.33
2,2004-2005_Blackburn_Charlton,0.5
2,2004-2005_Crystal Palace_Aston Villa,0.5
2,2004-2005_Norwich_Liverpool,0.5
2,2004-2005_West Brom_Newcastle,0.0
2,2004-2005_Arsenal_Man City,0.33
2,2004-2005_Birmingham_Bolton,0.0
2,2004-2005_Chelsea_Middlesbrough,0.5
2,2004-2005_Everton_Portsmouth,0.0
2,2004-2005_Man United_Tottenham,0.5
2,2004-2005_Southampton_Fulham,0.33
2,2004-2005_Aston Villa_Norwich,0.33
2,2004-2005_Bolton_Arsenal,0.0
2,2004-2005_Charlton_Birmingham,0.0
2,2004-2005_Liverpool_Man United,0.33
2,2004-2005_Man City_Crystal Palace,0.5
2,2004-2005_Newcastle_Southampton,0.25
2,2004-2005_Portsmouth_Blackburn,0.5
2,2004-2005_Tottenham_Chelsea,0.5
2,2004-2005_Fulham_West Brom,0.0
2,2004-2005_Middlesbrough_Everton,0.5
2,2004-2005_Birmingham_Fulham,0.0
2,2004-2005_Chelsea_Portsmouth,0.0
2,2004-2005_Crystal Palace_Tottenham,0.5
2,2004-2005_Everton_Charlton,0.0
2,2004-2005_Man United_Aston Villa,0.33
2,2004-2005_Norwich_Middlesbrough,0.33
2,2004-2005_Southampton_Liverpool,0.5
2,2004-2005_West Brom_Man City,0.33
2,2004-2005_Arsenal_Newcastle,0.0
2,2004-2005_Blackburn_Bolton,0.0
2,2004-2005_Arsenal_Man United,0.25
2,2004-2005_Bolton_Tottenham,0.5
2,2004-2005_Charlton_Liverpool,0.0
2,2004-2005_Portsmouth_Middlesbrough,0.5
2,2004-2005_West Brom_Crystal Palace,0.0
2,2004-2005_Birmingham_Southampton,0.0
2,2004-2005_Blackburn_Chelsea,0.0
2,2004-2005_Everton_Norwich,0.0
2,2004-2005_Fulham_Aston Villa,0.5
2,2004-2005_Man City_Newcastle,0.0
2,2004-2005_Aston Villa_Arsenal,0.0
2,2004-2005_Crystal Palace_Bolton,0.0
2,2004-2005_Liverpool_Fulham,0.5
2,2004-2005_Man United_Birmingham,0.0
2,2004-2005_Middlesbrough_Blackburn,0.5
2,2004-2005_Newcastle_Charlton,0.0
2,2004-2005_Norwich_West Brom,0.5
2,2004-2005_Tottenham_Portsmouth,0.5
2,2004-2005_Chelsea_Man City,0.0
2,2004-2005_Southampton_Everton,0.33
2,2004-2005_Birmingham_Liverpool,0.0
2,2004-2005_Blackburn_Norwich,0.33
2,2004-2005_Bolton_Middlesbrough,0.0
2,2004-2005_Everton_Chelsea,0.5
2,2004-2005_Portsmouth_Aston Villa,0.0
2,2004-2005_Man City_Man United,0.0
2,2004-2005_Arsenal_Crystal Palace,0.5
2,2004-2005_West Brom_Southampton,0.5
2,2004-2005_Aston Villa_Everton,0.5
2,2004-2005_Crystal Palace_Birmingham,0.5
2,2004-2005_Man United_Portsmouth,0.0
2,2004-2005_Southampton_Arsenal,0.5
2,2004-2005_Tottenham_Fulham,0.33
2,2004-2005_Middlesbrough_Charlton,0.5
2,2004-2005_Newcastle_Bolton,0.0
2,2004-2005_Norwich_Man City,0.2
2,2004-2005_Arsenal_Portsmouth,0.0
2,2004-2005_Aston Villa_Middlesbrough,0.0
2,2004-2005_Crystal Palace_Man United,0.5
2,2004-2005_Fulham_Charlton,0.0
2,2004-2005_Newcastle_Liverpool,0.0
2,2004-2005_Norwich_Chelsea,0.5
2,2004-2005_Southampton_Tottenham,0.0
2,2004-2005_Everton_Blackburn,0.0
2,2004-2005_West Brom_Birmingham,0.33
2,2004-2005_Man City_Bolton,0.0
2,2004-2005_Chelsea_West Brom,0.33
2,2004-2005_Charlton_Tottenham,0.0
2,2004-2005_Liverpool_Blackburn,0.0
2,2004-2005_Blackburn_Arsenal,0.0
2,2004-2005_Bolton_Norwich,0.0
2,2004-2005_Charlton_West Brom,0.33
2,2004-2005_Chelsea_Crystal Palace,0.25
2,2004-2005_Man United_Fulham,0.25
2,2004-2005_Portsmouth_Newcastle,0.5
2,2004-2005_Tottenham_Man City,0.5
2,2004-2005_Birmingham_Aston Villa,0.5
2,2004-2005_Liverpool_Everton,0.5
2,2004-2005_Middlesbrough_Southampton,0.5
2,2004-2005_Arsenal_Norwich,0.25
2,2004-2005_Birmingham_Tottenham,0.0
2,2004-2005_Charlton_Man City,0.33
2,2004-2005_Crystal Palace_Middlesbrough,0.5
2,2004-2005_Liverpool_Bolton,0.5
2,2004-2005_Man United_Blackburn,0.5
2,2004-2005_Newcastle_Aston Villa,0.25
2,2004-2005_Southampton_Chelsea,0.0
2,2004-2005_Fulham_Portsmouth,0.5
2,2004-2005_West Brom_Everton,0.0
2,2004-2005_Blackburn_Southampton,0.0
2,2004-2005_Bolton_Fulham,0.5
2,2004-2005_Chelsea_Birmingham,0.0
2,2004-2005_Man City_Liverpool,0.0
2,2004-2005_Middlesbrough_Arsenal,0.0
2,2004-2005_Norwich_Man United,0.5
2,2004-2005_Portsmouth_Charlton,0.5
2,2004-2005_Aston Villa_West Brom,0.5
2,2004-2005_Everton_Crystal Palace,0.25
2,2004-2005_Tottenham_Newcastle,0.5
2,2004-2005_Birmingham_Portsmouth,0.0
2,2004-2005_Charlton_Bolton,0.33
2,2004-2005_Crystal Palace_Norwich,0.5
2,2004-2005_Fulham_Man City,0.0
2,2004-2005_Liverpool_Tottenham,0.25
2,2004-2005_Southampton_Aston Villa,0.33
2,2004-2005_Bolton_Southampton,0.0
2,2004-2005_Middlesbrough_Fulham,0.0
2,2004-2005_Aston Villa_Charlton,0.0
2,2004-2005_Blackburn_Crystal Palace,0.5
2,2004-2005_Chelsea_Arsenal,0.0
2,2004-2005_Everton_Man United,0.5
2,2004-2005_Man City_Birmingham,0.0
2,2004-2005_Norwich_Newcastle,0.33
2,2004-2005_Portsmouth_Liverpool,0.5
2,2004-2005_Tottenham_West Brom,0.0
2,2004-2005_Aston Villa_Bolton,0.0
2,2004-2005_Blackburn_Man City,0.0
2,2004-2005_Chelsea_Fulham,0.0
2,2004-2005_Crystal Palace_Liverpool,0.5
2,2004-2005_Everton_Birmingham,0.0
2,2004-2005_Middlesbrough_West Brom,0.5
2,2004-2005_Norwich_Charlton,0.33
2,2004-2005_Man United_Newcastle,0.33
2,2004-2005_Portsmouth_Southampton,0.33
2,2004-2005_Arsenal_Tottenham,0.0
2,2004-2005_West Brom_Blackburn,0.5
2,2004-2005_Newcastle_Middlesbrough,0.0
2,2004-2005_Birmingham_Blackburn,0.5
2,2004-2005_Bolton_Chelsea,0.0
2,2004-2005_Fulham_Everton,0.5
2,2004-2005_Liverpool_Middlesbrough,0.0
2,2004-2005_Man City_Portsmouth,0.0
2,2004-2005_Newcastle_Crystal Palace,0.0
2,2004-2005_Southampton_Norwich,0.33
2,2004-2005_Charlton_Man United,0.5
2,2004-2005_Tottenham_Aston Villa,0.5
2,2004-2005_West Brom_Arsenal,0.0
2,2004-2005_Fulham_Newcastle,0.0
2,2004-2005_Aston Villa_Man City,0.0
2,2004-2005_Blackburn_Fulham,0.33
2,2004-2005_Chelsea_Charlton,0.0
2,2004-2005_Crystal Palace_Southampton,0.5
2,2004-2005_Everton_Newcastle,0.5
2,2004-2005_Man United_West Brom,0.33
2,2004-2005_Middlesbrough_Tottenham,0.5
2,2004-2005_Norwich_Birmingham,0.33
2,2004-2005_Portsmouth_Bolton,0.0
2,2004-2005_Arsenal_Liverpool,0.0
2,2004-2005_Man United_Chelsea,0.5
2,2004-2005_Arsenal_Everton,0.33
2,2004-2005_Birmingham_Arsenal,0.0
2,2004-2005_Bolton_Everton,0.5
2,2004-2005_Charlton_Crystal Palace,0.5
2,2004-2005_Fulham_Norwich,0.0
2,2004-2005_Liverpool_Aston Villa,0.33
2,2004-2005_Man City_Middlesbrough,0.5
2,2004-2005_Newcastle_Chelsea,0.5
2,2004-2005_Southampton_Man United,0.5
2,2004-2005_Tottenham_Blackburn,0.5
2,2004-2005_West Brom_Portsmouth,0.0
2,2005-2006_Aston Villa_Bolton,0.0
2,2005-2006_Everton_Man United,0.0
2,2005-2006_Fulham_Birmingham,0.0
2,2005-2006_Man City_West Brom,0.0
2,2005-2006_Middlesbrough_Liverpool,0.5
2,2005-2006_Portsmouth_Tottenham,0.0
2,2005-2006_Sunderland_Charlton,0.5
2,2005-2006_West Ham_Blackburn,0.5
2,2005-2006_Arsenal_Newcastle,0.0
2,2005-2006_Wigan_Chelsea,0.33
2,2005-2006_Birmingham_Man City,0.0
2,2005-2006_Blackburn_Fulham,0.5
2,2005-2006_Charlton_Wigan,0.0
2,2005-2006_Liverpool_Sunderland,0.5
2,2005-2006_Man United_Aston Villa,0.5
2,2005-2006_Newcastle_West Ham,0.0
2,2005-2006_Tottenham_Middlesbrough,0.5
2,2005-2006_West Brom_Portsmouth,0.5
2,2005-2006_Bolton_Everton,0.0
2,2005-2006_Chelsea_Arsenal,0.0
2,2005-2006_Birmingham_Middlesbrough,0.0
2,2005-2006_Portsmouth_Aston Villa,0.25
2,2005-2006_Sunderland_Man City,0.5
2,2005-2006_Arsenal_Fulham,0.25
2,2005-2006_Blackburn_Tottenham,0.5
2,2005-2006_Bolton_Newcastle,0.0
2,2005-2006_Chelsea_West Brom,0.0
2,2005-2006_Aston Villa_Blackburn,0.0
2,2005-2006_Fulham_Everton,0.0
2,2005-2006_Man City_Portsmouth,0.5
2,2005-2006_Tottenham_Chelsea,0.5
2,2005-2006_West Brom_Birmingham,0.5
2,2005-2006_West Ham_Bolton,0.33
2,2005-2006_Wigan_Sunderland,0.5
2,2005-2006_Middlesbrough_Charlton,0.5
2,2005-2006_Newcastle_Man United,0.0
2,2005-2006_Birmingham_Charlton,0.33
2,2005-2006_Chelsea_Sunderland,0.0
2,2005-2006_Everton_Portsmouth,0.5
2,2005-2006_Man United_Man City,0.0
2,2005-2006_Middlesbrough_Arsenal,0.33
2,2005-2006_Newcastle_Fulham,0.2
2,2005-2006_Tottenham_Liverpool,0.0
2,2005-2006_West Brom_Wigan,0.0
2,2005-2006_Bolton_Blackburn,0.5
2,2005-2006_West Ham_Aston Villa,0.33
2,2005-2006_Aston Villa_Tottenham,0.0
2,2005-2006_Charlton_Chelsea,0.0
2,2005-2006_Fulham_West Ham,0.0
2,2005-2006_Portsmouth_Birmingham,0.0
2,2005-2006_Sunderland_West Brom,0.5
2,2005-2006_Blackburn_Newcastle,0.5
2,2005-2006_Liverpool_Man United,0.0
2,2005-2006_Man City_Bolton,0.0
2,2005-2006_Wigan_Middlesbrough,0.0
2,2005-2006_Arsenal_Everton,0.5
2,2005-2006_Birmingham_Liverpool,0.33
2,2005-2006_Bolton_Portsmouth,0.0
2,2005-2006_Chelsea_Aston Villa,0.0
2,2005-2006_Everton_Wigan,0.5
2,2005-2006_Man United_Blackburn,0.5
2,2005-2006_Newcastle_Man City,0.0
2,2005-2006_West Brom_Charlton,0.0
2,2005-2006_West Ham_Arsenal,0.0
2,2005-2006_Middlesbrough_Sunderland,0.0
2,2005-2006_Tottenham_Fulham,0.0
2,2005-2006_Blackburn_West Brom,0.5
2,2005-2006_Charlton_Tottenham,0.5
2,2005-2006_Fulham_Man United,0.33
2,2005-2006_Portsmouth_Newcastle,0.0
2,2005-2006_Sunderland_West Ham,0.5
2,2005-2006_Arsenal_Birmingham,0.0
2,2005-2006_Aston Villa_Middlesbrough,0.5
2,2005-2006_Liverpool_Chelsea,0.5
2,2005-2006_Man City_Everton,0.0
2,2005-2006_Wigan_Bolton,0.33
2,2005-2006_Chelsea_Bolton,0.33
2,2005-2006_Liverpool_Blackburn,0.5
2,2005-2006_Middlesbrough_Portsmouth,0.5
2,2005-2006_Sunderland_Man United,0.5
2,2005-2006_Tottenham_Everton,0.0
2,2005-2006_West Brom_Arsenal,0.5
2,2005-2006_Wigan_Newcastle,0.5
2,2005-2006_Birmingham_Aston Villa,0.0
2,2005-2006_Man City_West Ham,0.33
2,2005-2006_Charlton_Fulham,0.0
2,2005-2006_Arsenal_Man City,0.33
2,2005-2006_Aston Villa_Wigan,0.0
2,2005-2006_Blackburn_Birmingham,0.0
2,2005-2006_Fulham_Liverpool,0.0
2,2005-2006_Man United_Tottenham,0.5
2,2005-2006_Portsmouth_Charlton,0.5
2,2005-2006_Bolton_West Brom,0.0
2,2005-2006_Everton_Chelsea,0.5
2,2005-2006_Newcastle_Sunderland,0.5
2,2005-2006_West Ham_Middlesbrough,0.5
2,2005-2006_Birmingham_Everton,0.33
2,2005-2006_Charlton_Bolton,0.0
2,2005-2006_Chelsea_Blackburn,0.33
2,2005-2006_Liverpool_West Ham,0.33
2,2005-2006_Middlesbrough_Man United,0.5
2,2005-2006_Sunderland_Portsmouth,0.0
2,2005-2006_Tottenham_Arsenal,0.5
2,2005-2006_Wigan_Fulham,0.0
2,2005-2006_West Brom_Newcastle,0.0
2,2005-2006_Man City_Aston Villa,0.5
2,2005-2006_Arsenal_Sunderland,0.0
2,2005-2006_Aston Villa_Liverpool,0.0
2,2005-2006_Blackburn_Charlton,0.33
2,2005-2006_Fulham_Man City,0.0
2,2005-2006_Newcastle_Birmingham,0.0
2,2005-2006_Portsmouth_Wigan,0.0
2,2005-2006_West Ham_West Brom,0.0
2,2005-2006_Everton_Middlesbrough,0.5
2,2005-2006_Man United_Chelsea,0.33
2,2005-2006_Bolton_Tottenham,0.0
2,2005-2006_Charlton_Man United,0.5
2,2005-2006_Chelsea_Newcastle,0.0
2,2005-2006_Liverpool_Portsmouth,0.0
2,2005-2006_Man City_Blackburn,0.5
2,2005-2006_Sunderland_Aston Villa,0.5
2,2005-2006_West Brom_Everton,0.0
2,2005-2006_Wigan_Arsenal,0.33
2,2005-2006_Middlesbrough_Fulham,0.33
2,2005-2006_Tottenham_West Ham,0.5
2,2005-2006_Arsenal_Blackburn,0.33
2,2005-2006_Aston Villa_Charlton,0.0
2,2005-2006_Man City_Liverpool,0.0
2,2005-2006_Portsmouth_Chelsea,0.5
2,2005-2006_Sunderland_Birmingham,0.0
2,2005-2006_Wigan_Tottenham,0.0
2,2005-2006_Everton_Newcastle,0.25
2,2005-2006_Fulham_Bolton,0.33
2,2005-2006_Middlesbrough_West Brom,0.0
2,2005-2006_West Ham_Man United,0.5
2,2005-2006_Sunderland_Liverpool,0.0
2,2005-2006_Blackburn_Everton,0.0
2,2005-2006_Bolton_Arsenal,0.0
2,2005-2006_Chelsea_Middlesbrough,0.0
2,2005-2006_Liverpool_Wigan,0.5
2,2005-2006_Man United_Portsmouth,0.25
2,2005-2006_Newcastle_Aston Villa,0.0
2,2005-2006_Tottenham_Sunderland,0.0
2,2005-2006_West Brom_Fulham,0.5
2,2005-2006_Charlton_Man City,0.33
2,2005-2006_Birmingham_West Ham,0.33
2,2005-2006_Birmingham_Fulham,0.0
2,2005-2006_Blackburn_West Ham,0.33
2,2005-2006_Bolton_Aston Villa,0.5
2,2005-2006_Charlton_Sunderland,0.0
2,2005-2006_Chelsea_Wigan,0.0
2,2005-2006_Liverpool_Middlesbrough,0.5
2,2005-2006_Newcastle_Arsenal,0.0
2,2005-2006_West Brom_Man City,0.33
2,2005-2006_Man United_Everton,0.0
2,2005-2006_Tottenham_Portsmouth,0.5
2,2005-2006_Everton_West Ham,0.0
2,2005-2006_Man United_Wigan,0.33
2,2005-2006_Aston Villa_Man United,0.0
2,2005-2006_Everton_Bolton,0.5
2,2005-2006_Fulham_Blackburn,0.25
2,2005-2006_Man City_Birmingham,0.33
2,2005-2006_Portsmouth_West Brom,0.0
2,2005-2006_West Ham_Newcastle,0.33
2,2005-2006_Wigan_Charlton,0.33
2,2005-2006_Arsenal_Chelsea,0.33
2,2005-2006_Middlesbrough_Tottenham,0.25
2,2005-2006_Aston Villa_Everton,0.0
2,2005-2006_Charlton_Arsenal,0.33
2,2005-2006_Chelsea_Fulham,0.25
2,2005-2006_Liverpool_Newcastle,0.5
2,2005-2006_Man United_West Brom,0.0
2,2005-2006_Middlesbrough_Blackburn,0.5
2,2005-2006_Portsmouth_West Ham,0.5
2,2005-2006_Sunderland_Bolton,0.5
2,2005-2006_Tottenham_Birmingham,0.33
2,2005-2006_Wigan_Man City,0.25
2,2005-2006_Arsenal_Portsmouth,0.0
2,2005-2006_Birmingham_Man United,0.0
2,2005-2006_Everton_Liverpool,0.5
2,2005-2006_Fulham_Aston Villa,0.5
2,2005-2006_Man City_Chelsea,0.0
2,2005-2006_West Brom_Tottenham,0.0
2,2005-2006_West Ham_Wigan,0.0
2,2005-2006_Aston Villa_Arsenal,0.0
2,2005-2006_Charlton_West Ham,0.33
2,2005-2006_Chelsea_Birmingham,0.0
2,2005-2006_Liverpool_West Brom,0.33
2,2005-2006_Man United_Bolton,0.33
2,2005-2006_Middlesbrough_Man City,0.0
2,2005-2006_Portsmouth_Fulham,0.5
2,2005-2006_Sunderland_Everton,0.0
2,2005-2006_Tottenham_Newcastle,0.0
2,2005-2006_Wigan_Blackburn,0.0
2,2005-2006_Birmingham_Wigan,0.0
2,2005-2006_Blackburn_Portsmouth,0.5
2,2005-2006_Bolton_Liverpool,0.5
2,2005-2006_Everton_Charlton,0.5
2,2005-2006_Fulham_Sunderland,0.33
2,2005-2006_Newcastle_Middlesbrough,0.0
2,2005-2006_West Brom_Aston Villa,0.5
2,2005-2006_West Ham_Chelsea,0.5
2,2005-2006_Arsenal_Man United,0.5
2,2005-2006_Man City_Tottenham,0.5
2,2005-2006_Arsenal_Middlesbrough,0.33
2,2005-2006_Aston Villa_West Ham,0.5
2,2005-2006_Blackburn_Bolton,0.33
2,2005-2006_Charlton_Birmingham,0.0
2,2005-2006_Fulham_Newcastle,0.0
2,2005-2006_Liverpool_Tottenham,0.5
2,2005-2006_Man City_Man United,0.5
2,2005-2006_Portsmouth_Everton,0.0
2,2005-2006_Sunderland_Chelsea,0.5
2,2005-2006_Wigan_West Brom,0.5
2,2005-2006_Birmingham_Portsmouth,0.0
2,2005-2006_Bolton_Man City,0.5
2,2005-2006_Everton_Arsenal,0.5
2,2005-2006_Middlesbrough_Wigan,0.25
2,2005-2006_Newcastle_Blackburn,0.0
2,2005-2006_Tottenham_Aston Villa,0.0
2,2005-2006_West Brom_Sunderland,0.0
2,2005-2006_Chelsea_Charlton,0.0
2,2005-2006_Man United_Liverpool,0.5
2,2005-2006_West Ham_Fulham,0.0
2,2005-2006_Charlton_West Brom,0.5
2,2005-2006_Fulham_Tottenham,0.5
2,2005-2006_Sunderland_Middlesbrough,0.0
2,2005-2006_Wigan_Everton,0.5
2,2005-2006_Arsenal_West Ham,0.33
2,2005-2006_Aston Villa_Chelsea,0.0
2,2005-2006_Blackburn_Man United,0.33
2,2005-2006_Liverpool_Birmingham,0.33
2,2005-2006_Man City_Newcastle,0.0
2,2005-2006_Portsmouth_Bolton,0.0
2,2005-2006_Birmingham_Arsenal,0.33
2,2005-2006_Bolton_Wigan,0.0
2,2005-2006_Everton_Man City,0.0
2,2005-2006_Man United_Fulham,0.25
2,2005-2006_Middlesbrough_Aston Villa,0.5
2,2005-2006_Newcastle_Portsmouth,0.0
2,2005-2006_West Brom_Blackburn,0.0
2,2005-2006_West Ham_Sunderland,0.5
2,2005-2006_Chelsea_Liverpool,0.0
2,2005-2006_Tottenham_Charlton,0.0
2,2005-2006_Charlton_Liverpool,0.0
2,2005-2006_Arsenal_Bolton,0.0
2,2005-2006_Aston Villa_Newcastle,0.25
2,2005-2006_Everton_Blackburn,0.25
2,2005-2006_Fulham_West Brom,0.5
2,2005-2006_Middlesbrough_Chelsea,0.5
2,2005-2006_Portsmouth_Man United,0.33
2,2005-2006_Wigan_Liverpool,0.0
2,2005-2006_Man City_Charlton,0.33
2,2005-2006_Sunderland_Tottenham,0.5
2,2005-2006_West Ham_Birmingham,0.33
2,2005-2006_Liverpool_Arsenal,0.33
2,2005-2006_Blackburn_Sunderland,0.5
2,2005-2006_Tottenham_Wigan,0.0
2,2005-2006_Newcastle_Charlton,0.0
2,2005-2006_Birmingham_Sunderland,0.5
2,2005-2006_Blackburn_Arsenal,0.0
2,2005-2006_Charlton_Aston Villa,0.0
2,2005-2006_Chelsea_Portsmouth,0.0
2,2005-2006_Newcastle_Everton,0.33
2,2005-2006_Bolton_Fulham,0.0
2,2005-2006_Liverpool_Man City,0.5
2,2005-2006_West Brom_Middlesbrough,0.5
2,2005-2006_Aston Villa_Portsmouth,0.25
2,2005-2006_Fulham_Arsenal,0.5
2,2005-2006_Liverpool_Charlton,0.33
2,2005-2006_Middlesbrough_Birmingham,0.0
2,2005-2006_Newcastle_Bolton,0.5
2,2005-2006_West Brom_Chelsea,0.0
2,2005-2006_West Ham_Everton,0.5
2,2005-2006_Man City_Sunderland,0.5
2,2005-2006_Tottenham_Blackburn,0.5
2,2005-2006_Wigan_Man United,0.33
2,2005-2006_Birmingham_West Brom,0.0
2,2005-2006_Blackburn_Aston Villa,0.0
2,2005-2006_Bolton_West Ham,0.25
2,2005-2006_Chelsea_Tottenham,0.0
2,2005-2006_Everton_Fulham,0.5
2,2005-2006_Portsmouth_Man City,0.0
2,2005-2006_Sunderland_Wigan,0.0
2,2005-2006_Arsenal_Liverpool,0.5
2,2005-2006_Charlton_Middlesbrough,0.0
2,2005-2006_Man United_Newcastle,0.33
2,2005-2006_Liverpool_Fulham,0.5
2,2005-2006_Arsenal_Charlton,0.0
2,2005-2006_Birmingham_Tottenham,0.0
2,2005-2006_Blackburn_Middlesbrough,0.33
2,2005-2006_Bolton_Sunderland,0.0
2,2005-2006_Everton_Aston Villa,0.33
2,2005-2006_Man City_Wigan,0.0
2,2005-2006_West Brom_Man United,0.5
2,2005-2006_West Ham_Portsmouth,0.33
2,2005-2006_Fulham_Chelsea,0.5
2,2005-2006_Newcastle_Liverpool,0.5
2,2005-2006_Aston Villa_Fulham,0.0
2,2005-2006_Chelsea_Man City,0.5
2,2005-2006_Liverpool_Everton,0.33
2,2005-2006_Sunderland_Blackburn,0.5
2,2005-2006_Wigan_West Ham,0.5
2,2005-2006_Charlton_Newcastle,0.5
2,2005-2006_Man United_Birmingham,0.0
2,2005-2006_Middlesbrough_Bolton,0.5
2,2005-2006_Tottenham_West Brom,0.0
2,2005-2006_Man United_West Ham,0.33
2,2005-2006_Arsenal_Aston Villa,0.25
2,2005-2006_Birmingham_Chelsea,0.0
2,2005-2006_Bolton_Man United,0.5
2,2005-2006_Everton_Sunderland,0.33
2,2005-2006_Fulham_Portsmouth,0.33
2,2005-2006_Newcastle_Tottenham,0.33
2,2005-2006_West Brom_Liverpool,0.0
2,2005-2006_Man City_Middlesbrough,0.0
2,2005-2006_West Ham_Charlton,0.33
2,2005-2006_Blackburn_Wigan,0.33
2,2005-2006_Birmingham_Bolton,0.0
2,2005-2006_Charlton_Everton,0.0
2,2005-2006_Portsmouth_Blackburn,0.5
2,2005-2006_Tottenham_Man City,0.5
2,2005-2006_Wigan_Birmingham,0.33
2,2005-2006_Aston Villa_West Brom,0.0
2,2005-2006_Chelsea_West Ham,0.5
2,2005-2006_Liverpool_Bolton,0.0
2,2005-2006_Man United_Arsenal,0.5
2,2005-2006_Middlesbrough_Newcastle,0.33
2,2005-2006_Portsmouth_Arsenal,0.0
2,2005-2006_Man United_Sunderland,0.33
2,2005-2006_Arsenal_West Brom,0.5
2,2005-2006_Bolton_Chelsea,0.5
2,2005-2006_Everton_Tottenham,0.0
2,2005-2006_Fulham_Charlton,0.0
2,2005-2006_Newcastle_Wigan,0.5
2,2005-2006_Portsmouth_Middlesbrough,0.33
2,2005-2006_West Ham_Man City,0.0
2,2005-2006_Aston Villa_Birmingham,0.5
2,2005-2006_Blackburn_Liverpool,0.0
2,2005-2006_Charlton_Portsmouth,0.25
2,2005-2006_Chelsea_Everton,0.0
2,2005-2006_Middlesbrough_West Ham,0.0
2,2005-2006_Sunderland_Newcastle,0.33
2,2005-2006_Tottenham_Man United,0.33
2,2005-2006_West Brom_Bolton,0.0
2,2005-2006_Wigan_Aston Villa,0.25
2,2005-2006_Birmingham_Blackburn,0.33
2,2005-2006_Arsenal_Tottenham,0.0
2,2005-2006_Bolton_Charlton,0.0
2,2005-2006_Everton_Birmingham,0.0
2,2005-2006_Newcastle_West Brom,0.0
2,2005-2006_Portsmouth_Sunderland,0.33
2,2005-2006_Fulham_Wigan,0.33
2,2005-2006_Aston Villa_Man City,0.5
2,2005-2006_West Ham_Liverpool,0.0
2,2005-2006_Birmingham_Newcastle,0.0
2,2005-2006_Charlton_Blackburn,0.5
2,2005-2006_Chelsea_Man United,0.5
2,2005-2006_Liverpool_Aston Villa,0.0
2,2005-2006_Man City_Fulham,0.5
2,2005-2006_Middlesbrough_Everton,0.0
2,2005-2006_Wigan_Portsmouth,0.25
2,2005-2006_Tottenham_Bolton,0.33
2,2005-2006_Man United_Middlesbrough,0.5
2,2005-2006_Sunderland_Arsenal,0.0
2,2005-2006_West Brom_West Ham,0.33
2,2005-2006_Blackburn_Chelsea,0.0
2,2005-2006_Bolton_Middlesbrough,0.0
2,2005-2006_Man City_Arsenal,0.33
2,2005-2006_Sunderland_Fulham,0.33
2,2005-2006_Arsenal_Wigan,0.5
2,2005-2006_Aston Villa_Sunderland,0.25
2,2005-2006_Blackburn_Man City,0.5
2,2005-2006_Bolton_Birmingham,0.0
2,2005-2006_Everton_West Brom,0.33
2,2005-2006_Fulham_Middlesbrough,0.0
2,2005-2006_Man United_Charlton,0.5
2,2005-2006_Newcastle_Chelsea,0.5
2,2005-2006_Portsmouth_Liverpool,0.0
2,2005-2006_West Ham_Tottenham,0.33
2,2006-2007_Arsenal_Aston Villa,0.5
2,2006-2007_Bolton_Tottenham,0.0
2,2006-2007_Everton_Watford,0.5
2,2006-2007_Newcastle_Wigan,0.5
2,2006-2007_Portsmouth_Blackburn,0.33
2,2006-2007_Reading_Middlesbrough,0.5
2,2006-2007_Sheffield United_Liverpool,0.0
2,2006-2007_West Ham_Charlton,0.5
2,2006-2007_Chelsea_Man City,0.5
2,2006-2007_Man United_Fulham,0.33
2,2006-2007_Tottenham_Sheffield United,0.0
2,2006-2007_Watford_West Ham,0.0
2,2006-2007_Aston Villa_Reading,0.5
2,2006-2007_Blackburn_Everton,0.5
2,2006-2007_Charlton_Man United,0.33
2,2006-2007_Fulham_Bolton,0.0
2,2006-2007_Man City_Portsmouth,0.0
2,2006-2007_Middlesbrough_Chelsea,0.5
2,2006-2007_Charlton_Bolton,0.33
2,2006-2007_Fulham_Sheffield United,0.5
2,2006-2007_Liverpool_West Ham,0.5
2,2006-2007_Man City_Arsenal,0.0
2,2006-2007_Tottenham_Everton,0.0
2,2006-2007_Watford_Man United,0.5
2,2006-2007_Wigan_Reading,0.0
2,2006-2007_Aston Villa_Newcastle,0.5
2,2006-2007_Blackburn_Chelsea,0.0
2,2006-2007_Middlesbrough_Portsmouth,0.5
2,2006-2007_Arsenal_Middlesbrough,0.25
2,2006-2007_Bolton_Watford,0.0
2,2006-2007_Chelsea_Charlton,0.0
2,2006-2007_Everton_Liverpool,0.5
2,2006-2007_Man United_Tottenham,0.0
2,2006-2007_Newcastle_Fulham,0.0
2,2006-2007_Portsmouth_Wigan,0.0
2,2006-2007_Sheffield United_Blackburn,0.5
2,2006-2007_West Ham_Aston Villa,0.0
2,2006-2007_Reading_Man City,0.5
2,2006-2007_Bolton_Middlesbrough,0.33
2,2006-2007_Charlton_Portsmouth,0.33
2,2006-2007_Everton_Wigan,0.33
2,2006-2007_Sheffield United_Reading,0.5
2,2006-2007_Watford_Aston Villa,0.0
2,2006-2007_Blackburn_Man City,0.5
2,2006-2007_Chelsea_Liverpool,0.5
2,2006-2007_Man United_Arsenal,0.5
2,2006-2007_Tottenham_Fulham,0.5
2,2006-2007_West Ham_Newcastle,0.5
2,2006-2007_Liverpool_Newcastle,0.33
2,2006-2007_Arsenal_Sheffield United,0.0
2,2006-2007_Aston Villa_Charlton,0.0
2,2006-2007_Fulham_Chelsea,0.0
2,2006-2007_Liverpool_Tottenham,0.0
2,2006-2007_Man City_West Ham,0.0
2,2006-2007_Middlesbrough_Blackburn,0.5
2,2006-2007_Reading_Man United,0.0
2,2006-2007_Wigan_Watford,0.0
2,2006-2007_Newcastle_Everton,0.25
2,2006-2007_Portsmouth_Bolton,0.0
2,2006-2007_Bolton_Liverpool,0.0
2,2006-2007_Charlton_Arsenal,0.25
2,2006-2007_Chelsea_Aston Villa,0.33
2,2006-2007_Everton_Man City,0.0
2,2006-2007_Sheffield United_Middlesbrough,0.0
2,2006-2007_Blackburn_Wigan,0.5
2,2006-2007_Man United_Newcastle,0.0
2,2006-2007_Tottenham_Portsmouth,0.0
2,2006-2007_West Ham_Reading,0.5
2,2006-2007_Watford_Fulham,0.5
2,2006-2007_Arsenal_Watford,0.0
2,2006-2007_Aston Villa_Tottenham,0.5
2,2006-2007_Liverpool_Blackburn,0.0
2,2006-2007_Man City_Sheffield United,0.0
2,2006-2007_Middlesbrough_Everton,0.33
2,2006-2007_Portsmouth_West Ham,0.5
2,2006-2007_Reading_Chelsea,0.33
2,2006-2007_Wigan_Man United,0.0
2,2006-2007_Newcastle_Bolton,0.5
2,2006-2007_Fulham_Charlton,0.5
2,2006-2007_Aston Villa_Fulham,0.0
2,2006-2007_Charlton_Watford,0.33
2,2006-2007_Chelsea_Portsmouth,0.33
2,2006-2007_Everton_Sheffield United,0.0
2,2006-2007_Wigan_Man City,0.0
2,2006-2007_Blackburn_Bolton,0.33
2,2006-2007_Man United_Liverpool,0.0
2,2006-2007_Middlesbrough_Newcastle,0.33
2,2006-2007_Reading_Arsenal,0.0
2,2006-2007_Tottenham_West Ham,0.33
2,2006-2007_Arsenal_Everton,0.33
2,2006-2007_Bolton_Man United,0.5
2,2006-2007_Fulham_Wigan,0.5
2,2006-2007_Liverpool_Aston Villa,0.33
2,2006-2007_Newcastle_Charlton,0.33
2,2006-2007_Portsmouth_Reading,0.25
2,2006-2007_Sheffield United_Chelsea,0.0
2,2006-2007_Watford_Tottenham,0.0
2,2006-2007_West Ham_Blackburn,0.0
2,2006-2007_Man City_Middlesbrough,0.5
2,2006-2007_Bolton_Wigan,0.0
2,2006-2007_Charlton_Man City,0.5
2,2006-2007_Fulham_Everton,0.0
2,2006-2007_Liverpool_Reading,0.33
2,2006-2007_Man United_Portsmouth,0.33
2,2006-2007_Newcastle_Sheffield United,0.0
2,2006-2007_Watford_Middlesbrough,0.0
2,2006-2007_Aston Villa_Blackburn,0.0
2,2006-2007_Tottenham_Chelsea,0.25
2,2006-2007_West Ham_Arsenal,0.5
2,2006-2007_Blackburn_Man United,0.5
2,2006-2007_Chelsea_Watford,0.0
2,2006-2007_Everton_Aston Villa,0.0
2,2006-2007_Man City_Newcastle,0.5
2,2006-2007_Middlesbrough_West Ham,0.0
2,2006-2007_Portsmouth_Fulham,0.33
2,2006-2007_Sheffield United_Bolton,0.0
2,2006-2007_Wigan_Charlton,0.0
2,2006-2007_Arsenal_Liverpool,0.5
2,2006-2007_Reading_Tottenham,0.0
2,2006-2007_Arsenal_Newcastle,0.5
2,2006-2007_Chelsea_West Ham,0.5
2,2006-2007_Everton_Bolton,0.0
2,2006-2007_Man City_Fulham,0.0
2,2006-2007_Middlesbrough_Liverpool,0.0
2,2006-2007_Portsmouth_Watford,0.5
2,2006-2007_Reading_Charlton,0.0
2,2006-2007_Sheffield United_Man United,0.33
2,2006-2007_Blackburn_Tottenham,0.5
2,2006-2007_Wigan_Aston Villa,0.0
2,2006-2007_Aston Villa_Middlesbrough,0.0
2,2006-2007_Bolton_Arsenal,0.2
2,2006-2007_Charlton_Everton,0.5
2,2006-2007_Fulham_Reading,0.0
2,2006-2007_Liverpool_Man City,0.0
2,2006-2007_West Ham_Sheffield United,0.33
2,2006-2007_Man United_Chelsea,0.0
2,2006-2007_Newcastle_Portsmouth,0.0
2,2006-2007_Tottenham_Wigan,0.5
2,2006-2007_Watford_Sheffield United,0.5
2,2006-2007_Aston Villa_Man City,0.0
2,2006-2007_Bolton_Chelsea,0.5
2,2006-2007_Fulham_Arsenal,0.33
2,2006-2007_Liverpool_Portsmouth,0.0
2,2006-2007_Man United_Everton,0.0
2,2006-2007_Arsenal_Tottenham,0.5
2,2006-2007_Blackburn_Fulham,0.5
2,2006-2007_Middlesbrough_Man United,0.33
2,2006-2007_Portsmouth_Aston Villa,0.25
2,2006-2007_Reading_Bolton,0.5
2,2006-2007_Sheffield United_Charlton,0.33
2,2006-2007_Wigan_Liverpool,0.5
2,2006-2007_Everton_West Ham,0.5
2,2006-2007_Man City_Watford,0.5
2,2006-2007_Charlton_Blackburn,0.5
2,2006-2007_Tottenham_Middlesbrough,0.25
2,2006-2007_Newcastle_Reading,0.5
2,2006-2007_West Ham_Wigan,0.5
2,2006-2007_Blackburn_Newcastle,0.33
2,2006-2007_Bolton_West Ham,0.5
2,2006-2007_Liverpool_Fulham,0.33
2,2006-2007_Man United_Man City,0.25
2,2006-2007_Middlesbrough_Wigan,0.0
2,2006-2007_Portsmouth_Everton,0.5
2,2006-2007_Tottenham_Charlton,0.2
2,2006-2007_Watford_Reading,0.0
2,2006-2007_Chelsea_Arsenal,0.5
2,2006-2007_Sheffield United_Aston Villa,0.5
2,2006-2007_Chelsea_Newcastle,0.5
2,2006-2007_Wigan_Arsenal,0.0
2,2006-2007_Arsenal_Portsmouth,0.0
2,2006-2007_Aston Villa_Bolton,0.0
2,2006-2007_Charlton_Liverpool,0.33
2,2006-2007_Newcastle_Watford,0.0
2,2006-2007_Reading_Blackburn,0.0
2,2006-2007_Wigan_Sheffield United,0.0
2,2006-2007_Everton_Chelsea,0.33
2,2006-2007_Man City_Tottenham,0.0
2,2006-2007_West Ham_Man United,0.5
2,2006-2007_Fulham_Middlesbrough,0.5
2,2006-2007_Arsenal_Blackburn,0.25
2,2006-2007_Aston Villa_Man United,0.5
2,2006-2007_Fulham_West Ham,0.0
2,2006-2007_Liverpool_Watford,0.0
2,2006-2007_Man City_Bolton,0.5
2,2006-2007_Middlesbrough_Charlton,0.33
2,2006-2007_Newcastle_Tottenham,0.33
2,2006-2007_Portsmouth_Sheffield United,0.5
2,2006-2007_Reading_Everton,0.33
2,2006-2007_Wigan_Chelsea,0.33
2,2006-2007_Blackburn_Liverpool,0.5
2,2006-2007_Bolton_Newcastle,0.5
2,2006-2007_Chelsea_Reading,0.0
2,2006-2007_Everton_Middlesbrough,0.0
2,2006-2007_Man United_Wigan,0.0
2,2006-2007_Sheffield United_Man City,0.5
2,2006-2007_Tottenham_Aston Villa,0.0
2,2006-2007_Watford_Arsenal,0.0
2,2006-2007_West Ham_Portsmouth,0.5
2,2006-2007_Charlton_Fulham,0.33
2,2006-2007_Blackburn_Middlesbrough,0.0
2,2006-2007_Bolton_Portsmouth,0.25
2,2006-2007_Charlton_Aston Villa,0.5
2,2006-2007_Chelsea_Fulham,0.5
2,2006-2007_Everton_Newcastle,0.33
2,2006-2007_Man United_Reading,0.33
2,2006-2007_Sheffield United_Arsenal,0.0
2,2006-2007_Tottenham_Liverpool,0.0
2,2006-2007_West Ham_Man City,0.5
2,2006-2007_Fulham_Watford,0.5
2,2006-2007_Liverpool_Bolton,0.5
2,2006-2007_Man City_Everton,0.5
2,2006-2007_Middlesbrough_Sheffield United,0.0
2,2006-2007_Newcastle_Man United,0.5
2,2006-2007_Portsmouth_Tottenham,0.5
2,2006-2007_Reading_West Ham,0.5
2,2006-2007_Wigan_Blackburn,0.5
2,2006-2007_Arsenal_Charlton,0.5
2,2006-2007_Aston Villa_Chelsea,0.5
2,2006-2007_Blackburn_Arsenal,0.5
2,2006-2007_Bolton_Man City,0.0
2,2006-2007_Charlton_Middlesbrough,0.5
2,2006-2007_Chelsea_Wigan,0.5
2,2006-2007_Man United_Aston Villa,0.33
2,2006-2007_Sheffield United_Portsmouth,0.0
2,2006-2007_Watford_Liverpool,0.33
2,2006-2007_West Ham_Fulham,0.25
2,2006-2007_Everton_Reading,0.0
2,2006-2007_Tottenham_Newcastle,0.33
2,2006-2007_Aston Villa_Watford,0.33
2,2006-2007_Fulham_Tottenham,0.33
2,2006-2007_Liverpool_Chelsea,0.0
2,2006-2007_Man City_Blackburn,0.0
2,2006-2007_Middlesbrough_Bolton,0.33
2,2006-2007_Newcastle_West Ham,0.25
2,2006-2007_Portsmouth_Charlton,0.0
2,2006-2007_Reading_Sheffield United,0.5
2,2006-2007_Arsenal_Man United,0.5
2,2006-2007_Wigan_Everton,0.0
2,2006-2007_Watford_Blackburn,0.33
2,2006-2007_Portsmouth_Middlesbrough,0.0
2,2006-2007_Reading_Wigan,0.33
2,2006-2007_Sheffield United_Fulham,0.0
2,2006-2007_West Ham_Liverpool,0.33
2,2006-2007_Bolton_Charlton,0.0
2,2006-2007_Chelsea_Blackburn,0.0
2,2006-2007_Man United_Watford,0.5
2,2006-2007_Newcastle_Aston Villa,0.0
2,2006-2007_Aston Villa_West Ham,0.33
2,2006-2007_Blackburn_Sheffield United,0.33
2,2006-2007_Charlton_Chelsea,0.0
2,2006-2007_Fulham_Newcastle,0.5
2,2006-2007_Liverpool_Everton,0.5
2,2006-2007_Man City_Reading,0.0
2,2006-2007_Middlesbrough_Arsenal,0.0
2,2006-2007_Watford_Bolton,0.0
2,2006-2007_Wigan_Portsmouth,0.0
2,2006-2007_Tottenham_Man United,0.5
2,2006-2007_Chelsea_Middlesbrough,0.0
2,2006-2007_Everton_Blackburn,0.0
2,2006-2007_Man United_Charlton,0.0
2,2006-2007_Newcastle_Liverpool,0.0
2,2006-2007_Portsmouth_Man City,0.25
2,2006-2007_Reading_Aston Villa,0.33
2,2006-2007_Sheffield United_Tottenham,0.25
2,2006-2007_West Ham_Watford,0.33
2,2006-2007_Arsenal_Wigan,0.33
2,2006-2007_Bolton_Fulham,0.5
2,2006-2007_Everton_Tottenham,0.0
2,2006-2007_Watford_Wigan,0.5
2,2006-2007_Charlton_West Ham,0.5
2,2006-2007_Fulham_Man United,0.33
2,2006-2007_Liverpool_Sheffield United,0.0
2,2006-2007_Middlesbrough_Reading,0.0
2,2006-2007_Watford_Everton,0.5
2,2006-2007_Blackburn_Portsmouth,0.5
2,2006-2007_Tottenham_Bolton,0.33
2,2006-2007_Wigan_Newcastle,0.33
2,2006-2007_Arsenal_Reading,0.33
2,2006-2007_Fulham_Aston Villa,0.0
2,2006-2007_Liverpool_Man United,0.5
2,2006-2007_Man City_Wigan,0.0
2,2006-2007_Newcastle_Middlesbrough,0.0
2,2006-2007_Portsmouth_Chelsea,0.0
2,2006-2007_Sheffield United_Everton,0.0
2,2006-2007_Watford_Charlton,0.5
2,2006-2007_Bolton_Blackburn,0.0
2,2006-2007_West Ham_Tottenham,0.33
2,2006-2007_Aston Villa_Arsenal,0.0
2,2006-2007_Man City_Chelsea,0.0
2,2006-2007_Blackburn_West Ham,0.25
2,2006-2007_Chelsea_Sheffield United,0.0
2,2006-2007_Man United_Bolton,0.5
2,2006-2007_Middlesbrough_Man City,0.5
2,2006-2007_Reading_Portsmouth,0.0
2,2006-2007_Tottenham_Watford,0.0
2,2006-2007_Wigan_Fulham,0.0
2,2006-2007_Aston Villa_Liverpool,0.0
2,2006-2007_Charlton_Newcastle,0.0
2,2006-2007_Everton_Arsenal,0.5
2,2006-2007_Bolton_Sheffield United,0.5
2,2006-2007_Charlton_Wigan,0.0
2,2006-2007_Fulham_Portsmouth,0.0
2,2006-2007_Liverpool_Arsenal,0.5
2,2006-2007_Man United_Blackburn,0.33
2,2006-2007_Newcastle_Man City,0.5
2,2006-2007_Watford_Chelsea,0.5
2,2006-2007_West Ham_Middlesbrough,0.0
2,2006-2007_Tottenham_Reading,0.0
2,2006-2007_Aston Villa_Everton,0.33
2,2006-2007_Everton_Fulham,0.33
2,2006-2007_Man City_Charlton,0.33
2,2006-2007_Arsenal_West Ham,0.33
2,2006-2007_Blackburn_Aston Villa,0.0
2,2006-2007_Chelsea_Tottenham,0.5
2,2006-2007_Middlesbrough_Watford,0.33
2,2006-2007_Portsmouth_Man United,0.5
2,2006-2007_Reading_Liverpool,0.0
2,2006-2007_Sheffield United_Newcastle,0.5
2,2006-2007_Wigan_Bolton,0.5
2,2006-2007_Aston Villa_Wigan,0.33
2,2006-2007_Bolton_Everton,0.0
2,2006-2007_Charlton_Reading,0.0
2,2006-2007_Fulham_Man City,0.5
2,2006-2007_Newcastle_Arsenal,0.0
2,2006-2007_Watford_Portsmouth,0.5
2,2006-2007_Arsenal_Bolton,0.5
2,2006-2007_Man City_Liverpool,0.5
2,2006-2007_Middlesbrough_Aston Villa,0.0
2,2006-2007_Portsmouth_Newcastle,0.33
2,2006-2007_Reading_Fulham,0.5
2,2006-2007_Sheffield United_West Ham,0.5
2,2006-2007_Everton_Charlton,0.5
2,2006-2007_Wigan_Tottenham,0.33
2,2006-2007_Arsenal_Man City,0.0
2,2006-2007_Man United_Sheffield United,0.5
2,2006-2007_Blackburn_Watford,0.0
2,2006-2007_Liverpool_Middlesbrough,0.0
2,2006-2007_West Ham_Chelsea,0.25
2,2006-2007_Bolton_Reading,0.33
2,2006-2007_Charlton_Sheffield United,0.5
2,2006-2007_Fulham_Blackburn,0.25
2,2006-2007_Liverpool_Wigan,0.33
2,2006-2007_Man United_Middlesbrough,0.25
2,2006-2007_Tottenham_Arsenal,0.5
2,2006-2007_Watford_Man City,0.0
2,2006-2007_West Ham_Everton,0.5
2,2006-2007_Aston Villa_Portsmouth,0.33
2,2006-2007_Newcastle_Chelsea,0.0
2,2006-2007_Blackburn_Charlton,0.5
2,2006-2007_Chelsea_Bolton,0.0
2,2006-2007_Everton_Man United,0.25
2,2006-2007_Man City_Aston Villa,0.33
2,2006-2007_Middlesbrough_Tottenham,0.5
2,2006-2007_Portsmouth_Liverpool,0.0
2,2006-2007_Sheffield United_Watford,0.0
2,2006-2007_Wigan_West Ham,0.0
2,2006-2007_Arsenal_Fulham,0.33
2,2006-2007_Reading_Newcastle,0.25
2,2006-2007_Aston Villa_Sheffield United,0.33
2,2006-2007_Everton_Portsmouth,0.25
2,2006-2007_Fulham_Liverpool,0.33
2,2006-2007_Man City_Man United,0.0
2,2006-2007_Newcastle_Blackburn,0.5
2,2006-2007_Reading_Watford,0.33
2,2006-2007_West Ham_Bolton,0.5
2,2006-2007_Wigan_Middlesbrough,0.5
2,2006-2007_Arsenal_Chelsea,0.0
2,2006-2007_Charlton_Tottenham,0.0
2,2006-2007_Chelsea_Man United,0.5
2,2006-2007_Tottenham_Blackburn,0.5
2,2006-2007_Blackburn_Reading,0.2
2,2006-2007_Bolton_Aston Villa,0.0
2,2006-2007_Chelsea_Everton,0.0
2,2006-2007_Liverpool_Charlton,0.33
2,2006-2007_Man United_West Ham,0.33
2,2006-2007_Middlesbrough_Fulham,0.33
2,2006-2007_Portsmouth_Arsenal,0.0
2,2006-2007_Sheffield United_Wigan,0.33
2,2006-2007_Tottenham_Man City,0.0
2,2006-2007_Watford_Newcastle,0.5
2,2007-2008_Aston Villa_Liverpool,0.33
2,2007-2008_Bolton_Newcastle,0.0
2,2007-2008_Derby_Portsmouth,0.5
2,2007-2008_Everton_Wigan,0.0
2,2007-2008_Middlesbrough_Blackburn,0.33
2,2007-2008_Sunderland_Tottenham,0.0
2,2007-2008_West Ham_Man City,0.5
2,2007-2008_Arsenal_Fulham,0.2
2,2007-2008_Chelsea_Birmingham,0.5
2,2007-2008_Man United_Reading,0.5
2,2007-2008_Tottenham_Everton,0.33
2,2007-2008_Birmingham_Sunderland,0.0
2,2007-2008_Fulham_Bolton,0.5
2,2007-2008_Man City_Derby,0.0
2,2007-2008_Portsmouth_Man United,0.2
2,2007-2008_Reading_Chelsea,0.25
2,2007-2008_Wigan_Middlesbrough,0.5
2,2007-2008_Birmingham_West Ham,0.5
2,2007-2008_Fulham_Middlesbrough,0.5
2,2007-2008_Newcastle_Aston Villa,0.0
2,2007-2008_Portsmouth_Bolton,0.33
2,2007-2008_Reading_Everton,0.5
2,2007-2008_Tottenham_Derby,0.33
2,2007-2008_Wigan_Sunderland,0.0
2,2007-2008_Blackburn_Arsenal,0.5
2,2007-2008_Liverpool_Chelsea,0.5
2,2007-2008_Man City_Man United,0.0
2,2007-2008_Arsenal_Man City,0.0
2,2007-2008_Aston Villa_Fulham,0.33
2,2007-2008_Bolton_Reading,0.5
2,2007-2008_Chelsea_Portsmouth,0.33
2,2007-2008_Derby_Birmingham,0.5
2,2007-2008_Everton_Blackburn,0.0
2,2007-2008_Sunderland_Liverpool,0.0
2,2007-2008_West Ham_Wigan,0.5
2,2007-2008_Man United_Tottenham,0.5
2,2007-2008_Middlesbrough_Newcastle,0.5
2,2007-2008_Bolton_Everton,0.33
2,2007-2008_Fulham_Tottenham,0.25
2,2007-2008_Liverpool_Derby,0.5
2,2007-2008_Man United_Sunderland,0.0
2,2007-2008_Middlesbrough_Birmingham,0.5
2,2007-2008_Newcastle_Wigan,0.33
2,2007-2008_Reading_West Ham,0.33
2,2007-2008_Arsenal_Portsmouth,0.33
2,2007-2008_Aston Villa_Chelsea,0.5
2,2007-2008_Blackburn_Man City,0.5
2,2007-2008_Birmingham_Bolton,0.0
2,2007-2008_Chelsea_Blackburn,0.0
2,2007-2008_Everton_Man United,0.0
2,2007-2008_Portsmouth_Liverpool,0.5
2,2007-2008_Sunderland_Reading,0.5
2,2007-2008_Tottenham_Arsenal,0.33
2,2007-2008_West Ham_Middlesbrough,0.5
2,2007-2008_Wigan_Fulham,0.33
2,2007-2008_Man City_Aston Villa,0.33
2,2007-2008_Derby_Newcastle,0.0
2,2007-2008_Arsenal_Derby,0.0
2,2007-2008_Fulham_Man City,0.5
2,2007-2008_Liverpool_Birmingham,0.0
2,2007-2008_Middlesbrough_Sunderland,0.33
2,2007-2008_Reading_Wigan,0.33
2,2007-2008_Aston Villa_Everton,0.0
2,2007-2008_Blackburn_Portsmouth,0.5
2,2007-2008_Bolton_Tottenham,0.0
2,2007-2008_Man United_Chelsea,0.5
2,2007-2008_Newcastle_West Ham,0.5
2,2007-2008_Birmingham_Man United,0.0
2,2007-2008_Chelsea_Fulham,0.0
2,2007-2008_Derby_Bolton,0.5
2,2007-2008_Man City_Newcastle,0.33
2,2007-2008_Portsmouth_Reading,0.25
2,2007-2008_Sunderland_Blackburn,0.33
2,2007-2008_West Ham_Arsenal,0.5
2,2007-2008_Wigan_Liverpool,0.0
2,2007-2008_Everton_Middlesbrough,0.5
2,2007-2008_Tottenham_Aston Villa,0.25
2,2007-2008_Aston Villa_West Ham,0.0
2,2007-2008_Man United_Wigan,0.33
2,2007-2008_Arsenal_Sunderland,0.33
2,2007-2008_Blackburn_Birmingham,0.0
2,2007-2008_Bolton_Chelsea,0.5
2,2007-2008_Fulham_Portsmouth,0.33
2,2007-2008_Liverpool_Tottenham,0.33
2,2007-2008_Man City_Middlesbrough,0.33
2,2007-2008_Newcastle_Everton,0.5
2,2007-2008_Reading_Derby,0.0
2,2007-2008_Arsenal_Bolton,0.5
2,2007-2008_Aston Villa_Man United,0.25
2,2007-2008_Blackburn_Reading,0.25
2,2007-2008_Everton_Liverpool,0.25
2,2007-2008_Fulham_Derby,0.5
2,2007-2008_Man City_Birmingham,0.5
2,2007-2008_Middlesbrough_Chelsea,0.0
2,2007-2008_Wigan_Portsmouth,0.0
2,2007-2008_West Ham_Sunderland,0.33
2,2007-2008_Newcastle_Tottenham,0.5
2,2007-2008_Birmingham_Wigan,0.5
2,2007-2008_Chelsea_Man City,0.5
2,2007-2008_Man United_Middlesbrough,0.5
2,2007-2008_Portsmouth_West Ham,0.33
2,2007-2008_Reading_Newcastle,0.0
2,2007-2008_Sunderland_Fulham,0.33
2,2007-2008_Bolton_Aston Villa,0.5
2,2007-2008_Derby_Everton,0.0
2,2007-2008_Liverpool_Arsenal,0.5
2,2007-2008_Tottenham_Blackburn,0.33
2,2007-2008_Arsenal_Man United,0.5
2,2007-2008_Aston Villa_Derby,0.5
2,2007-2008_Blackburn_Liverpool,0.0
2,2007-2008_Everton_Birmingham,0.0
2,2007-2008_Fulham_Reading,0.33
2,2007-2008_Middlesbrough_Tottenham,0.0
2,2007-2008_Newcastle_Portsmouth,0.5
2,2007-2008_Wigan_Chelsea,0.0
2,2007-2008_West Ham_Bolton,0.0
2,2007-2008_Man City_Sunderland,0.0
2,2007-2008_Derby_West Ham,0.5
2,2007-2008_Liverpool_Fulham,0.0
2,2007-2008_Sunderland_Newcastle,0.5
2,2007-2008_Birmingham_Aston Villa,0.5
2,2007-2008_Bolton_Middlesbrough,0.0
2,2007-2008_Chelsea_Everton,0.5
2,2007-2008_Man United_Blackburn,0.25
2,2007-2008_Portsmouth_Man City,0.33
2,2007-2008_Tottenham_Wigan,0.5
2,2007-2008_Reading_Arsenal,0.5
2,2007-2008_Arsenal_Wigan,0.5
2,2007-2008_Birmingham_Portsmouth,0.5
2,2007-2008_Bolton_Man United,0.0
2,2007-2008_Derby_Chelsea,0.5
2,2007-2008_Everton_Sunderland,0.25
2,2007-2008_Man City_Reading,0.0
2,2007-2008_Middlesbrough_Aston Villa,0.5
2,2007-2008_Newcastle_Liverpool,0.0
2,2007-2008_Fulham_Blackburn,0.0
2,2007-2008_West Ham_Tottenham,0.25
2,2007-2008_Blackburn_Aston Villa,0.0
2,2007-2008_Aston Villa_Arsenal,0.5
2,2007-2008_Blackburn_Newcastle,0.5
2,2007-2008_Chelsea_West Ham,0.5
2,2007-2008_Portsmouth_Everton,0.0
2,2007-2008_Reading_Middlesbrough,0.0
2,2007-2008_Sunderland_Derby,0.33
2,2007-2008_Wigan_Man City,0.5
2,2007-2008_Liverpool_Bolton,0.5
2,2007-2008_Tottenham_Birmingham,0.25
2,2007-2008_Man United_Fulham,0.0
2,2007-2008_Newcastle_Arsenal,0.0
2,2007-2008_Aston Villa_Portsmouth,0.25
2,2007-2008_Chelsea_Sunderland,0.0
2,2007-2008_Everton_Fulham,0.33
2,2007-2008_Man United_Derby,0.33
2,2007-2008_Newcastle_Birmingham,0.0
2,2007-2008_Reading_Liverpool,0.0
2,2007-2008_Blackburn_West Ham,0.33
2,2007-2008_Bolton_Wigan,0.33
2,2007-2008_Middlesbrough_Arsenal,0.5
2,2007-2008_Tottenham_Man City,0.5
2,2007-2008_Birmingham_Reading,0.5
2,2007-2008_Derby_Middlesbrough,0.0
2,2007-2008_Fulham_Newcastle,0.0
2,2007-2008_Man City_Bolton,0.33
2,2007-2008_Portsmouth_Tottenham,0.0
2,2007-2008_Sunderland_Aston Villa,0.5
2,2007-2008_West Ham_Everton,0.0
2,2007-2008_Wigan_Blackburn,0.25
2,2007-2008_Arsenal_Chelsea,0.5
2,2007-2008_Liverpool_Man United,0.0
2,2007-2008_Arsenal_Tottenham,0.5
2,2007-2008_Aston Villa_Man City,0.5
2,2007-2008_Bolton_Birmingham,0.5
2,2007-2008_Fulham_Wigan,0.0
2,2007-2008_Liverpool_Portsmouth,0.5
2,2007-2008_Middlesbrough_West Ham,0.5
2,2007-2008_Reading_Sunderland,0.5
2,2007-2008_Blackburn_Chelsea,0.5
2,2007-2008_Man United_Everton,0.5
2,2007-2008_Newcastle_Derby,0.33
2,2007-2008_Birmingham_Middlesbrough,0.33
2,2007-2008_Chelsea_Aston Villa,0.33
2,2007-2008_Derby_Liverpool,0.33
2,2007-2008_Everton_Bolton,0.0
2,2007-2008_Portsmouth_Arsenal,0.0
2,2007-2008_Sunderland_Man United,0.5
2,2007-2008_Tottenham_Fulham,0.33
2,2007-2008_West Ham_Reading,0.33
2,2007-2008_Wigan_Newcastle,0.5
2,2007-2008_Man City_Blackburn,0.0
2,2007-2008_Birmingham_Fulham,0.5
2,2007-2008_Chelsea_Newcastle,0.0
2,2007-2008_Everton_Arsenal,0.25
2,2007-2008_Portsmouth_Middlesbrough,0.0
2,2007-2008_Sunderland_Bolton,0.0
2,2007-2008_Tottenham_Reading,0.5
2,2007-2008_West Ham_Man United,0.0
2,2007-2008_Wigan_Aston Villa,0.0
2,2007-2008_Derby_Blackburn,0.5
2,2007-2008_Man City_Liverpool,0.0
2,2007-2008_Arsenal_West Ham,0.5
2,2007-2008_Aston Villa_Tottenham,0.0
2,2007-2008_Fulham_Chelsea,0.0
2,2007-2008_Man United_Birmingham,0.0
2,2007-2008_Middlesbrough_Everton,0.0
2,2007-2008_Reading_Portsmouth,0.5
2,2007-2008_Blackburn_Sunderland,0.33
2,2007-2008_Bolton_Derby,0.5
2,2007-2008_Liverpool_Wigan,0.0
2,2007-2008_Newcastle_Man City,0.5
2,2007-2008_Arsenal_Birmingham,0.5
2,2007-2008_Aston Villa_Reading,0.33
2,2007-2008_Chelsea_Tottenham,0.5
2,2007-2008_Derby_Wigan,0.0
2,2007-2008_Everton_Man City,0.0
2,2007-2008_Man United_Newcastle,0.33
2,2007-2008_Middlesbrough_Liverpool,0.0
2,2007-2008_West Ham_Fulham,0.33
2,2007-2008_Bolton_Blackburn,0.0
2,2007-2008_Sunderland_Portsmouth,0.0
2,2007-2008_Birmingham_Chelsea,0.25
2,2007-2008_Blackburn_Middlesbrough,0.5
2,2007-2008_Fulham_Arsenal,0.0
2,2007-2008_Newcastle_Bolton,0.0
2,2007-2008_Portsmouth_Derby,0.5
2,2007-2008_Reading_Man United,0.33
2,2007-2008_Tottenham_Sunderland,0.5
2,2007-2008_Man City_West Ham,0.33
2,2007-2008_Wigan_Everton,0.5
2,2007-2008_Liverpool_Aston Villa,0.5
2,2007-2008_Aston Villa_Blackburn,0.0
2,2007-2008_Arsenal_Newcastle,0.0
2,2007-2008_Bolton_Fulham,0.0
2,2007-2008_Middlesbrough_Wigan,0.0
2,2007-2008_Sunderland_Birmingham,0.0
2,2007-2008_Chelsea_Reading,0.33
2,2007-2008_Derby_Man City,0.0
2,2007-2008_Everton_Tottenham,0.0
2,2007-2008_Man United_Portsmouth,0.0
2,2007-2008_West Ham_Liverpool,0.5
2,2007-2008_Birmingham_Derby,0.5
2,2007-2008_Blackburn_Everton,0.5
2,2007-2008_Liverpool_Sunderland,0.0
2,2007-2008_Man City_Arsenal,0.0
2,2007-2008_Portsmouth_Chelsea,0.33
2,2007-2008_Reading_Bolton,0.0
2,2007-2008_Tottenham_Man United,0.25
2,2007-2008_Wigan_West Ham,0.0
2,2007-2008_Fulham_Aston Villa,0.0
2,2007-2008_Newcastle_Middlesbrough,0.33
2,2007-2008_Aston Villa_Newcastle,0.5
2,2007-2008_Bolton_Portsmouth,0.0
2,2007-2008_Derby_Tottenham,0.5
2,2007-2008_Everton_Reading,0.33
2,2007-2008_Middlesbrough_Fulham,0.0
2,2007-2008_Sunderland_Wigan,0.33
2,2007-2008_West Ham_Birmingham,0.5
2,2007-2008_Chelsea_Liverpool,0.0
2,2007-2008_Man United_Man City,0.33
2,2007-2008_Arsenal_Blackburn,0.0
2,2007-2008_Birmingham_Arsenal,0.5
2,2007-2008_Fulham_West Ham,0.5
2,2007-2008_Liverpool_Middlesbrough,0.5
2,2007-2008_Newcastle_Man United,0.5
2,2007-2008_Portsmouth_Sunderland,0.0
2,2007-2008_Wigan_Derby,0.25
2,2007-2008_Blackburn_Bolton,0.33
2,2007-2008_Reading_Aston Villa,0.33
2,2007-2008_Man City_Everton,0.5
2,2007-2008_Arsenal_Aston Villa,0.5
2,2007-2008_Birmingham_Tottenham,0.33
2,2007-2008_Derby_Sunderland,0.5
2,2007-2008_Fulham_Man United,0.5
2,2007-2008_Man City_Wigan,0.0
2,2007-2008_Middlesbrough_Reading,0.33
2,2007-2008_Newcastle_Blackburn,0.33
2,2007-2008_West Ham_Chelsea,0.5
2,2007-2008_Bolton_Liverpool,0.0
2,2007-2008_Everton_Portsmouth,0.0
2,2007-2008_Liverpool_West Ham,0.5
2,2007-2008_Blackburn_Fulham,0.0
2,2007-2008_Liverpool_Newcastle,0.33
2,2007-2008_Reading_Man City,0.0
2,2007-2008_Sunderland_Everton,0.0
2,2007-2008_Tottenham_West Ham,0.33
2,2007-2008_Wigan_Arsenal,0.0
2,2007-2008_Aston Villa_Middlesbrough,0.0
2,2007-2008_Chelsea_Derby,0.33
2,2007-2008_Portsmouth_Birmingham,0.5
2,2007-2008_Arsenal_Middlesbrough,0.0
2,2007-2008_Derby_Man United,0.33
2,2007-2008_Liverpool_Reading,0.5
2,2007-2008_Portsmouth_Aston Villa,0.33
2,2007-2008_Sunderland_Chelsea,0.0
2,2007-2008_West Ham_Blackburn,0.5
2,2007-2008_Fulham_Everton,0.0
2,2007-2008_Man City_Tottenham,0.0
2,2007-2008_Wigan_Bolton,0.5
2,2007-2008_Birmingham_Newcastle,0.5
2,2007-2008_Man United_Bolton,0.33
2,2007-2008_Tottenham_Chelsea,0.33
2,2007-2008_Aston Villa_Sunderland,0.0
2,2007-2008_Blackburn_Wigan,0.33
2,2007-2008_Bolton_Man City,0.33
2,2007-2008_Everton_West Ham,0.0
2,2007-2008_Middlesbrough_Derby,0.0
2,2007-2008_Newcastle_Fulham,0.0
2,2007-2008_Reading_Birmingham,0.33
2,2007-2008_Tottenham_Portsmouth,0.0
2,2007-2008_Chelsea_Arsenal,0.5
2,2007-2008_Man United_Liverpool,0.33
2,2007-2008_Birmingham_Man City,0.5
2,2007-2008_Bolton_Arsenal,0.25
2,2007-2008_Derby_Fulham,0.33
2,2007-2008_Man United_Aston Villa,0.5
2,2007-2008_Portsmouth_Wigan,0.0
2,2007-2008_Reading_Blackburn,0.33
2,2007-2008_Sunderland_West Ham,0.5
2,2007-2008_Chelsea_Middlesbrough,0.0
2,2007-2008_Liverpool_Everton,0.0
2,2007-2008_Tottenham_Newcastle,0.33
2,2007-2008_Arsenal_Liverpool,0.0
2,2007-2008_Aston Villa_Bolton,0.0
2,2007-2008_Blackburn_Tottenham,0.5
2,2007-2008_Fulham_Sunderland,0.0
2,2007-2008_Man City_Chelsea,0.0
2,2007-2008_Newcastle_Reading,0.33
2,2007-2008_Wigan_Birmingham,0.0
2,2007-2008_Everton_Derby,0.5
2,2007-2008_Middlesbrough_Man United,0.33
2,2007-2008_West Ham_Portsmouth,0.33
2,2007-2008_Birmingham_Everton,0.33
2,2007-2008_Bolton_West Ham,0.33
2,2007-2008_Derby_Aston Villa,0.5
2,2007-2008_Portsmouth_Newcastle,0.33
2,2007-2008_Reading_Fulham,0.0
2,2007-2008_Sunderland_Man City,0.5
2,2007-2008_Tottenham_Middlesbrough,0.5
2,2007-2008_Liverpool_Blackburn,0.5
2,2007-2008_Man United_Arsenal,0.25
2,2007-2008_Chelsea_Wigan,0.0
2,2007-2008_Everton_Chelsea,0.0
2,2007-2008_Arsenal_Reading,0.5
2,2007-2008_Blackburn_Man United,0.0
2,2007-2008_Fulham_Liverpool,0.0
2,2007-2008_Middlesbrough_Bolton,0.33
2,2007-2008_West Ham_Derby,0.5
2,2007-2008_Wigan_Tottenham,0.0
2,2007-2008_Aston Villa_Birmingham,0.25
2,2007-2008_Man City_Portsmouth,0.5
2,2007-2008_Newcastle_Sunderland,0.5
2,2007-2008_Birmingham_Liverpool,0.5
2,2007-2008_Chelsea_Man United,0.33
2,2007-2008_Man City_Fulham,0.5
2,2007-2008_Sunderland_Middlesbrough,0.5
2,2007-2008_Tottenham_Bolton,0.5
2,2007-2008_West Ham_Newcastle,0.5
2,2007-2008_Wigan_Reading,0.5
2,2007-2008_Everton_Aston Villa,0.33
2,2007-2008_Portsmouth_Blackburn,0.33
2,2007-2008_Derby_Arsenal,0.25
2,2007-2008_Aston Villa_Wigan,0.0
2,2007-2008_Blackburn_Derby,0.33
2,2007-2008_Bolton_Sunderland,0.0
2,2007-2008_Fulham_Birmingham,0.33
2,2007-2008_Man United_West Ham,0.5
2,2007-2008_Middlesbrough_Portsmouth,0.0
2,2007-2008_Reading_Tottenham,0.0
2,2007-2008_Arsenal_Everton,0.0
2,2007-2008_Liverpool_Man City,0.25
2,2007-2008_Newcastle_Chelsea,0.0
2,2007-2008_Birmingham_Blackburn,0.5
2,2007-2008_Chelsea_Bolton,0.0
2,2007-2008_Derby_Reading,0.0
2,2007-2008_Everton_Newcastle,0.0
2,2007-2008_Middlesbrough_Man City,0.5
2,2007-2008_Portsmouth_Fulham,0.0
2,2007-2008_Sunderland_Arsenal,0.0
2,2007-2008_Tottenham_Liverpool,0.0
2,2007-2008_West Ham_Aston Villa,0.33
2,2007-2008_Wigan_Man United,0.5
2,2008-2009_Arsenal_West Brom,0.33
2,2008-2009_Bolton_Stoke,0.5
2,2008-2009_Everton_Blackburn,0.5
2,2008-2009_Hull_Fulham,0.0
2,2008-2009_Middlesbrough_Tottenham,0.5
2,2008-2009_Sunderland_Liverpool,0.0
2,2008-2009_West Ham_Wigan,0.5
2,2008-2009_Aston Villa_Man City,0.25
2,2008-2009_Chelsea_Portsmouth,0.33
2,2008-2009_Man United_Newcastle,0.5
2,2008-2009_Blackburn_Hull,0.0
2,2008-2009_Fulham_Arsenal,0.0
2,2008-2009_Liverpool_Middlesbrough,0.5
2,2008-2009_Newcastle_Bolton,0.0
2,2008-2009_Stoke_Aston Villa,0.0
2,2008-2009_Tottenham_Sunderland,0.33
2,2008-2009_West Brom_Everton,0.5
2,2008-2009_Man City_West Ham,0.0
2,2008-2009_Wigan_Chelsea,0.0
2,2008-2009_Portsmouth_Man United,0.0
2,2008-2009_Arsenal_Newcastle,0.5
2,2008-2009_Bolton_West Brom,0.5
2,2008-2009_Everton_Portsmouth,0.0
2,2008-2009_Hull_Wigan,0.0
2,2008-2009_Middlesbrough_Stoke,0.33
2,2008-2009_West Ham_Blackburn,0.2
2,2008-2009_Aston Villa_Liverpool,0.0
2,2008-2009_Chelsea_Tottenham,0.0
2,2008-2009_Sunderland_Man City,0.5
2,2008-2009_Blackburn_Arsenal,0.5
2,2008-2009_Fulham_Bolton,0.25
2,2008-2009_Liverpool_Man United,0.5
2,2008-2009_Man City_Chelsea,0.5
2,2008-2009_Newcastle_Hull,0.5
2,2008-2009_Portsmouth_Middlesbrough,0.5
2,2008-2009_West Brom_West Ham,0.33
2,2008-2009_Wigan_Sunderland,0.0
2,2008-2009_Stoke_Everton,0.33
2,2008-2009_Tottenham_Aston Villa,0.25
2,2008-2009_Blackburn_Fulham,0.0
2,2008-2009_Bolton_Arsenal,0.25
2,2008-2009_Liverpool_Stoke,0.25
2,2008-2009_Sunderland_Middlesbrough,0.5
2,2008-2009_West Ham_Newcastle,0.5
2,2008-2009_Chelsea_Man United,0.25
2,2008-2009_Hull_Everton,0.5
2,2008-2009_Man City_Portsmouth,0.25
2,2008-2009_Tottenham_Wigan,0.0
2,2008-2009_West Brom_Aston Villa,0.33
2,2008-2009_Arsenal_Hull,0.5
2,2008-2009_Aston Villa_Sunderland,0.0
2,2008-2009_Everton_Liverpool,0.33
2,2008-2009_Fulham_West Ham,0.33
2,2008-2009_Man United_Bolton,0.5
2,2008-2009_Middlesbrough_West Brom,0.33
2,2008-2009_Newcastle_Blackburn,0.0
2,2008-2009_Stoke_Chelsea,0.0
2,2008-2009_Portsmouth_Tottenham,0.5
2,2008-2009_Wigan_Man City,0.5
2,2008-2009_Blackburn_Man United,0.0
2,2008-2009_Sunderland_Arsenal,0.5
2,2008-2009_West Brom_Fulham,0.5
2,2008-2009_Wigan_Middlesbrough,0.0
2,2008-2009_Chelsea_Aston Villa,0.5
2,2008-2009_Everton_Newcastle,0.5
2,2008-2009_Man City_Liverpool,0.5
2,2008-2009_Portsmouth_Stoke,0.5
2,2008-2009_Tottenham_Hull,0.33
2,2008-2009_West Ham_Bolton,0.2
2,2008-2009_Arsenal_Everton,0.25
2,2008-2009_Aston Villa_Portsmouth,0.5
2,2008-2009_Bolton_Blackburn,0.5
2,2008-2009_Fulham_Sunderland,0.33
2,2008-2009_Liverpool_Wigan,0.5
2,2008-2009_Man United_West Brom,0.25
2,2008-2009_Middlesbrough_Chelsea,0.33
2,2008-2009_Hull_West Ham,0.5
2,2008-2009_Stoke_Tottenham,0.5
2,2008-2009_Newcastle_Man City,0.25
2,2008-2009_Blackburn_Middlesbrough,0.0
2,2008-2009_Everton_Man United,0.33
2,2008-2009_Sunderland_Newcastle,0.5
2,2008-2009_West Brom_Hull,0.5
2,2008-2009_Chelsea_Liverpool,0.5
2,2008-2009_Man City_Stoke,0.33
2,2008-2009_Portsmouth_Fulham,0.33
2,2008-2009_Tottenham_Bolton,0.0
2,2008-2009_West Ham_Arsenal,0.25
2,2008-2009_Wigan_Aston Villa,0.5
2,2008-2009_Newcastle_West Brom,0.5
2,2008-2009_Arsenal_Tottenham,0.33
2,2008-2009_Aston Villa_Blackburn,0.0
2,2008-2009_Bolton_Everton,0.0
2,2008-2009_Fulham_Wigan,0.0
2,2008-2009_Hull_Chelsea,0.33
2,2008-2009_Liverpool_Portsmouth,0.5
2,2008-2009_Man United_West Ham,0.5
2,2008-2009_Middlesbrough_Man City,0.5
2,2008-2009_Stoke_Sunderland,0.5
2,2008-2009_Chelsea_Sunderland,0.0
2,2008-2009_Everton_Fulham,0.0
2,2008-2009_Man United_Hull,0.33
2,2008-2009_Middlesbrough_West Ham,0.5
2,2008-2009_Portsmouth_Wigan,0.5
2,2008-2009_Stoke_Arsenal,0.5
2,2008-2009_Tottenham_Liverpool,0.5
2,2008-2009_West Brom_Blackburn,0.33
2,2008-2009_Bolton_Man City,0.0
2,2008-2009_Newcastle_Aston Villa,0.5
2,2008-2009_Arsenal_Man United,0.33
2,2008-2009_Hull_Bolton,0.5
2,2008-2009_Liverpool_West Brom,0.0
2,2008-2009_Sunderland_Portsmouth,0.0
2,2008-2009_West Ham_Everton,0.33
2,2008-2009_Wigan_Stoke,0.5
2,2008-2009_Aston Villa_Middlesbrough,0.5
2,2008-2009_Blackburn_Chelsea,0.5
2,2008-2009_Fulham_Newcastle,0.0
2,2008-2009_Man City_Tottenham,0.5
2,2008-2009_Arsenal_Aston Villa,0.5
2,2008-2009_Blackburn_Sunderland,0.25
2,2008-2009_Bolton_Liverpool,0.33
2,2008-2009_Fulham_Tottenham,0.0
2,2008-2009_Man United_Stoke,0.5
2,2008-2009_Newcastle_Wigan,0.25
2,2008-2009_West Brom_Chelsea,0.5
2,2008-2009_West Ham_Portsmouth,0.33
2,2008-2009_Everton_Middlesbrough,0.5
2,2008-2009_Hull_Man City,0.5
2,2008-2009_Aston Villa_Man United,0.0
2,2008-2009_Chelsea_Newcastle,0.0
2,2008-2009_Liverpool_Fulham,0.0
2,2008-2009_Man City_Arsenal,0.0
2,2008-2009_Middlesbrough_Bolton,0.33
2,2008-2009_Portsmouth_Hull,0.5
2,2008-2009_Stoke_West Brom,0.0
2,2008-2009_Sunderland_West Ham,0.0
2,2008-2009_Tottenham_Blackburn,0.5
2,2008-2009_Wigan_Everton,0.0
2,2008-2009_Aston Villa_Fulham,0.0
2,2008-2009_Middlesbrough_Newcastle,0.0
2,2008-2009_Stoke_Hull,0.0
2,2008-2009_Sunderland_Bolton,0.5
2,2008-2009_Wigan_West Brom,0.33
2,2008-2009_Chelsea_Arsenal,0.0
2,2008-2009_Man City_Man United,0.5
2,2008-2009_Portsmouth_Blackburn,0.33
2,2008-2009_Tottenham_Everton,0.0
2,2008-2009_Liverpool_West Ham,0.25
2,2008-2009_Arsenal_Wigan,0.0
2,2008-2009_Blackburn_Liverpool,0.5
2,2008-2009_Bolton_Chelsea,0.5
2,2008-2009_Fulham_Man City,0.33
2,2008-2009_Hull_Middlesbrough,0.5
2,2008-2009_Man United_Sunderland,0.33
2,2008-2009_Newcastle_Stoke,0.0
2,2008-2009_Everton_Aston Villa,0.5
2,2008-2009_West Brom_Portsmouth,0.0
2,2008-2009_West Ham_Tottenham,0.33
2,2008-2009_Aston Villa_Bolton,0.33
2,2008-2009_Liverpool_Hull,0.25
2,2008-2009_Man City_Everton,0.0
2,2008-2009_Middlesbrough_Arsenal,0.33
2,2008-2009_Stoke_Fulham,0.0
2,2008-2009_Sunderland_West Brom,0.5
2,2008-2009_Tottenham_Man United,0.33
2,2008-2009_Wigan_Blackburn,0.33
2,2008-2009_Chelsea_West Ham,0.0
2,2008-2009_Portsmouth_Newcastle,0.33
2,2008-2009_Blackburn_Stoke,0.0
2,2008-2009_Bolton_Portsmouth,0.5
2,2008-2009_Fulham_Middlesbrough,0.33
2,2008-2009_Hull_Sunderland,0.25
2,2008-2009_West Ham_Aston Villa,0.5
2,2008-2009_Arsenal_Liverpool,0.5
2,2008-2009_Newcastle_Tottenham,0.5
2,2008-2009_West Brom_Man City,0.5
2,2008-2009_Everton_Chelsea,0.0
2,2008-2009_Aston Villa_Arsenal,0.33
2,2008-2009_Chelsea_West Brom,0.33
2,2008-2009_Liverpool_Bolton,0.5
2,2008-2009_Man City_Hull,0.33
2,2008-2009_Middlesbrough_Everton,0.5
2,2008-2009_Portsmouth_West Ham,0.33
2,2008-2009_Stoke_Man United,0.25
2,2008-2009_Sunderland_Blackburn,0.5
2,2008-2009_Tottenham_Fulham,0.0
2,2008-2009_Wigan_Newcastle,0.33
2,2008-2009_Arsenal_Portsmouth,0.0
2,2008-2009_Blackburn_Man City,0.5
2,2008-2009_Bolton_Wigan,0.5
2,2008-2009_Everton_Sunderland,0.5
2,2008-2009_Fulham_Chelsea,0.5
2,2008-2009_Newcastle_Liverpool,0.33
2,2008-2009_West Brom_Tottenham,0.33
2,2008-2009_West Ham_Stoke,0.5
2,2008-2009_Man United_Middlesbrough,0.33
2,2008-2009_Hull_Aston Villa,0.0
2,2008-2009_Arsenal_Bolton,0.0
2,2008-2009_Aston Villa_West Brom,0.25
2,2008-2009_Everton_Hull,0.33
2,2008-2009_Middlesbrough_Sunderland,0.0
2,2008-2009_Newcastle_West Ham,0.33
2,2008-2009_Stoke_Liverpool,0.0
2,2008-2009_Man United_Chelsea,0.5
2,2008-2009_Wigan_Tottenham,0.5
2,2008-2009_Man United_Wigan,0.0
2,2008-2009_Blackburn_Newcastle,0.5
2,2008-2009_Bolton_Man United,0.0
2,2008-2009_Chelsea_Stoke,0.5
2,2008-2009_Hull_Arsenal,0.0
2,2008-2009_Man City_Wigan,0.5
2,2008-2009_Sunderland_Aston Villa,0.33
2,2008-2009_West Brom_Middlesbrough,0.5
2,2008-2009_Tottenham_Portsmouth,0.33
2,2008-2009_West Ham_Fulham,0.5
2,2008-2009_Liverpool_Everton,0.0
2,2008-2009_Portsmouth_Aston Villa,0.33
2,2008-2009_Sunderland_Fulham,0.0
2,2008-2009_Tottenham_Stoke,0.33
2,2008-2009_West Brom_Man United,0.33
2,2008-2009_Blackburn_Bolton,0.33
2,2008-2009_Chelsea_Middlesbrough,0.33
2,2008-2009_Everton_Arsenal,0.0
2,2008-2009_Man City_Newcastle,0.0
2,2008-2009_West Ham_Hull,0.33
2,2008-2009_Wigan_Liverpool,0.0
2,2008-2009_Arsenal_West Ham,0.0
2,2008-2009_Aston Villa_Wigan,0.0
2,2008-2009_Bolton_Tottenham,0.5
2,2008-2009_Fulham_Portsmouth,0.0
2,2008-2009_Hull_West Brom,0.25
2,2008-2009_Man United_Everton,0.0
2,2008-2009_Middlesbrough_Blackburn,0.0
2,2008-2009_Stoke_Man City,0.5
2,2008-2009_Liverpool_Chelsea,0.33
2,2008-2009_Newcastle_Sunderland,0.5
2,2008-2009_Blackburn_Aston Villa,0.33
2,2008-2009_Chelsea_Hull,0.5
2,2008-2009_Everton_Bolton,0.33
2,2008-2009_Man City_Middlesbrough,0.25
2,2008-2009_Portsmouth_Liverpool,0.5
2,2008-2009_Sunderland_Stoke,0.0
2,2008-2009_West Brom_Newcastle,0.5
2,2008-2009_Wigan_Fulham,0.0
2,2008-2009_Tottenham_Arsenal,0.5
2,2008-2009_West Ham_Man United,0.33
2,2008-2009_Portsmouth_Man City,0.0
2,2008-2009_Man United_Fulham,0.0
2,2008-2009_Arsenal_Sunderland,0.0
2,2008-2009_Aston Villa_Chelsea,0.33
2,2008-2009_Bolton_West Ham,0.25
2,2008-2009_Man United_Blackburn,0.5
2,2008-2009_Middlesbrough_Wigan,0.5
2,2008-2009_Stoke_Portsmouth,0.5
2,2008-2009_Fulham_West Brom,0.25
2,2008-2009_Liverpool_Man City,0.0
2,2008-2009_Newcastle_Everton,0.5
2,2008-2009_Hull_Tottenham,0.5
2,2008-2009_Arsenal_Fulham,0.25
2,2008-2009_Chelsea_Wigan,0.25
2,2008-2009_Everton_West Brom,0.0
2,2008-2009_Middlesbrough_Liverpool,0.0
2,2008-2009_Aston Villa_Stoke,0.0
2,2008-2009_Bolton_Newcastle,0.5
2,2008-2009_Hull_Blackburn,0.33
2,2008-2009_West Ham_Man City,0.0
2,2008-2009_Liverpool_Sunderland,0.0
2,2008-2009_Portsmouth_Chelsea,0.33
2,2008-2009_West Brom_Arsenal,0.5
2,2008-2009_Blackburn_Everton,0.0
2,2008-2009_Fulham_Hull,0.33
2,2008-2009_Man City_Aston Villa,0.0
2,2008-2009_Newcastle_Man United,0.0
2,2008-2009_Stoke_Bolton,0.0
2,2008-2009_Tottenham_Middlesbrough,0.33
2,2008-2009_Wigan_West Ham,0.33
2,2008-2009_Sunderland_Tottenham,0.0
2,2008-2009_Fulham_Blackburn,0.33
2,2008-2009_Arsenal_Blackburn,0.5
2,2008-2009_Bolton_Fulham,0.5
2,2008-2009_Everton_Stoke,0.33
2,2008-2009_Hull_Newcastle,0.5
2,2008-2009_Man United_Liverpool,0.25
2,2008-2009_Middlesbrough_Portsmouth,0.33
2,2008-2009_Sunderland_Wigan,0.0
2,2008-2009_Aston Villa_Tottenham,0.0
2,2008-2009_Chelsea_Man City,0.0
2,2008-2009_West Ham_West Brom,0.0
2,2008-2009_Blackburn_West Ham,0.5
2,2008-2009_Fulham_Man United,0.33
2,2008-2009_Newcastle_Arsenal,0.33
2,2008-2009_Portsmouth_Everton,0.0
2,2008-2009_Stoke_Middlesbrough,0.0
2,2008-2009_Tottenham_Chelsea,0.5
2,2008-2009_West Brom_Bolton,0.5
2,2008-2009_Liverpool_Aston Villa,0.33
2,2008-2009_Man City_Sunderland,0.25
2,2008-2009_Wigan_Hull,0.0
2,2008-2009_Arsenal_Man City,0.5
2,2008-2009_Blackburn_Tottenham,0.0
2,2008-2009_Bolton_Middlesbrough,0.33
2,2008-2009_Fulham_Liverpool,0.0
2,2008-2009_Hull_Portsmouth,0.0
2,2008-2009_Newcastle_Chelsea,0.0
2,2008-2009_West Brom_Stoke,0.0
2,2008-2009_West Ham_Sunderland,0.25
2,2008-2009_Everton_Wigan,0.5
2,2008-2009_Man United_Aston Villa,0.33
2,2008-2009_Chelsea_Bolton,0.25
2,2008-2009_Liverpool_Blackburn,0.5
2,2008-2009_Middlesbrough_Hull,0.33
2,2008-2009_Portsmouth_West Brom,0.5
2,2008-2009_Stoke_Newcastle,0.5
2,2008-2009_Sunderland_Man United,0.5
2,2008-2009_Tottenham_West Ham,0.0
2,2008-2009_Wigan_Arsenal,0.33
2,2008-2009_Aston Villa_Everton,0.2
2,2008-2009_Man City_Fulham,0.33
2,2008-2009_Aston Villa_West Ham,0.33
2,2008-2009_Middlesbrough_Fulham,0.5
2,2008-2009_Portsmouth_Bolton,0.5
2,2008-2009_Stoke_Blackburn,0.0
2,2008-2009_Sunderland_Hull,0.0
2,2008-2009_Man City_West Brom,0.33
2,2008-2009_Tottenham_Newcastle,0.5
2,2008-2009_Liverpool_Arsenal,0.25
2,2008-2009_Chelsea_Everton,0.33
2,2008-2009_Man United_Portsmouth,0.0
2,2008-2009_Bolton_Aston Villa,0.0
2,2008-2009_Everton_Man City,0.5
2,2008-2009_Fulham_Stoke,0.0
2,2008-2009_Hull_Liverpool,0.25
2,2008-2009_Man United_Tottenham,0.33
2,2008-2009_West Brom_Sunderland,0.0
2,2008-2009_West Ham_Chelsea,0.0
2,2008-2009_Arsenal_Middlesbrough,0.0
2,2008-2009_Blackburn_Wigan,0.33
2,2008-2009_Newcastle_Portsmouth,0.33
2,2008-2009_Chelsea_Fulham,0.0
2,2008-2009_Man City_Blackburn,0.33
2,2008-2009_Middlesbrough_Man United,0.0
2,2008-2009_Portsmouth_Arsenal,0.2
2,2008-2009_Stoke_West Ham,0.5
2,2008-2009_Tottenham_West Brom,0.33
2,2008-2009_Wigan_Bolton,0.5
2,2008-2009_Liverpool_Newcastle,0.5
2,2008-2009_Sunderland_Everton,0.33
2,2008-2009_Aston Villa_Hull,0.33
2,2008-2009_Blackburn_Portsmouth,0.0
2,2008-2009_Bolton_Sunderland,0.0
2,2008-2009_Everton_Tottenham,0.0
2,2008-2009_Fulham_Aston Villa,0.0
2,2008-2009_Hull_Stoke,0.0
2,2008-2009_West Brom_Wigan,0.0
2,2008-2009_West Ham_Liverpool,0.5
2,2008-2009_Arsenal_Chelsea,0.5
2,2008-2009_Man United_Man City,0.33
2,2008-2009_Newcastle_Middlesbrough,0.33
2,2008-2009_Wigan_Man United,0.33
2,2008-2009_Bolton_Hull,0.5
2,2008-2009_Everton_West Ham,0.5
2,2008-2009_Man United_Arsenal,0.5
2,2008-2009_Middlesbrough_Aston Villa,0.0
2,2008-2009_Newcastle_Fulham,0.0
2,2008-2009_Stoke_Wigan,0.0
2,2008-2009_Tottenham_Man City,0.0
2,2008-2009_Chelsea_Blackburn,0.0
2,2008-2009_West Brom_Liverpool,0.25
2,2008-2009_Portsmouth_Sunderland,0.33
2,2008-2009_Arsenal_Stoke,0.5
2,2008-2009_Aston Villa_Newcastle,0.0
2,2008-2009_Blackburn_West Brom,0.0
2,2008-2009_Fulham_Everton,0.0
2,2008-2009_Hull_Man United,0.0
2,2008-2009_Liverpool_Tottenham,0.33
2,2008-2009_Man City_Bolton,0.25
2,2008-2009_Sunderland_Chelsea,0.33
2,2008-2009_West Ham_Middlesbrough,0.33
2,2008-2009_Wigan_Portsmouth,0.0
2,2009-2010_Aston Villa_Wigan,0.5
2,2009-2010_Blackburn_Man City,0.0
2,2009-2010_Bolton_Sunderland,0.5
2,2009-2010_Chelsea_Hull,0.5
2,2009-2010_Everton_Arsenal,0.25
2,2009-2010_Portsmouth_Fulham,0.0
2,2009-2010_Stoke_Burnley,0.5
2,2009-2010_Wolves_West Ham,0.33
2,2009-2010_Man United_Birmingham,0.33
2,2009-2010_Tottenham_Liverpool,0.5
2,2009-2010_Sunderland_Chelsea,0.25
2,2009-2010_Wigan_Wolves,0.0
2,2009-2010_Birmingham_Portsmouth,0.5
2,2009-2010_Burnley_Man United,0.5
2,2009-2010_Hull_Tottenham,0.5
2,2009-2010_Liverpool_Stoke,0.25
2,2009-2010_Arsenal_Portsmouth,0.33
2,2009-2010_Birmingham_Stoke,0.5
2,2009-2010_Hull_Bolton,0.5
2,2009-2010_Man City_Wolves,0.0
2,2009-2010_Sunderland_Blackburn,0.5
2,2009-2010_Wigan_Man United,0.33
2,2009-2010_Burnley_Everton,0.0
2,2009-2010_Fulham_Chelsea,0.0
2,2009-2010_West Ham_Tottenham,0.5
2,2009-2010_Liverpool_Aston Villa,0.33
2,2009-2010_Blackburn_West Ham,0.0
2,2009-2010_Bolton_Liverpool,0.25
2,2009-2010_Chelsea_Burnley,0.33
2,2009-2010_Man United_Arsenal,0.33
2,2009-2010_Stoke_Sunderland,0.33
2,2009-2010_Tottenham_Birmingham,0.5
2,2009-2010_Wolves_Hull,0.33
2,2009-2010_Aston Villa_Fulham,0.0
2,2009-2010_Everton_Wigan,0.25
2,2009-2010_Portsmouth_Man City,0.5
2,2009-2010_Blackburn_Wolves,0.5
2,2009-2010_Liverpool_Burnley,0.33
2,2009-2010_Man City_Arsenal,0.33
2,2009-2010_Portsmouth_Bolton,0.33
2,2009-2010_Stoke_Chelsea,0.25
2,2009-2010_Sunderland_Hull,0.5
2,2009-2010_Tottenham_Man United,0.25
2,2009-2010_Wigan_West Ham,0.5
2,2009-2010_Birmingham_Aston Villa,0.5
2,2009-2010_Fulham_Everton,0.0
2,2009-2010_Arsenal_Wigan,0.33
2,2009-2010_Aston Villa_Portsmouth,0.0
2,2009-2010_Bolton_Stoke,0.5
2,2009-2010_Burnley_Sunderland,0.0
2,2009-2010_Hull_Birmingham,0.25
2,2009-2010_West Ham_Liverpool,0.33
2,2009-2010_Chelsea_Tottenham,0.33
2,2009-2010_Everton_Blackburn,0.0
2,2009-2010_Man United_Man City,0.33
2,2009-2010_Wolves_Fulham,0.0
2,2009-2010_Birmingham_Bolton,0.0
2,2009-2010_Blackburn_Aston Villa,0.5
2,2009-2010_Fulham_Arsenal,0.5
2,2009-2010_Liverpool_Hull,0.33
2,2009-2010_Portsmouth_Everton,0.5
2,2009-2010_Stoke_Man United,0.0
2,2009-2010_Tottenham_Burnley,0.5
2,2009-2010_Wigan_Chelsea,0.33
2,2009-2010_Sunderland_Wolves,0.25
2,2009-2010_Man City_West Ham,0.33
2,2009-2010_Bolton_Tottenham,0.5
2,2009-2010_Burnley_Birmingham,0.0
2,2009-2010_Hull_Wigan,0.0
2,2009-2010_Man United_Sunderland,0.25
2,2009-2010_Wolves_Portsmouth,0.5
2,2009-2010_Arsenal_Blackburn,0.25
2,2009-2010_Chelsea_Liverpool,0.33
2,2009-2010_Everton_Stoke,0.5
2,2009-2010_West Ham_Fulham,0.25
2,2009-2010_Aston Villa_Man City,0.0
2,2009-2010_Arsenal_Birmingham,0.5
2,2009-2010_Aston Villa_Chelsea,0.5
2,2009-2010_Everton_Wolves,0.5
2,2009-2010_Man United_Bolton,0.33
2,2009-2010_Portsmouth_Tottenham,0.2
2,2009-2010_Stoke_West Ham,0.5
2,2009-2010_Sunderland_Liverpool,0.0
2,2009-2010_Blackburn_Burnley,0.33
2,2009-2010_Wigan_Man City,0.0
2,2009-2010_Fulham_Hull,0.0
2,2009-2010_Birmingham_Sunderland,0.5
2,2009-2010_Burnley_Wigan,0.5
2,2009-2010_Chelsea_Blackburn,0.5
2,2009-2010_Hull_Portsmouth,0.0
2,2009-2010_Tottenham_Stoke,0.0
2,2009-2010_Wolves_Aston Villa,0.0
2,2009-2010_Bolton_Everton,0.5
2,2009-2010_Liverpool_Man United,0.5
2,2009-2010_Man City_Fulham,0.33
2,2009-2010_West Ham_Arsenal,0.25
2,2009-2010_Arsenal_Tottenham,0.0
2,2009-2010_Bolton_Chelsea,0.33
2,2009-2010_Burnley_Hull,0.5
2,2009-2010_Everton_Aston Villa,0.5
2,2009-2010_Fulham_Liverpool,0.5
2,2009-2010_Man United_Blackburn,0.0
2,2009-2010_Portsmouth_Wigan,0.33
2,2009-2010_Stoke_Wolves,0.0
2,2009-2010_Sunderland_West Ham,0.25
2,2009-2010_Birmingham_Man City,0.5
2,2009-2010_West Ham_Aston Villa,0.2
2,2009-2010_Aston Villa_Bolton,0.33
2,2009-2010_Blackburn_Portsmouth,0.33
2,2009-2010_Man City_Burnley,0.33
2,2009-2010_Tottenham_Sunderland,0.5
2,2009-2010_Wolves_Arsenal,0.5
2,2009-2010_Chelsea_Man United,0.5
2,2009-2010_Hull_Stoke,0.5
2,2009-2010_West Ham_Everton,0.5
2,2009-2010_Wigan_Fulham,0.5
2,2009-2010_Liverpool_Birmingham,0.5
2,2009-2010_Birmingham_Fulham,0.0
2,2009-2010_Burnley_Aston Villa,0.0
2,2009-2010_Chelsea_Wolves,0.5
2,2009-2010_Hull_West Ham,0.33
2,2009-2010_Liverpool_Man City,0.0
2,2009-2010_Man United_Everton,0.33
2,2009-2010_Sunderland_Arsenal,0.0
2,2009-2010_Bolton_Blackburn,0.5
2,2009-2010_Stoke_Portsmouth,0.0
2,2009-2010_Tottenham_Wigan,0.25
2,2009-2010_Fulham_Blackburn,0.0
2,2009-2010_Hull_Everton,0.5
2,2009-2010_Aston Villa_Tottenham,0.33
2,2009-2010_Blackburn_Stoke,0.0
2,2009-2010_Fulham_Bolton,0.33
2,2009-2010_Man City_Hull,0.0
2,2009-2010_Portsmouth_Man United,0.25
2,2009-2010_West Ham_Burnley,0.5
2,2009-2010_Wigan_Sunderland,0.5
2,2009-2010_Arsenal_Chelsea,0.0
2,2009-2010_Everton_Liverpool,0.0
2,2009-2010_Wolves_Birmingham,0.0
2,2009-2010_Arsenal_Stoke,0.0
2,2009-2010_Aston Villa_Hull,0.33
2,2009-2010_Blackburn_Liverpool,0.0
2,2009-2010_Man City_Chelsea,0.25
2,2009-2010_Portsmouth_Burnley,0.5
2,2009-2010_West Ham_Man United,0.33
2,2009-2010_Wigan_Birmingham,0.5
2,2009-2010_Wolves_Bolton,0.33
2,2009-2010_Everton_Tottenham,0.25
2,2009-2010_Fulham_Sunderland,0.0
2,2009-2010_Birmingham_West Ham,0.2
2,2009-2010_Bolton_Man City,0.2
2,2009-2010_Burnley_Fulham,0.0
2,2009-2010_Chelsea_Everton,0.33
2,2009-2010_Hull_Blackburn,0.0
2,2009-2010_Man United_Aston Villa,0.33
2,2009-2010_Stoke_Wigan,0.33
2,2009-2010_Sunderland_Portsmouth,0.25
2,2009-2010_Tottenham_Wolves,0.0
2,2009-2010_Liverpool_Arsenal,0.33
2,2009-2010_Birmingham_Blackburn,0.0
2,2009-2010_Bolton_West Ham,0.33
2,2009-2010_Man United_Wolves,0.0
2,2009-2010_Sunderland_Aston Villa,0.5
2,2009-2010_Burnley_Arsenal,0.0
2,2009-2010_Chelsea_Portsmouth,0.33
2,2009-2010_Liverpool_Wigan,0.0
2,2009-2010_Tottenham_Man City,0.33
2,2009-2010_Arsenal_Hull,0.5
2,2009-2010_Aston Villa_Stoke,0.0
2,2009-2010_Blackburn_Tottenham,0.0
2,2009-2010_Fulham_Man United,0.0
2,2009-2010_Man City_Sunderland,0.25
2,2009-2010_Portsmouth_Liverpool,0.25
2,2009-2010_Everton_Birmingham,0.0
2,2009-2010_West Ham_Chelsea,0.5
2,2009-2010_Wolves_Burnley,0.5
2,2009-2010_Birmingham_Chelsea,0.5
2,2009-2010_Burnley_Bolton,0.0
2,2009-2010_Fulham_Tottenham,0.0
2,2009-2010_Liverpool_Wolves,0.5
2,2009-2010_Man City_Stoke,0.0
2,2009-2010_Sunderland_Everton,0.5
2,2009-2010_West Ham_Portsmouth,0.0
2,2009-2010_Wigan_Blackburn,0.5
2,2009-2010_Arsenal_Aston Villa,0.5
2,2009-2010_Hull_Man United,0.33
2,2009-2010_Blackburn_Sunderland,0.33
2,2009-2010_Chelsea_Fulham,0.33
2,2009-2010_Everton_Burnley,0.25
2,2009-2010_Stoke_Birmingham,0.5
2,2009-2010_Tottenham_West Ham,0.0
2,2009-2010_Wolves_Man City,0.5
2,2009-2010_Aston Villa_Liverpool,0.33
2,2009-2010_Bolton_Hull,0.33
2,2009-2010_Man United_Wigan,0.33
2,2009-2010_Portsmouth_Arsenal,0.5
2,2009-2010_Stoke_Fulham,0.25
2,2009-2010_Arsenal_Everton,0.0
2,2009-2010_Birmingham_Man United,0.0
2,2009-2010_Man City_Blackburn,0.5
2,2009-2010_Chelsea_Sunderland,0.25
2,2009-2010_Everton_Man City,0.0
2,2009-2010_Man United_Burnley,0.33
2,2009-2010_Stoke_Liverpool,0.0
2,2009-2010_Tottenham_Hull,0.33
2,2009-2010_Wolves_Wigan,0.33
2,2009-2010_Aston Villa_West Ham,0.5
2,2009-2010_Blackburn_Fulham,0.5
2,2009-2010_Bolton_Arsenal,0.5
2,2009-2010_Arsenal_Bolton,0.33
2,2009-2010_Liverpool_Tottenham,0.0
2,2009-2010_Man United_Hull,0.25
2,2009-2010_Bolton_Burnley,0.0
2,2009-2010_Portsmouth_West Ham,0.5
2,2009-2010_Tottenham_Fulham,0.0
2,2009-2010_Wolves_Liverpool,0.0
2,2009-2010_Aston Villa_Arsenal,0.0
2,2009-2010_Blackburn_Wigan,0.5
2,2009-2010_Chelsea_Birmingham,0.33
2,2009-2010_Everton_Sunderland,0.0
2,2009-2010_Birmingham_Tottenham,0.33
2,2009-2010_Burnley_Chelsea,0.0
2,2009-2010_Fulham_Aston Villa,0.0
2,2009-2010_Hull_Wolves,0.0
2,2009-2010_Liverpool_Bolton,0.0
2,2009-2010_West Ham_Blackburn,0.0
2,2009-2010_Wigan_Everton,0.0
2,2009-2010_Arsenal_Man United,0.33
2,2009-2010_Man City_Portsmouth,0.5
2,2009-2010_Sunderland_Stoke,0.0
2,2009-2010_Hull_Chelsea,0.5
2,2009-2010_Fulham_Portsmouth,0.0
2,2009-2010_Bolton_Fulham,0.0
2,2009-2010_Burnley_West Ham,0.5
2,2009-2010_Hull_Man City,0.5
2,2009-2010_Liverpool_Everton,0.33
2,2009-2010_Man United_Portsmouth,0.33
2,2009-2010_Stoke_Blackburn,0.25
2,2009-2010_Sunderland_Wigan,0.5
2,2009-2010_Tottenham_Aston Villa,0.33
2,2009-2010_Birmingham_Wolves,0.2
2,2009-2010_Chelsea_Arsenal,0.5
2,2009-2010_Fulham_Burnley,0.0
2,2009-2010_Man City_Bolton,0.0
2,2009-2010_Portsmouth_Sunderland,0.33
2,2009-2010_Wigan_Stoke,0.5
2,2009-2010_Arsenal_Liverpool,0.5
2,2009-2010_Aston Villa_Man United,0.5
2,2009-2010_Blackburn_Hull,0.33
2,2009-2010_Everton_Chelsea,0.0
2,2009-2010_West Ham_Birmingham,0.0
2,2009-2010_Wolves_Tottenham,0.0
2,2009-2010_Stoke_Man City,0.5
2,2009-2010_Wigan_Bolton,0.0
2,2009-2010_Arsenal_Sunderland,0.5
2,2009-2010_Everton_Man United,0.25
2,2009-2010_Portsmouth_Stoke,0.33
2,2009-2010_West Ham_Hull,0.5
2,2009-2010_Wolves_Chelsea,0.0
2,2009-2010_Aston Villa_Burnley,0.33
2,2009-2010_Blackburn_Bolton,0.0
2,2009-2010_Fulham_Birmingham,0.0
2,2009-2010_Man City_Liverpool,0.5
2,2009-2010_Wigan_Tottenham,0.5
2,2009-2010_Man United_West Ham,0.0
2,2009-2010_Birmingham_Wigan,0.5
2,2009-2010_Bolton_Wolves,0.33
2,2009-2010_Burnley_Portsmouth,0.5
2,2009-2010_Chelsea_Man City,0.33
2,2009-2010_Stoke_Arsenal,0.0
2,2009-2010_Liverpool_Blackburn,0.5
2,2009-2010_Sunderland_Fulham,0.5
2,2009-2010_Tottenham_Everton,0.25
2,2009-2010_Arsenal_Burnley,0.5
2,2009-2010_West Ham_Bolton,0.25
2,2009-2010_Wolves_Man United,0.0
2,2009-2010_Everton_Hull,0.5
2,2009-2010_Wigan_Liverpool,0.5
2,2009-2010_Portsmouth_Birmingham,0.0
2,2009-2010_Sunderland_Bolton,0.5
2,2009-2010_Burnley_Stoke,0.0
2,2009-2010_Birmingham_Everton,0.0
2,2009-2010_Bolton_Wigan,0.0
2,2009-2010_Burnley_Wolves,0.25
2,2009-2010_Chelsea_West Ham,0.33
2,2009-2010_Hull_Arsenal,0.5
2,2009-2010_Stoke_Aston Villa,0.5
2,2009-2010_Tottenham_Blackburn,0.5
2,2009-2010_Man United_Fulham,0.33
2,2009-2010_Sunderland_Man City,0.5
2,2009-2010_Liverpool_Portsmouth,0.33
2,2009-2010_Wigan_Aston Villa,0.5
2,2009-2010_Arsenal_West Ham,0.5
2,2009-2010_Aston Villa_Wolves,0.0
2,2009-2010_Everton_Bolton,0.5
2,2009-2010_Portsmouth_Hull,0.33
2,2009-2010_Stoke_Tottenham,0.25
2,2009-2010_Sunderland_Birmingham,0.33
2,2009-2010_Wigan_Burnley,0.5
2,2009-2010_Blackburn_Chelsea,0.0
2,2009-2010_Fulham_Man City,0.0
2,2009-2010_Man United_Liverpool,0.5
2,2009-2010_West Ham_Wolves,0.0
2,2009-2010_Aston Villa_Sunderland,0.0
2,2009-2010_Blackburn_Birmingham,0.0
2,2009-2010_Man City_Everton,0.5
2,2009-2010_Portsmouth_Chelsea,0.5
2,2009-2010_Birmingham_Arsenal,0.5
2,2009-2010_Bolton_Man United,0.25
2,2009-2010_Chelsea_Aston Villa,0.33
2,2009-2010_Hull_Fulham,0.5
2,2009-2010_Tottenham_Portsmouth,0.33
2,2009-2010_West Ham_Stoke,0.33
2,2009-2010_Wolves_Everton,0.33
2,2009-2010_Burnley_Blackburn,0.0
2,2009-2010_Liverpool_Sunderland,0.33
2,2009-2010_Man City_Wigan,0.5
2,2009-2010_Arsenal_Wolves,0.5
2,2009-2010_Bolton_Aston Villa,0.33
2,2009-2010_Burnley_Man City,0.25
2,2009-2010_Man United_Chelsea,0.0
2,2009-2010_Portsmouth_Blackburn,0.5
2,2009-2010_Stoke_Hull,0.5
2,2009-2010_Sunderland_Tottenham,0.0
2,2009-2010_Birmingham_Liverpool,0.5
2,2009-2010_Everton_West Ham,0.5
2,2009-2010_Fulham_Wigan,0.5
2,2009-2010_Hull_Burnley,0.33
2,2009-2010_West Ham_Sunderland,0.5
2,2009-2010_Blackburn_Man United,0.5
2,2009-2010_Liverpool_Fulham,0.0
2,2009-2010_Man City_Birmingham,0.33
2,2009-2010_Wolves_Stoke,0.0
2,2009-2010_Chelsea_Bolton,0.5
2,2009-2010_Aston Villa_Everton,0.5
2,2009-2010_Tottenham_Arsenal,0.5
2,2009-2010_Wigan_Portsmouth,0.5
2,2009-2010_Birmingham_Hull,0.0
2,2009-2010_Blackburn_Everton,0.5
2,2009-2010_Fulham_Wolves,0.0
2,2009-2010_Man City_Man United,0.0
2,2009-2010_Stoke_Bolton,0.5
2,2009-2010_Sunderland_Burnley,0.5
2,2009-2010_Tottenham_Chelsea,0.2
2,2009-2010_Portsmouth_Aston Villa,0.33
2,2009-2010_Wigan_Arsenal,0.5
2,2009-2010_Liverpool_West Ham,0.0
2,2009-2010_Hull_Aston Villa,0.5
2,2009-2010_Arsenal_Man City,0.5
2,2009-2010_Bolton_Portsmouth,0.25
2,2009-2010_Hull_Sunderland,0.5
2,2009-2010_Man United_Tottenham,0.5
2,2009-2010_West Ham_Wigan,0.5
2,2009-2010_Wolves_Blackburn,0.0
2,2009-2010_Aston Villa_Birmingham,0.5
2,2009-2010_Burnley_Liverpool,0.5
2,2009-2010_Chelsea_Stoke,0.5
2,2009-2010_Everton_Fulham,0.0
2,2009-2010_Birmingham_Burnley,0.5
2,2009-2010_Man City_Aston Villa,0.33
2,2009-2010_Portsmouth_Wolves,0.33
2,2009-2010_Stoke_Everton,0.0
2,2009-2010_Tottenham_Bolton,0.5
2,2009-2010_Fulham_West Ham,0.0
2,2009-2010_Liverpool_Chelsea,0.0
2,2009-2010_Sunderland_Man United,0.5
2,2009-2010_Blackburn_Arsenal,0.0
2,2009-2010_Wigan_Hull,0.0
2,2009-2010_Fulham_Stoke,0.0
2,2009-2010_Man City_Tottenham,0.5
2,2009-2010_Arsenal_Fulham,0.5
2,2009-2010_Aston Villa_Blackburn,0.5
2,2009-2010_Bolton_Birmingham,0.5
2,2009-2010_Burnley_Tottenham,0.33
2,2009-2010_Chelsea_Wigan,0.33
2,2009-2010_Everton_Portsmouth,0.33
2,2009-2010_Hull_Liverpool,0.0
2,2009-2010_Man United_Stoke,0.0
2,2009-2010_West Ham_Man City,0.0
2,2009-2010_Wolves_Sunderland,0.5
2,2010-2011_Aston Villa_West Ham,0.33
2,2010-2011_Blackburn_Everton,0.5
2,2010-2011_Bolton_Fulham,0.5
2,2010-2011_Chelsea_West Brom,0.5
2,2010-2011_Sunderland_Birmingham,0.5
2,2010-2011_Tottenham_Man City,0.33
2,2010-2011_Wigan_Blackpool,0.0
2,2010-2011_Wolves_Stoke,0.0
2,2010-2011_Liverpool_Arsenal,0.25
2,2010-2011_Man United_Newcastle,0.5
2,2010-2011_Arsenal_Blackpool,0.25
2,2010-2011_Birmingham_Blackburn,0.5
2,2010-2011_Everton_Wolves,0.5
2,2010-2011_Stoke_Tottenham,0.0
2,2010-2011_West Brom_Sunderland,0.5
2,2010-2011_West Ham_Bolton,0.25
2,2010-2011_Wigan_Chelsea,0.5
2,2010-2011_Fulham_Man United,0.33
2,2010-2011_Newcastle_Aston Villa,0.5
2,2010-2011_Man City_Liverpool,0.0
2,2010-2011_Blackburn_Arsenal,0.33
2,2010-2011_Blackpool_Fulham,0.5
2,2010-2011_Chelsea_Stoke,0.0
2,2010-2011_Man United_West Ham,0.5
2,2010-2011_Tottenham_Wigan,0.5
2,2010-2011_Wolves_Newcastle,0.33
2,2010-2011_Aston Villa_Everton,0.33
2,2010-2011_Bolton_Birmingham,0.5
2,2010-2011_Liverpool_West Brom,0.5
2,2010-2011_Sunderland_Man City,0.0
2,2010-2011_Arsenal_Bolton,0.25
2,2010-2011_Everton_Man United,0.25
2,2010-2011_Fulham_Wolves,0.33
2,2010-2011_Man City_Blackburn,0.5
2,2010-2011_Newcastle_Blackpool,0.0
2,2010-2011_West Brom_Tottenham,0.5
2,2010-2011_West Ham_Chelsea,0.5
2,2010-2011_Wigan_Sunderland,0.5
2,2010-2011_Birmingham_Liverpool,0.0
2,2010-2011_Stoke_Aston Villa,0.5
2,2010-2011_Aston Villa_Bolton,0.5
2,2010-2011_Blackburn_Fulham,0.0
2,2010-2011_Everton_Newcastle,0.0
2,2010-2011_Stoke_West Ham,0.5
2,2010-2011_Sunderland_Arsenal,0.33
2,2010-2011_Tottenham_Wolves,0.33
2,2010-2011_West Brom_Birmingham,0.0
2,2010-2011_Chelsea_Blackpool,0.5
2,2010-2011_Man United_Liverpool,0.5
2,2010-2011_Wigan_Man City,0.5
2,2010-2011_Arsenal_West Brom,0.2
2,2010-2011_Birmingham_Wigan,0.5
2,2010-2011_Blackpool_Blackburn,0.5
2,2010-2011_Fulham_Everton,0.0
2,2010-2011_Liverpool_Sunderland,0.5
2,2010-2011_Man City_Chelsea,0.5
2,2010-2011_West Ham_Tottenham,0.33
2,2010-2011_Bolton_Man United,0.33
2,2010-2011_Newcastle_Stoke,0.0
2,2010-2011_Wolves_Aston Villa,0.5
2,2010-2011_Birmingham_Everton,0.0
2,2010-2011_Stoke_Blackburn,0.5
2,2010-2011_Sunderland_Man United,0.5
2,2010-2011_Tottenham_Aston Villa,0.5
2,2010-2011_West Brom_Bolton,0.0
2,2010-2011_West Ham_Fulham,0.0
2,2010-2011_Wigan_Wolves,0.0
2,2010-2011_Chelsea_Arsenal,0.33
2,2010-2011_Liverpool_Blackpool,0.5
2,2010-2011_Man City_Newcastle,0.5
2,2010-2011_Arsenal_Birmingham,0.5
2,2010-2011_Aston Villa_Chelsea,0.33
2,2010-2011_Bolton_Stoke,0.33
2,2010-2011_Fulham_Tottenham,0.33
2,2010-2011_Man United_West Brom,0.5
2,2010-2011_Newcastle_Wigan,0.0
2,2010-2011_Wolves_West Ham,0.0
2,2010-2011_Blackpool_Man City,0.33
2,2010-2011_Everton_Liverpool,0.5
2,2010-2011_Blackburn_Sunderland,0.0
2,2010-2011_Birmingham_Blackpool,0.25
2,2010-2011_Chelsea_Wolves,0.33
2,2010-2011_Sunderland_Aston Villa,0.5
2,2010-2011_Tottenham_Everton,0.0
2,2010-2011_West Brom_Fulham,0.0
2,2010-2011_West Ham_Newcastle,0.0
2,2010-2011_Wigan_Bolton,0.0
2,2010-2011_Liverpool_Blackburn,0.33
2,2010-2011_Man City_Arsenal,0.33
2,2010-2011_Stoke_Man United,0.0
2,2010-2011_Arsenal_West Ham,0.5
2,2010-2011_Blackburn_Chelsea,0.5
2,2010-2011_Everton_Stoke,0.0
2,2010-2011_Fulham_Wigan,0.0
2,2010-2011_Man United_Tottenham,0.0
2,2010-2011_Wolves_Man City,0.5
2,2010-2011_Aston Villa_Birmingham,0.0
2,2010-2011_Bolton_Liverpool,0.0
2,2010-2011_Newcastle_Sunderland,0.25
2,2010-2011_Blackpool_West Brom,0.25
2,2010-2011_Birmingham_West Ham,0.5
2,2010-2011_Blackburn_Wigan,0.0
2,2010-2011_Blackpool_Everton,0.5
2,2010-2011_Bolton_Tottenham,0.33
2,2010-2011_Fulham_Aston Villa,0.0
2,2010-2011_Man United_Wolves,0.0
2,2010-2011_Sunderland_Stoke,0.5
2,2010-2011_Arsenal_Newcastle,0.5
2,2010-2011_Liverpool_Chelsea,0.0
2,2010-2011_West Brom_Man City,0.5
2,2010-2011_Stoke_Birmingham,0.33
2,2010-2011_Tottenham_Sunderland,0.33
2,2010-2011_Aston Villa_Blackpool,0.25
2,2010-2011_Chelsea_Fulham,0.0
2,2010-2011_Everton_Bolton,0.33
2,2010-2011_Man City_Man United,0.0
2,2010-2011_Newcastle_Blackburn,0.5
2,2010-2011_West Ham_West Brom,0.0
2,2010-2011_Wigan_Liverpool,0.0
2,2010-2011_Wolves_Arsenal,0.0
2,2010-2011_Aston Villa_Man United,0.2
2,2010-2011_Man City_Birmingham,0.0
2,2010-2011_Newcastle_Fulham,0.5
2,2010-2011_Stoke_Liverpool,0.5
2,2010-2011_Tottenham_Blackburn,0.25
2,2010-2011_West Ham_Blackpool,0.33
2,2010-2011_Wigan_West Brom,0.0
2,2010-2011_Wolves_Bolton,0.25
2,2010-2011_Chelsea_Sunderland,0.5
2,2010-2011_Everton_Arsenal,0.5
2,2010-2011_Arsenal_Tottenham,0.5
2,2010-2011_Birmingham_Chelsea,0.33
2,2010-2011_Blackpool_Wolves,0.33
2,2010-2011_Bolton_Newcastle,0.5
2,2010-2011_Liverpool_West Ham,0.0
2,2010-2011_Man United_Wigan,0.33
2,2010-2011_West Brom_Stoke,0.0
2,2010-2011_Blackburn_Aston Villa,0.33
2,2010-2011_Fulham_Man City,0.33
2,2010-2011_Sunderland_Everton,0.0
2,2010-2011_Aston Villa_Arsenal,0.33
2,2010-2011_Bolton_Blackpool,0.33
2,2010-2011_Everton_West Brom,0.5
2,2010-2011_Fulham_Birmingham,0.0
2,2010-2011_Man United_Blackburn,0.33
2,2010-2011_Stoke_Man City,0.0
2,2010-2011_West Ham_Wigan,0.5
2,2010-2011_Wolves_Sunderland,0.25
2,2010-2011_Newcastle_Chelsea,0.0
2,2010-2011_Tottenham_Liverpool,0.33
2,2010-2011_Arsenal_Fulham,0.0
2,2010-2011_Birmingham_Tottenham,0.33
2,2010-2011_Blackburn_Wolves,0.33
2,2010-2011_Chelsea_Everton,0.0
2,2010-2011_Man City_Bolton,0.33
2,2010-2011_Wigan_Stoke,0.5
2,2010-2011_Sunderland_West Ham,0.0
2,2010-2011_West Brom_Newcastle,0.33
2,2010-2011_Liverpool_Aston Villa,0.0
2,2010-2011_Aston Villa_West Brom,0.33
2,2010-2011_Everton_Wigan,0.5
2,2010-2011_Fulham_Sunderland,0.0
2,2010-2011_Newcastle_Liverpool,0.5
2,2010-2011_Stoke_Blackpool,0.33
2,2010-2011_West Ham_Man City,0.5
2,2010-2011_Bolton_Blackburn,0.25
2,2010-2011_Tottenham_Chelsea,0.0
2,2010-2011_Wolves_Birmingham,0.5
2,2010-2011_Man United_Arsenal,0.5
2,2010-2011_Blackburn_West Ham,0.5
2,2010-2011_Sunderland_Bolton,0.5
2,2010-2011_Man City_Everton,0.25
2,2010-2011_Aston Villa_Tottenham,0.25
2,2010-2011_Blackburn_Stoke,0.0
2,2010-2011_Bolton_West Brom,0.33
2,2010-2011_Fulham_West Ham,0.0
2,2010-2011_Man United_Sunderland,0.0
2,2010-2011_Newcastle_Man City,0.33
2,2010-2011_Wolves_Wigan,0.0
2,2010-2011_Arsenal_Chelsea,0.5
2,2010-2011_Birmingham_Man United,0.5
2,2010-2011_Man City_Aston Villa,0.0
2,2010-2011_Stoke_Fulham,0.0
2,2010-2011_Sunderland_Blackpool,0.33
2,2010-2011_Tottenham_Newcastle,0.25
2,2010-2011_West Brom_Blackburn,0.25
2,2010-2011_West Ham_Everton,0.0
2,2010-2011_Chelsea_Bolton,0.0
2,2010-2011_Liverpool_Wolves,0.0
2,2010-2011_Wigan_Arsenal,0.0
2,2010-2011_Birmingham_Arsenal,0.0
2,2010-2011_Liverpool_Bolton,0.0
2,2010-2011_Man City_Blackpool,0.33
2,2010-2011_Stoke_Everton,0.5
2,2010-2011_Sunderland_Blackburn,0.0
2,2010-2011_Tottenham_Fulham,0.5
2,2010-2011_West Brom_Man United,0.0
2,2010-2011_West Ham_Wolves,0.33
2,2010-2011_Chelsea_Aston Villa,0.25
2,2010-2011_Wigan_Newcastle,0.0
2,2010-2011_Blackpool_Birmingham,0.33
2,2010-2011_Fulham_West Brom,0.0
2,2010-2011_Man United_Stoke,0.0
2,2010-2011_Arsenal_Man City,0.5
2,2010-2011_Aston Villa_Sunderland,0.33
2,2010-2011_Blackburn_Liverpool,0.0
2,2010-2011_Bolton_Wigan,0.0
2,2010-2011_Everton_Tottenham,0.5
2,2010-2011_Newcastle_West Ham,0.5
2,2010-2011_Wolves_Chelsea,0.0
2,2010-2011_Blackpool_Liverpool,0.0
2,2010-2011_Chelsea_Blackburn,0.33
2,2010-2011_Man City_Wolves,0.2
2,2010-2011_Stoke_Bolton,0.0
2,2010-2011_West Brom_Blackpool,0.5
2,2010-2011_West Ham_Arsenal,0.33
2,2010-2011_Wigan_Fulham,0.5
2,2010-2011_Birmingham_Aston Villa,0.5
2,2010-2011_Liverpool_Everton,0.33
2,2010-2011_Sunderland_Newcastle,0.0
2,2010-2011_Tottenham_Man United,0.5
2,2010-2011_Arsenal_Wigan,0.5
2,2010-2011_Aston Villa_Man City,0.33
2,2010-2011_Blackpool_Sunderland,0.33
2,2010-2011_Everton_West Ham,0.25
2,2010-2011_Fulham_Stoke,0.0
2,2010-2011_Man United_Birmingham,0.33
2,2010-2011_Newcastle_Tottenham,0.0
2,2010-2011_Wolves_Liverpool,0.0
2,2010-2011_Blackburn_West Brom,0.33
2,2010-2011_Bolton_Chelsea,0.5
2,2010-2011_Blackpool_Man United,0.33
2,2010-2011_Wigan_Aston Villa,0.33
2,2010-2011_Liverpool_Fulham,0.0
2,2010-2011_Arsenal_Everton,0.5
2,2010-2011_Man United_Aston Villa,0.5
2,2010-2011_Sunderland_Chelsea,0.5
2,2010-2011_West Brom_Wigan,0.25
2,2010-2011_Birmingham_Man City,0.5
2,2010-2011_Blackburn_Tottenham,0.5
2,2010-2011_Blackpool_West Ham,0.25
2,2010-2011_Bolton_Wolves,0.0
2,2010-2011_Fulham_Newcastle,0.0
2,2010-2011_Liverpool_Stoke,0.0
2,2010-2011_Aston Villa_Fulham,0.5
2,2010-2011_Everton_Blackpool,0.25
2,2010-2011_Man City_West Brom,0.5
2,2010-2011_Newcastle_Arsenal,0.2
2,2010-2011_Stoke_Sunderland,0.25
2,2010-2011_Tottenham_Bolton,0.0
2,2010-2011_Wigan_Blackburn,0.33
2,2010-2011_Wolves_Man United,0.0
2,2010-2011_Chelsea_Liverpool,0.0
2,2010-2011_West Ham_Birmingham,0.0
2,2010-2011_Arsenal_Wolves,0.0
2,2010-2011_Birmingham_Stoke,0.0
2,2010-2011_Blackburn_Newcastle,0.0
2,2010-2011_Blackpool_Aston Villa,0.0
2,2010-2011_Liverpool_Wigan,0.0
2,2010-2011_Man United_Man City,0.5
2,2010-2011_Sunderland_Tottenham,0.33
2,2010-2011_West Brom_West Ham,0.33
2,2010-2011_Bolton_Everton,0.0
2,2010-2011_Fulham_Chelsea,0.5
2,2010-2011_Birmingham_Newcastle,0.5
2,2010-2011_West Brom_Wolves,0.5
2,2010-2011_Blackpool_Tottenham,0.33
2,2010-2011_Arsenal_Stoke,0.0
2,2010-2011_Aston Villa_Blackburn,0.33
2,2010-2011_Everton_Sunderland,0.0
2,2010-2011_Newcastle_Bolton,0.0
2,2010-2011_Wigan_Man United,0.5
2,2010-2011_Wolves_Blackpool,0.5
2,2010-2011_Man City_Fulham,0.0
2,2010-2011_West Ham_Liverpool,0.33
2,2010-2011_Stoke_West Brom,0.0
2,2010-2011_Chelsea_Man United,0.25
2,2010-2011_Arsenal_Sunderland,0.5
2,2010-2011_Birmingham_West Brom,0.5
2,2010-2011_Bolton_Aston Villa,0.25
2,2010-2011_Fulham_Blackburn,0.25
2,2010-2011_Man City_Wigan,0.0
2,2010-2011_Newcastle_Everton,0.5
2,2010-2011_West Ham_Stoke,0.0
2,2010-2011_Liverpool_Man United,0.33
2,2010-2011_Wolves_Tottenham,0.33
2,2010-2011_Blackpool_Chelsea,0.33
2,2010-2011_Everton_Birmingham,0.0
2,2010-2011_Aston Villa_Wolves,0.0
2,2010-2011_Blackburn_Blackpool,0.33
2,2010-2011_Everton_Fulham,0.33
2,2010-2011_Man United_Bolton,0.33
2,2010-2011_Stoke_Newcastle,0.0
2,2010-2011_Tottenham_West Ham,0.5
2,2010-2011_West Brom_Arsenal,0.5
2,2010-2011_Wigan_Birmingham,0.0
2,2010-2011_Chelsea_Man City,0.5
2,2010-2011_Sunderland_Liverpool,0.33
2,2010-2011_Arsenal_Blackburn,0.5
2,2010-2011_Birmingham_Bolton,0.25
2,2010-2011_Everton_Aston Villa,0.5
2,2010-2011_Newcastle_Wolves,0.33
2,2010-2011_Stoke_Chelsea,0.5
2,2010-2011_West Brom_Liverpool,0.5
2,2010-2011_West Ham_Man United,0.25
2,2010-2011_Wigan_Tottenham,0.0
2,2010-2011_Fulham_Blackpool,0.5
2,2010-2011_Man City_Sunderland,0.5
2,2010-2011_Blackburn_Birmingham,0.0
2,2010-2011_Bolton_West Ham,0.33
2,2010-2011_Chelsea_Wigan,0.5
2,2010-2011_Man United_Fulham,0.33
2,2010-2011_Sunderland_West Brom,0.5
2,2010-2011_Tottenham_Stoke,0.5
2,2010-2011_Wolves_Everton,0.33
2,2010-2011_Aston Villa_Newcastle,0.0
2,2010-2011_Blackpool_Arsenal,0.5
2,2010-2011_Liverpool_Man City,0.5
2,2010-2011_Birmingham_Sunderland,0.5
2,2010-2011_Blackpool_Wigan,0.5
2,2010-2011_Everton_Blackburn,0.0
2,2010-2011_West Brom_Chelsea,0.5
2,2010-2011_West Ham_Aston Villa,0.33
2,2010-2011_Arsenal_Liverpool,0.5
2,2010-2011_Newcastle_Man United,0.5
2,2010-2011_Chelsea_Birmingham,0.0
2,2010-2011_Tottenham_Arsenal,0.33
2,2010-2011_Aston Villa_Stoke,0.0
2,2010-2011_Blackpool_Newcastle,0.0
2,2010-2011_Chelsea_West Ham,0.5
2,2010-2011_Liverpool_Birmingham,0.5
2,2010-2011_Man United_Everton,0.5
2,2010-2011_Sunderland_Wigan,0.5
2,2010-2011_Tottenham_West Brom,0.33
2,2010-2011_Wolves_Fulham,0.0
2,2010-2011_Bolton_Arsenal,0.25
2,2010-2011_Blackburn_Man City,0.0
2,2010-2011_Stoke_Wolves,0.33
2,2010-2011_Fulham_Bolton,0.33
2,2010-2011_Blackburn_Bolton,0.5
2,2010-2011_Blackpool_Stoke,0.0
2,2010-2011_Chelsea_Tottenham,0.5
2,2010-2011_Sunderland_Fulham,0.0
2,2010-2011_West Brom_Aston Villa,0.33
2,2010-2011_Wigan_Everton,0.0
2,2010-2011_Arsenal_Man United,0.5
2,2010-2011_Birmingham_Wolves,0.5
2,2010-2011_Liverpool_Newcastle,0.0
2,2010-2011_Man City_West Ham,0.5
2,2010-2011_Aston Villa_Wigan,0.0
2,2010-2011_Bolton_Sunderland,0.5
2,2010-2011_Everton_Man City,0.25
2,2010-2011_Newcastle_Birmingham,0.5
2,2010-2011_Tottenham_Blackpool,0.5
2,2010-2011_West Ham_Blackburn,0.5
2,2010-2011_Man United_Chelsea,0.25
2,2010-2011_Stoke_Arsenal,0.5
2,2010-2011_Wolves_West Brom,0.33
2,2010-2011_Fulham_Liverpool,0.33
2,2010-2011_Man City_Tottenham,0.0
2,2010-2011_Blackburn_Man United,0.0
2,2010-2011_Blackpool_Bolton,0.25
2,2010-2011_Sunderland_Wolves,0.5
2,2010-2011_West Brom_Everton,0.33
2,2010-2011_Arsenal_Aston Villa,0.33
2,2010-2011_Birmingham_Fulham,0.5
2,2010-2011_Chelsea_Newcastle,0.25
2,2010-2011_Liverpool_Tottenham,0.0
2,2010-2011_Wigan_West Ham,0.33
2,2010-2011_Man City_Stoke,0.0
2,2010-2011_Aston Villa_Liverpool,0.0
2,2010-2011_Bolton_Man City,0.5
2,2010-2011_Everton_Chelsea,0.33
2,2010-2011_Fulham_Arsenal,0.5
2,2010-2011_Man United_Blackpool,0.33
2,2010-2011_Newcastle_West Brom,0.33
2,2010-2011_Stoke_Wigan,0.5
2,2010-2011_Tottenham_Birmingham,0.5
2,2010-2011_West Ham_Sunderland,0.33
2,2010-2011_Wolves_Blackburn,0.5
2,2011-2012_Blackburn_Wolves,0.2
2,2011-2012_Fulham_Aston Villa,0.5
2,2011-2012_Liverpool_Sunderland,0.5
2,2011-2012_Newcastle_Arsenal,0.5
2,2011-2012_QPR_Bolton,0.5
2,2011-2012_Wigan_Norwich,0.5
2,2011-2012_Stoke_Chelsea,0.5
2,2011-2012_West Brom_Man United,0.5
2,2011-2012_Man City_Swansea,0.33
2,2011-2012_Arsenal_Liverpool,0.33
2,2011-2012_Aston Villa_Blackburn,0.0
2,2011-2012_Chelsea_West Brom,0.25
2,2011-2012_Everton_QPR,0.0
2,2011-2012_Sunderland_Newcastle,0.25
2,2011-2012_Swansea_Wigan,0.0
2,2011-2012_Bolton_Man City,0.25
2,2011-2012_Norwich_Stoke,0.5
2,2011-2012_Wolves_Fulham,0.5
2,2011-2012_Man United_Tottenham,0.5
2,2011-2012_Aston Villa_Wolves,0.5
2,2011-2012_Blackburn_Everton,0.5
2,2011-2012_Chelsea_Norwich,0.2
2,2011-2012_Liverpool_Bolton,0.25
2,2011-2012_Swansea_Sunderland,0.0
2,2011-2012_Wigan_QPR,0.33
2,2011-2012_Man United_Arsenal,0.25
2,2011-2012_Newcastle_Fulham,0.5
2,2011-2012_Tottenham_Man City,0.25
2,2011-2012_West Brom_Stoke,0.0
2,2011-2012_Arsenal_Swansea,0.0
2,2011-2012_Bolton_Man United,0.33
2,2011-2012_Everton_Aston Villa,0.5
2,2011-2012_Man City_Wigan,0.33
2,2011-2012_Stoke_Liverpool,0.33
2,2011-2012_Sunderland_Chelsea,0.33
2,2011-2012_Wolves_Tottenham,0.5
2,2011-2012_Fulham_Blackburn,0.0
2,2011-2012_Norwich_West Brom,0.0
2,2011-2012_QPR_Newcastle,0.5
2,2011-2012_Aston Villa_Newcastle,0.33
2,2011-2012_Blackburn_Arsenal,0.33
2,2011-2012_Bolton_Norwich,0.33
2,2011-2012_Everton_Wigan,0.5
2,2011-2012_Swansea_West Brom,0.0
2,2011-2012_Wolves_QPR,0.33
2,2011-2012_Fulham_Man City,0.33
2,2011-2012_Man United_Chelsea,0.33
2,2011-2012_Sunderland_Stoke,0.0
2,2011-2012_Tottenham_Liverpool,0.33
2,2011-2012_Arsenal_Bolton,0.0
2,2011-2012_Chelsea_Swansea,0.33
2,2011-2012_Liverpool_Wolves,0.5
2,2011-2012_Man City_Everton,0.5
2,2011-2012_Newcastle_Blackburn,0.5
2,2011-2012_Stoke_Man United,0.25
2,2011-2012_West Brom_Fulham,0.5
2,2011-2012_Wigan_Tottenham,0.33
2,2011-2012_QPR_Aston Villa,0.25
2,2011-2012_Norwich_Sunderland,0.0
2,2011-2012_Aston Villa_Wigan,0.33
2,2011-2012_Blackburn_Man City,0.5
2,2011-2012_Everton_Liverpool,0.5
2,2011-2012_Man United_Norwich,0.33
2,2011-2012_Sunderland_West Brom,0.0
2,2011-2012_Wolves_Newcastle,0.5
2,2011-2012_Bolton_Chelsea,0.33
2,2011-2012_Fulham_QPR,0.33
2,2011-2012_Swansea_Stoke,0.33
2,2011-2012_Tottenham_Arsenal,0.33
2,2011-2012_Chelsea_Everton,0.5
2,2011-2012_Liverpool_Man United,0.5
2,2011-2012_Man City_Aston Villa,0.5
2,2011-2012_Norwich_Swansea,0.5
2,2011-2012_QPR_Blackburn,0.0
2,2011-2012_Stoke_Fulham,0.5
2,2011-2012_Wigan_Bolton,0.33
2,2011-2012_Arsenal_Sunderland,0.25
2,2011-2012_Newcastle_Tottenham,0.5
2,2011-2012_West Brom_Wolves,0.33
2,2011-2012_Aston Villa_West Brom,0.33
2,2011-2012_Bolton_Sunderland,0.5
2,2011-2012_Liverpool_Norwich,0.33
2,2011-2012_Newcastle_Wigan,0.0
2,2011-2012_Wolves_Swansea,0.25
2,2011-2012_Arsenal_Stoke,0.0
2,2011-2012_Blackburn_Tottenham,0.33
2,2011-2012_Fulham_Everton,0.5
2,2011-2012_Man United_Man City,0.25
2,2011-2012_QPR_Chelsea,0.5
2,2011-2012_Chelsea_Arsenal,0.5
2,2011-2012_Everton_Man United,0.5
2,2011-2012_Man City_Wolves,0.5
2,2011-2012_Norwich_Blackburn,0.5
2,2011-2012_Sunderland_Aston Villa,0.5
2,2011-2012_Swansea_Bolton,0.25
2,2011-2012_West Brom_Liverpool,0.33
2,2011-2012_Wigan_Fulham,0.5
2,2011-2012_Tottenham_QPR,0.33
2,2011-2012_Stoke_Newcastle,0.0
2,2011-2012_Arsenal_West Brom,0.0
2,2011-2012_Aston Villa_Norwich,0.25
2,2011-2012_Blackburn_Chelsea,0.5
2,2011-2012_Liverpool_Swansea,0.33
2,2011-2012_Man United_Sunderland,0.0
2,2011-2012_Newcastle_Everton,0.5
2,2011-2012_QPR_Man City,0.5
2,2011-2012_Bolton_Stoke,0.25
2,2011-2012_Fulham_Tottenham,0.33
2,2011-2012_Wolves_Wigan,0.5
2,2011-2012_Everton_Wolves,0.0
2,2011-2012_Man City_Newcastle,0.0
2,2011-2012_Norwich_Arsenal,0.5
2,2011-2012_Stoke_QPR,0.2
2,2011-2012_Sunderland_Fulham,0.5
2,2011-2012_Swansea_Man United,0.0
2,2011-2012_West Brom_Bolton,0.0
2,2011-2012_Wigan_Blackburn,0.33
2,2011-2012_Chelsea_Liverpool,0.5
2,2011-2012_Tottenham_Aston Villa,0.33
2,2011-2012_Arsenal_Fulham,0.33
2,2011-2012_Bolton_Everton,0.5
2,2011-2012_Chelsea_Wolves,0.5
2,2011-2012_Man United_Newcastle,0.25
2,2011-2012_Norwich_QPR,0.5
2,2011-2012_Stoke_Blackburn,0.5
2,2011-2012_Sunderland_Wigan,0.0
2,2011-2012_West Brom_Tottenham,0.5
2,2011-2012_Liverpool_Man City,0.25
2,2011-2012_Swansea_Aston Villa,0.5
2,2011-2012_Aston Villa_Man United,0.0
2,2011-2012_Blackburn_Swansea,0.5
2,2011-2012_Man City_Norwich,0.25
2,2011-2012_Newcastle_Chelsea,0.33
2,2011-2012_QPR_West Brom,0.0
2,2011-2012_Tottenham_Bolton,0.5
2,2011-2012_Wigan_Arsenal,0.5
2,2011-2012_Everton_Stoke,0.0
2,2011-2012_Wolves_Sunderland,0.33
2,2011-2012_Fulham_Liverpool,0.33
2,2011-2012_Arsenal_Everton,0.0
2,2011-2012_Bolton_Aston Villa,0.5
2,2011-2012_Liverpool_QPR,0.25
2,2011-2012_Man United_Wolves,0.33
2,2011-2012_Norwich_Newcastle,0.33
2,2011-2012_Swansea_Fulham,0.33
2,2011-2012_West Brom_Wigan,0.0
2,2011-2012_Stoke_Tottenham,0.25
2,2011-2012_Sunderland_Blackburn,0.5
2,2011-2012_Chelsea_Man City,0.5
2,2011-2012_Blackburn_West Brom,0.33
2,2011-2012_Everton_Norwich,0.33
2,2011-2012_Fulham_Bolton,0.5
2,2011-2012_Newcastle_Swansea,0.0
2,2011-2012_Wigan_Chelsea,0.0
2,2011-2012_Wolves_Stoke,0.33
2,2011-2012_Aston Villa_Liverpool,0.5
2,2011-2012_Man City_Arsenal,0.0
2,2011-2012_QPR_Man United,0.5
2,2011-2012_Tottenham_Sunderland,0.0
2,2011-2012_Blackburn_Bolton,0.5
2,2011-2012_Wolves_Norwich,0.33
2,2011-2012_Aston Villa_Arsenal,0.25
2,2011-2012_Everton_Swansea,0.0
2,2011-2012_Fulham_Man United,0.33
2,2011-2012_Man City_Stoke,0.0
2,2011-2012_Newcastle_West Brom,0.33
2,2011-2012_QPR_Sunderland,0.25
2,2011-2012_Wigan_Liverpool,0.33
2,2011-2012_Tottenham_Chelsea,0.5
2,2011-2012_Bolton_Newcastle,0.0
2,2011-2012_Chelsea_Fulham,0.33
2,2011-2012_Liverpool_Blackburn,0.33
2,2011-2012_Man United_Wigan,0.33
2,2011-2012_Stoke_Aston Villa,0.0
2,2011-2012_Sunderland_Everton,0.0
2,2011-2012_West Brom_Man City,0.33
2,2011-2012_Arsenal_Wolves,0.2
2,2011-2012_Norwich_Tottenham,0.33
2,2011-2012_Swansea_QPR,0.5
2,2011-2012_Liverpool_Newcastle,0.0
2,2011-2012_Arsenal_QPR,0.5
2,2011-2012_Bolton_Wolves,0.0
2,2011-2012_Chelsea_Aston Villa,0.33
2,2011-2012_Man United_Blackburn,0.33
2,2011-2012_Norwich_Fulham,0.0
2,2011-2012_Stoke_Wigan,0.33
2,2011-2012_Swansea_Tottenham,0.5
2,2011-2012_Sunderland_Man City,0.33
2,2011-2012_West Brom_Everton,0.0
2,2011-2012_Aston Villa_Swansea,0.5
2,2011-2012_Blackburn_Stoke,0.0
2,2011-2012_Fulham_Arsenal,0.5
2,2011-2012_QPR_Norwich,0.5
2,2011-2012_Wolves_Chelsea,0.5
2,2011-2012_Man City_Liverpool,0.33
2,2011-2012_Tottenham_West Brom,0.33
2,2011-2012_Wigan_Sunderland,0.33
2,2011-2012_Everton_Bolton,0.5
2,2011-2012_Newcastle_Man United,0.0
2,2011-2012_Tottenham_Everton,0.5
2,2011-2012_Aston Villa_Everton,0.0
2,2011-2012_Blackburn_Fulham,0.33
2,2011-2012_Chelsea_Sunderland,0.5
2,2011-2012_Liverpool_Stoke,0.0
2,2011-2012_Man United_Bolton,0.33
2,2011-2012_Tottenham_Wolves,0.0
2,2011-2012_West Brom_Norwich,0.33
2,2011-2012_Newcastle_QPR,0.5
2,2011-2012_Swansea_Arsenal,0.5
2,2011-2012_Wigan_Man City,0.5
2,2011-2012_Bolton_Liverpool,0.5
2,2011-2012_Everton_Blackburn,0.5
2,2011-2012_Fulham_Newcastle,0.5
2,2011-2012_Norwich_Chelsea,0.0
2,2011-2012_QPR_Wigan,0.5
2,2011-2012_Stoke_West Brom,0.0
2,2011-2012_Sunderland_Swansea,0.0
2,2011-2012_Wolves_Aston Villa,0.25
2,2011-2012_Arsenal_Man United,0.5
2,2011-2012_Man City_Tottenham,0.33
2,2011-2012_Everton_Man City,0.5
2,2011-2012_Man United_Stoke,0.0
2,2011-2012_Swansea_Chelsea,0.25
2,2011-2012_Tottenham_Wigan,0.5
2,2011-2012_Wolves_Liverpool,0.5
2,2011-2012_Aston Villa_QPR,0.33
2,2011-2012_Blackburn_Newcastle,0.5
2,2011-2012_Bolton_Arsenal,0.33
2,2011-2012_Fulham_West Brom,0.33
2,2011-2012_Sunderland_Norwich,0.0
2,2011-2012_Arsenal_Blackburn,0.33
2,2011-2012_Man City_Fulham,0.5
2,2011-2012_Norwich_Bolton,0.33
2,2011-2012_QPR_Wolves,0.5
2,2011-2012_Stoke_Sunderland,0.0
2,2011-2012_West Brom_Swansea,0.5
2,2011-2012_Wigan_Everton,0.0
2,2011-2012_Chelsea_Man United,0.33
2,2011-2012_Newcastle_Aston Villa,0.5
2,2011-2012_Liverpool_Tottenham,0.0
2,2011-2012_Blackburn_QPR,0.33
2,2011-2012_Bolton_Wigan,0.33
2,2011-2012_Everton_Chelsea,0.0
2,2011-2012_Fulham_Stoke,0.0
2,2011-2012_Man United_Liverpool,0.0
2,2011-2012_Sunderland_Arsenal,0.0
2,2011-2012_Swansea_Norwich,0.33
2,2011-2012_Tottenham_Newcastle,0.5
2,2011-2012_Aston Villa_Man City,0.5
2,2011-2012_Wolves_West Brom,0.33
2,2011-2012_Chelsea_Bolton,0.25
2,2011-2012_Man City_Blackburn,0.0
2,2011-2012_Newcastle_Wolves,0.0
2,2011-2012_QPR_Fulham,0.5
2,2011-2012_West Brom_Sunderland,0.5
2,2011-2012_Wigan_Aston Villa,0.5
2,2011-2012_Arsenal_Tottenham,0.25
2,2011-2012_Norwich_Man United,0.5
2,2011-2012_Stoke_Swansea,0.0
2,2011-2012_Blackburn_Aston Villa,0.33
2,2011-2012_Liverpool_Arsenal,0.0
2,2011-2012_Man City_Bolton,0.33
2,2011-2012_QPR_Everton,0.5
2,2011-2012_Stoke_Norwich,0.0
2,2011-2012_West Brom_Chelsea,0.33
2,2011-2012_Wigan_Swansea,0.5
2,2011-2012_Fulham_Wolves,0.33
2,2011-2012_Newcastle_Sunderland,0.2
2,2011-2012_Tottenham_Man United,0.5
2,2011-2012_Aston Villa_Fulham,0.33
2,2011-2012_Bolton_QPR,0.33
2,2011-2012_Chelsea_Stoke,0.5
2,2011-2012_Everton_Tottenham,0.0
2,2011-2012_Sunderland_Liverpool,0.0
2,2011-2012_Wolves_Blackburn,0.5
2,2011-2012_Man United_West Brom,0.5
2,2011-2012_Norwich_Wigan,0.33
2,2011-2012_Swansea_Man City,0.33
2,2011-2012_Arsenal_Newcastle,0.5
2,2011-2012_Liverpool_Everton,0.5
2,2011-2012_Fulham_Swansea,0.0
2,2011-2012_Wigan_West Brom,0.25
2,2011-2012_Newcastle_Norwich,0.0
2,2011-2012_Wolves_Man United,0.33
2,2011-2012_Blackburn_Sunderland,0.0
2,2011-2012_Everton_Arsenal,0.0
2,2011-2012_Man City_Chelsea,0.5
2,2011-2012_QPR_Liverpool,0.25
2,2011-2012_Tottenham_Stoke,0.33
2,2011-2012_Arsenal_Aston Villa,0.33
2,2011-2012_Bolton_Blackburn,0.33
2,2011-2012_Chelsea_Tottenham,0.5
2,2011-2012_Liverpool_Wigan,0.5
2,2011-2012_Norwich_Wolves,0.5
2,2011-2012_Stoke_Man City,0.5
2,2011-2012_Sunderland_QPR,0.33
2,2011-2012_Swansea_Everton,0.0
2,2011-2012_West Brom_Newcastle,0.25
2,2011-2012_Man United_Fulham,0.0
2,2011-2012_Aston Villa_Chelsea,0.5
2,2011-2012_Everton_West Brom,0.0
2,2011-2012_Fulham_Norwich,0.5
2,2011-2012_Man City_Sunderland,0.2
2,2011-2012_QPR_Arsenal,0.5
2,2011-2012_Wigan_Stoke,0.5
2,2011-2012_Wolves_Bolton,0.33
2,2011-2012_Newcastle_Liverpool,0.5
2,2011-2012_Tottenham_Swansea,0.25
2,2011-2012_Blackburn_Man United,0.0
2,2011-2012_Swansea_Newcastle,0.0
2,2011-2012_Bolton_Fulham,0.0
2,2011-2012_Chelsea_Wigan,0.5
2,2011-2012_Liverpool_Aston Villa,0.33
2,2011-2012_Norwich_Everton,0.0
2,2011-2012_Stoke_Wolves,0.0
2,2011-2012_Sunderland_Tottenham,0.33
2,2011-2012_West Brom_Blackburn,0.5
2,2011-2012_Arsenal_Man City,0.33
2,2011-2012_Man United_QPR,0.5
2,2011-2012_Aston Villa_Stoke,0.0
2,2011-2012_Everton_Sunderland,0.5
2,2011-2012_Fulham_Chelsea,0.5
2,2011-2012_Newcastle_Bolton,0.0
2,2011-2012_Tottenham_Norwich,0.5
2,2011-2012_Blackburn_Liverpool,0.33
2,2011-2012_Man City_West Brom,0.0
2,2011-2012_QPR_Swansea,0.33
2,2011-2012_Wigan_Man United,0.0
2,2011-2012_Wolves_Arsenal,0.5
2,2011-2012_Norwich_Man City,0.33
2,2011-2012_Sunderland_Wolves,0.33
2,2011-2012_Swansea_Blackburn,0.0
2,2011-2012_West Brom_QPR,0.5
2,2011-2012_Man United_Aston Villa,0.25
2,2011-2012_Arsenal_Wigan,0.33
2,2011-2012_Arsenal_Chelsea,0.33
2,2011-2012_Aston Villa_Sunderland,0.0
2,2011-2012_Blackburn_Norwich,0.33
2,2011-2012_Bolton_Swansea,0.33
2,2011-2012_Fulham_Wigan,0.0
2,2011-2012_Newcastle_Stoke,0.0
2,2011-2012_QPR_Tottenham,0.25
2,2011-2012_Liverpool_West Brom,0.33
2,2011-2012_Man United_Everton,0.33
2,2011-2012_Wolves_Man City,0.0
2,2011-2012_Aston Villa_Bolton,0.5
2,2011-2012_Everton_Fulham,0.0
2,2011-2012_Norwich_Liverpool,0.0
2,2011-2012_Stoke_Arsenal,0.5
2,2011-2012_Sunderland_Bolton,0.33
2,2011-2012_Swansea_Wolves,0.5
2,2011-2012_West Brom_Aston Villa,0.0
2,2011-2012_Wigan_Newcastle,0.5
2,2011-2012_Chelsea_QPR,0.25
2,2011-2012_Tottenham_Blackburn,0.0
2,2011-2012_Man City_Man United,0.0
2,2011-2012_Liverpool_Fulham,0.0
2,2011-2012_Stoke_Everton,0.0
2,2011-2012_Bolton_Tottenham,0.5
2,2011-2012_Chelsea_Newcastle,0.0
2,2011-2012_Arsenal_Norwich,0.5
2,2011-2012_Aston Villa_Tottenham,0.5
2,2011-2012_Bolton_West Brom,0.5
2,2011-2012_Fulham_Sunderland,0.33
2,2011-2012_Man United_Swansea,0.33
2,2011-2012_Newcastle_Man City,0.25
2,2011-2012_QPR_Stoke,0.33
2,2011-2012_Wolves_Everton,0.0
2,2011-2012_Blackburn_Wigan,0.5
2,2011-2012_Liverpool_Chelsea,0.25
2,2011-2012_Chelsea_Blackburn,0.0
2,2011-2012_Everton_Newcastle,0.5
2,2011-2012_Man City_QPR,0.33
2,2011-2012_Norwich_Aston Villa,0.5
2,2011-2012_Stoke_Bolton,0.33
2,2011-2012_Sunderland_Man United,0.5
2,2011-2012_Swansea_Liverpool,0.0
2,2011-2012_Tottenham_Fulham,0.0
2,2011-2012_West Brom_Arsenal,0.25
2,2011-2012_Wigan_Wolves,0.5
2,2012-2013_Arsenal_Sunderland,0.0
2,2012-2013_Fulham_Norwich,0.0
2,2012-2013_Newcastle_Tottenham,0.0
2,2012-2013_QPR_Swansea,0.33
2,2012-2013_Reading_Stoke,0.5
2,2012-2013_West Brom_Liverpool,0.25
2,2012-2013_West Ham_Aston Villa,0.0
2,2012-2013_Man City_Southampton,0.33
2,2012-2013_Wigan_Chelsea,0.5
2,2012-2013_Everton_Man United,0.5
2,2012-2013_Chelsea_Reading,0.33
2,2012-2013_Aston Villa_Everton,0.5
2,2012-2013_Chelsea_Newcastle,0.0
2,2012-2013_Man United_Fulham,0.33
2,2012-2013_Norwich_QPR,0.0
2,2012-2013_Southampton_Wigan,0.5
2,2012-2013_Swansea_West Ham,0.33
2,2012-2013_Tottenham_West Brom,0.5
2,2012-2013_Liverpool_Man City,0.5
2,2012-2013_Stoke_Arsenal,0.0
2,2012-2013_Man City_QPR,0.5
2,2012-2013_Swansea_Sunderland,0.5
2,2012-2013_Tottenham_Norwich,0.5
2,2012-2013_West Brom_Everton,0.0
2,2012-2013_West Ham_Fulham,0.33
2,2012-2013_Wigan_Stoke,0.5
2,2012-2013_Liverpool_Arsenal,0.5
2,2012-2013_Newcastle_Aston Villa,0.33
2,2012-2013_Southampton_Man United,0.33
2,2012-2013_Arsenal_Southampton,0.25
2,2012-2013_Aston Villa_Swansea,0.33
2,2012-2013_Fulham_West Brom,0.33
2,2012-2013_Man United_Wigan,0.5
2,2012-2013_Norwich_West Ham,0.33
2,2012-2013_QPR_Chelsea,0.0
2,2012-2013_Stoke_Man City,0.0
2,2012-2013_Sunderland_Liverpool,0.5
2,2012-2013_Reading_Tottenham,0.5
2,2012-2013_Everton_Newcastle,0.33
2,2012-2013_Chelsea_Stoke,0.5
2,2012-2013_Southampton_Aston Villa,0.5
2,2012-2013_Swansea_Everton,0.25
2,2012-2013_West Brom_Reading,0.0
2,2012-2013_West Ham_Sunderland,0.5
2,2012-2013_Wigan_Fulham,0.5
2,2012-2013_Liverpool_Man United,0.5
2,2012-2013_Man City_Arsenal,0.33
2,2012-2013_Newcastle_Norwich,0.0
2,2012-2013_Tottenham_QPR,0.25
2,2012-2013_Arsenal_Chelsea,0.5
2,2012-2013_Everton_Southampton,0.33
2,2012-2013_Fulham_Man City,0.5
2,2012-2013_Man United_Tottenham,0.25
2,2012-2013_Norwich_Liverpool,0.33
2,2012-2013_Reading_Newcastle,0.0
2,2012-2013_Stoke_Swansea,0.0
2,2012-2013_Sunderland_Wigan,0.5
2,2012-2013_Aston Villa_West Brom,0.33
2,2012-2013_QPR_West Ham,0.2
2,2012-2013_Chelsea_Norwich,0.33
2,2012-2013_Man City_Sunderland,0.33
2,2012-2013_Swansea_Reading,0.33
2,2012-2013_West Brom_QPR,0.5
2,2012-2013_West Ham_Arsenal,0.25
2,2012-2013_Wigan_Everton,0.25
2,2012-2013_Liverpool_Stoke,0.5
2,2012-2013_Newcastle_Man United,0.25
2,2012-2013_Southampton_Fulham,0.25
2,2012-2013_Tottenham_Aston Villa,0.0
2,2012-2013_Fulham_Aston Villa,0.5
2,2012-2013_Liverpool_Reading,0.33
2,2012-2013_Man United_Stoke,0.33
2,2012-2013_Norwich_Arsenal,0.0
2,2012-2013_Swansea_Wigan,0.33
2,2012-2013_Tottenham_Chelsea,0.33
2,2012-2013_West Brom_Man City,0.25
2,2012-2013_West Ham_Southampton,0.5
2,2012-2013_QPR_Everton,0.5
2,2012-2013_Sunderland_Newcastle,0.5
2,2012-2013_Arsenal_QPR,0.0
2,2012-2013_Aston Villa_Norwich,0.0
2,2012-2013_Man City_Swansea,0.0
2,2012-2013_Reading_Fulham,0.25
2,2012-2013_Stoke_Sunderland,0.0
2,2012-2013_Wigan_West Ham,0.25
2,2012-2013_Chelsea_Man United,0.25
2,2012-2013_Everton_Liverpool,0.25
2,2012-2013_Newcastle_West Brom,0.5
2,2012-2013_Southampton_Tottenham,0.0
2,2012-2013_Fulham_Everton,0.33
2,2012-2013_Man United_Arsenal,0.5
2,2012-2013_Norwich_Stoke,0.5
2,2012-2013_Sunderland_Aston Villa,0.0
2,2012-2013_Swansea_Chelsea,0.0
2,2012-2013_Tottenham_Wigan,0.0
2,2012-2013_West Ham_Man City,0.5
2,2012-2013_Liverpool_Newcastle,0.33
2,2012-2013_QPR_Reading,0.33
2,2012-2013_West Brom_Southampton,0.33
2,2012-2013_Arsenal_Fulham,0.25
2,2012-2013_Aston Villa_Man United,0.5
2,2012-2013_Everton_Sunderland,0.0
2,2012-2013_Reading_Norwich,0.0
2,2012-2013_Southampton_Swansea,0.0
2,2012-2013_Stoke_QPR,0.0
2,2012-2013_Wigan_West Brom,0.5
2,2012-2013_Chelsea_Liverpool,0.0
2,2012-2013_Man City_Tottenham,0.0
2,2012-2013_Newcastle_West Ham,0.5
2,2012-2013_Arsenal_Tottenham,0.33
2,2012-2013_Liverpool_Wigan,0.5
2,2012-2013_Man City_Aston Villa,0.33
2,2012-2013_Newcastle_Swansea,0.5
2,2012-2013_Norwich_Man United,0.0
2,2012-2013_QPR_Southampton,0.33
2,2012-2013_Reading_Everton,0.25
2,2012-2013_West Brom_Chelsea,0.33
2,2012-2013_Fulham_Sunderland,0.33
2,2012-2013_West Ham_Stoke,0.25
2,2012-2013_Aston Villa_Arsenal,0.0
2,2012-2013_Everton_Norwich,0.5
2,2012-2013_Man United_QPR,0.25
2,2012-2013_Stoke_Fulham,0.0
2,2012-2013_Sunderland_West Brom,0.5
2,2012-2013_Wigan_Reading,0.33
2,2012-2013_Chelsea_Man City,0.0
2,2012-2013_Southampton_Newcastle,0.0
2,2012-2013_Swansea_Liverpool,0.33
2,2012-2013_Tottenham_West Ham,0.5
2,2012-2013_Aston Villa_Reading,0.0
2,2012-2013_Sunderland_QPR,0.5
2,2012-2013_Chelsea_Fulham,0.5
2,2012-2013_Everton_Arsenal,0.5
2,2012-2013_Man United_West Ham,0.33
2,2012-2013_Southampton_Norwich,0.0
2,2012-2013_Stoke_Newcastle,0.5
2,2012-2013_Swansea_West Brom,0.5
2,2012-2013_Tottenham_Liverpool,0.5
2,2012-2013_Wigan_Man City,0.0
2,2012-2013_Arsenal_Swansea,0.0
2,2012-2013_Fulham_Tottenham,0.0
2,2012-2013_Liverpool_Southampton,0.33
2,2012-2013_Man City_Everton,0.5
2,2012-2013_QPR_Aston Villa,0.5
2,2012-2013_Reading_Man United,0.33
2,2012-2013_West Brom_Stoke,0.5
2,2012-2013_West Ham_Chelsea,0.33
2,2012-2013_Norwich_Sunderland,0.0
2,2012-2013_Newcastle_Wigan,0.5
2,2012-2013_Arsenal_West Brom,0.5
2,2012-2013_Aston Villa_Stoke,0.0
2,2012-2013_Southampton_Reading,0.0
2,2012-2013_Sunderland_Chelsea,0.5
2,2012-2013_Swansea_Norwich,0.5
2,2012-2013_Wigan_QPR,0.33
2,2012-2013_Everton_Tottenham,0.0
2,2012-2013_Man City_Man United,0.33
2,2012-2013_West Ham_Liverpool,0.5
2,2012-2013_Fulham_Newcastle,0.33
2,2012-2013_Sunderland_Reading,0.5
2,2012-2013_Liverpool_Aston Villa,0.5
2,2012-2013_Man United_Sunderland,0.25
2,2012-2013_Newcastle_Man City,0.25
2,2012-2013_Norwich_Wigan,0.5
2,2012-2013_QPR_Fulham,0.0
2,2012-2013_Stoke_Everton,0.0
2,2012-2013_Tottenham_Swansea,0.5
2,2012-2013_West Brom_West Ham,0.33
2,2012-2013_Reading_Arsenal,0.25
2,2012-2013_Liverpool_Fulham,0.5
2,2012-2013_Man City_Reading,0.5
2,2012-2013_Newcastle_QPR,0.0
2,2012-2013_Southampton_Sunderland,0.0
2,2012-2013_Tottenham_Stoke,0.33
2,2012-2013_West Brom_Norwich,0.0
2,2012-2013_West Ham_Everton,0.5
2,2012-2013_Wigan_Arsenal,0.0
2,2012-2013_Chelsea_Aston Villa,0.25
2,2012-2013_Swansea_Man United,0.33
2,2012-2013_Aston Villa_Tottenham,0.25
2,2012-2013_Everton_Wigan,0.5
2,2012-2013_Fulham_Southampton,0.5
2,2012-2013_Man United_Newcastle,0.33
2,2012-2013_Norwich_Chelsea,0.33
2,2012-2013_QPR_West Brom,0.25
2,2012-2013_Reading_Swansea,0.0
2,2012-2013_Stoke_Liverpool,0.5
2,2012-2013_Sunderland_Man City,0.5
2,2012-2013_Arsenal_Newcastle,0.33
2,2012-2013_Aston Villa_Wigan,0.5
2,2012-2013_Fulham_Swansea,0.5
2,2012-2013_Man United_West Brom,0.33
2,2012-2013_Norwich_Man City,0.25
2,2012-2013_Reading_West Ham,0.5
2,2012-2013_Stoke_Southampton,0.33
2,2012-2013_Sunderland_Tottenham,0.5
2,2012-2013_Everton_Chelsea,0.33
2,2012-2013_QPR_Liverpool,0.5
2,2012-2013_Man City_Stoke,0.5
2,2012-2013_Southampton_Arsenal,0.0
2,2012-2013_Swansea_Aston Villa,0.5
2,2012-2013_Tottenham_Reading,0.33
2,2012-2013_West Brom_Fulham,0.25
2,2012-2013_West Ham_Norwich,0.33
2,2012-2013_Wigan_Man United,0.0
2,2012-2013_Chelsea_QPR,0.33
2,2012-2013_Liverpool_Sunderland,0.33
2,2012-2013_Newcastle_Everton,0.5
2,2012-2013_Aston Villa_Southampton,0.33
2,2012-2013_Everton_Swansea,0.5
2,2012-2013_Fulham_Wigan,0.33
2,2012-2013_Norwich_Newcastle,0.0
2,2012-2013_QPR_Tottenham,0.0
2,2012-2013_Reading_West Brom,0.0
2,2012-2013_Stoke_Chelsea,0.0
2,2012-2013_Sunderland_West Ham,0.5
2,2012-2013_Arsenal_Man City,0.5
2,2012-2013_Man United_Liverpool,0.5
2,2012-2013_Chelsea_Southampton,0.5
2,2012-2013_Liverpool_Norwich,0.33
2,2012-2013_Man City_Fulham,0.5
2,2012-2013_Newcastle_Reading,0.5
2,2012-2013_Swansea_Stoke,0.0
2,2012-2013_West Brom_Aston Villa,0.25
2,2012-2013_West Ham_QPR,0.33
2,2012-2013_Wigan_Sunderland,0.5
2,2012-2013_Chelsea_Arsenal,0.0
2,2012-2013_Tottenham_Man United,0.5
2,2012-2013_Southampton_Everton,0.5
2,2012-2013_Arsenal_West Ham,0.25
2,2012-2013_Aston Villa_Newcastle,0.5
2,2012-2013_QPR_Man City,0.0
2,2012-2013_Stoke_Wigan,0.0
2,2012-2013_Sunderland_Swansea,0.5
2,2012-2013_Arsenal_Liverpool,0.25
2,2012-2013_Everton_West Brom,0.0
2,2012-2013_Fulham_West Ham,0.0
2,2012-2013_Man United_Southampton,0.5
2,2012-2013_Norwich_Tottenham,0.0
2,2012-2013_Reading_Chelsea,0.0
2,2012-2013_Arsenal_Stoke,0.0
2,2012-2013_Everton_Aston Villa,0.25
2,2012-2013_Fulham_Man United,0.33
2,2012-2013_Newcastle_Chelsea,0.33
2,2012-2013_QPR_Norwich,0.25
2,2012-2013_Reading_Sunderland,0.0
2,2012-2013_West Ham_Swansea,0.0
2,2012-2013_Wigan_Southampton,0.0
2,2012-2013_Man City_Liverpool,0.2
2,2012-2013_West Brom_Tottenham,0.5
2,2012-2013_Chelsea_Wigan,0.33
2,2012-2013_Norwich_Fulham,0.5
2,2012-2013_Southampton_Man City,0.0
2,2012-2013_Stoke_Reading,0.0
2,2012-2013_Sunderland_Arsenal,0.33
2,2012-2013_Swansea_QPR,0.5
2,2012-2013_Tottenham_Newcastle,0.33
2,2012-2013_Aston Villa_West Ham,0.5
2,2012-2013_Man United_Everton,0.0
2,2012-2013_Liverpool_West Brom,0.33
2,2012-2013_Liverpool_Swansea,0.33
2,2012-2013_Arsenal_Aston Villa,0.5
2,2012-2013_Fulham_Stoke,0.5
2,2012-2013_Norwich_Everton,0.0
2,2012-2013_QPR_Man United,0.0
2,2012-2013_Reading_Wigan,0.0
2,2012-2013_West Brom_Sunderland,0.5
2,2012-2013_Man City_Chelsea,0.0
2,2012-2013_Newcastle_Southampton,0.5
2,2012-2013_West Ham_Tottenham,0.33
2,2012-2013_Chelsea_West Brom,0.5
2,2012-2013_Everton_Reading,0.25
2,2012-2013_Man United_Norwich,0.5
2,2012-2013_Southampton_QPR,0.5
2,2012-2013_Stoke_West Ham,0.5
2,2012-2013_Sunderland_Fulham,0.5
2,2012-2013_Swansea_Newcastle,0.33
2,2012-2013_Wigan_Liverpool,0.5
2,2012-2013_Tottenham_Arsenal,0.5
2,2012-2013_Aston Villa_Man City,0.33
2,2012-2013_Norwich_Southampton,0.0
2,2012-2013_QPR_Sunderland,0.0
2,2012-2013_Reading_Aston Villa,0.5
2,2012-2013_West Brom_Swansea,0.0
2,2012-2013_Liverpool_Tottenham,0.5
2,2012-2013_Newcastle_Stoke,0.33
2,2012-2013_Aston Villa_QPR,0.33
2,2012-2013_Everton_Man City,0.2
2,2012-2013_Man United_Reading,0.0
2,2012-2013_Southampton_Liverpool,0.5
2,2012-2013_Stoke_West Brom,0.5
2,2012-2013_Swansea_Arsenal,0.0
2,2012-2013_Chelsea_West Ham,0.33
2,2012-2013_Sunderland_Norwich,0.33
2,2012-2013_Tottenham_Fulham,0.0
2,2012-2013_Wigan_Newcastle,0.0
2,2012-2013_Arsenal_Reading,0.33
2,2012-2013_Everton_Stoke,0.0
2,2012-2013_Man City_Newcastle,0.5
2,2012-2013_Southampton_Chelsea,0.0
2,2012-2013_Sunderland_Man United,0.0
2,2012-2013_Swansea_Tottenham,0.5
2,2012-2013_West Ham_West Brom,0.5
2,2012-2013_Wigan_Norwich,0.0
2,2012-2013_Aston Villa_Liverpool,0.33
2,2012-2013_Fulham_QPR,0.5
2,2012-2013_Norwich_Swansea,0.33
2,2012-2013_Reading_Southampton,0.0
2,2012-2013_Stoke_Aston Villa,0.5
2,2012-2013_West Brom_Arsenal,0.33
2,2012-2013_Chelsea_Sunderland,0.0
2,2012-2013_Liverpool_West Ham,0.33
2,2012-2013_Newcastle_Fulham,0.5
2,2012-2013_QPR_Wigan,0.33
2,2012-2013_Tottenham_Everton,0.33
2,2012-2013_Man United_Man City,0.33
2,2012-2013_Arsenal_Norwich,0.0
2,2012-2013_Aston Villa_Fulham,0.0
2,2012-2013_Everton_QPR,0.33
2,2012-2013_Reading_Liverpool,0.5
2,2012-2013_Southampton_West Ham,0.0
2,2012-2013_Newcastle_Sunderland,0.33
2,2012-2013_Stoke_Man United,0.0
2,2012-2013_Arsenal_Everton,0.0
2,2012-2013_Fulham_Chelsea,0.5
2,2012-2013_Man City_Wigan,0.0
2,2012-2013_West Ham_Man United,0.5
2,2012-2013_Fulham_Arsenal,0.5
2,2012-2013_Norwich_Reading,0.33
2,2012-2013_QPR_Stoke,0.5
2,2012-2013_Sunderland_Everton,0.0
2,2012-2013_Swansea_Southampton,0.0
2,2012-2013_West Brom_Newcastle,0.33
2,2012-2013_West Ham_Wigan,0.5
2,2012-2013_Liverpool_Chelsea,0.25
2,2012-2013_Tottenham_Man City,0.5
2,2012-2013_Man United_Aston Villa,0.0
2,2012-2013_Everton_Fulham,0.0
2,2012-2013_Man City_West Ham,0.5
2,2012-2013_Newcastle_Liverpool,0.33
2,2012-2013_Southampton_West Brom,0.25
2,2012-2013_Stoke_Norwich,0.5
2,2012-2013_Wigan_Tottenham,0.5
2,2012-2013_Arsenal_Man United,0.33
2,2012-2013_Chelsea_Swansea,0.5
2,2012-2013_Reading_QPR,0.25
2,2012-2013_Aston Villa_Sunderland,0.5
2,2012-2013_Fulham_Reading,0.33
2,2012-2013_Norwich_Aston Villa,0.5
2,2012-2013_QPR_Arsenal,0.0
2,2012-2013_Swansea_Man City,0.0
2,2012-2013_Tottenham_Southampton,0.0
2,2012-2013_West Brom_Wigan,0.25
2,2012-2013_West Ham_Newcastle,0.0
2,2012-2013_Liverpool_Everton,0.0
2,2012-2013_Man United_Chelsea,0.5
2,2012-2013_Sunderland_Stoke,0.5
2,2012-2013_Man City_West Brom,0.5
2,2012-2013_Wigan_Swansea,0.5
2,2012-2013_Chelsea_Tottenham,0.5
2,2012-2013_Aston Villa_Chelsea,0.33
2,2012-2013_Everton_West Ham,0.0
2,2012-2013_Fulham_Liverpool,0.33
2,2012-2013_Man United_Swansea,0.0
2,2012-2013_Norwich_West Brom,0.0
2,2012-2013_QPR_Newcastle,0.5
2,2012-2013_Stoke_Tottenham,0.25
2,2012-2013_Sunderland_Southampton,0.0
2,2012-2013_Arsenal_Wigan,0.33
2,2012-2013_Reading_Man City,0.33
2,2012-2013_Chelsea_Everton,0.5
2,2012-2013_Liverpool_QPR,0.5
2,2012-2013_Man City_Norwich,0.25
2,2012-2013_Newcastle_Arsenal,0.0
2,2012-2013_Southampton_Stoke,0.0
2,2012-2013_Swansea_Fulham,0.5
2,2012-2013_Tottenham_Sunderland,0.33
2,2012-2013_West Brom_Man United,0.33
2,2012-2013_West Ham_Reading,0.33
2,2012-2013_Wigan_Aston Villa,0.5
2,2013-2014_Arsenal_Aston Villa,0.33
2,2013-2014_Liverpool_Stoke,0.33
2,2013-2014_Norwich_Everton,0.33
2,2013-2014_Sunderland_Fulham,0.5
2,2013-2014_Swansea_Man United,0.33
2,2013-2014_West Brom_Southampton,0.0
2,2013-2014_West Ham_Cardiff,0.0
2,2013-2014_Chelsea_Hull,0.0
2,2013-2014_Crystal Palace_Tottenham,0.0
2,2013-2014_Man City_Newcastle,0.33
2,2013-2014_Chelsea_Aston Villa,0.5
2,2013-2014_Aston Villa_Liverpool,0.5
2,2013-2014_Everton_West Brom,0.33
2,2013-2014_Fulham_Arsenal,0.33
2,2013-2014_Hull_Norwich,0.0
2,2013-2014_Newcastle_West Ham,0.0
2,2013-2014_Southampton_Sunderland,0.5
2,2013-2014_Stoke_Crystal Palace,0.5
2,2013-2014_Cardiff_Man City,0.5
2,2013-2014_Tottenham_Swansea,0.0
2,2013-2014_Man United_Chelsea,0.0
2,2013-2014_Cardiff_Everton,0.0
2,2013-2014_Crystal Palace_Sunderland,0.5
2,2013-2014_Man City_Hull,0.0
2,2013-2014_Newcastle_Fulham,0.33
2,2013-2014_Norwich_Southampton,0.0
2,2013-2014_West Ham_Stoke,0.5
2,2013-2014_Arsenal_Tottenham,0.5
2,2013-2014_Liverpool_Man United,0.5
2,2013-2014_West Brom_Swansea,0.5
2,2013-2014_Aston Villa_Newcastle,0.5
2,2013-2014_Everton_Chelsea,0.5
2,2013-2014_Fulham_West Brom,0.0
2,2013-2014_Hull_Cardiff,0.0
2,2013-2014_Man United_Crystal Palace,0.0
2,2013-2014_Stoke_Man City,0.0
2,2013-2014_Sunderland_Arsenal,0.5
2,2013-2014_Tottenham_Norwich,0.0
2,2013-2014_Southampton_West Ham,0.0
2,2013-2014_Swansea_Liverpool,0.33
2,2013-2014_Chelsea_Fulham,0.33
2,2013-2014_Liverpool_Southampton,0.0
2,2013-2014_Newcastle_Hull,0.5
2,2013-2014_Norwich_Aston Villa,0.33
2,2013-2014_West Brom_Sunderland,0.0
2,2013-2014_West Ham_Everton,0.5
2,2013-2014_Arsenal_Stoke,0.33
2,2013-2014_Cardiff_Tottenham,0.5
2,2013-2014_Crystal Palace_Swansea,0.5
2,2013-2014_Man City_Man United,0.33
2,2013-2014_Aston Villa_Man City,0.33
2,2013-2014_Fulham_Cardiff,0.25
2,2013-2014_Hull_West Ham,0.5
2,2013-2014_Man United_West Brom,0.5
2,2013-2014_Southampton_Crystal Palace,0.5
2,2013-2014_Swansea_Arsenal,0.5
2,2013-2014_Tottenham_Chelsea,0.5
2,2013-2014_Stoke_Norwich,0.0
2,2013-2014_Sunderland_Liverpool,0.5
2,2013-2014_Everton_Newcastle,0.5
2,2013-2014_Cardiff_Newcastle,0.5
2,2013-2014_Fulham_Stoke,0.0
2,2013-2014_Hull_Aston Villa,0.5
2,2013-2014_Liverpool_Crystal Palace,0.33
2,2013-2014_Man City_Everton,0.5
2,2013-2014_Sunderland_Man United,0.5
2,2013-2014_Norwich_Chelsea,0.33
2,2013-2014_Southampton_Swansea,0.5
2,2013-2014_Tottenham_West Ham,0.33
2,2013-2014_West Brom_Arsenal,0.5
2,2013-2014_Arsenal_Norwich,0.33
2,2013-2014_Chelsea_Cardiff,0.33
2,2013-2014_Everton_Hull,0.5
2,2013-2014_Man United_Southampton,0.0
2,2013-2014_Newcastle_Liverpool,0.25
2,2013-2014_Stoke_West Brom,0.0
2,2013-2014_Swansea_Sunderland,0.5
2,2013-2014_West Ham_Man City,0.5
2,2013-2014_Aston Villa_Tottenham,0.25
2,2013-2014_Crystal Palace_Fulham,0.5
2,2013-2014_Aston Villa_Everton,0.33
2,2013-2014_Crystal Palace_Arsenal,0.0
2,2013-2014_Liverpool_West Brom,0.33
2,2013-2014_Man United_Stoke,0.25
2,2013-2014_Norwich_Cardiff,0.33
2,2013-2014_Southampton_Fulham,0.0
2,2013-2014_Chelsea_Man City,0.5
2,2013-2014_Sunderland_Newcastle,0.0
2,2013-2014_Swansea_West Ham,0.5
2,2013-2014_Tottenham_Hull,0.5
2,2013-2014_Arsenal_Liverpool,0.5
2,2013-2014_Fulham_Man United,0.5
2,2013-2014_Hull_Sunderland,0.5
2,2013-2014_Man City_Norwich,0.25
2,2013-2014_Newcastle_Chelsea,0.5
2,2013-2014_Stoke_Southampton,0.0
2,2013-2014_West Brom_Crystal Palace,0.0
2,2013-2014_West Ham_Aston Villa,0.0
2,2013-2014_Cardiff_Swansea,0.0
2,2013-2014_Everton_Tottenham,0.0
2,2013-2014_Aston Villa_Cardiff,0.0
2,2013-2014_Chelsea_West Brom,0.25
2,2013-2014_Crystal Palace_Everton,0.0
2,2013-2014_Liverpool_Fulham,0.33
2,2013-2014_Norwich_West Ham,0.5
2,2013-2014_Southampton_Hull,0.5
2,2013-2014_Man United_Arsenal,0.0
2,2013-2014_Sunderland_Man City,0.33
2,2013-2014_Swansea_Stoke,0.2
2,2013-2014_Tottenham_Newcastle,0.5
2,2013-2014_Arsenal_Southampton,0.0
2,2013-2014_Everton_Liverpool,0.25
2,2013-2014_Fulham_Swansea,0.5
2,2013-2014_Hull_Crystal Palace,0.5
2,2013-2014_Newcastle_Norwich,0.33
2,2013-2014_Stoke_Sunderland,0.0
2,2013-2014_West Ham_Chelsea,0.33
2,2013-2014_Cardiff_Man United,0.25
2,2013-2014_Man City_Tottenham,0.33
2,2013-2014_West Brom_Aston Villa,0.5
2,2013-2014_Aston Villa_Sunderland,0.0
2,2013-2014_Cardiff_Arsenal,0.5
2,2013-2014_Everton_Stoke,0.5
2,2013-2014_Newcastle_West Brom,0.5
2,2013-2014_Norwich_Crystal Palace,0.5
2,2013-2014_West Ham_Fulham,0.33
2,2013-2014_Chelsea_Southampton,0.5
2,2013-2014_Hull_Liverpool,0.0
2,2013-2014_Man City_Swansea,0.33
2,2013-2014_Tottenham_Man United,0.5
2,2013-2014_Crystal Palace_West Ham,0.5
2,2013-2014_Arsenal_Hull,0.33
2,2013-2014_Fulham_Tottenham,0.5
2,2013-2014_Liverpool_Norwich,0.33
2,2013-2014_Man United_Everton,0.33
2,2013-2014_Southampton_Aston Villa,0.5
2,2013-2014_Stoke_Cardiff,0.0
2,2013-2014_Sunderland_Chelsea,0.25
2,2013-2014_Swansea_Newcastle,0.5
2,2013-2014_West Brom_Man City,0.5
2,2013-2014_Crystal Palace_Cardiff,0.33
2,2013-2014_Liverpool_West Ham,0.33
2,2013-2014_Man United_Newcastle,0.0
2,2013-2014_Southampton_Man City,0.0
2,2013-2014_Stoke_Chelsea,0.5
2,2013-2014_Sunderland_Tottenham,0.33
2,2013-2014_West Brom_Norwich,0.5
2,2013-2014_Arsenal_Everton,0.0
2,2013-2014_Fulham_Aston Villa,0.33
2,2013-2014_Swansea_Hull,0.5
2,2013-2014_Cardiff_West Brom,0.5
2,2013-2014_Chelsea_Crystal Palace,0.0
2,2013-2014_Everton_Fulham,0.33
2,2013-2014_Hull_Stoke,0.0
2,2013-2014_Man City_Arsenal,0.33
2,2013-2014_Newcastle_Southampton,0.5
2,2013-2014_West Ham_Sunderland,0.33
2,2013-2014_Aston Villa_Man United,0.33
2,2013-2014_Norwich_Swansea,0.5
2,2013-2014_Tottenham_Liverpool,0.33
2,2013-2014_Crystal Palace_Newcastle,0.0
2,2013-2014_Fulham_Man City,0.33
2,2013-2014_Liverpool_Cardiff,0.33
2,2013-2014_Man United_West Ham,0.5
2,2013-2014_Stoke_Aston Villa,0.33
2,2013-2014_Sunderland_Norwich,0.5
2,2013-2014_West Brom_Hull,0.0
2,2013-2014_Southampton_Tottenham,0.5
2,2013-2014_Swansea_Everton,0.33
2,2013-2014_Arsenal_Chelsea,0.0
2,2013-2014_Aston Villa_Crystal Palace,0.0
2,2013-2014_Cardiff_Southampton,0.5
2,2013-2014_Chelsea_Swansea,0.25
2,2013-2014_Everton_Sunderland,0.5
2,2013-2014_Hull_Man United,0.25
2,2013-2014_Man City_Liverpool,0.5
2,2013-2014_Newcastle_Stoke,0.25
2,2013-2014_Norwich_Fulham,0.5
2,2013-2014_Tottenham_West Brom,0.5
2,2013-2014_West Ham_Arsenal,0.33
2,2013-2014_Aston Villa_Swansea,0.5
2,2013-2014_Cardiff_Sunderland,0.33
2,2013-2014_Hull_Fulham,0.5
2,2013-2014_Man City_Crystal Palace,0.33
2,2013-2014_Norwich_Man United,0.5
2,2013-2014_West Ham_West Brom,0.33
2,2013-2014_Chelsea_Liverpool,0.5
2,2013-2014_Everton_Southampton,0.5
2,2013-2014_Newcastle_Arsenal,0.5
2,2013-2014_Tottenham_Stoke,0.5
2,2013-2014_Arsenal_Cardiff,0.5
2,2013-2014_Crystal Palace_Norwich,0.0
2,2013-2014_Fulham_West Ham,0.33
2,2013-2014_Liverpool_Hull,0.0
2,2013-2014_Man United_Tottenham,0.5
2,2013-2014_Southampton_Chelsea,0.33
2,2013-2014_Stoke_Everton,0.0
2,2013-2014_Sunderland_Aston Villa,0.33
2,2013-2014_Swansea_Man City,0.25
2,2013-2014_West Brom_Newcastle,0.0
2,2013-2014_Cardiff_West Ham,0.33
2,2013-2014_Everton_Norwich,0.5
2,2013-2014_Fulham_Sunderland,0.2
2,2013-2014_Hull_Chelsea,0.0
2,2013-2014_Man United_Swansea,0.0
2,2013-2014_Southampton_West Brom,0.0
2,2013-2014_Tottenham_Crystal Palace,0.5
2,2013-2014_Newcastle_Man City,0.5
2,2013-2014_Stoke_Liverpool,0.25
2,2013-2014_Aston Villa_Arsenal,0.0
2,2013-2014_Arsenal_Fulham,0.0
2,2013-2014_Crystal Palace_Stoke,0.0
2,2013-2014_Liverpool_Aston Villa,0.5
2,2013-2014_Man City_Cardiff,0.25
2,2013-2014_Norwich_Hull,0.5
2,2013-2014_Sunderland_Southampton,0.5
2,2013-2014_West Ham_Newcastle,0.5
2,2013-2014_Chelsea_Man United,0.5
2,2013-2014_Swansea_Tottenham,0.5
2,2013-2014_West Brom_Everton,0.0
2,2013-2014_Crystal Palace_Hull,0.5
2,2013-2014_Liverpool_Everton,0.5
2,2013-2014_Man United_Cardiff,0.0
2,2013-2014_Norwich_Newcastle,0.33
2,2013-2014_Southampton_Arsenal,0.5
2,2013-2014_Swansea_Fulham,0.33
2,2013-2014_Aston Villa_West Brom,0.5
2,2013-2014_Chelsea_West Ham,0.5
2,2013-2014_Sunderland_Stoke,0.5
2,2013-2014_Tottenham_Man City,0.33
2,2013-2014_Cardiff_Norwich,0.33
2,2013-2014_Everton_Aston Villa,0.0
2,2013-2014_Fulham_Southampton,0.5
2,2013-2014_Hull_Tottenham,0.33
2,2013-2014_Newcastle_Sunderland,0.5
2,2013-2014_Stoke_Man United,0.5
2,2013-2014_West Ham_Swansea,0.33
2,2013-2014_Arsenal_Crystal Palace,0.0
2,2013-2014_West Brom_Liverpool,0.5
2,2013-2014_Man City_Chelsea,0.33
2,2013-2014_Aston Villa_West Ham,0.33
2,2013-2014_Chelsea_Newcastle,0.5
2,2013-2014_Crystal Palace_West Brom,0.5
2,2013-2014_Liverpool_Arsenal,0.33
2,2013-2014_Norwich_Man City,0.5
2,2013-2014_Southampton_Stoke,0.5
2,2013-2014_Sunderland_Hull,0.33
2,2013-2014_Swansea_Cardiff,0.0
2,2013-2014_Man United_Fulham,0.33
2,2013-2014_Tottenham_Everton,0.33
2,2013-2014_Cardiff_Aston Villa,0.33
2,2013-2014_Hull_Southampton,0.0
2,2013-2014_West Brom_Chelsea,0.25
2,2013-2014_West Ham_Norwich,0.5
2,2013-2014_Arsenal_Man United,0.5
2,2013-2014_Fulham_Liverpool,0.25
2,2013-2014_Newcastle_Tottenham,0.33
2,2013-2014_Stoke_Swansea,0.5
2,2013-2014_Arsenal_Sunderland,0.0
2,2013-2014_Cardiff_Hull,0.33
2,2013-2014_Chelsea_Everton,0.5
2,2013-2014_Crystal Palace_Man United,0.33
2,2013-2014_Man City_Stoke,0.0
2,2013-2014_West Brom_Fulham,0.5
2,2013-2014_West Ham_Southampton,0.33
2,2013-2014_Liverpool_Swansea,0.25
2,2013-2014_Newcastle_Aston Villa,0.5
2,2013-2014_Norwich_Tottenham,0.0
2,2013-2014_Everton_West Ham,0.25
2,2013-2014_Fulham_Chelsea,0.5
2,2013-2014_Hull_Newcastle,0.5
2,2013-2014_Southampton_Liverpool,0.5
2,2013-2014_Stoke_Arsenal,0.0
2,2013-2014_Aston Villa_Norwich,0.5
2,2013-2014_Swansea_Crystal Palace,0.5
2,2013-2014_Tottenham_Cardiff,0.5
2,2013-2014_Cardiff_Fulham,0.33
2,2013-2014_Chelsea_Tottenham,0.5
2,2013-2014_Crystal Palace_Southampton,0.5
2,2013-2014_Norwich_Stoke,0.0
2,2013-2014_West Brom_Man United,0.5
2,2013-2014_Aston Villa_Chelsea,0.33
2,2013-2014_Everton_Cardiff,0.5
2,2013-2014_Fulham_Newcastle,0.33
2,2013-2014_Hull_Man City,0.5
2,2013-2014_Southampton_Norwich,0.5
2,2013-2014_Stoke_West Ham,0.5
2,2013-2014_Sunderland_Crystal Palace,0.5
2,2013-2014_Swansea_West Brom,0.5
2,2013-2014_Man United_Liverpool,0.33
2,2013-2014_Tottenham_Arsenal,0.5
2,2013-2014_Cardiff_Liverpool,0.5
2,2013-2014_Chelsea_Arsenal,0.33
2,2013-2014_Everton_Swansea,0.25
2,2013-2014_Hull_West Brom,0.0
2,2013-2014_Man City_Fulham,0.33
2,2013-2014_Newcastle_Crystal Palace,0.33
2,2013-2014_Norwich_Sunderland,0.25
2,2013-2014_West Ham_Man United,0.5
2,2013-2014_Aston Villa_Stoke,0.33
2,2013-2014_Tottenham_Southampton,0.5
2,2013-2014_Arsenal_Swansea,0.0
2,2013-2014_Man United_Man City,0.0
2,2013-2014_Newcastle_Everton,0.33
2,2013-2014_Liverpool_Sunderland,0.5
2,2013-2014_West Ham_Hull,0.5
2,2013-2014_Arsenal_Man City,0.0
2,2013-2014_Crystal Palace_Chelsea,0.5
2,2013-2014_Man United_Aston Villa,0.5
2,2013-2014_Southampton_Newcastle,0.33
2,2013-2014_Stoke_Hull,0.0
2,2013-2014_Swansea_Norwich,0.5
2,2013-2014_West Brom_Cardiff,0.33
2,2013-2014_Fulham_Everton,0.5
2,2013-2014_Liverpool_Tottenham,0.33
2,2013-2014_Sunderland_West Ham,0.25
2,2013-2014_Aston Villa_Fulham,0.5
2,2013-2014_Cardiff_Crystal Palace,0.33
2,2013-2014_Chelsea_Stoke,0.0
2,2013-2014_Hull_Swansea,0.0
2,2013-2014_Man City_Southampton,0.33
2,2013-2014_Newcastle_Man United,0.0
2,2013-2014_Norwich_West Brom,0.0
2,2013-2014_Everton_Arsenal,0.5
2,2013-2014_West Ham_Liverpool,0.5
2,2013-2014_Tottenham_Sunderland,0.25
2,2013-2014_Crystal Palace_Aston Villa,0.0
2,2013-2014_Fulham_Norwich,0.33
2,2013-2014_Southampton_Cardiff,0.0
2,2013-2014_Stoke_Newcastle,0.0
2,2013-2014_Sunderland_Everton,0.5
2,2013-2014_West Brom_Tottenham,0.33
2,2013-2014_Liverpool_Man City,0.2
2,2013-2014_Swansea_Chelsea,0.5
2,2013-2014_Arsenal_West Ham,0.5
2,2013-2014_Everton_Crystal Palace,0.25
2,2013-2014_Man City_Sunderland,0.5
2,2013-2014_Aston Villa_Southampton,0.0
2,2013-2014_Cardiff_Stoke,0.33
2,2013-2014_Chelsea_Sunderland,0.5
2,2013-2014_Newcastle_Swansea,0.0
2,2013-2014_Tottenham_Fulham,0.5
2,2013-2014_West Ham_Crystal Palace,0.33
2,2013-2014_Everton_Man United,0.0
2,2013-2014_Hull_Arsenal,0.0
2,2013-2014_Norwich_Liverpool,0.5
2,2013-2014_Man City_West Brom,0.33
2,2013-2014_Fulham_Hull,0.5
2,2013-2014_Man United_Norwich,0.33
2,2013-2014_Southampton_Everton,0.0
2,2013-2014_Stoke_Tottenham,0.0
2,2013-2014_Swansea_Aston Villa,0.25
2,2013-2014_West Brom_West Ham,0.33
2,2013-2014_Crystal Palace_Man City,0.0
2,2013-2014_Liverpool_Chelsea,0.5
2,2013-2014_Sunderland_Cardiff,0.2
2,2013-2014_Arsenal_Newcastle,0.33
2,2013-2014_Aston Villa_Hull,0.0
2,2013-2014_Everton_Man City,0.5
2,2013-2014_Man United_Sunderland,0.0
2,2013-2014_Newcastle_Cardiff,0.33
2,2013-2014_Stoke_Fulham,0.33
2,2013-2014_Swansea_Southampton,0.0
2,2013-2014_West Ham_Tottenham,0.33
2,2013-2014_Arsenal_West Brom,0.5
2,2013-2014_Chelsea_Norwich,0.0
2,2013-2014_Crystal Palace_Liverpool,0.33
2,2013-2014_Man United_Hull,0.0
2,2013-2014_Man City_Aston Villa,0.5
2,2013-2014_Sunderland_West Brom,0.0
2,2013-2014_Cardiff_Chelsea,0.5
2,2013-2014_Fulham_Crystal Palace,0.33
2,2013-2014_Hull_Everton,0.0
2,2013-2014_Liverpool_Newcastle,0.5
2,2013-2014_Man City_West Ham,0.5
2,2013-2014_Norwich_Arsenal,0.0
2,2013-2014_Southampton_Man United,0.5
2,2013-2014_Sunderland_Swansea,0.5
2,2013-2014_Tottenham_Aston Villa,0.0
2,2013-2014_West Brom_Stoke,0.33
2,2014-2015_Arsenal_Crystal Palace,0.33
2,2014-2015_Leicester_Everton,0.5
2,2014-2015_Man United_Swansea,0.5
2,2014-2015_QPR_Hull,0.33
2,2014-2015_Stoke_Aston Villa,0.0
2,2014-2015_West Brom_Sunderland,0.5
2,2014-2015_West Ham_Tottenham,0.5
2,2014-2015_Liverpool_Southampton,0.0
2,2014-2015_Newcastle_Man City,0.5
2,2014-2015_Burnley_Chelsea,0.0
2,2014-2015_Aston Villa_Newcastle,0.5
2,2014-2015_Chelsea_Leicester,0.33
2,2014-2015_Crystal Palace_West Ham,0.25
2,2014-2015_Everton_Arsenal,0.5
2,2014-2015_Southampton_West Brom,0.0
2,2014-2015_Swansea_Burnley,0.5
2,2014-2015_Hull_Stoke,0.5
2,2014-2015_Sunderland_Man United,0.0
2,2014-2015_Tottenham_QPR,0.33
2,2014-2015_Man City_Liverpool,0.0
2,2014-2015_Burnley_Man United,0.0
2,2014-2015_Everton_Chelsea,0.33
2,2014-2015_Man City_Stoke,0.5
2,2014-2015_Newcastle_Crystal Palace,0.33
2,2014-2015_QPR_Sunderland,0.5
2,2014-2015_Swansea_West Brom,0.5
2,2014-2015_West Ham_Southampton,0.0
2,2014-2015_Aston Villa_Hull,0.5
2,2014-2015_Leicester_Arsenal,0.5
2,2014-2015_Tottenham_Liverpool,0.0
2,2014-2015_Arsenal_Man City,0.33
2,2014-2015_Chelsea_Swansea,0.33
2,2014-2015_Crystal Palace_Burnley,0.0
2,2014-2015_Liverpool_Aston Villa,0.0
2,2014-2015_Southampton_Newcastle,0.0
2,2014-2015_Stoke_Leicester,0.5
2,2014-2015_Sunderland_Tottenham,0.5
2,2014-2015_West Brom_Everton,0.0
2,2014-2015_Man United_QPR,0.5
2,2014-2015_Hull_West Ham,0.33
2,2014-2015_Aston Villa_Arsenal,0.0
2,2014-2015_Burnley_Sunderland,0.0
2,2014-2015_Newcastle_Hull,0.33
2,2014-2015_QPR_Stoke,0.25
2,2014-2015_Swansea_Southampton,0.5
2,2014-2015_West Ham_Liverpool,0.5
2,2014-2015_Everton_Crystal Palace,0.5
2,2014-2015_Leicester_Man United,0.5
2,2014-2015_Man City_Chelsea,0.25
2,2014-2015_Tottenham_West Brom,0.0
2,2014-2015_Arsenal_Tottenham,0.25
2,2014-2015_Chelsea_Aston Villa,0.0
2,2014-2015_Crystal Palace_Leicester,0.0
2,2014-2015_Hull_Man City,0.25
2,2014-2015_Liverpool_Everton,0.5
2,2014-2015_Man United_West Ham,0.25
2,2014-2015_Southampton_QPR,0.5
2,2014-2015_Sunderland_Swansea,0.5
2,2014-2015_West Brom_Burnley,0.5
2,2014-2015_Stoke_Newcastle,0.5
2,2014-2015_Aston Villa_Man City,0.0
2,2014-2015_Hull_Crystal Palace,0.5
2,2014-2015_Leicester_Burnley,0.5
2,2014-2015_Liverpool_West Brom,0.5
2,2014-2015_Sunderland_Stoke,0.33
2,2014-2015_Swansea_Newcastle,0.5
2,2014-2015_Chelsea_Arsenal,0.5
2,2014-2015_Man United_Everton,0.25
2,2014-2015_Tottenham_Southampton,0.0
2,2014-2015_West Ham_QPR,0.0
2,2014-2015_Arsenal_Hull,0.33
2,2014-2015_Burnley_West Ham,0.33
2,2014-2015_Crystal Palace_Chelsea,0.5
2,2014-2015_Everton_Aston Villa,0.5
2,2014-2015_Man City_Tottenham,0.33
2,2014-2015_Newcastle_Leicester,0.5
2,2014-2015_Southampton_Sunderland,0.33
2,2014-2015_QPR_Liverpool,0.5
2,2014-2015_Stoke_Swansea,0.5
2,2014-2015_West Brom_Man United,0.5
2,2014-2015_Liverpool_Hull,0.5
2,2014-2015_Southampton_Stoke,0.0
2,2014-2015_Sunderland_Arsenal,0.5
2,2014-2015_Swansea_Leicester,0.0
2,2014-2015_West Brom_Crystal Palace,0.5
2,2014-2015_West Ham_Man City,0.5
2,2014-2015_Burnley_Everton,0.33
2,2014-2015_Man United_Chelsea,0.25
2,2014-2015_Tottenham_Newcastle,0.5
2,2014-2015_QPR_Aston Villa,0.0
2,2014-2015_Arsenal_Burnley,0.33
2,2014-2015_Chelsea_QPR,0.33
2,2014-2015_Everton_Swansea,0.5
2,2014-2015_Hull_Southampton,0.0
2,2014-2015_Leicester_West Brom,0.0
2,2014-2015_Newcastle_Liverpool,0.5
2,2014-2015_Stoke_West Ham,0.33
2,2014-2015_Aston Villa_Tottenham,0.25
2,2014-2015_Man City_Man United,0.5
2,2014-2015_Crystal Palace_Sunderland,0.5
2,2014-2015_Burnley_Hull,0.5
2,2014-2015_Liverpool_Chelsea,0.25
2,2014-2015_Man United_Crystal Palace,0.5
2,2014-2015_QPR_Man City,0.25
2,2014-2015_Southampton_Leicester,0.5
2,2014-2015_West Ham_Aston Villa,0.5
2,2014-2015_Sunderland_Everton,0.5
2,2014-2015_Swansea_Arsenal,0.25
2,2014-2015_Tottenham_Stoke,0.5
2,2014-2015_West Brom_Newcastle,0.0
2,2014-2015_Arsenal_Man United,0.5
2,2014-2015_Chelsea_West Brom,0.5
2,2014-2015_Everton_West Ham,0.5
2,2014-2015_Leicester_Sunderland,0.5
2,2014-2015_Man City_Swansea,0.5
2,2014-2015_Newcastle_QPR,0.33
2,2014-2015_Stoke_Burnley,0.5
2,2014-2015_Crystal Palace_Liverpool,0.5
2,2014-2015_Hull_Tottenham,0.25
2,2014-2015_Aston Villa_Southampton,0.0
2,2014-2015_Burnley_Aston Villa,0.33
2,2014-2015_Liverpool_Stoke,0.5
2,2014-2015_Man United_Hull,0.0
2,2014-2015_QPR_Leicester,0.33
2,2014-2015_Sunderland_Chelsea,0.5
2,2014-2015_Swansea_Crystal Palace,0.33
2,2014-2015_West Brom_Arsenal,0.0
2,2014-2015_West Ham_Newcastle,0.5
2,2014-2015_Southampton_Man City,0.33
2,2014-2015_Tottenham_Everton,0.5
2,2014-2015_Burnley_Newcastle,0.0
2,2014-2015_Crystal Palace_Aston Villa,0.5
2,2014-2015_Leicester_Liverpool,0.33
2,2014-2015_Man United_Stoke,0.5
2,2014-2015_Swansea_QPR,0.5
2,2014-2015_West Brom_West Ham,0.5
2,2014-2015_Arsenal_Southampton,0.5
2,2014-2015_Chelsea_Tottenham,0.0
2,2014-2015_Everton_Hull,0.0
2,2014-2015_Sunderland_Man City,0.5
2,2014-2015_Hull_West Brom,0.0
2,2014-2015_Liverpool_Sunderland,0.0
2,2014-2015_Man City_Everton,0.25
2,2014-2015_Newcastle_Chelsea,0.25
2,2014-2015_QPR_Burnley,0.5
2,2014-2015_Stoke_Arsenal,0.25
2,2014-2015_Tottenham_Crystal Palace,0.33
2,2014-2015_Aston Villa_Leicester,0.5
2,2014-2015_West Ham_Swansea,0.5
2,2014-2015_Southampton_Man United,0.0
2,2014-2015_Arsenal_Newcastle,0.25
2,2014-2015_Burnley_Southampton,0.5
2,2014-2015_Chelsea_Hull,0.5
2,2014-2015_Crystal Palace_Stoke,0.0
2,2014-2015_Leicester_Man City,0.0
2,2014-2015_Sunderland_West Ham,0.5
2,2014-2015_West Brom_Aston Villa,0.5
2,2014-2015_Man United_Liverpool,0.33
2,2014-2015_Swansea_Tottenham,0.25
2,2014-2015_Everton_QPR,0.5
2,2014-2015_Aston Villa_Man United,0.5
2,2014-2015_Hull_Swansea,0.0
2,2014-2015_Man City_Crystal Palace,0.0
2,2014-2015_QPR_West Brom,0.33
2,2014-2015_Southampton_Everton,0.0
2,2014-2015_Tottenham_Burnley,0.33
2,2014-2015_West Ham_Leicester,0.0
2,2014-2015_Liverpool_Arsenal,0.33
2,2014-2015_Newcastle_Sunderland,0.33
2,2014-2015_Stoke_Chelsea,0.5
2,2014-2015_Arsenal_QPR,0.33
2,2014-2015_Burnley_Liverpool,0.0
2,2014-2015_Chelsea_West Ham,0.5
2,2014-2015_Crystal Palace_Southampton,0.5
2,2014-2015_Everton_Stoke,0.5
2,2014-2015_Leicester_Tottenham,0.5
2,2014-2015_Man United_Newcastle,0.0
2,2014-2015_Sunderland_Hull,0.2
2,2014-2015_Swansea_Aston Villa,0.0
2,2014-2015_West Brom_Man City,0.25
2,2014-2015_Aston Villa_Sunderland,0.5
2,2014-2015_Hull_Leicester,0.0
2,2014-2015_Man City_Burnley,0.33
2,2014-2015_Newcastle_Everton,0.5
2,2014-2015_QPR_Crystal Palace,0.0
2,2014-2015_Southampton_Chelsea,0.5
2,2014-2015_Stoke_West Brom,0.0
2,2014-2015_Tottenham_Man United,0.5
2,2014-2015_West Ham_Arsenal,0.25
2,2014-2015_Liverpool_Swansea,0.33
2,2014-2015_Aston Villa_Crystal Palace,0.0
2,2014-2015_Hull_Everton,0.5
2,2014-2015_Liverpool_Leicester,0.33
2,2014-2015_Man City_Sunderland,0.33
2,2014-2015_Newcastle_Burnley,0.33
2,2014-2015_QPR_Swansea,0.33
2,2014-2015_Southampton_Arsenal,0.5
2,2014-2015_Stoke_Man United,0.33
2,2014-2015_Tottenham_Chelsea,0.5
2,2014-2015_West Ham_West Brom,0.0
2,2014-2015_Burnley_QPR,0.5
2,2014-2015_Chelsea_Newcastle,0.0
2,2014-2015_Crystal Palace_Tottenham,0.25
2,2014-2015_Everton_Man City,0.5
2,2014-2015_Leicester_Aston Villa,0.5
2,2014-2015_Sunderland_Liverpool,0.5
2,2014-2015_Swansea_West Ham,0.0
2,2014-2015_West Brom_Hull,0.0
2,2014-2015_Arsenal_Stoke,0.5
2,2014-2015_Man United_Southampton,0.0
2,2014-2015_Aston Villa_Liverpool,0.33
2,2014-2015_Burnley_Crystal Palace,0.5
2,2014-2015_Leicester_Stoke,0.0
2,2014-2015_Newcastle_Southampton,0.0
2,2014-2015_QPR_Man United,0.0
2,2014-2015_Swansea_Chelsea,0.5
2,2014-2015_Tottenham_Sunderland,0.5
2,2014-2015_Man City_Arsenal,0.33
2,2014-2015_West Ham_Hull,0.0
2,2014-2015_Everton_West Brom,0.0
2,2014-2015_Chelsea_Man City,0.0
2,2014-2015_Crystal Palace_Everton,0.0
2,2014-2015_Hull_Newcastle,0.5
2,2014-2015_Liverpool_West Ham,0.33
2,2014-2015_Man United_Leicester,0.0
2,2014-2015_Stoke_QPR,0.5
2,2014-2015_Sunderland_Burnley,0.0
2,2014-2015_West Brom_Tottenham,0.5
2,2014-2015_Arsenal_Aston Villa,0.33
2,2014-2015_Southampton_Swansea,0.5
2,2014-2015_Aston Villa_Chelsea,0.5
2,2014-2015_Everton_Liverpool,0.5
2,2014-2015_Leicester_Crystal Palace,0.5
2,2014-2015_Man City_Hull,0.33
2,2014-2015_QPR_Southampton,0.0
2,2014-2015_Swansea_Sunderland,0.5
2,2014-2015_Tottenham_Arsenal,0.25
2,2014-2015_Burnley_West Brom,0.5
2,2014-2015_Newcastle_Stoke,0.5
2,2014-2015_West Ham_Man United,0.25
2,2014-2015_Arsenal_Leicester,0.5
2,2014-2015_Hull_Aston Villa,0.0
2,2014-2015_Liverpool_Tottenham,0.25
2,2014-2015_Sunderland_QPR,0.5
2,2014-2015_Chelsea_Everton,0.25
2,2014-2015_Crystal Palace_Newcastle,0.0
2,2014-2015_Man United_Burnley,0.2
2,2014-2015_Southampton_West Ham,0.5
2,2014-2015_Stoke_Man City,0.5
2,2014-2015_West Brom_Swansea,0.0
2,2014-2015_Aston Villa_Stoke,0.33
2,2014-2015_Chelsea_Burnley,0.5
2,2014-2015_Crystal Palace_Arsenal,0.5
2,2014-2015_Hull_QPR,0.5
2,2014-2015_Man City_Newcastle,0.5
2,2014-2015_Sunderland_West Brom,0.0
2,2014-2015_Swansea_Man United,0.25
2,2014-2015_Everton_Leicester,0.33
2,2014-2015_Southampton_Liverpool,0.5
2,2014-2015_Tottenham_West Ham,0.33
2,2014-2015_Burnley_Swansea,0.0
2,2014-2015_Man United_Sunderland,0.5
2,2014-2015_Newcastle_Aston Villa,0.33
2,2014-2015_Stoke_Hull,0.0
2,2014-2015_West Brom_Southampton,0.0
2,2014-2015_West Ham_Crystal Palace,0.25
2,2014-2015_Arsenal_Everton,0.33
2,2014-2015_Liverpool_Man City,0.5
2,2014-2015_Aston Villa_West Brom,0.5
2,2014-2015_Hull_Sunderland,0.5
2,2014-2015_Southampton_Crystal Palace,0.33
2,2014-2015_Liverpool_Burnley,0.33
2,2014-2015_Man City_Leicester,0.33
2,2014-2015_Newcastle_Man United,0.0
2,2014-2015_QPR_Arsenal,0.5
2,2014-2015_Stoke_Everton,0.0
2,2014-2015_Tottenham_Swansea,0.33
2,2014-2015_West Ham_Chelsea,0.5
2,2014-2015_QPR_Tottenham,0.5
2,2014-2015_Arsenal_West Ham,0.5
2,2014-2015_Burnley_Man City,0.0
2,2014-2015_Crystal Palace_QPR,0.5
2,2014-2015_Leicester_Hull,0.33
2,2014-2015_Sunderland_Aston Villa,0.5
2,2014-2015_West Brom_Stoke,0.0
2,2014-2015_Chelsea_Southampton,0.33
2,2014-2015_Everton_Newcastle,0.5
2,2014-2015_Man United_Tottenham,0.0
2,2014-2015_Swansea_Liverpool,0.0
2,2014-2015_Aston Villa_Swansea,0.0
2,2014-2015_Man City_West Brom,0.33
2,2014-2015_Newcastle_Arsenal,0.0
2,2014-2015_Southampton_Burnley,0.33
2,2014-2015_Stoke_Crystal Palace,0.25
2,2014-2015_Tottenham_Leicester,0.5
2,2014-2015_West Ham_Sunderland,0.0
2,2014-2015_Hull_Chelsea,0.33
2,2014-2015_Liverpool_Man United,0.5
2,2014-2015_QPR_Everton,0.5
2,2014-2015_Arsenal_Liverpool,0.33
2,2014-2015_Chelsea_Stoke,0.5
2,2014-2015_Everton_Southampton,0.0
2,2014-2015_Leicester_West Ham,0.5
2,2014-2015_Man United_Aston Villa,0.0
2,2014-2015_Swansea_Hull,0.33
2,2014-2015_West Brom_QPR,0.33
2,2014-2015_Burnley_Tottenham,0.0
2,2014-2015_Sunderland_Newcastle,0.5
2,2014-2015_Crystal Palace_Man City,0.33
2,2014-2015_Aston Villa_QPR,0.33
2,2014-2015_Burnley_Arsenal,0.0
2,2014-2015_Southampton_Hull,0.0
2,2014-2015_Sunderland_Crystal Palace,0.33
2,2014-2015_Swansea_Everton,0.5
2,2014-2015_Tottenham_Aston Villa,0.33
2,2014-2015_West Brom_Leicester,0.5
2,2014-2015_West Ham_Stoke,0.5
2,2014-2015_Man United_Man City,0.5
2,2014-2015_QPR_Chelsea,0.0
2,2014-2015_Liverpool_Newcastle,0.0
2,2014-2015_Chelsea_Man United,0.5
2,2014-2015_Crystal Palace_West Brom,0.33
2,2014-2015_Everton_Burnley,0.5
2,2014-2015_Leicester_Swansea,0.0
2,2014-2015_Stoke_Southampton,0.5
2,2014-2015_Man City_West Ham,0.0
2,2014-2015_Newcastle_Tottenham,0.33
2,2014-2015_Burnley_Leicester,0.0
2,2014-2015_Crystal Palace_Hull,0.0
2,2014-2015_Man City_Aston Villa,0.25
2,2014-2015_Newcastle_Swansea,0.25
2,2014-2015_QPR_West Ham,0.5
2,2014-2015_Southampton_Tottenham,0.5
2,2014-2015_Stoke_Sunderland,0.5
2,2014-2015_West Brom_Liverpool,0.0
2,2014-2015_Arsenal_Chelsea,0.5
2,2014-2015_Everton_Man United,0.33
2,2014-2015_Hull_Liverpool,0.0
2,2014-2015_Leicester_Chelsea,0.0
2,2014-2015_Aston Villa_Everton,0.5
2,2014-2015_Leicester_Newcastle,0.25
2,2014-2015_Liverpool_QPR,0.25
2,2014-2015_Man United_West Brom,0.33
2,2014-2015_Sunderland_Southampton,0.5
2,2014-2015_Swansea_Stoke,0.5
2,2014-2015_West Ham_Burnley,0.33
2,2014-2015_Chelsea_Crystal Palace,0.0
2,2014-2015_Tottenham_Man City,0.33
2,2014-2015_Hull_Arsenal,0.5
2,2014-2015_Aston Villa_West Ham,0.0
2,2014-2015_Crystal Palace_Man United,0.5
2,2014-2015_Everton_Sunderland,0.5
2,2014-2015_Hull_Burnley,0.33
2,2014-2015_Leicester_Southampton,0.0
2,2014-2015_Newcastle_West Brom,0.5
2,2014-2015_Stoke_Tottenham,0.33
2,2014-2015_Chelsea_Liverpool,0.5
2,2014-2015_Man City_QPR,0.33
2,2014-2015_Arsenal_Swansea,0.0
2,2014-2015_Burnley_Stoke,0.0
2,2014-2015_Liverpool_Crystal Palace,0.33
2,2014-2015_QPR_Newcastle,0.33
2,2014-2015_Southampton_Aston Villa,0.33
2,2014-2015_Sunderland_Leicester,0.5
2,2014-2015_Tottenham_Hull,0.5
2,2014-2015_West Ham_Everton,0.33
2,2014-2015_Man United_Arsenal,0.0
2,2014-2015_Swansea_Man City,0.33
2,2014-2015_West Brom_Chelsea,0.5
2,2014-2015_Arsenal_Sunderland,0.33
2,2014-2015_Arsenal_West Brom,0.33
2,2014-2015_Aston Villa_Burnley,0.5
2,2014-2015_Chelsea_Sunderland,0.5
2,2014-2015_Crystal Palace_Swansea,0.0
2,2014-2015_Everton_Tottenham,0.0
2,2014-2015_Hull_Man United,0.5
2,2014-2015_Leicester_QPR,0.33
2,2014-2015_Man City_Southampton,0.33
2,2014-2015_Newcastle_West Ham,0.5
2,2014-2015_Stoke_Liverpool,0.25
2,2015-2016_Bournemouth_Aston Villa,0.5
2,2015-2016_Chelsea_Swansea,0.25
2,2015-2016_Everton_Watford,0.0
2,2015-2016_Leicester_Sunderland,0.33
2,2015-2016_Man United_Tottenham,0.0
2,2015-2016_Norwich_Crystal Palace,0.5
2,2015-2016_Arsenal_West Ham,0.0
2,2015-2016_Newcastle_Southampton,0.33
2,2015-2016_Stoke_Liverpool,0.5
2,2015-2016_West Brom_Man City,0.33
2,2015-2016_Aston Villa_Man United,0.0
2,2015-2016_Southampton_Everton,0.2
2,2015-2016_Sunderland_Norwich,0.5
2,2015-2016_Swansea_Newcastle,0.0
2,2015-2016_Tottenham_Stoke,0.5
2,2015-2016_Watford_West Brom,0.0
2,2015-2016_West Ham_Leicester,0.33
2,2015-2016_Crystal Palace_Arsenal,0.33
2,2015-2016_Man City_Chelsea,0.33
2,2015-2016_Liverpool_Bournemouth,0.5
2,2015-2016_Crystal Palace_Aston Villa,0.33
2,2015-2016_Leicester_Tottenham,0.5
2,2015-2016_Man United_Newcastle,0.33
2,2015-2016_Norwich_Stoke,0.0
2,2015-2016_Sunderland_Swansea,0.5
2,2015-2016_West Ham_Bournemouth,0.33
2,2015-2016_Everton_Man City,0.5
2,2015-2016_Watford_Southampton,0.0
2,2015-2016_West Brom_Chelsea,0.33
2,2015-2016_Arsenal_Liverpool,0.5
2,2015-2016_Aston Villa_Sunderland,0.5
2,2015-2016_Bournemouth_Leicester,0.5
2,2015-2016_Chelsea_Crystal Palace,0.33
2,2015-2016_Liverpool_West Ham,0.5
2,2015-2016_Man City_Watford,0.5
2,2015-2016_Newcastle_Arsenal,0.5
2,2015-2016_Stoke_West Brom,0.25
2,2015-2016_Tottenham_Everton,0.0
2,2015-2016_Southampton_Norwich,0.33
2,2015-2016_Swansea_Man United,0.5
2,2015-2016_Arsenal_Stoke,0.33
2,2015-2016_Crystal Palace_Man City,0.0
2,2015-2016_Everton_Chelsea,0.25
2,2015-2016_Man United_Liverpool,0.0
2,2015-2016_Norwich_Bournemouth,0.5
2,2015-2016_Watford_Swansea,0.5
2,2015-2016_West Brom_Southampton,0.0
2,2015-2016_Leicester_Aston Villa,0.33
2,2015-2016_Sunderland_Tottenham,0.5
2,2015-2016_West Ham_Newcastle,0.33
2,2015-2016_Aston Villa_West Brom,0.5
2,2015-2016_Bournemouth_Sunderland,0.5
2,2015-2016_Chelsea_Arsenal,0.25
2,2015-2016_Man City_West Ham,0.33
2,2015-2016_Newcastle_Watford,0.5
2,2015-2016_Stoke_Leicester,0.5
2,2015-2016_Swansea_Everton,0.5
2,2015-2016_Liverpool_Norwich,0.0
2,2015-2016_Southampton_Man United,0.5
2,2015-2016_Tottenham_Crystal Palace,0.5
2,2015-2016_Leicester_Arsenal,0.25
2,2015-2016_Liverpool_Aston Villa,0.33
2,2015-2016_Man United_Sunderland,0.0
2,2015-2016_Newcastle_Chelsea,0.5
2,2015-2016_Southampton_Swansea,0.5
2,2015-2016_Stoke_Bournemouth,0.0
2,2015-2016_Tottenham_Man City,0.25
2,2015-2016_West Ham_Norwich,0.33
2,2015-2016_Watford_Crystal Palace,0.25
2,2015-2016_West Brom_Everton,0.5
2,2015-2016_Aston Villa_Stoke,0.33
2,2015-2016_Bournemouth_Watford,0.0
2,2015-2016_Chelsea_Southampton,0.5
2,2015-2016_Crystal Palace_West Brom,0.33
2,2015-2016_Man City_Newcastle,0.5
2,2015-2016_Norwich_Leicester,0.25
2,2015-2016_Sunderland_West Ham,0.25
2,2015-2016_Arsenal_Man United,0.5
2,2015-2016_Everton_Liverpool,0.25
2,2015-2016_Swansea_Tottenham,0.33
2,2015-2016_Chelsea_Aston Villa,0.0
2,2015-2016_Crystal Palace_West Ham,0.25
2,2015-2016_Everton_Man United,0.0
2,2015-2016_Man City_Bournemouth,0.5
2,2015-2016_Southampton_Leicester,0.33
2,2015-2016_Tottenham_Liverpool,0.5
2,2015-2016_Watford_Arsenal,0.0
2,2015-2016_West Brom_Sunderland,0.0
2,2015-2016_Newcastle_Norwich,0.25
2,2015-2016_Swansea_Stoke,0.5
2,2015-2016_Arsenal_Everton,0.5
2,2015-2016_Aston Villa_Swansea,0.5
2,2015-2016_Leicester_Crystal Palace,0.0
2,2015-2016_Norwich_West Brom,0.5
2,2015-2016_Stoke_Watford,0.5
2,2015-2016_West Ham_Chelsea,0.33
2,2015-2016_Bournemouth_Tottenham,0.5
2,2015-2016_Liverpool_Southampton,0.5
2,2015-2016_Man United_Man City,0.0
2,2015-2016_Sunderland_Newcastle,0.5
2,2015-2016_Chelsea_Liverpool,0.5
2,2015-2016_Crystal Palace_Man United,0.5
2,2015-2016_Man City_Norwich,0.25
2,2015-2016_Newcastle_Stoke,0.5
2,2015-2016_Swansea_Arsenal,0.0
2,2015-2016_Watford_West Ham,0.0
2,2015-2016_West Brom_Leicester,0.5
2,2015-2016_Everton_Sunderland,0.5
2,2015-2016_Southampton_Bournemouth,0.0
2,2015-2016_Tottenham_Aston Villa,0.5
2,2015-2016_Bournemouth_Newcastle,0.5
2,2015-2016_Leicester_Watford,0.0
2,2015-2016_Man United_West Brom,0.5
2,2015-2016_Norwich_Swansea,0.0
2,2015-2016_Stoke_Chelsea,0.0
2,2015-2016_Sunderland_Southampton,0.5
2,2015-2016_West Ham_Everton,0.0
2,2015-2016_Arsenal_Tottenham,0.33
2,2015-2016_Aston Villa_Man City,0.0
2,2015-2016_Liverpool_Crystal Palace,0.33
2,2015-2016_Chelsea_Norwich,0.5
2,2015-2016_Everton_Aston Villa,0.5
2,2015-2016_Man City_Liverpool,0.25
2,2015-2016_Newcastle_Leicester,0.33
2,2015-2016_Southampton_Stoke,0.33
2,2015-2016_Swansea_Bournemouth,0.5
2,2015-2016_Watford_Man United,0.5
2,2015-2016_West Brom_Arsenal,0.5
2,2015-2016_Tottenham_West Ham,0.33
2,2015-2016_Crystal Palace_Sunderland,0.5
2,2015-2016_Aston Villa_Watford,0.25
2,2015-2016_Bournemouth_Everton,0.25
2,2015-2016_Crystal Palace_Newcastle,0.25
2,2015-2016_Leicester_Man United,0.0
2,2015-2016_Man City_Southampton,0.5
2,2015-2016_Sunderland_Stoke,0.5
2,2015-2016_Liverpool_Swansea,0.0
2,2015-2016_Norwich_Arsenal,0.0
2,2015-2016_Tottenham_Chelsea,0.5
2,2015-2016_West Ham_West Brom,0.0
2,2015-2016_Arsenal_Sunderland,0.5
2,2015-2016_Chelsea_Bournemouth,0.5
2,2015-2016_Man United_West Ham,0.0
2,2015-2016_Southampton_Aston Villa,0.5
2,2015-2016_Stoke_Man City,0.0
2,2015-2016_Swansea_Leicester,0.5
2,2015-2016_Watford_Norwich,0.5
2,2015-2016_West Brom_Tottenham,0.5
2,2015-2016_Newcastle_Liverpool,0.0
2,2015-2016_Everton_Crystal Palace,0.33
2,2015-2016_Bournemouth_Man United,0.0
2,2015-2016_Crystal Palace_Southampton,0.33
2,2015-2016_Man City_Swansea,0.5
2,2015-2016_Norwich_Everton,0.0
2,2015-2016_Sunderland_Watford,0.0
2,2015-2016_West Ham_Stoke,0.5
2,2015-2016_Aston Villa_Arsenal,0.0
2,2015-2016_Liverpool_West Brom,0.33
2,2015-2016_Tottenham_Newcastle,0.5
2,2015-2016_Leicester_Chelsea,0.0
2,2015-2016_Chelsea_Sunderland,0.5
2,2015-2016_Everton_Leicester,0.5
2,2015-2016_Man United_Norwich,0.0
2,2015-2016_Newcastle_Aston Villa,0.0
2,2015-2016_Southampton_Tottenham,0.0
2,2015-2016_Stoke_Crystal Palace,0.33
2,2015-2016_West Brom_Bournemouth,0.33
2,2015-2016_Swansea_West Ham,0.33
2,2015-2016_Watford_Liverpool,0.0
2,2015-2016_Arsenal_Man City,0.33
2,2015-2016_Aston Villa_West Ham,0.33
2,2015-2016_Bournemouth_Crystal Palace,0.33
2,2015-2016_Chelsea_Watford,0.33
2,2015-2016_Liverpool_Leicester,0.5
2,2015-2016_Man City_Sunderland,0.5
2,2015-2016_Newcastle_Everton,0.0
2,2015-2016_Southampton_Arsenal,0.0
2,2015-2016_Stoke_Man United,0.5
2,2015-2016_Swansea_West Brom,0.5
2,2015-2016_Tottenham_Norwich,0.5
2,2015-2016_Arsenal_Bournemouth,0.0
2,2015-2016_Crystal Palace_Swansea,0.0
2,2015-2016_Everton_Stoke,0.5
2,2015-2016_Man United_Chelsea,0.5
2,2015-2016_Norwich_Aston Villa,0.33
2,2015-2016_Watford_Tottenham,0.5
2,2015-2016_West Brom_Newcastle,0.25
2,2015-2016_West Ham_Southampton,0.5
2,2015-2016_Leicester_Man City,0.5
2,2015-2016_Sunderland_Liverpool,0.5
2,2015-2016_Arsenal_Newcastle,0.5
2,2015-2016_Leicester_Bournemouth,0.0
2,2015-2016_Man United_Swansea,0.5
2,2015-2016_Norwich_Southampton,0.0
2,2015-2016_Sunderland_Aston Villa,0.5
2,2015-2016_Watford_Man City,0.5
2,2015-2016_West Brom_Stoke,0.0
2,2015-2016_West Ham_Liverpool,0.33
2,2015-2016_Crystal Palace_Chelsea,0.0
2,2015-2016_Everton_Tottenham,0.0
2,2015-2016_Aston Villa_Crystal Palace,0.5
2,2015-2016_Bournemouth_West Ham,0.0
2,2015-2016_Newcastle_Man United,0.5
2,2015-2016_Chelsea_West Brom,0.25
2,2015-2016_Liverpool_Arsenal,0.25
2,2015-2016_Man City_Everton,0.25
2,2015-2016_Southampton_Watford,0.5
2,2015-2016_Stoke_Norwich,0.0
2,2015-2016_Swansea_Sunderland,0.33
2,2015-2016_Tottenham_Leicester,0.25
2,2015-2016_Aston Villa_Leicester,0.0
2,2015-2016_Bournemouth_Norwich,0.0
2,2015-2016_Chelsea_Everton,0.33
2,2015-2016_Man City_Crystal Palace,0.5
2,2015-2016_Newcastle_West Ham,0.5
2,2015-2016_Southampton_West Brom,0.0
2,2015-2016_Tottenham_Sunderland,0.33
2,2015-2016_Liverpool_Man United,0.0
2,2015-2016_Stoke_Arsenal,0.0
2,2015-2016_Swansea_Watford,0.0
2,2015-2016_Crystal Palace_Tottenham,0.33
2,2015-2016_Leicester_Stoke,0.0
2,2015-2016_Man United_Southampton,0.0
2,2015-2016_Norwich_Liverpool,0.33
2,2015-2016_Sunderland_Bournemouth,0.0
2,2015-2016_Watford_Newcastle,0.0
2,2015-2016_West Brom_Aston Villa,0.0
2,2015-2016_West Ham_Man City,0.5
2,2015-2016_Arsenal_Chelsea,0.5
2,2015-2016_Everton_Swansea,0.5
2,2015-2016_Arsenal_Southampton,0.5
2,2015-2016_Crystal Palace_Bournemouth,0.5
2,2015-2016_Leicester_Liverpool,0.25
2,2015-2016_Man United_Stoke,0.5
2,2015-2016_Norwich_Tottenham,0.5
2,2015-2016_Sunderland_Man City,0.0
2,2015-2016_West Brom_Swansea,0.33
2,2015-2016_West Ham_Aston Villa,0.5
2,2015-2016_Everton_Newcastle,0.5
2,2015-2016_Watford_Chelsea,0.5
2,2015-2016_Aston Villa_Norwich,0.0
2,2015-2016_Liverpool_Sunderland,0.0
2,2015-2016_Man City_Leicester,0.33
2,2015-2016_Newcastle_West Brom,0.5
2,2015-2016_Southampton_West Ham,0.0
2,2015-2016_Stoke_Everton,0.0
2,2015-2016_Swansea_Crystal Palace,0.5
2,2015-2016_Tottenham_Watford,0.25
2,2015-2016_Bournemouth_Arsenal,0.0
2,2015-2016_Chelsea_Man United,0.33
2,2015-2016_Bournemouth_Stoke,0.5
2,2015-2016_Chelsea_Newcastle,0.5
2,2015-2016_Crystal Palace_Watford,0.33
2,2015-2016_Everton_West Brom,0.5
2,2015-2016_Norwich_West Ham,0.5
2,2015-2016_Sunderland_Man United,0.33
2,2015-2016_Swansea_Southampton,0.5
2,2015-2016_Arsenal_Leicester,0.25
2,2015-2016_Aston Villa_Liverpool,0.5
2,2015-2016_Man City_Tottenham,0.5
2,2015-2016_Leicester_Norwich,0.0
2,2015-2016_Southampton_Chelsea,0.5
2,2015-2016_Stoke_Aston Villa,0.0
2,2015-2016_Watford_Bournemouth,0.0
2,2015-2016_West Brom_Crystal Palace,0.5
2,2015-2016_West Ham_Sunderland,0.0
2,2015-2016_Tottenham_Swansea,0.33
2,2015-2016_Man United_Arsenal,0.33
2,2015-2016_Aston Villa_Everton,0.25
2,2015-2016_Bournemouth_Southampton,0.0
2,2015-2016_Leicester_West Brom,0.33
2,2015-2016_Norwich_Chelsea,0.5
2,2015-2016_Sunderland_Crystal Palace,0.5
2,2015-2016_Arsenal_Swansea,0.33
2,2015-2016_Liverpool_Man City,0.0
2,2015-2016_Man United_Watford,0.33
2,2015-2016_Stoke_Newcastle,0.0
2,2015-2016_West Ham_Tottenham,0.5
2,2015-2016_Chelsea_Stoke,0.5
2,2015-2016_Everton_West Ham,0.25
2,2015-2016_Man City_Aston Villa,0.5
2,2015-2016_Newcastle_Bournemouth,0.5
2,2015-2016_Southampton_Sunderland,0.5
2,2015-2016_Swansea_Norwich,0.5
2,2015-2016_Tottenham_Arsenal,0.25
2,2015-2016_Watford_Leicester,0.0
2,2015-2016_Crystal Palace_Liverpool,0.33
2,2015-2016_West Brom_Man United,0.0
2,2015-2016_Bournemouth_Swansea,0.5
2,2015-2016_Norwich_Man City,0.0
2,2015-2016_Stoke_Southampton,0.5
2,2015-2016_Aston Villa_Tottenham,0.33
2,2015-2016_Leicester_Newcastle,0.0
2,2015-2016_Chelsea_West Ham,0.25
2,2015-2016_Crystal Palace_Leicester,0.33
2,2015-2016_Everton_Arsenal,0.0
2,2015-2016_Swansea_Aston Villa,0.5
2,2015-2016_Watford_Stoke,0.0
2,2015-2016_West Brom_Norwich,0.5
2,2015-2016_Man City_Man United,0.33
2,2015-2016_Newcastle_Sunderland,0.0
2,2015-2016_Southampton_Liverpool,0.33
2,2015-2016_Tottenham_Bournemouth,0.0
2,2015-2016_Arsenal_Watford,0.5
2,2015-2016_Aston Villa_Chelsea,0.33
2,2015-2016_Bournemouth_Man City,0.5
2,2015-2016_Liverpool_Tottenham,0.25
2,2015-2016_Norwich_Newcastle,0.5
2,2015-2016_Stoke_Swansea,0.5
2,2015-2016_Sunderland_West Brom,0.0
2,2015-2016_West Ham_Crystal Palace,0.33
2,2015-2016_Leicester_Southampton,0.5
2,2015-2016_Man United_Everton,0.0
2,2015-2016_Aston Villa_Bournemouth,0.0
2,2015-2016_Crystal Palace_Norwich,0.5
2,2015-2016_Man City_West Brom,0.33
2,2015-2016_Southampton_Newcastle,0.33
2,2015-2016_Swansea_Chelsea,0.5
2,2015-2016_Watford_Everton,0.5
2,2015-2016_West Ham_Arsenal,0.25
2,2015-2016_Liverpool_Stoke,0.5
2,2015-2016_Sunderland_Leicester,0.33
2,2015-2016_Tottenham_Man United,0.5
2,2015-2016_Crystal Palace_Everton,0.33
2,2015-2016_Chelsea_Man City,0.33
2,2015-2016_Everton_Southampton,0.5
2,2015-2016_Man United_Aston Villa,0.33
2,2015-2016_Newcastle_Swansea,0.5
2,2015-2016_Norwich_Sunderland,0.5
2,2015-2016_West Brom_Watford,0.5
2,2015-2016_Arsenal_Crystal Palace,0.33
2,2015-2016_Bournemouth_Liverpool,0.33
2,2015-2016_Leicester_West Ham,0.33
2,2015-2016_Stoke_Tottenham,0.33
2,2015-2016_Newcastle_Man City,0.0
2,2015-2016_Liverpool_Everton,0.33
2,2015-2016_Man United_Crystal Palace,0.0
2,2015-2016_West Ham_Watford,0.5
2,2015-2016_Arsenal_West Brom,0.0
2,2015-2016_Aston Villa_Southampton,0.25
2,2015-2016_Bournemouth_Chelsea,0.25
2,2015-2016_Liverpool_Newcastle,0.0
2,2015-2016_Man City_Stoke,0.33
2,2015-2016_Leicester_Swansea,0.5
2,2015-2016_Sunderland_Arsenal,0.33
2,2015-2016_Tottenham_West Brom,0.33
2,2015-2016_Arsenal_Norwich,0.0
2,2015-2016_Everton_Bournemouth,0.5
2,2015-2016_Newcastle_Crystal Palace,0.0
2,2015-2016_Stoke_Sunderland,0.5
2,2015-2016_Watford_Aston Villa,0.33
2,2015-2016_West Brom_West Ham,0.33
2,2015-2016_Man United_Leicester,0.5
2,2015-2016_Southampton_Man City,0.5
2,2015-2016_Swansea_Liverpool,0.25
2,2015-2016_Chelsea_Tottenham,0.25
2,2015-2016_Aston Villa_Newcastle,0.0
2,2015-2016_Bournemouth_West Brom,0.0
2,2015-2016_Crystal Palace_Stoke,0.5
2,2015-2016_Leicester_Everton,0.5
2,2015-2016_Norwich_Man United,0.0
2,2015-2016_Sunderland_Chelsea,0.33
2,2015-2016_West Ham_Swansea,0.33
2,2015-2016_Liverpool_Watford,0.5
2,2015-2016_Man City_Arsenal,0.0
2,2015-2016_Tottenham_Southampton,0.5
2,2015-2016_West Ham_Man United,0.5
2,2015-2016_Liverpool_Chelsea,0.5
2,2015-2016_Norwich_Watford,0.5
2,2015-2016_Sunderland_Everton,0.33
2,2015-2016_Arsenal_Aston Villa,0.0
2,2015-2016_Chelsea_Leicester,0.33
2,2015-2016_Everton_Norwich,0.33
2,2015-2016_Newcastle_Tottenham,0.33
2,2015-2016_Southampton_Crystal Palace,0.33
2,2015-2016_Stoke_West Ham,0.5
2,2015-2016_Swansea_Man City,0.0
2,2015-2016_Watford_Sunderland,0.5
2,2015-2016_West Brom_Liverpool,0.0
2,2015-2016_Man United_Bournemouth,0.0
2,2016-2017_Burnley_Swansea,0.0
2,2016-2017_Crystal Palace_West Brom,0.0
2,2016-2017_Everton_Tottenham,0.0
2,2016-2017_Hull_Leicester,0.5
2,2016-2017_Man City_Sunderland,0.5
2,2016-2017_Middlesbrough_Stoke,0.25
2,2016-2017_Southampton_Watford,0.0
2,2016-2017_Arsenal_Liverpool,0.33
2,2016-2017_Bournemouth_Man United,0.0
2,2016-2017_Chelsea_West Ham,0.5
2,2016-2017_Man United_Southampton,0.0
2,2016-2017_Burnley_Liverpool,0.33
2,2016-2017_Leicester_Arsenal,0.5
2,2016-2017_Stoke_Man City,0.25
2,2016-2017_Swansea_Hull,0.0
2,2016-2017_Tottenham_Crystal Palace,0.33
2,2016-2017_Watford_Chelsea,0.5
2,2016-2017_West Brom_Everton,0.0
2,2016-2017_Sunderland_Middlesbrough,0.0
2,2016-2017_West Ham_Bournemouth,0.5
2,2016-2017_Chelsea_Burnley,0.5
2,2016-2017_Crystal Palace_Bournemouth,0.5
2,2016-2017_Everton_Stoke,0.5
2,2016-2017_Hull_Man United,0.5
2,2016-2017_Leicester_Swansea,0.0
2,2016-2017_Southampton_Sunderland,0.0
2,2016-2017_Tottenham_Liverpool,0.5
2,2016-2017_Watford_Arsenal,0.33
2,2016-2017_Man City_West Ham,0.33
2,2016-2017_West Brom_Middlesbrough,0.0
2,2016-2017_Arsenal_Southampton,0.33
2,2016-2017_Bournemouth_West Brom,0.5
2,2016-2017_Burnley_Hull,0.33
2,2016-2017_Liverpool_Leicester,0.5
2,2016-2017_Man United_Man City,0.25
2,2016-2017_Middlesbrough_Crystal Palace,0.0
2,2016-2017_Stoke_Tottenham,0.33
2,2016-2017_West Ham_Watford,0.33
2,2016-2017_Swansea_Chelsea,0.25
2,2016-2017_Sunderland_Everton,0.33
2,2016-2017_Chelsea_Liverpool,0.0
2,2016-2017_Everton_Middlesbrough,0.0
2,2016-2017_Hull_Arsenal,0.5
2,2016-2017_Leicester_Burnley,0.0
2,2016-2017_Man City_Bournemouth,0.5
2,2016-2017_West Brom_West Ham,0.5
2,2016-2017_Crystal Palace_Stoke,0.25
2,2016-2017_Southampton_Swansea,0.0
2,2016-2017_Tottenham_Sunderland,0.25
2,2016-2017_Watford_Man United,0.33
2,2016-2017_Arsenal_Chelsea,0.0
2,2016-2017_Bournemouth_Everton,0.5
2,2016-2017_Liverpool_Hull,0.33
2,2016-2017_Man United_Leicester,0.25
2,2016-2017_Middlesbrough_Tottenham,0.5
2,2016-2017_Stoke_West Brom,0.33
2,2016-2017_Sunderland_Crystal Palace,0.5
2,2016-2017_Swansea_Man City,0.25
2,2016-2017_West Ham_Southampton,0.33
2,2016-2017_Burnley_Watford,0.5
2,2016-2017_Everton_Crystal Palace,0.25
2,2016-2017_Hull_Chelsea,0.5
2,2016-2017_Sunderland_West Brom,0.5
2,2016-2017_Swansea_Liverpool,0.5
2,2016-2017_Watford_Bournemouth,0.33
2,2016-2017_West Ham_Middlesbrough,0.0
2,2016-2017_Burnley_Arsenal,0.0
2,2016-2017_Leicester_Southampton,0.0
2,2016-2017_Man United_Stoke,0.5
2,2016-2017_Tottenham_Man City,0.0
2,2016-2017_Arsenal_Swansea,0.33
2,2016-2017_Bournemouth_Hull,0.33
2,2016-2017_Chelsea_Leicester,0.0
2,2016-2017_Crystal Palace_West Ham,0.33
2,2016-2017_Man City_Everton,0.0
2,2016-2017_Stoke_Sunderland,0.33
2,2016-2017_West Brom_Tottenham,0.5
2,2016-2017_Middlesbrough_Watford,0.0
2,2016-2017_Southampton_Burnley,0.5
2,2016-2017_Liverpool_Man United,0.5
2,2016-2017_Arsenal_Middlesbrough,0.0
2,2016-2017_Bournemouth_Tottenham,0.5
2,2016-2017_Burnley_Everton,0.33
2,2016-2017_Hull_Stoke,0.0
2,2016-2017_Leicester_Crystal Palace,0.33
2,2016-2017_Liverpool_West Brom,0.5
2,2016-2017_Swansea_Watford,0.5
2,2016-2017_West Ham_Sunderland,0.5
2,2016-2017_Chelsea_Man United,0.33
2,2016-2017_Man City_Southampton,0.5
2,2016-2017_Crystal Palace_Liverpool,0.5
2,2016-2017_Man United_Burnley,0.33
2,2016-2017_Middlesbrough_Bournemouth,0.0
2,2016-2017_Sunderland_Arsenal,0.33
2,2016-2017_Tottenham_Leicester,0.33
2,2016-2017_Watford_Hull,0.0
2,2016-2017_West Brom_Man City,0.33
2,2016-2017_Everton_West Ham,0.5
2,2016-2017_Southampton_Chelsea,0.0
2,2016-2017_Stoke_Swansea,0.33
2,2016-2017_Bournemouth_Sunderland,0.25
2,2016-2017_Burnley_Crystal Palace,0.33
2,2016-2017_Chelsea_Everton,0.5
2,2016-2017_Man City_Middlesbrough,0.5
2,2016-2017_West Ham_Stoke,0.5
2,2016-2017_Arsenal_Tottenham,0.5
2,2016-2017_Hull_Southampton,0.5
2,2016-2017_Leicester_West Brom,0.0
2,2016-2017_Liverpool_Watford,0.33
2,2016-2017_Swansea_Man United,0.0
2,2016-2017_Crystal Palace_Man City,0.0
2,2016-2017_Everton_Swansea,0.5
2,2016-2017_Man United_Arsenal,0.5
2,2016-2017_Southampton_Liverpool,0.0
2,2016-2017_Stoke_Bournemouth,0.0
2,2016-2017_Sunderland_Hull,0.5
2,2016-2017_Tottenham_West Ham,0.33
2,2016-2017_Watford_Leicester,0.5
2,2016-2017_Middlesbrough_Chelsea,0.5
2,2016-2017_West Brom_Burnley,0.0
2,2016-2017_Burnley_Man City,0.33
2,2016-2017_Chelsea_Tottenham,0.0
2,2016-2017_Hull_West Brom,0.5
2,2016-2017_Leicester_Middlesbrough,0.5
2,2016-2017_Liverpool_Sunderland,0.5
2,2016-2017_Swansea_Crystal Palace,0.25
2,2016-2017_Arsenal_Bournemouth,0.25
2,2016-2017_Man United_West Ham,0.0
2,2016-2017_Southampton_Everton,0.0
2,2016-2017_Watford_Stoke,0.0
2,2016-2017_Crystal Palace_Southampton,0.5
2,2016-2017_Man City_Chelsea,0.33
2,2016-2017_Stoke_Burnley,0.5
2,2016-2017_Sunderland_Leicester,0.5
2,2016-2017_Tottenham_Swansea,0.5
2,2016-2017_West Brom_Watford,0.5
2,2016-2017_West Ham_Arsenal,0.33
2,2016-2017_Bournemouth_Liverpool,0.33
2,2016-2017_Everton_Man United,0.0
2,2016-2017_Middlesbrough_Hull,0.33
2,2016-2017_Arsenal_Stoke,0.33
2,2016-2017_Burnley_Bournemouth,0.33
2,2016-2017_Hull_Crystal Palace,0.25
2,2016-2017_Leicester_Man City,0.33
2,2016-2017_Swansea_Sunderland,0.5
2,2016-2017_Watford_Everton,0.5
2,2016-2017_Chelsea_West Brom,0.5
2,2016-2017_Liverpool_West Ham,0.25
2,2016-2017_Man United_Tottenham,0.5
2,2016-2017_Southampton_Middlesbrough,0.5
2,2016-2017_Bournemouth_Leicester,0.5
2,2016-2017_Everton_Arsenal,0.0
2,2016-2017_Crystal Palace_Man United,0.5
2,2016-2017_Man City_Watford,0.5
2,2016-2017_Middlesbrough_Liverpool,0.0
2,2016-2017_Stoke_Southampton,0.0
2,2016-2017_Sunderland_Chelsea,0.0
2,2016-2017_Tottenham_Hull,0.33
2,2016-2017_West Brom_Swansea,0.0
2,2016-2017_West Ham_Burnley,0.0
2,2016-2017_Crystal Palace_Chelsea,0.0
2,2016-2017_Middlesbrough_Swansea,0.0
2,2016-2017_Stoke_Leicester,0.2
2,2016-2017_Sunderland_Watford,0.5
2,2016-2017_West Brom_Man United,0.5
2,2016-2017_West Ham_Hull,0.33
2,2016-2017_Bournemouth_Southampton,0.5
2,2016-2017_Man City_Arsenal,0.5
2,2016-2017_Tottenham_Burnley,0.5
2,2016-2017_Everton_Liverpool,0.0
2,2016-2017_Arsenal_West Brom,0.5
2,2016-2017_Burnley_Middlesbrough,0.33
2,2016-2017_Chelsea_Bournemouth,0.0
2,2016-2017_Hull_Man City,0.0
2,2016-2017_Leicester_Everton,0.5
2,2016-2017_Man United_Sunderland,0.33
2,2016-2017_Swansea_West Ham,0.33
2,2016-2017_Watford_Crystal Palace,0.5
2,2016-2017_Liverpool_Stoke,0.5
2,2016-2017_Southampton_Tottenham,0.25
2,2016-2017_Hull_Everton,0.33
2,2016-2017_Burnley_Sunderland,0.5
2,2016-2017_Chelsea_Stoke,0.5
2,2016-2017_Leicester_West Ham,0.25
2,2016-2017_Liverpool_Man City,0.0
2,2016-2017_Man United_Middlesbrough,0.33
2,2016-2017_Southampton_West Brom,0.33
2,2016-2017_Swansea_Bournemouth,0.0
2,2016-2017_Arsenal_Crystal Palace,0.33
2,2016-2017_Watford_Tottenham,0.5
2,2016-2017_Everton_Southampton,0.25
2,2016-2017_Man City_Burnley,0.25
2,2016-2017_Middlesbrough_Leicester,0.5
2,2016-2017_Sunderland_Liverpool,0.5
2,2016-2017_West Brom_Hull,0.25
2,2016-2017_West Ham_Man United,0.5
2,2016-2017_Bournemouth_Arsenal,0.33
2,2016-2017_Crystal Palace_Swansea,0.5
2,2016-2017_Stoke_Watford,0.5
2,2016-2017_Tottenham_Chelsea,0.0
2,2016-2017_Burnley_Southampton,0.0
2,2016-2017_Hull_Bournemouth,0.0
2,2016-2017_Leicester_Chelsea,0.0
2,2016-2017_Sunderland_Stoke,0.5
2,2016-2017_Swansea_Arsenal,0.5
2,2016-2017_Tottenham_West Brom,0.5
2,2016-2017_Watford_Middlesbrough,0.5
2,2016-2017_West Ham_Crystal Palace,0.5
2,2016-2017_Everton_Man City,0.5
2,2016-2017_Man United_Liverpool,0.0
2,2016-2017_Bournemouth_Watford,0.33
2,2016-2017_Crystal Palace_Everton,0.33
2,2016-2017_Liverpool_Swansea,0.5
2,2016-2017_Man City_Tottenham,0.5
2,2016-2017_Middlesbrough_West Ham,0.5
2,2016-2017_Stoke_Man United,0.0
2,2016-2017_West Brom_Sunderland,0.0
2,2016-2017_Arsenal_Burnley,0.25
2,2016-2017_Chelsea_Hull,0.0
2,2016-2017_Southampton_Leicester,0.33
2,2016-2017_Arsenal_Watford,0.25
2,2016-2017_Bournemouth_Crystal Palace,0.5
2,2016-2017_Burnley_Leicester,0.33
2,2016-2017_Liverpool_Chelsea,0.0
2,2016-2017_Middlesbrough_West Brom,0.0
2,2016-2017_Sunderland_Tottenham,0.0
2,2016-2017_Swansea_Southampton,0.0
2,2016-2017_Man United_Hull,0.5
2,2016-2017_Stoke_Everton,0.0
2,2016-2017_West Ham_Man City,0.5
2,2016-2017_Chelsea_Arsenal,0.33
2,2016-2017_Crystal Palace_Sunderland,0.33
2,2016-2017_Everton_Bournemouth,0.33
2,2016-2017_Hull_Liverpool,0.33
2,2016-2017_Southampton_West Ham,0.5
2,2016-2017_Tottenham_Middlesbrough,0.5
2,2016-2017_Watford_Burnley,0.33
2,2016-2017_West Brom_Stoke,0.5
2,2016-2017_Leicester_Man United,0.33
2,2016-2017_Man City_Swansea,0.5
2,2016-2017_Arsenal_Hull,0.5
2,2016-2017_Liverpool_Tottenham,0.25
2,2016-2017_Man United_Watford,0.0
2,2016-2017_Middlesbrough_Everton,0.0
2,2016-2017_Stoke_Crystal Palace,0.0
2,2016-2017_Sunderland_Southampton,0.0
2,2016-2017_West Ham_West Brom,0.5
2,2016-2017_Burnley_Chelsea,0.5
2,2016-2017_Swansea_Leicester,0.0
2,2016-2017_Bournemouth_Man City,0.0
2,2016-2017_Chelsea_Swansea,0.5
2,2016-2017_Crystal Palace_Middlesbrough,0.5
2,2016-2017_Everton_Sunderland,0.33
2,2016-2017_Hull_Burnley,0.0
2,2016-2017_Watford_West Ham,0.5
2,2016-2017_West Brom_Bournemouth,0.33
2,2016-2017_Tottenham_Stoke,0.33
2,2016-2017_Leicester_Liverpool,0.25
2,2016-2017_Leicester_Hull,0.33
2,2016-2017_Liverpool_Arsenal,0.5
2,2016-2017_Man United_Bournemouth,0.25
2,2016-2017_Stoke_Middlesbrough,0.5
2,2016-2017_Swansea_Burnley,0.33
2,2016-2017_Watford_Southampton,0.33
2,2016-2017_West Brom_Crystal Palace,0.0
2,2016-2017_Sunderland_Man City,0.0
2,2016-2017_Tottenham_Everton,0.5
2,2016-2017_West Ham_Chelsea,0.0
2,2016-2017_Man City_Stoke,0.0
2,2016-2017_Bournemouth_West Ham,0.25
2,2016-2017_Everton_West Brom,0.5
2,2016-2017_Hull_Swansea,0.0
2,2016-2017_Liverpool_Burnley,0.0
2,2016-2017_Bournemouth_Swansea,0.0
2,2016-2017_Crystal Palace_Watford,0.0
2,2016-2017_Everton_Hull,0.5
2,2016-2017_Stoke_Chelsea,0.25
2,2016-2017_Sunderland_Burnley,0.0
2,2016-2017_West Brom_Arsenal,0.0
2,2016-2017_West Ham_Leicester,0.33
2,2016-2017_Man City_Liverpool,0.33
2,2016-2017_Middlesbrough_Man United,0.5
2,2016-2017_Tottenham_Southampton,0.5
2,2016-2017_Burnley_Tottenham,0.33
2,2016-2017_Chelsea_Crystal Palace,0.33
2,2016-2017_Hull_West Ham,0.0
2,2016-2017_Leicester_Stoke,0.5
2,2016-2017_Liverpool_Everton,0.5
2,2016-2017_Man United_West Brom,0.5
2,2016-2017_Southampton_Bournemouth,0.0
2,2016-2017_Watford_Sunderland,0.33
2,2016-2017_Arsenal_Man City,0.5
2,2016-2017_Swansea_Middlesbrough,0.5
2,2016-2017_Burnley_Stoke,0.0
2,2016-2017_Leicester_Sunderland,0.33
2,2016-2017_Man United_Everton,0.25
2,2016-2017_Watford_West Brom,0.33
2,2016-2017_Arsenal_West Ham,0.5
2,2016-2017_Chelsea_Man City,0.5
2,2016-2017_Hull_Middlesbrough,0.33
2,2016-2017_Liverpool_Bournemouth,0.5
2,2016-2017_Southampton_Crystal Palace,0.5
2,2016-2017_Swansea_Tottenham,0.0
2,2016-2017_Bournemouth_Chelsea,0.5
2,2016-2017_Man City_Hull,0.33
2,2016-2017_Middlesbrough_Burnley,0.0
2,2016-2017_Stoke_Liverpool,0.0
2,2016-2017_Tottenham_Watford,0.33
2,2016-2017_West Brom_Southampton,0.0
2,2016-2017_West Ham_Swansea,0.5
2,2016-2017_Everton_Leicester,0.33
2,2016-2017_Sunderland_Man United,0.33
2,2016-2017_Crystal Palace_Arsenal,0.33
2,2016-2017_Crystal Palace_Leicester,0.0
2,2016-2017_Everton_Burnley,0.33
2,2016-2017_Southampton_Man City,0.5
2,2016-2017_Stoke_Hull,0.5
2,2016-2017_Sunderland_West Ham,0.0
2,2016-2017_Tottenham_Bournemouth,0.33
2,2016-2017_Watford_Swansea,0.0
2,2016-2017_Man United_Chelsea,0.5
2,2016-2017_West Brom_Liverpool,0.0
2,2016-2017_Middlesbrough_Arsenal,0.5
2,2016-2017_Bournemouth_Middlesbrough,0.5
2,2016-2017_Hull_Watford,0.5
2,2016-2017_Swansea_Stoke,0.0
2,2016-2017_West Ham_Everton,0.0
2,2016-2017_Burnley_Man United,0.5
2,2016-2017_Liverpool_Crystal Palace,0.0
2,2016-2017_Chelsea_Southampton,0.33
2,2016-2017_Arsenal_Leicester,0.5
2,2016-2017_Crystal Palace_Tottenham,0.33
2,2016-2017_Middlesbrough_Sunderland,0.5
2,2016-2017_Man City_Man United,0.0
2,2016-2017_Crystal Palace_Burnley,0.33
2,2016-2017_Southampton_Hull,0.0
2,2016-2017_Stoke_West Ham,0.0
2,2016-2017_Sunderland_Bournemouth,0.5
2,2016-2017_West Brom_Leicester,0.5
2,2016-2017_Everton_Chelsea,0.5
2,2016-2017_Man United_Swansea,0.0
2,2016-2017_Middlesbrough_Man City,0.25
2,2016-2017_Tottenham_Arsenal,0.33
2,2016-2017_Watford_Liverpool,0.5
2,2016-2017_West Ham_Tottenham,0.5
2,2016-2017_Bournemouth_Stoke,0.5
2,2016-2017_Burnley_West Brom,0.33
2,2016-2017_Hull_Sunderland,0.5
2,2016-2017_Leicester_Watford,0.0
2,2016-2017_Man City_Crystal Palace,0.33
2,2016-2017_Swansea_Everton,0.0
2,2016-2017_Arsenal_Man United,0.0
2,2016-2017_Liverpool_Southampton,0.5
2,2016-2017_Chelsea_Middlesbrough,0.0
2,2016-2017_Southampton_Arsenal,0.5
2,2016-2017_Everton_Watford,0.33
2,2016-2017_West Brom_Chelsea,0.5
2,2016-2017_Bournemouth_Burnley,0.33
2,2016-2017_Man City_Leicester,0.33
2,2016-2017_Middlesbrough_Southampton,0.5
2,2016-2017_Stoke_Arsenal,0.33
2,2016-2017_Sunderland_Swansea,0.0
2,2016-2017_Crystal Palace_Hull,0.5
2,2016-2017_Tottenham_Man United,0.0
2,2016-2017_West Ham_Liverpool,0.33
2,2016-2017_Chelsea_Watford,0.25
2,2016-2017_Arsenal_Sunderland,0.33
2,2016-2017_Man City_West Brom,0.5
2,2016-2017_Southampton_Man United,0.0
2,2016-2017_Leicester_Tottenham,0.33
2,2016-2017_Arsenal_Everton,0.25
2,2016-2017_Burnley_West Ham,0.0
2,2016-2017_Chelsea_Sunderland,0.25
2,2016-2017_Hull_Tottenham,0.33
2,2016-2017_Leicester_Bournemouth,0.5
2,2016-2017_Liverpool_Middlesbrough,0.5
2,2016-2017_Man United_Crystal Palace,0.0
2,2016-2017_Southampton_Stoke,0.33
2,2016-2017_Swansea_West Brom,0.33
2,2016-2017_Watford_Man City,0.5
2,2017-2018_Arsenal_Leicester,0.25
2,2017-2018_Brighton_Man City,0.0
2,2017-2018_Chelsea_Burnley,0.25
2,2017-2018_Crystal Palace_Huddersfield,0.5
2,2017-2018_Everton_Stoke,0.0
2,2017-2018_Southampton_Swansea,0.5
2,2017-2018_Watford_Liverpool,0.5
2,2017-2018_West Brom_Bournemouth,0.0
2,2017-2018_Man United_West Ham,0.33
2,2017-2018_Newcastle_Tottenham,0.5
2,2017-2018_Bournemouth_Watford,0.5
2,2017-2018_Burnley_West Brom,0.0
2,2017-2018_Leicester_Brighton,0.0
2,2017-2018_Liverpool_Crystal Palace,0.0
2,2017-2018_Southampton_West Ham,0.5
2,2017-2018_Stoke_Arsenal,0.33
2,2017-2018_Swansea_Man United,0.0
2,2017-2018_Huddersfield_Newcastle,0.5
2,2017-2018_Tottenham_Chelsea,0.2
2,2017-2018_Man City_Everton,0.5
2,2017-2018_Bournemouth_Man City,0.33
2,2017-2018_Crystal Palace_Swansea,0.0
2,2017-2018_Huddersfield_Southampton,0.0
2,2017-2018_Man United_Leicester,0.5
2,2017-2018_Newcastle_West Ham,0.5
2,2017-2018_Watford_Brighton,0.5
2,2017-2018_Chelsea_Everton,0.0
2,2017-2018_Liverpool_Arsenal,0.33
2,2017-2018_Tottenham_Burnley,0.33
2,2017-2018_West Brom_Stoke,0.5
2,2017-2018_Arsenal_Bournemouth,0.33
2,2017-2018_Brighton_West Brom,0.5
2,2017-2018_Everton_Tottenham,0.5
2,2017-2018_Leicester_Chelsea,0.0
2,2017-2018_Man City_Liverpool,0.33
2,2017-2018_Southampton_Watford,0.0
2,2017-2018_Stoke_Man United,0.25
2,2017-2018_Burnley_Crystal Palace,0.25
2,2017-2018_Swansea_Newcastle,0.5
2,2017-2018_West Ham_Huddersfield,0.5
2,2017-2018_Bournemouth_Brighton,0.0
2,2017-2018_Crystal Palace_Southampton,0.5
2,2017-2018_Huddersfield_Leicester,0.0
2,2017-2018_Liverpool_Burnley,0.5
2,2017-2018_Newcastle_Stoke,0.5
2,2017-2018_Tottenham_Swansea,0.5
2,2017-2018_Watford_Man City,0.25
2,2017-2018_West Brom_West Ham,0.5
2,2017-2018_Chelsea_Arsenal,0.5
2,2017-2018_Man United_Everton,0.0
2,2017-2018_Burnley_Huddersfield,0.0
2,2017-2018_Everton_Bournemouth,0.5
2,2017-2018_Leicester_Liverpool,0.25
2,2017-2018_Man City_Crystal Palace,0.33
2,2017-2018_Southampton_Man United,0.0
2,2017-2018_Stoke_Chelsea,0.5
2,2017-2018_Swansea_Watford,0.0
2,2017-2018_West Ham_Tottenham,0.33
2,2017-2018_Brighton_Newcastle,0.0
2,2017-2018_Arsenal_West Brom,0.5
2,2017-2018_Bournemouth_Leicester,0.33
2,2017-2018_Chelsea_Man City,0.0
2,2017-2018_Huddersfield_Tottenham,0.0
2,2017-2018_Man United_Crystal Palace,0.5
2,2017-2018_Stoke_Southampton,0.5
2,2017-2018_West Brom_Watford,0.33
2,2017-2018_West Ham_Swansea,0.5
2,2017-2018_Arsenal_Brighton,0.33
2,2017-2018_Everton_Burnley,0.5
2,2017-2018_Newcastle_Liverpool,0.0
2,2017-2018_Burnley_West Ham,0.33
2,2017-2018_Crystal Palace_Chelsea,0.5
2,2017-2018_Liverpool_Man United,0.0
2,2017-2018_Man City_Stoke,0.33
2,2017-2018_Swansea_Huddersfield,0.5
2,2017-2018_Tottenham_Bournemouth,0.5
2,2017-2018_Watford_Arsenal,0.0
2,2017-2018_Brighton_Everton,0.5
2,2017-2018_Southampton_Newcastle,0.5
2,2017-2018_Leicester_West Brom,0.5
2,2017-2018_West Ham_Brighton,0.0
2,2017-2018_Chelsea_Watford,0.33
2,2017-2018_Huddersfield_Man United,0.33
2,2017-2018_Man City_Burnley,0.5
2,2017-2018_Newcastle_Crystal Palace,0.5
2,2017-2018_Southampton_West Brom,0.0
2,2017-2018_Stoke_Bournemouth,0.0
2,2017-2018_Swansea_Leicester,0.33
2,2017-2018_Everton_Arsenal,0.33
2,2017-2018_Tottenham_Liverpool,0.5
2,2017-2018_Arsenal_Swansea,0.0
2,2017-2018_Bournemouth_Chelsea,0.0
2,2017-2018_Crystal Palace_West Ham,0.5
2,2017-2018_Liverpool_Huddersfield,0.0
2,2017-2018_Man United_Tottenham,0.0
2,2017-2018_Watford_Stoke,0.5
2,2017-2018_West Brom_Man City,0.5
2,2017-2018_Brighton_Southampton,0.0
2,2017-2018_Leicester_Everton,0.5
2,2017-2018_Burnley_Newcastle,0.0
2,2017-2018_Huddersfield_West Brom,0.5
2,2017-2018_Newcastle_Bournemouth,0.33
2,2017-2018_Southampton_Burnley,0.0
2,2017-2018_Stoke_Leicester,0.25
2,2017-2018_Swansea_Brighton,0.0
2,2017-2018_West Ham_Liverpool,0.5
2,2017-2018_Chelsea_Man United,0.5
2,2017-2018_Everton_Watford,0.5
2,2017-2018_Man City_Arsenal,0.33
2,2017-2018_Tottenham_Crystal Palace,0.33
2,2017-2018_Arsenal_Tottenham,0.5
2,2017-2018_Bournemouth_Huddersfield,0.2
2,2017-2018_Burnley_Swansea,0.33
2,2017-2018_Crystal Palace_Everton,0.25
2,2017-2018_Leicester_Man City,0.0
2,2017-2018_Liverpool_Southampton,0.5
2,2017-2018_Man United_Newcastle,0.33
2,2017-2018_West Brom_Chelsea,0.5
2,2017-2018_Watford_West Ham,0.0
2,2017-2018_Brighton_Stoke,0.0
2,2017-2018_West Ham_Leicester,0.0
2,2017-2018_Crystal Palace_Stoke,0.0
2,2017-2018_Liverpool_Chelsea,0.25
2,2017-2018_Man United_Brighton,0.0
2,2017-2018_Newcastle_Watford,0.0
2,2017-2018_Swansea_Bournemouth,0.5
2,2017-2018_Tottenham_West Brom,0.0
2,2017-2018_Burnley_Arsenal,0.0
2,2017-2018_Huddersfield_Man City,0.33
2,2017-2018_Southampton_Everton,0.5
2,2017-2018_Brighton_Crystal Palace,0.0
2,2017-2018_Leicester_Tottenham,0.5
2,2017-2018_Watford_Man United,0.5
2,2017-2018_West Brom_Newcastle,0.0
2,2017-2018_Arsenal_Huddersfield,0.5
2,2017-2018_Bournemouth_Burnley,0.0
2,2017-2018_Chelsea_Swansea,0.33
2,2017-2018_Everton_West Ham,0.0
2,2017-2018_Man City_Southampton,0.33
2,2017-2018_Stoke_Liverpool,0.25
2,2017-2018_Arsenal_Man United,0.25
2,2017-2018_Brighton_Liverpool,0.5
2,2017-2018_Chelsea_Newcastle,0.33
2,2017-2018_Everton_Huddersfield,0.0
2,2017-2018_Leicester_Burnley,0.25
2,2017-2018_Stoke_Swansea,0.0
2,2017-2018_Watford_Tottenham,0.33
2,2017-2018_West Brom_Crystal Palace,0.5
2,2017-2018_Bournemouth_Southampton,0.5
2,2017-2018_Man City_West Ham,0.5
2,2017-2018_Burnley_Watford,0.0
2,2017-2018_Crystal Palace_Bournemouth,0.25
2,2017-2018_Huddersfield_Brighton,0.0
2,2017-2018_Newcastle_Leicester,0.5
2,2017-2018_Swansea_West Brom,0.5
2,2017-2018_Tottenham_Stoke,0.25
2,2017-2018_West Ham_Chelsea,0.5
2,2017-2018_Liverpool_Everton,0.5
2,2017-2018_Man United_Man City,0.5
2,2017-2018_Southampton_Arsenal,0.0
2,2017-2018_Burnley_Stoke,0.0
2,2017-2018_Crystal Palace_Watford,0.5
2,2017-2018_Huddersfield_Chelsea,0.0
2,2017-2018_Liverpool_West Brom,0.0
2,2017-2018_Man United_Bournemouth,0.0
2,2017-2018_Newcastle_Everton,0.5
2,2017-2018_Southampton_Leicester,0.25
2,2017-2018_Swansea_Man City,0.5
2,2017-2018_Tottenham_Brighton,0.33
2,2017-2018_West Ham_Arsenal,0.0
2,2017-2018_Arsenal_Newcastle,0.5
2,2017-2018_Brighton_Burnley,0.5
2,2017-2018_Chelsea_Southampton,0.5
2,2017-2018_Leicester_Crystal Palace,0.5
2,2017-2018_Man City_Tottenham,0.33
2,2017-2018_Stoke_West Ham,0.5
2,2017-2018_Watford_Huddersfield,0.25
2,2017-2018_Bournemouth_Liverpool,0.5
2,2017-2018_West Brom_Man United,0.0
2,2017-2018_Everton_Swansea,0.5
2,2017-2018_Arsenal_Liverpool,0.25
2,2017-2018_Brighton_Watford,0.0
2,2017-2018_Burnley_Tottenham,0.5
2,2017-2018_Everton_Chelsea,0.0
2,2017-2018_Leicester_Man United,0.25
2,2017-2018_Man City_Bournemouth,0.0
2,2017-2018_Southampton_Huddersfield,0.5
2,2017-2018_Stoke_West Brom,0.33
2,2017-2018_Swansea_Crystal Palace,0.5
2,2017-2018_West Ham_Newcastle,0.5
2,2017-2018_Bournemouth_West Ham,0.25
2,2017-2018_Chelsea_Brighton,0.33
2,2017-2018_Huddersfield_Stoke,0.33
2,2017-2018_Liverpool_Swansea,0.5
2,2017-2018_Man United_Burnley,0.2
2,2017-2018_Tottenham_Southampton,0.25
2,2017-2018_Watford_Leicester,0.25
2,2017-2018_West Brom_Everton,0.0
2,2017-2018_Newcastle_Man City,0.33
2,2017-2018_Crystal Palace_Arsenal,0.33
2,2017-2018_Bournemouth_Everton,0.0
2,2017-2018_Chelsea_Stoke,0.5
2,2017-2018_Huddersfield_Burnley,0.0
2,2017-2018_Liverpool_Leicester,0.5
2,2017-2018_Man United_Southampton,0.33
2,2017-2018_Newcastle_Brighton,0.5
2,2017-2018_Watford_Swansea,0.5
2,2017-2018_Crystal Palace_Man City,0.25
2,2017-2018_West Brom_Arsenal,0.33
2,2017-2018_Brighton_Bournemouth,0.5
2,2017-2018_Burnley_Liverpool,0.33
2,2017-2018_Everton_Man United,0.33
2,2017-2018_Leicester_Huddersfield,0.0
2,2017-2018_Stoke_Newcastle,0.5
2,2017-2018_Man City_Watford,0.5
2,2017-2018_Southampton_Crystal Palace,0.0
2,2017-2018_Swansea_Tottenham,0.0
2,2017-2018_West Ham_West Brom,0.5
2,2017-2018_Arsenal_Chelsea,0.33
2,2017-2018_Tottenham_West Ham,0.33
2,2017-2018_Chelsea_Leicester,0.33
2,2017-2018_Crystal Palace_Burnley,0.0
2,2017-2018_Huddersfield_West Ham,0.0
2,2017-2018_Newcastle_Swansea,0.5
2,2017-2018_Tottenham_Everton,0.5
2,2017-2018_Watford_Southampton,0.5
2,2017-2018_West Brom_Brighton,0.33
2,2017-2018_Bournemouth_Arsenal,0.0
2,2017-2018_Liverpool_Man City,0.5
2,2017-2018_Man United_Stoke,0.5
2,2017-2018_Arsenal_Crystal Palace,0.25
2,2017-2018_Brighton_Chelsea,0.5
2,2017-2018_Burnley_Man United,0.5
2,2017-2018_Everton_West Brom,0.0
2,2017-2018_Leicester_Watford,0.0
2,2017-2018_Man City_Newcastle,0.25
2,2017-2018_Stoke_Huddersfield,0.0
2,2017-2018_West Ham_Bournemouth,0.5
2,2017-2018_Southampton_Tottenham,0.0
2,2017-2018_Swansea_Liverpool,0.0
2,2017-2018_Huddersfield_Liverpool,0.0
2,2017-2018_Swansea_Arsenal,0.5
2,2017-2018_West Ham_Crystal Palace,0.5
2,2017-2018_Chelsea_Bournemouth,0.33
2,2017-2018_Everton_Leicester,0.0
2,2017-2018_Man City_West Brom,0.0
2,2017-2018_Newcastle_Burnley,0.0
2,2017-2018_Southampton_Brighton,0.0
2,2017-2018_Stoke_Watford,0.5
2,2017-2018_Tottenham_Man United,0.0
2,2017-2018_Arsenal_Everton,0.33
2,2017-2018_Bournemouth_Stoke,0.5
2,2017-2018_Brighton_West Ham,0.5
2,2017-2018_Burnley_Man City,0.33
2,2017-2018_Leicester_Swansea,0.0
2,2017-2018_Man United_Huddersfield,0.5
2,2017-2018_West Brom_Southampton,0.33
2,2017-2018_Crystal Palace_Newcastle,0.33
2,2017-2018_Liverpool_Tottenham,0.5
2,2017-2018_Watford_Chelsea,0.33
2,2017-2018_Everton_Crystal Palace,0.25
2,2017-2018_Man City_Leicester,0.5
2,2017-2018_Stoke_Brighton,0.33
2,2017-2018_Swansea_Burnley,0.0
2,2017-2018_Tottenham_Arsenal,0.5
2,2017-2018_West Ham_Watford,0.0
2,2017-2018_Huddersfield_Bournemouth,0.5
2,2017-2018_Newcastle_Man United,0.0
2,2017-2018_Southampton_Liverpool,0.0
2,2017-2018_Chelsea_West Brom,0.33
2,2017-2018_Bournemouth_Newcastle,0.33
2,2017-2018_Brighton_Swansea,0.5
2,2017-2018_Burnley_Southampton,0.0
2,2017-2018_Leicester_Stoke,0.5
2,2017-2018_Liverpool_West Ham,0.5
2,2017-2018_Watford_Everton,0.0
2,2017-2018_West Brom_Huddersfield,0.0
2,2017-2018_Crystal Palace_Tottenham,0.0
2,2017-2018_Man United_Chelsea,0.5
2,2017-2018_Arsenal_Man City,0.0
2,2017-2018_Burnley_Everton,0.5
2,2017-2018_Leicester_Bournemouth,0.5
2,2017-2018_Liverpool_Newcastle,0.0
2,2017-2018_Southampton_Stoke,0.25
2,2017-2018_Swansea_West Ham,0.5
2,2017-2018_Tottenham_Huddersfield,0.0
2,2017-2018_Watford_West Brom,0.0
2,2017-2018_Brighton_Arsenal,0.2
2,2017-2018_Man City_Chelsea,0.5
2,2017-2018_Crystal Palace_Man United,0.5
2,2017-2018_Chelsea_Crystal Palace,0.5
2,2017-2018_Everton_Brighton,0.0
2,2017-2018_Huddersfield_Swansea,0.33
2,2017-2018_Man United_Liverpool,0.0
2,2017-2018_Newcastle_Southampton,0.0
2,2017-2018_West Brom_Leicester,0.33
2,2017-2018_West Ham_Burnley,0.0
2,2017-2018_Arsenal_Watford,0.0
2,2017-2018_Bournemouth_Tottenham,0.5
2,2017-2018_Stoke_Man City,0.0
2,2017-2018_Bournemouth_West Brom,0.5
2,2017-2018_Huddersfield_Crystal Palace,0.5
2,2017-2018_Liverpool_Watford,0.0
2,2017-2018_Stoke_Everton,0.0
2,2017-2018_Brighton_Leicester,0.5
2,2017-2018_Crystal Palace_Liverpool,0.5
2,2017-2018_Everton_Man City,0.25
2,2017-2018_Man United_Swansea,0.0
2,2017-2018_Newcastle_Huddersfield,0.5
2,2017-2018_Watford_Bournemouth,0.33
2,2017-2018_West Brom_Burnley,0.0
2,2017-2018_West Ham_Southampton,0.0
2,2017-2018_Arsenal_Stoke,0.5
2,2017-2018_Chelsea_Tottenham,0.5
2,2017-2018_Bournemouth_Crystal Palace,0.33
2,2017-2018_Brighton_Huddersfield,0.0
2,2017-2018_Everton_Liverpool,0.0
2,2017-2018_Leicester_Newcastle,0.0
2,2017-2018_Man City_Man United,0.33
2,2017-2018_Stoke_Tottenham,0.5
2,2017-2018_Watford_Burnley,0.0
2,2017-2018_West Brom_Swansea,0.0
2,2017-2018_Arsenal_Southampton,0.25
2,2017-2018_Chelsea_West Ham,0.25
2,2017-2018_Burnley_Leicester,0.5
2,2017-2018_Crystal Palace_Brighton,0.5
2,2017-2018_Huddersfield_Watford,0.0
2,2017-2018_Liverpool_Bournemouth,0.5
2,2017-2018_Southampton_Chelsea,0.33
2,2017-2018_Swansea_Everton,0.0
2,2017-2018_Tottenham_Man City,0.33
2,2017-2018_Man United_West Brom,0.0
2,2017-2018_Newcastle_Arsenal,0.0
2,2017-2018_West Ham_Stoke,0.5
2,2017-2018_Brighton_Tottenham,0.0
2,2017-2018_Bournemouth_Man United,0.5
2,2017-2018_Burnley_Chelsea,0.0
2,2017-2018_Leicester_Southampton,0.0
2,2017-2018_Watford_Crystal Palace,0.5
2,2017-2018_West Brom_Liverpool,0.0
2,2017-2018_Arsenal_West Ham,0.33
2,2017-2018_Man City_Swansea,0.5
2,2017-2018_Stoke_Burnley,0.0
2,2017-2018_Everton_Newcastle,0.0
2,2017-2018_Burnley_Brighton,0.0
2,2017-2018_Crystal Palace_Leicester,0.5
2,2017-2018_Huddersfield_Everton,0.0
2,2017-2018_Liverpool_Stoke,0.0
2,2017-2018_Newcastle_West Brom,0.0
2,2017-2018_Southampton_Bournemouth,0.25
2,2017-2018_Swansea_Chelsea,0.0
2,2017-2018_Man United_Arsenal,0.0
2,2017-2018_West Ham_Man City,0.5
2,2017-2018_Tottenham_Watford,0.0
2,2017-2018_Brighton_Man United,0.0
2,2017-2018_Bournemouth_Swansea,0.5
2,2017-2018_Everton_Southampton,0.5
2,2017-2018_Leicester_West Ham,0.0
2,2017-2018_Stoke_Crystal Palace,0.5
2,2017-2018_Watford_Newcastle,0.0
2,2017-2018_West Brom_Tottenham,0.5
2,2017-2018_Arsenal_Burnley,0.5
2,2017-2018_Chelsea_Liverpool,0.5
2,2017-2018_Man City_Huddersfield,0.0
2,2017-2018_Swansea_Southampton,0.5
2,2017-2018_Chelsea_Huddersfield,0.0
2,2017-2018_Leicester_Arsenal,0.25
2,2017-2018_Man City_Brighton,0.5
2,2017-2018_Tottenham_Newcastle,0.0
2,2017-2018_West Ham_Man United,0.0
2,2017-2018_Burnley_Bournemouth,0.33
2,2017-2018_Crystal Palace_West Brom,0.0
2,2017-2018_Huddersfield_Arsenal,0.0
2,2017-2018_Liverpool_Brighton,0.5
2,2017-2018_Man United_Watford,0.0
2,2017-2018_Newcastle_Chelsea,0.0
2,2017-2018_Southampton_Man City,0.0
2,2017-2018_Swansea_Stoke,0.5
2,2017-2018_Tottenham_Leicester,0.5
2,2017-2018_West Ham_Everton,0.33
2,2018-2019_Man United_Leicester,0.0
2,2018-2019_Bournemouth_Cardiff,0.0
2,2018-2019_Fulham_Crystal Palace,0.0
2,2018-2019_Huddersfield_Chelsea,0.5
2,2018-2019_Newcastle_Tottenham,0.5
2,2018-2019_Watford_Brighton,0.5
2,2018-2019_Wolves_Everton,0.0
2,2018-2019_Arsenal_Man City,0.0
2,2018-2019_Liverpool_West Ham,0.5
2,2018-2019_Southampton_Burnley,0.33
2,2018-2019_Cardiff_Newcastle,0.5
2,2018-2019_Chelsea_Arsenal,0.33
2,2018-2019_Everton_Southampton,0.5
2,2018-2019_Leicester_Wolves,0.0
2,2018-2019_Tottenham_Fulham,0.33
2,2018-2019_West Ham_Bournemouth,0.5
2,2018-2019_Brighton_Man United,0.0
2,2018-2019_Burnley_Watford,0.5
2,2018-2019_Man City_Huddersfield,0.25
2,2018-2019_Crystal Palace_Liverpool,0.5
2,2018-2019_Arsenal_West Ham,0.33
2,2018-2019_Bournemouth_Everton,0.33
2,2018-2019_Huddersfield_Cardiff,0.0
2,2018-2019_Liverpool_Brighton,0.33
2,2018-2019_Southampton_Leicester,0.0
2,2018-2019_Wolves_Man City,0.5
2,2018-2019_Fulham_Burnley,0.33
2,2018-2019_Newcastle_Chelsea,0.5
2,2018-2019_Watford_Crystal Palace,0.5
2,2018-2019_Man United_Tottenham,0.33
2,2018-2019_Brighton_Fulham,0.33
2,2018-2019_Chelsea_Bournemouth,0.5
2,2018-2019_Crystal Palace_Southampton,0.33
2,2018-2019_Everton_Huddersfield,0.5
2,2018-2019_Leicester_Liverpool,0.5
2,2018-2019_Man City_Newcastle,0.5
2,2018-2019_West Ham_Wolves,0.0
2,2018-2019_Burnley_Man United,0.33
2,2018-2019_Cardiff_Arsenal,0.25
2,2018-2019_Watford_Tottenham,0.0
2,2018-2019_Bournemouth_Leicester,0.33
2,2018-2019_Chelsea_Cardiff,0.5
2,2018-2019_Huddersfield_Crystal Palace,0.5
2,2018-2019_Man City_Fulham,0.33
2,2018-2019_Newcastle_Arsenal,0.0
2,2018-2019_Tottenham_Liverpool,0.5
2,2018-2019_Watford_Man United,0.33
2,2018-2019_Everton_West Ham,0.33
2,2018-2019_Wolves_Burnley,0.33
2,2018-2019_Southampton_Brighton,0.5
2,2018-2019_Brighton_Tottenham,0.5
2,2018-2019_Burnley_Bournemouth,0.33
2,2018-2019_Cardiff_Man City,0.5
2,2018-2019_Crystal Palace_Newcastle,0.0
2,2018-2019_Fulham_Watford,0.5
2,2018-2019_Leicester_Huddersfield,0.5
2,2018-2019_Liverpool_Southampton,0.0
2,2018-2019_Man United_Wolves,0.0
2,2018-2019_Arsenal_Everton,0.0
2,2018-2019_West Ham_Chelsea,0.0
2,2018-2019_Arsenal_Watford,0.0
2,2018-2019_Chelsea_Liverpool,0.0
2,2018-2019_Everton_Fulham,0.5
2,2018-2019_Huddersfield_Tottenham,0.0
2,2018-2019_Man City_Brighton,0.5
2,2018-2019_Newcastle_Leicester,0.0
2,2018-2019_West Ham_Man United,0.0
2,2018-2019_Wolves_Southampton,0.5
2,2018-2019_Cardiff_Burnley,0.0
2,2018-2019_Bournemouth_Crystal Palace,0.5
2,2018-2019_Brighton_West Ham,0.5
2,2018-2019_Burnley_Huddersfield,0.5
2,2018-2019_Crystal Palace_Wolves,0.5
2,2018-2019_Leicester_Everton,0.5
2,2018-2019_Man United_Newcastle,0.33
2,2018-2019_Tottenham_Cardiff,0.0
2,2018-2019_Watford_Bournemouth,0.2
2,2018-2019_Fulham_Arsenal,0.33
2,2018-2019_Liverpool_Man City,0.0
2,2018-2019_Southampton_Chelsea,0.25
2,2018-2019_Bournemouth_Southampton,0.0
2,2018-2019_Cardiff_Fulham,0.33
2,2018-2019_Chelsea_Man United,0.33
2,2018-2019_Huddersfield_Liverpool,0.0
2,2018-2019_Man City_Burnley,0.33
2,2018-2019_Newcastle_Brighton,0.33
2,2018-2019_West Ham_Tottenham,0.5
2,2018-2019_Wolves_Watford,0.0
2,2018-2019_Everton_Crystal Palace,0.33
2,2018-2019_Arsenal_Leicester,0.5
2,2018-2019_Brighton_Wolves,0.0
2,2018-2019_Fulham_Bournemouth,0.5
2,2018-2019_Leicester_West Ham,0.5
2,2018-2019_Liverpool_Cardiff,0.5
2,2018-2019_Southampton_Newcastle,0.0
2,2018-2019_Watford_Huddersfield,0.5
2,2018-2019_Burnley_Chelsea,0.33
2,2018-2019_Crystal Palace_Arsenal,0.0
2,2018-2019_Man United_Everton,0.5
2,2018-2019_Tottenham_Man City,0.0
2,2018-2019_Arsenal_Liverpool,0.5
2,2018-2019_Bournemouth_Man United,0.25
2,2018-2019_Cardiff_Leicester,0.5
2,2018-2019_Everton_Brighton,0.0
2,2018-2019_Newcastle_Watford,0.33
2,2018-2019_West Ham_Burnley,0.33
2,2018-2019_Wolves_Tottenham,0.5
2,2018-2019_Chelsea_Crystal Palace,0.0
2,2018-2019_Man City_Southampton,0.33
2,2018-2019_Huddersfield_Fulham,0.0
2,2018-2019_Cardiff_Brighton,0.5
2,2018-2019_Crystal Palace_Tottenham,0.33
2,2018-2019_Huddersfield_West Ham,0.0
2,2018-2019_Leicester_Burnley,0.33
2,2018-2019_Newcastle_Bournemouth,0.5
2,2018-2019_Southampton_Watford,0.5
2,2018-2019_Arsenal_Wolves,0.0
2,2018-2019_Chelsea_Everton,0.5
2,2018-2019_Liverpool_Fulham,0.0
2,2018-2019_Man City_Man United,0.0
2,2018-2019_Brighton_Leicester,0.5
2,2018-2019_Everton_Cardiff,0.0
2,2018-2019_Fulham_Southampton,0.5
2,2018-2019_Man United_Crystal Palace,0.5
2,2018-2019_Tottenham_Chelsea,0.5
2,2018-2019_Watford_Liverpool,0.0
2,2018-2019_West Ham_Man City,0.0
2,2018-2019_Bournemouth_Arsenal,0.5
2,2018-2019_Wolves_Huddersfield,0.0
2,2018-2019_Burnley_Newcastle,0.33
2,2018-2019_Cardiff_Wolves,0.5
2,2018-2019_Crystal Palace_Burnley,0.33
2,2018-2019_Huddersfield_Brighton,0.5
2,2018-2019_Leicester_Watford,0.0
2,2018-2019_Man City_Bournemouth,0.0
2,2018-2019_Newcastle_West Ham,0.5
2,2018-2019_Southampton_Man United,0.33
2,2018-2019_Arsenal_Tottenham,0.25
2,2018-2019_Chelsea_Fulham,0.0
2,2018-2019_Liverpool_Everton,0.0
2,2018-2019_Bournemouth_Huddersfield,0.25
2,2018-2019_Brighton_Crystal Palace,0.33
2,2018-2019_Watford_Man City,0.33
2,2018-2019_West Ham_Cardiff,0.33
2,2018-2019_Burnley_Liverpool,0.33
2,2018-2019_Everton_Newcastle,0.33
2,2018-2019_Fulham_Leicester,0.33
2,2018-2019_Man United_Arsenal,0.5
2,2018-2019_Tottenham_Southampton,0.33
2,2018-2019_Wolves_Chelsea,0.5
2,2018-2019_Arsenal_Huddersfield,0.5
2,2018-2019_Bournemouth_Liverpool,0.0
2,2018-2019_Burnley_Brighton,0.0
2,2018-2019_Cardiff_Southampton,0.5
2,2018-2019_Chelsea_Man City,0.0
2,2018-2019_Leicester_Tottenham,0.0
2,2018-2019_Man United_Fulham,0.33
2,2018-2019_West Ham_Crystal Palace,0.5
2,2018-2019_Newcastle_Wolves,0.5
2,2018-2019_Everton_Watford,0.33
2,2018-2019_Crystal Palace_Leicester,0.5
2,2018-2019_Fulham_West Ham,0.5
2,2018-2019_Huddersfield_Newcastle,0.0
2,2018-2019_Man City_Everton,0.0
2,2018-2019_Tottenham_Burnley,0.0
2,2018-2019_Watford_Cardiff,0.5
2,2018-2019_Wolves_Bournemouth,0.0
2,2018-2019_Brighton_Chelsea,0.0
2,2018-2019_Liverpool_Man United,0.33
2,2018-2019_Southampton_Arsenal,0.5
2,2018-2019_Wolves_Liverpool,0.0
2,2018-2019_Arsenal_Burnley,0.5
2,2018-2019_Bournemouth_Brighton,0.0
2,2018-2019_Cardiff_Man United,0.5
2,2018-2019_Chelsea_Leicester,0.33
2,2018-2019_Huddersfield_Southampton,0.33
2,2018-2019_Man City_Crystal Palace,0.25
2,2018-2019_Newcastle_Fulham,0.0
2,2018-2019_West Ham_Watford,0.5
2,2018-2019_Everton_Tottenham,0.33
2,2018-2019_Brighton_Arsenal,0.0
2,2018-2019_Burnley_Everton,0.33
2,2018-2019_Crystal Palace_Cardiff,0.5
2,2018-2019_Fulham_Wolves,0.5
2,2018-2019_Leicester_Man City,0.5
2,2018-2019_Liverpool_Newcastle,0.0
2,2018-2019_Man United_Huddersfield,0.5
2,2018-2019_Tottenham_Bournemouth,0.5
2,2018-2019_Watford_Chelsea,0.0
2,2018-2019_Southampton_West Ham,0.5
2,2018-2019_Brighton_Everton,0.0
2,2018-2019_Fulham_Huddersfield,0.5
2,2018-2019_Leicester_Cardiff,0.33
2,2018-2019_Liverpool_Arsenal,0.5
2,2018-2019_Tottenham_Wolves,0.5
2,2018-2019_Watford_Newcastle,0.5
2,2018-2019_Burnley_West Ham,0.0
2,2018-2019_Crystal Palace_Chelsea,0.0
2,2018-2019_Man United_Bournemouth,0.5
2,2018-2019_Southampton_Man City,0.33
2,2018-2019_Arsenal_Fulham,0.5
2,2018-2019_Cardiff_Tottenham,0.0
2,2018-2019_Everton_Leicester,0.0
2,2018-2019_Bournemouth_Watford,0.33
2,2018-2019_Chelsea_Southampton,0.0
2,2018-2019_Huddersfield_Burnley,0.5
2,2018-2019_Newcastle_Man United,0.0
2,2018-2019_West Ham_Brighton,0.5
2,2018-2019_Wolves_Crystal Palace,0.5
2,2018-2019_Man City_Liverpool,0.5
2,2018-2019_Brighton_Liverpool,0.0
2,2018-2019_Burnley_Fulham,0.0
2,2018-2019_Cardiff_Huddersfield,0.0
2,2018-2019_Chelsea_Newcastle,0.0
2,2018-2019_Crystal Palace_Watford,0.33
2,2018-2019_Leicester_Southampton,0.33
2,2018-2019_West Ham_Arsenal,0.0
2,2018-2019_Everton_Bournemouth,0.5
2,2018-2019_Tottenham_Man United,0.5
2,2018-2019_Man City_Wolves,0.5
2,2018-2019_Arsenal_Chelsea,0.0
2,2018-2019_Bournemouth_West Ham,0.0
2,2018-2019_Liverpool_Crystal Palace,0.33
2,2018-2019_Man United_Brighton,0.5
2,2018-2019_Newcastle_Cardiff,0.33
2,2018-2019_Southampton_Everton,0.0
2,2018-2019_Watford_Burnley,0.0
2,2018-2019_Wolves_Leicester,0.25
2,2018-2019_Fulham_Tottenham,0.33
2,2018-2019_Huddersfield_Man City,0.5
2,2018-2019_Arsenal_Cardiff,0.25
2,2018-2019_Fulham_Brighton,0.33
2,2018-2019_Huddersfield_Everton,0.5
2,2018-2019_Man United_Burnley,0.33
2,2018-2019_Newcastle_Man City,0.5
2,2018-2019_Wolves_West Ham,0.5
2,2018-2019_Bournemouth_Chelsea,0.0
2,2018-2019_Liverpool_Leicester,0.0
2,2018-2019_Southampton_Crystal Palace,0.33
2,2018-2019_Tottenham_Watford,0.5
2,2018-2019_Brighton_Watford,0.0
2,2018-2019_Burnley_Southampton,0.0
2,2018-2019_Cardiff_Bournemouth,0.0
2,2018-2019_Chelsea_Huddersfield,0.33
2,2018-2019_Crystal Palace_Fulham,0.5
2,2018-2019_Everton_Wolves,0.5
2,2018-2019_Tottenham_Newcastle,0.0
2,2018-2019_Leicester_Man United,0.33
2,2018-2019_Man City_Arsenal,0.0
2,2018-2019_West Ham_Liverpool,0.0
2,2018-2019_Everton_Man City,0.0
2,2018-2019_Brighton_Burnley,0.5
2,2018-2019_Crystal Palace_West Ham,0.5
2,2018-2019_Fulham_Man United,0.5
2,2018-2019_Huddersfield_Arsenal,0.5
2,2018-2019_Liverpool_Bournemouth,0.5
2,2018-2019_Southampton_Cardiff,0.5
2,2018-2019_Watford_Everton,0.0
2,2018-2019_Man City_Chelsea,0.5
2,2018-2019_Tottenham_Leicester,0.33
2,2018-2019_Wolves_Newcastle,0.5
2,2018-2019_Cardiff_Watford,0.5
2,2018-2019_West Ham_Fulham,0.33
2,2018-2019_Bournemouth_Wolves,0.25
2,2018-2019_Burnley_Tottenham,0.5
2,2018-2019_Leicester_Crystal Palace,0.33
2,2018-2019_Newcastle_Huddersfield,0.5
2,2018-2019_Arsenal_Southampton,0.0
2,2018-2019_Man United_Liverpool,0.0
2,2018-2019_Cardiff_Everton,0.0
2,2018-2019_Huddersfield_Wolves,0.5
2,2018-2019_Leicester_Brighton,0.33
2,2018-2019_Newcastle_Burnley,0.0
2,2018-2019_Arsenal_Bournemouth,0.33
2,2018-2019_Chelsea_Tottenham,0.0
2,2018-2019_Crystal Palace_Man United,0.33
2,2018-2019_Liverpool_Watford,0.5
2,2018-2019_Man City_West Ham,0.0
2,2018-2019_Southampton_Fulham,0.33
2,2018-2019_Bournemouth_Man City,0.5
2,2018-2019_Brighton_Huddersfield,0.0
2,2018-2019_Burnley_Crystal Palace,0.5
2,2018-2019_Man United_Southampton,0.25
2,2018-2019_Tottenham_Arsenal,0.5
2,2018-2019_West Ham_Newcastle,0.33
2,2018-2019_Wolves_Cardiff,0.5
2,2018-2019_Everton_Liverpool,0.0
2,2018-2019_Fulham_Chelsea,0.5
2,2018-2019_Watford_Leicester,0.5
2,2018-2019_Cardiff_West Ham,0.0
2,2018-2019_Crystal Palace_Brighton,0.5
2,2018-2019_Huddersfield_Bournemouth,0.0
2,2018-2019_Leicester_Fulham,0.5
2,2018-2019_Man City_Watford,0.0
2,2018-2019_Newcastle_Everton,0.5
2,2018-2019_Southampton_Tottenham,0.25
2,2018-2019_Arsenal_Man United,0.0
2,2018-2019_Chelsea_Wolves,0.5
2,2018-2019_Liverpool_Burnley,0.33
2,2018-2019_Bournemouth_Newcastle,0.5
2,2018-2019_Burnley_Leicester,0.0
2,2018-2019_West Ham_Huddersfield,0.25
2,2018-2019_Everton_Chelsea,0.0
2,2018-2019_Fulham_Liverpool,0.5
2,2018-2019_Brighton_Southampton,0.5
2,2018-2019_Burnley_Wolves,0.0
2,2018-2019_Crystal Palace_Huddersfield,0.33
2,2018-2019_Fulham_Man City,0.33
2,2018-2019_Leicester_Bournemouth,0.0
2,2018-2019_Man United_Watford,0.5
2,2018-2019_West Ham_Everton,0.0
2,2018-2019_Cardiff_Chelsea,0.5
2,2018-2019_Liverpool_Tottenham,0.5
2,2018-2019_Arsenal_Newcastle,0.0
2,2018-2019_Watford_Fulham,0.33
2,2018-2019_Wolves_Man United,0.5
2,2018-2019_Chelsea_Brighton,0.0
2,2018-2019_Man City_Cardiff,0.5
2,2018-2019_Tottenham_Crystal Palace,0.33
2,2018-2019_Southampton_Liverpool,0.25
2,2018-2019_Bournemouth_Burnley,0.5
2,2018-2019_Huddersfield_Leicester,0.33
2,2018-2019_Newcastle_Crystal Palace,0.0
2,2018-2019_Everton_Arsenal,0.5
2,2018-2019_Chelsea_West Ham,0.5
2,2018-2019_Leicester_Newcastle,0.5
2,2018-2019_Brighton_Bournemouth,0.33
2,2018-2019_Burnley_Cardiff,0.5
2,2018-2019_Fulham_Everton,0.5
2,2018-2019_Man United_West Ham,0.33
2,2018-2019_Southampton_Wolves,0.33
2,2018-2019_Tottenham_Huddersfield,0.5
2,2018-2019_Crystal Palace_Man City,0.5
2,2018-2019_Liverpool_Chelsea,0.0
2,2018-2019_Watford_Arsenal,0.5
2,2018-2019_Brighton_Cardiff,0.0
2,2018-2019_Bournemouth_Fulham,0.5
2,2018-2019_Huddersfield_Watford,0.5
2,2018-2019_Man City_Tottenham,0.5
2,2018-2019_Newcastle_Southampton,0.33
2,2018-2019_West Ham_Leicester,0.0
2,2018-2019_Wolves_Brighton,0.25
2,2018-2019_Arsenal_Crystal Palace,0.33
2,2018-2019_Cardiff_Liverpool,0.33
2,2018-2019_Everton_Man United,0.0
2,2018-2019_Chelsea_Burnley,0.5
2,2018-2019_Tottenham_Brighton,0.5
2,2018-2019_Watford_Southampton,0.5
2,2018-2019_Man United_Man City,0.5
2,2018-2019_Wolves_Arsenal,0.5
2,2018-2019_Liverpool_Huddersfield,0.5
2,2018-2019_Brighton_Newcastle,0.0
2,2018-2019_Crystal Palace_Everton,0.33
2,2018-2019_Fulham_Cardiff,0.0
2,2018-2019_Southampton_Bournemouth,0.33
2,2018-2019_Tottenham_West Ham,0.0
2,2018-2019_Watford_Wolves,0.5
2,2018-2019_Burnley_Man City,0.0
2,2018-2019_Leicester_Arsenal,0.25
2,2018-2019_Man United_Chelsea,0.0
2,2018-2019_Everton_Burnley,0.0
2,2018-2019_Bournemouth_Tottenham,0.25
2,2018-2019_Cardiff_Crystal Palace,0.33
2,2018-2019_Newcastle_Liverpool,0.5
2,2018-2019_West Ham_Southampton,0.5
2,2018-2019_Wolves_Fulham,0.5
2,2018-2019_Arsenal_Brighton,0.2
2,2018-2019_Chelsea_Watford,0.33
2,2018-2019_Huddersfield_Man United,0.33
2,2018-2019_Man City_Leicester,0.0
2,2018-2019_Brighton_Man City,0.5
2,2018-2019_Burnley_Arsenal,0.25
2,2018-2019_Crystal Palace_Bournemouth,0.33
2,2018-2019_Fulham_Newcastle,0.33
2,2018-2019_Leicester_Chelsea,0.0
2,2018-2019_Liverpool_Wolves,0.0
2,2018-2019_Man United_Cardiff,0.33
2,2018-2019_Southampton_Huddersfield,0.0
2,2018-2019_Tottenham_Everton,0.33
2,2018-2019_Watford_West Ham,0.33
2,2019-2020_Liverpool_Norwich,0.33
2,2019-2020_West Ham_Man City,0.5
2,2019-2020_Bournemouth_Sheffield United,0.0
2,2019-2020_Burnley_Southampton,0.0
2,2019-2020_Crystal Palace_Everton,0.0
2,2019-2020_Watford_Brighton,0.0
2,2019-2020_Tottenham_Aston Villa,0.33
2,2019-2020_Leicester_Wolves,0.33
2,2019-2020_Newcastle_Arsenal,0.0
2,2019-2020_Man United_Chelsea,0.33
2,2019-2020_Arsenal_Burnley,0.5
2,2019-2020_Aston Villa_Bournemouth,0.33
2,2019-2020_Brighton_West Ham,0.33
2,2019-2020_Everton_Watford,0.0
2,2019-2020_Norwich_Newcastle,0.5
2,2019-2020_Southampton_Liverpool,0.5
2,2019-2020_Man City_Tottenham,0.33
2,2019-2020_Sheffield United_Crystal Palace,0.0
2,2019-2020_Chelsea_Leicester,0.0
2,2019-2020_Wolves_Man United,0.0
2,2019-2020_Aston Villa_Everton,0.0
2,2019-2020_Norwich_Chelsea,0.5
2,2019-2020_Brighton_Southampton,0.33
2,2019-2020_Man United_Crystal Palace,0.33
2,2019-2020_Sheffield United_Leicester,0.0
2,2019-2020_Watford_West Ham,0.33
2,2019-2020_Liverpool_Arsenal,0.33
2,2019-2020_Bournemouth_Man City,0.5
2,2019-2020_Tottenham_Newcastle,0.5
2,2019-2020_Wolves_Burnley,0.0
2,2019-2020_Southampton_Man United,0.0
2,2019-2020_Chelsea_Sheffield United,0.0
2,2019-2020_Crystal Palace_Aston Villa,0.25
2,2019-2020_Leicester_Bournemouth,0.5
2,2019-2020_Man City_Brighton,0.0
2,2019-2020_Newcastle_Watford,0.5
2,2019-2020_West Ham_Norwich,0.0
2,2019-2020_Burnley_Liverpool,0.0
2,2019-2020_Everton_Wolves,0.2
2,2019-2020_Arsenal_Tottenham,0.25
2,2019-2020_Liverpool_Newcastle,0.33
2,2019-2020_Brighton_Burnley,0.0
2,2019-2020_Man United_Leicester,0.0
2,2019-2020_Sheffield United_Southampton,0.33
2,2019-2020_Tottenham_Crystal Palace,0.33
2,2019-2020_Wolves_Chelsea,0.33
2,2019-2020_Norwich_Man City,0.25
2,2019-2020_Bournemouth_Everton,0.33
2,2019-2020_Watford_Arsenal,0.25
2,2019-2020_Aston Villa_West Ham,0.5
2,2019-2020_Southampton_Bournemouth,0.33
2,2019-2020_Leicester_Tottenham,0.5
2,2019-2020_Burnley_Norwich,0.0
2,2019-2020_Everton_Sheffield United,0.0
2,2019-2020_Man City_Watford,0.33
2,2019-2020_Newcastle_Brighton,0.0
2,2019-2020_Crystal Palace_Wolves,0.5
2,2019-2020_West Ham_Man United,0.0
2,2019-2020_Arsenal_Aston Villa,0.25
2,2019-2020_Chelsea_Liverpool,0.33
2,2019-2020_Sheffield United_Liverpool,0.33
2,2019-2020_Aston Villa_Burnley,0.5
2,2019-2020_Bournemouth_West Ham,0.33
2,2019-2020_Chelsea_Brighton,0.0
2,2019-2020_Crystal Palace_Norwich,0.0
2,2019-2020_Tottenham_Southampton,0.0
2,2019-2020_Wolves_Watford,0.0
2,2019-2020_Everton_Man City,0.5
2,2019-2020_Leicester_Newcastle,0.5
2,2019-2020_Man United_Arsenal,0.33
2,2019-2020_Brighton_Tottenham,0.0
2,2019-2020_Burnley_Everton,0.5
2,2019-2020_Liverpool_Leicester,0.5
2,2019-2020_Norwich_Aston Villa,0.33
2,2019-2020_Watford_Sheffield United,0.0
2,2019-2020_West Ham_Crystal Palace,0.5
2,2019-2020_Arsenal_Bournemouth,0.5
2,2019-2020_Man City_Wolves,0.5
2,2019-2020_Southampton_Chelsea,0.5
2,2019-2020_Newcastle_Man United,0.5
2,2019-2020_Everton_West Ham,0.5
2,2019-2020_Aston Villa_Brighton,0.33
2,2019-2020_Bournemouth_Norwich,0.0
2,2019-2020_Chelsea_Newcastle,0.0
2,2019-2020_Leicester_Burnley,0.5
2,2019-2020_Tottenham_Watford,0.33
2,2019-2020_Wolves_Southampton,0.5
2,2019-2020_Crystal Palace_Man City,0.0
2,2019-2020_Man United_Liverpool,0.0
2,2019-2020_Sheffield United_Arsenal,0.25
2,2019-2020_Southampton_Leicester,0.25
2,2019-2020_Man City_Aston Villa,0.5
2,2019-2020_Brighton_Everton,0.5
2,2019-2020_Watford_Bournemouth,0.33
2,2019-2020_West Ham_Sheffield United,0.0
2,2019-2020_Burnley_Chelsea,0.33
2,2019-2020_Newcastle_Wolves,0.5
2,2019-2020_Arsenal_Crystal Palace,0.25
2,2019-2020_Liverpool_Tottenham,0.25
2,2019-2020_Norwich_Man United,0.33
2,2019-2020_Bournemouth_Man United,0.33
2,2019-2020_Arsenal_Wolves,0.33
2,2019-2020_Aston Villa_Liverpool,0.5
2,2019-2020_Brighton_Norwich,0.33
2,2019-2020_Man City_Southampton,0.33
2,2019-2020_Sheffield United_Burnley,0.0
2,2019-2020_West Ham_Newcastle,0.5
2,2019-2020_Watford_Chelsea,0.33
2,2019-2020_Crystal Palace_Leicester,0.0
2,2019-2020_Everton_Tottenham,0.0
2,2019-2020_Norwich_Watford,0.5
2,2019-2020_Chelsea_Crystal Palace,0.5
2,2019-2020_Burnley_West Ham,0.5
2,2019-2020_Newcastle_Bournemouth,0.33
2,2019-2020_Southampton_Everton,0.33
2,2019-2020_Tottenham_Sheffield United,0.0
2,2019-2020_Leicester_Arsenal,0.0
2,2019-2020_Man United_Brighton,0.33
2,2019-2020_Wolves_Aston Villa,0.33
2,2019-2020_Liverpool_Man City,0.25
2,2019-2020_West Ham_Tottenham,0.5
2,2019-2020_Arsenal_Southampton,0.25
2,2019-2020_Bournemouth_Wolves,0.33
2,2019-2020_Brighton_Leicester,0.5
2,2019-2020_Crystal Palace_Liverpool,0.25
2,2019-2020_Everton_Norwich,0.25
2,2019-2020_Watford_Burnley,0.5
2,2019-2020_Man City_Chelsea,0.0
2,2019-2020_Sheffield United_Man United,0.5
2,2019-2020_Aston Villa_Newcastle,0.25
2,2019-2020_Newcastle_Man City,0.5
2,2019-2020_Burnley_Crystal Palace,0.0
2,2019-2020_Chelsea_West Ham,0.5
2,2019-2020_Liverpool_Brighton,0.5
2,2019-2020_Tottenham_Bournemouth,0.33
2,2019-2020_Southampton_Watford,0.0
2,2019-2020_Norwich_Arsenal,0.33
2,2019-2020_Wolves_Sheffield United,0.0
2,2019-2020_Leicester_Everton,0.5
2,2019-2020_Man United_Aston Villa,0.25
2,2019-2020_Crystal Palace_Bournemouth,0.33
2,2019-2020_Burnley_Man City,0.5
2,2019-2020_Chelsea_Aston Villa,0.5
2,2019-2020_Leicester_Watford,0.0
2,2019-2020_Man United_Tottenham,0.0
2,2019-2020_Southampton_Norwich,0.0
2,2019-2020_Wolves_West Ham,0.5
2,2019-2020_Liverpool_Everton,0.5
2,2019-2020_Sheffield United_Newcastle,0.0
2,2019-2020_Arsenal_Brighton,0.33
2,2019-2020_Everton_Chelsea,0.5
2,2019-2020_Bournemouth_Liverpool,0.0
2,2019-2020_Tottenham_Burnley,0.5
2,2019-2020_Watford_Crystal Palace,0.5
2,2019-2020_Man City_Man United,0.25
2,2019-2020_Aston Villa_Leicester,0.25
2,2019-2020_Newcastle_Southampton,0.5
2,2019-2020_Norwich_Sheffield United,0.0
2,2019-2020_Brighton_Wolves,0.5
2,2019-2020_West Ham_Arsenal,0.0
2,2019-2020_Liverpool_Watford,0.5
2,2019-2020_Burnley_Newcastle,0.0
2,2019-2020_Chelsea_Bournemouth,0.5
2,2019-2020_Leicester_Norwich,0.33
2,2019-2020_Sheffield United_Aston Villa,0.0
2,2019-2020_Southampton_West Ham,0.0
2,2019-2020_Man United_Everton,0.5
2,2019-2020_Wolves_Tottenham,0.25
2,2019-2020_Arsenal_Man City,0.5
2,2019-2020_Crystal Palace_Brighton,0.0
2,2019-2020_Everton_Arsenal,0.0
2,2019-2020_Aston Villa_Southampton,0.5
2,2019-2020_Bournemouth_Burnley,0.5
2,2019-2020_Brighton_Sheffield United,0.5
2,2019-2020_Newcastle_Crystal Palace,0.0
2,2019-2020_Norwich_Wolves,0.25
2,2019-2020_Man City_Leicester,0.5
2,2019-2020_Watford_Man United,0.0
2,2019-2020_Tottenham_Chelsea,0.5
2,2019-2020_Tottenham_Brighton,0.5
2,2019-2020_Aston Villa_Norwich,0.5
2,2019-2020_Bournemouth_Arsenal,0.25
2,2019-2020_Chelsea_Southampton,0.0
2,2019-2020_Crystal Palace_West Ham,0.0
2,2019-2020_Everton_Burnley,0.33
2,2019-2020_Sheffield United_Watford,0.5
2,2019-2020_Man United_Newcastle,0.5
2,2019-2020_Leicester_Liverpool,0.0
2,2019-2020_Wolves_Man City,0.5
2,2019-2020_Brighton_Bournemouth,0.0
2,2019-2020_Newcastle_Everton,0.5
2,2019-2020_Southampton_Crystal Palace,0.5
2,2019-2020_Watford_Aston Villa,0.25
2,2019-2020_Norwich_Tottenham,0.5
2,2019-2020_West Ham_Leicester,0.5
2,2019-2020_Burnley_Man United,0.5
2,2019-2020_Arsenal_Chelsea,0.5
2,2019-2020_Liverpool_Wolves,0.0
2,2019-2020_Man City_Sheffield United,0.33
2,2019-2020_Brighton_Chelsea,0.5
2,2019-2020_Burnley_Aston Villa,0.33
2,2019-2020_Newcastle_Leicester,0.0
2,2019-2020_Southampton_Tottenham,0.33
2,2019-2020_Watford_Wolves,0.5
2,2019-2020_Man City_Everton,0.5
2,2019-2020_Norwich_Crystal Palace,0.0
2,2019-2020_West Ham_Bournemouth,0.0
2,2019-2020_Arsenal_Man United,0.0
2,2019-2020_Liverpool_Sheffield United,0.0
2,2019-2020_Sheffield United_West Ham,0.0
2,2019-2020_Crystal Palace_Arsenal,0.5
2,2019-2020_Chelsea_Burnley,0.5
2,2019-2020_Everton_Brighton,0.5
2,2019-2020_Leicester_Southampton,0.5
2,2019-2020_Man United_Norwich,0.0
2,2019-2020_Wolves_Newcastle,0.0
2,2019-2020_Tottenham_Liverpool,0.0
2,2019-2020_Bournemouth_Watford,0.5
2,2019-2020_Aston Villa_Man City,0.5
2,2019-2020_Watford_Tottenham,0.0
2,2019-2020_Arsenal_Sheffield United,0.0
2,2019-2020_Brighton_Aston Villa,0.5
2,2019-2020_Man City_Crystal Palace,0.5
2,2019-2020_Norwich_Bournemouth,0.5
2,2019-2020_Southampton_Wolves,0.5
2,2019-2020_West Ham_Everton,0.0
2,2019-2020_Newcastle_Chelsea,0.0
2,2019-2020_Burnley_Leicester,0.0
2,2019-2020_Liverpool_Man United,0.5
2,2019-2020_Aston Villa_Watford,0.5
2,2019-2020_Bournemouth_Brighton,0.33
2,2019-2020_Crystal Palace_Southampton,0.0
2,2019-2020_Everton_Newcastle,0.5
2,2019-2020_Sheffield United_Man City,0.33
2,2019-2020_Chelsea_Arsenal,0.33
2,2019-2020_Leicester_West Ham,0.25
2,2019-2020_Tottenham_Norwich,0.0
2,2019-2020_Man United_Burnley,0.0
2,2019-2020_Wolves_Liverpool,0.0
2,2019-2020_West Ham_Liverpool,0.0
2,2019-2020_Leicester_Chelsea,0.5
2,2019-2020_Bournemouth_Aston Villa,0.25
2,2019-2020_Crystal Palace_Sheffield United,0.5
2,2019-2020_Liverpool_Southampton,0.33
2,2019-2020_Newcastle_Norwich,0.33
2,2019-2020_Watford_Everton,0.33
2,2019-2020_West Ham_Brighton,0.25
2,2019-2020_Man United_Wolves,0.5
2,2019-2020_Burnley_Arsenal,0.5
2,2019-2020_Tottenham_Man City,0.5
2,2019-2020_Everton_Crystal Palace,0.5
2,2019-2020_Brighton_Watford,0.0
2,2019-2020_Sheffield United_Bournemouth,0.5
2,2019-2020_Wolves_Leicester,0.5
2,2019-2020_Southampton_Burnley,0.0
2,2019-2020_Norwich_Liverpool,0.0
2,2019-2020_Aston Villa_Tottenham,0.33
2,2019-2020_Arsenal_Newcastle,0.5
2,2019-2020_Chelsea_Man United,0.25
2,2019-2020_Man City_West Ham,0.0
2,2019-2020_Chelsea_Tottenham,0.0
2,2019-2020_Burnley_Bournemouth,0.33
2,2019-2020_Crystal Palace_Newcastle,0.33
2,2019-2020_Sheffield United_Brighton,0.0
2,2019-2020_Southampton_Aston Villa,0.5
2,2019-2020_Leicester_Man City,0.0
2,2019-2020_Man United_Watford,0.5
2,2019-2020_Wolves_Norwich,0.5
2,2019-2020_Arsenal_Everton,0.5
2,2019-2020_Liverpool_West Ham,0.25
2,2019-2020_Norwich_Leicester,0.5
2,2019-2020_Brighton_Crystal Palace,0.33
2,2019-2020_Bournemouth_Chelsea,0.25
2,2019-2020_Newcastle_Burnley,0.25
2,2019-2020_West Ham_Southampton,0.25
2,2019-2020_Watford_Liverpool,0.0
2,2019-2020_Everton_Man United,0.2
2,2019-2020_Tottenham_Wolves,0.5
2,2019-2020_Liverpool_Bournemouth,0.0
2,2019-2020_Arsenal_West Ham,0.0
2,2019-2020_Crystal Palace_Watford,0.25
2,2019-2020_Sheffield United_Norwich,0.33
2,2019-2020_Southampton_Newcastle,0.0
2,2019-2020_Wolves_Brighton,0.5
2,2019-2020_Burnley_Tottenham,0.25
2,2019-2020_Chelsea_Everton,0.5
2,2019-2020_Man United_Man City,0.5
2,2019-2020_Leicester_Aston Villa,0.0
2,2019-2020_Aston Villa_Sheffield United,0.33
2,2019-2020_Man City_Arsenal,0.5
2,2019-2020_Norwich_Southampton,0.33
2,2019-2020_Tottenham_Man United,0.0
2,2019-2020_Watford_Leicester,0.0
2,2019-2020_Brighton_Arsenal,0.5
2,2019-2020_West Ham_Wolves,0.0
2,2019-2020_Bournemouth_Crystal Palace,0.0
2,2019-2020_Newcastle_Sheffield United,0.0
2,2019-2020_Aston Villa_Chelsea,0.5
2,2019-2020_Everton_Liverpool,0.0
2,2019-2020_Man City_Burnley,0.5
2,2019-2020_Leicester_Brighton,0.0
2,2019-2020_Tottenham_West Ham,0.5
2,2019-2020_Man United_Sheffield United,0.0
2,2019-2020_Newcastle_Aston Villa,0.33
2,2019-2020_Norwich_Everton,0.0
2,2019-2020_Wolves_Bournemouth,0.5
2,2019-2020_Liverpool_Crystal Palace,0.5
2,2019-2020_Burnley_Watford,0.0
2,2019-2020_Southampton_Arsenal,0.0
2,2019-2020_Chelsea_Man City,0.5
2,2019-2020_Aston Villa_Wolves,0.0
2,2019-2020_Watford_Southampton,0.0
2,2019-2020_Crystal Palace_Burnley,0.0
2,2019-2020_Brighton_Man United,0.0
2,2019-2020_Arsenal_Norwich,0.5
2,2019-2020_Bournemouth_Newcastle,0.5
2,2019-2020_Everton_Leicester,0.0
2,2019-2020_West Ham_Chelsea,0.5
2,2019-2020_Sheffield United_Tottenham,0.0
2,2019-2020_Man City_Liverpool,0.5
2,2019-2020_Norwich_Brighton,0.5
2,2019-2020_Leicester_Crystal Palace,0.0
2,2019-2020_Man United_Bournemouth,0.33
2,2019-2020_Wolves_Arsenal,0.5
2,2019-2020_Chelsea_Watford,0.5
2,2019-2020_Burnley_Sheffield United,0.0
2,2019-2020_Newcastle_West Ham,0.5
2,2019-2020_Liverpool_Aston Villa,0.0
2,2019-2020_Southampton_Man City,0.5
2,2019-2020_Tottenham_Everton,0.0
2,2019-2020_Crystal Palace_Chelsea,0.25
2,2019-2020_Watford_Norwich,0.5
2,2019-2020_Arsenal_Leicester,0.5
2,2019-2020_Man City_Newcastle,0.5
2,2019-2020_Sheffield United_Wolves,0.0
2,2019-2020_West Ham_Burnley,0.33
2,2019-2020_Brighton_Liverpool,0.33
2,2019-2020_Bournemouth_Tottenham,0.5
2,2019-2020_Everton_Southampton,0.5
2,2019-2020_Aston Villa_Man United,0.5
2,2019-2020_Norwich_West Ham,0.5
2,2019-2020_Watford_Newcastle,0.5
2,2019-2020_Liverpool_Burnley,0.33
2,2019-2020_Sheffield United_Chelsea,0.0
2,2019-2020_Brighton_Man City,0.5
2,2019-2020_Wolves_Everton,0.0
2,2019-2020_Aston Villa_Crystal Palace,0.5
2,2019-2020_Tottenham_Arsenal,0.25
2,2019-2020_Bournemouth_Leicester,0.5
2,2019-2020_Man United_Southampton,0.5
2,2019-2020_Chelsea_Norwich,0.5
2,2019-2020_Burnley_Wolves,0.0
2,2019-2020_Man City_Bournemouth,0.0
2,2019-2020_Newcastle_Tottenham,0.5
2,2019-2020_Arsenal_Liverpool,0.33
2,2019-2020_Everton_Aston Villa,0.0
2,2019-2020_Leicester_Sheffield United,0.0
2,2019-2020_Crystal Palace_Man United,0.0
2,2019-2020_Southampton_Brighton,0.33
2,2019-2020_West Ham_Watford,0.5
2,2019-2020_Norwich_Burnley,0.5
2,2019-2020_Bournemouth_Southampton,0.33
2,2019-2020_Tottenham_Leicester,0.5
2,2019-2020_Brighton_Newcastle,0.33
2,2019-2020_Sheffield United_Everton,0.0
2,2019-2020_Wolves_Crystal Palace,0.0
2,2019-2020_Watford_Man City,0.5
2,2019-2020_Aston Villa_Arsenal,0.5
2,2019-2020_Man United_West Ham,0.5
2,2019-2020_Liverpool_Chelsea,0.33
2,2019-2020_Arsenal_Watford,0.25
2,2019-2020_Burnley_Brighton,0.5
2,2019-2020_Chelsea_Wolves,0.5
2,2019-2020_Crystal Palace_Tottenham,0.5
2,2019-2020_Everton_Bournemouth,0.5
2,2019-2020_Leicester_Man United,0.5
2,2019-2020_Man City_Norwich,0.33
2,2019-2020_Newcastle_Liverpool,0.0
2,2019-2020_Southampton_Sheffield United,0.0
2,2019-2020_West Ham_Aston Villa,0.0
2,2020-2021_Fulham_Arsenal,0.5
2,2020-2021_Crystal Palace_Southampton,0.0
2,2020-2021_Liverpool_Leeds,0.33
2,2020-2021_West Ham_Newcastle,0.5
2,2020-2021_West Brom_Leicester,0.0
2,2020-2021_Tottenham_Everton,0.0
2,2020-2021_Brighton_Chelsea,0.0
2,2020-2021_Sheffield United_Wolves,0.5
2,2020-2021_Everton_West Brom,0.5
2,2020-2021_Leeds_Fulham,0.5
2,2020-2021_Man United_Crystal Palace,0.5
2,2020-2021_Arsenal_West Ham,0.0
2,2020-2021_Southampton_Tottenham,0.33
2,2020-2021_Newcastle_Brighton,0.5
2,2020-2021_Chelsea_Liverpool,0.0
2,2020-2021_Leicester_Burnley,0.25
2,2020-2021_Aston Villa_Sheffield United,0.5
2,2020-2021_Wolves_Man City,0.5
2,2020-2021_Brighton_Man United,0.33
2,2020-2021_Crystal Palace_Everton,0.0
2,2020-2021_West Brom_Chelsea,0.33
2,2020-2021_Burnley_Southampton,0.0
2,2020-2021_Sheffield United_Leeds,0.5
2,2020-2021_Tottenham_Newcastle,0.5
2,2020-2021_Man City_Leicester,0.5
2,2020-2021_West Ham_Wolves,0.5
2,2020-2021_Fulham_Aston Villa,0.33
2,2020-2021_Liverpool_Arsenal,0.5
2,2020-2021_Chelsea_Crystal Palace,0.0
2,2020-2021_Everton_Brighton,0.33
2,2020-2021_Leeds_Man City,0.5
2,2020-2021_Newcastle_Burnley,0.5
2,2020-2021_Leicester_West Ham,0.0
2,2020-2021_Southampton_West Brom,0.0
2,2020-2021_Arsenal_Sheffield United,0.0
2,2020-2021_Wolves_Fulham,0.0
2,2020-2021_Man United_Tottenham,0.5
2,2020-2021_Aston Villa_Liverpool,0.33
2,2020-2021_Everton_Liverpool,0.33
2,2020-2021_Chelsea_Southampton,0.33
2,2020-2021_Man City_Arsenal,0.0
2,2020-2021_Newcastle_Man United,0.33
2,2020-2021_Sheffield United_Fulham,0.0
2,2020-2021_Crystal Palace_Brighton,0.5
2,2020-2021_Tottenham_West Ham,0.5
2,2020-2021_Leicester_Aston Villa,0.5
2,2020-2021_West Brom_Burnley,0.5
2,2020-2021_Leeds_Wolves,0.0
2,2020-2021_Aston Villa_Leeds,0.5
2,2020-2021_West Ham_Man City,0.0
2,2020-2021_Fulham_Crystal Palace,0.5
2,2020-2021_Man United_Chelsea,0.0
2,2020-2021_Liverpool_Sheffield United,0.5
2,2020-2021_Southampton_Everton,0.5
2,2020-2021_Wolves_Newcastle,0.0
2,2020-2021_Arsenal_Leicester,0.33
2,2020-2021_Brighton_West Brom,0.0
2,2020-2021_Burnley_Tottenham,0.0
2,2020-2021_Wolves_Crystal Palace,0.5
2,2020-2021_Sheffield United_Man City,0.0
2,2020-2021_Burnley_Chelsea,0.0
2,2020-2021_Liverpool_West Ham,0.0
2,2020-2021_Aston Villa_Southampton,0.33
2,2020-2021_Newcastle_Everton,0.5
2,2020-2021_Man United_Arsenal,0.5
2,2020-2021_Tottenham_Brighton,0.0
2,2020-2021_Fulham_West Brom,0.0
2,2020-2021_Leeds_Leicester,0.33
2,2020-2021_Brighton_Burnley,0.0
2,2020-2021_Southampton_Newcastle,0.0
2,2020-2021_Everton_Man United,0.5
2,2020-2021_Crystal Palace_Leeds,0.0
2,2020-2021_Chelsea_Sheffield United,0.33
2,2020-2021_West Ham_Fulham,0.5
2,2020-2021_West Brom_Tottenham,0.33
2,2020-2021_Leicester_Wolves,0.0
2,2020-2021_Man City_Liverpool,0.0
2,2020-2021_Arsenal_Aston Villa,0.33
2,2020-2021_Newcastle_Chelsea,0.0
2,2020-2021_Aston Villa_Brighton,0.33
2,2020-2021_Tottenham_Man City,0.5
2,2020-2021_Man United_West Brom,0.0
2,2020-2021_Fulham_Everton,0.5
2,2020-2021_Sheffield United_West Ham,0.0
2,2020-2021_Leeds_Arsenal,0.5
2,2020-2021_Liverpool_Leicester,0.33
2,2020-2021_Burnley_Crystal Palace,0.0
2,2020-2021_Wolves_Southampton,0.0
2,2020-2021_Crystal Palace_Newcastle,0.5
2,2020-2021_Brighton_Liverpool,0.0
2,2020-2021_Man City_Burnley,0.5
2,2020-2021_Everton_Leeds,0.5
2,2020-2021_West Brom_Sheffield United,0.33
2,2020-2021_Southampton_Man United,0.25
2,2020-2021_Chelsea_Tottenham,0.5
2,2020-2021_Arsenal_Wolves,0.5
2,2020-2021_Leicester_Fulham,0.0
2,2020-2021_West Ham_Aston Villa,0.0
2,2020-2021_Burnley_Everton,0.0
2,2020-2021_Man City_Fulham,0.0
2,2020-2021_West Ham_Man United,0.33
2,2020-2021_Chelsea_Leeds,0.33
2,2020-2021_West Brom_Crystal Palace,0.33
2,2020-2021_Sheffield United_Leicester,0.0
2,2020-2021_Tottenham_Arsenal,0.0
2,2020-2021_Liverpool_Wolves,0.0
2,2020-2021_Brighton_Southampton,0.5
2,2020-2021_Leeds_West Ham,0.5
2,2020-2021_Wolves_Aston Villa,0.33
2,2020-2021_Newcastle_West Brom,0.5
2,2020-2021_Man United_Man City,0.0
2,2020-2021_Everton_Chelsea,0.0
2,2020-2021_Southampton_Sheffield United,0.0
2,2020-2021_Crystal Palace_Tottenham,0.33
2,2020-2021_Fulham_Liverpool,0.0
2,2020-2021_Arsenal_Burnley,0.33
2,2020-2021_Leicester_Brighton,0.5
2,2020-2021_Wolves_Chelsea,0.5
2,2020-2021_Man City_West Brom,0.5
2,2020-2021_Arsenal_Southampton,0.5
2,2020-2021_Leeds_Newcastle,0.33
2,2020-2021_Leicester_Everton,0.0
2,2020-2021_Fulham_Brighton,0.0
2,2020-2021_Liverpool_Tottenham,0.0
2,2020-2021_West Ham_Crystal Palace,0.0
2,2020-2021_Aston Villa_Burnley,0.33
2,2020-2021_Sheffield United_Man United,0.5
2,2020-2021_Crystal Palace_Liverpool,0.33
2,2020-2021_Southampton_Man City,0.0
2,2020-2021_Everton_Arsenal,0.0
2,2020-2021_Newcastle_Fulham,0.0
2,2020-2021_Brighton_Sheffield United,0.25
2,2020-2021_Tottenham_Leicester,0.5
2,2020-2021_Man United_Leeds,0.25
2,2020-2021_West Brom_Aston Villa,0.5
2,2020-2021_Burnley_Wolves,0.5
2,2020-2021_Chelsea_West Ham,0.0
2,2020-2021_Leicester_Man United,0.5
2,2020-2021_Aston Villa_Crystal Palace,0.25
2,2020-2021_Fulham_Southampton,0.0
2,2020-2021_Arsenal_Chelsea,0.5
2,2020-2021_Man City_Newcastle,0.0
2,2020-2021_Sheffield United_Everton,0.5
2,2020-2021_Leeds_Burnley,0.5
2,2020-2021_West Ham_Brighton,0.5
2,2020-2021_Liverpool_West Brom,0.0
2,2020-2021_Wolves_Tottenham,0.0
2,2020-2021_Crystal Palace_Leicester,0.0
2,2020-2021_Chelsea_Aston Villa,0.5
2,2020-2021_Brighton_Arsenal,0.0
2,2020-2021_Burnley_Sheffield United,0.0
2,2020-2021_Southampton_West Ham,0.5
2,2020-2021_West Brom_Leeds,0.0
2,2020-2021_Man United_Wolves,0.0
2,2020-2021_Newcastle_Liverpool,0.5
2,2020-2021_Everton_West Ham,0.0
2,2020-2021_Man United_Aston Villa,0.5
2,2020-2021_Tottenham_Leeds,0.33
2,2020-2021_Crystal Palace_Sheffield United,0.0
2,2020-2021_Brighton_Wolves,0.25
2,2020-2021_West Brom_Arsenal,0.5
2,2020-2021_Newcastle_Leicester,0.0
2,2020-2021_Chelsea_Man City,0.5
2,2020-2021_Southampton_Liverpool,0.0
2,2020-2021_Sheffield United_Newcastle,0.5
2,2020-2021_Burnley_Man United,0.0
2,2020-2021_Wolves_Everton,0.0
2,2020-2021_Man City_Brighton,0.0
2,2020-2021_Tottenham_Fulham,0.5
2,2020-2021_Arsenal_Crystal Palace,0.0
2,2020-2021_Wolves_West Brom,0.33
2,2020-2021_Leeds_Brighton,0.0
2,2020-2021_West Ham_Burnley,0.0
2,2020-2021_Fulham_Chelsea,0.33
2,2020-2021_Leicester_Southampton,0.5
2,2020-2021_Sheffield United_Tottenham,0.33
2,2020-2021_Liverpool_Man United,0.0
2,2020-2021_Man City_Crystal Palace,0.0
2,2020-2021_Arsenal_Newcastle,0.0
2,2020-2021_West Ham_West Brom,0.0
2,2020-2021_Leicester_Chelsea,0.0
2,2020-2021_Man City_Aston Villa,0.33
2,2020-2021_Fulham_Man United,0.5
2,2020-2021_Liverpool_Burnley,0.5
2,2020-2021_Aston Villa_Newcastle,0.0
2,2020-2021_Crystal Palace_West Ham,0.5
2,2020-2021_Newcastle_Leeds,0.5
2,2020-2021_Southampton_Arsenal,0.5
2,2020-2021_West Brom_Man City,0.5
2,2020-2021_Burnley_Aston Villa,0.5
2,2020-2021_Chelsea_Wolves,0.0
2,2020-2021_Brighton_Fulham,0.5
2,2020-2021_Everton_Leicester,0.25
2,2020-2021_Man United_Sheffield United,0.0
2,2020-2021_Tottenham_Liverpool,0.0
2,2020-2021_Everton_Newcastle,0.25
2,2020-2021_Crystal Palace_Wolves,0.5
2,2020-2021_Man City_Sheffield United,0.0
2,2020-2021_West Brom_Fulham,0.0
2,2020-2021_Arsenal_Man United,0.5
2,2020-2021_Southampton_Aston Villa,0.0
2,2020-2021_Chelsea_Burnley,0.0
2,2020-2021_Leicester_Leeds,0.5
2,2020-2021_West Ham_Liverpool,0.0
2,2020-2021_Brighton_Tottenham,0.5
2,2020-2021_Sheffield United_West Brom,0.0
2,2020-2021_Wolves_Arsenal,0.33
2,2020-2021_Man United_Southampton,0.33
2,2020-2021_Newcastle_Crystal Palace,0.5
2,2020-2021_Burnley_Man City,0.0
2,2020-2021_Fulham_Leicester,0.0
2,2020-2021_Leeds_Everton,0.5
2,2020-2021_Aston Villa_West Ham,0.33
2,2020-2021_Liverpool_Brighton,0.0
2,2020-2021_Tottenham_Chelsea,0.5
2,2020-2021_Aston Villa_Arsenal,0.0
2,2020-2021_Burnley_Brighton,0.33
2,2020-2021_Newcastle_Southampton,0.5
2,2020-2021_Fulham_West Ham,0.0
2,2020-2021_Man United_Everton,0.5
2,2020-2021_Tottenham_West Brom,0.5
2,2020-2021_Wolves_Leicester,0.5
2,2020-2021_Liverpool_Man City,0.5
2,2020-2021_Sheffield United_Chelsea,0.0
2,2020-2021_Leeds_Crystal Palace,0.0
2,2020-2021_Leicester_Liverpool,0.33
2,2020-2021_Crystal Palace_Burnley,0.33
2,2020-2021_Man City_Tottenham,0.5
2,2020-2021_Brighton_Aston Villa,0.5
2,2020-2021_Southampton_Wolves,0.0
2,2020-2021_West Brom_Man United,0.0
2,2020-2021_Arsenal_Leeds,0.33
2,2020-2021_Everton_Fulham,0.0
2,2020-2021_West Ham_Sheffield United,0.0
2,2020-2021_Chelsea_Newcastle,0.33
2,2020-2021_Burnley_Fulham,0.0
2,2020-2021_Everton_Man City,0.0
2,2020-2021_Wolves_Leeds,0.33
2,2020-2021_Southampton_Chelsea,0.0
2,2020-2021_Burnley_West Brom,0.0
2,2020-2021_Liverpool_Everton,0.5
2,2020-2021_Fulham_Sheffield United,0.0
2,2020-2021_West Ham_Tottenham,0.5
2,2020-2021_Aston Villa_Leicester,0.33
2,2020-2021_Arsenal_Man City,0.0
2,2020-2021_Man United_Newcastle,0.5
2,2020-2021_Brighton_Crystal Palace,0.33
2,2020-2021_Leeds_Southampton,0.0
2,2020-2021_Man City_West Ham,0.0
2,2020-2021_West Brom_Brighton,0.0
2,2020-2021_Leeds_Aston Villa,0.0
2,2020-2021_Newcastle_Wolves,0.33
2,2020-2021_Crystal Palace_Fulham,0.0
2,2020-2021_Leicester_Arsenal,0.5
2,2020-2021_Tottenham_Burnley,0.5
2,2020-2021_Chelsea_Man United,0.0
2,2020-2021_Sheffield United_Liverpool,0.0
2,2020-2021_Everton_Southampton,0.0
2,2020-2021_Man City_Wolves,0.33
2,2020-2021_Burnley_Leicester,0.33
2,2020-2021_Sheffield United_Aston Villa,0.0
2,2020-2021_Crystal Palace_Man United,0.0
2,2020-2021_Fulham_Tottenham,0.0
2,2020-2021_West Brom_Everton,0.5
2,2020-2021_Liverpool_Chelsea,0.0
2,2020-2021_Burnley_Arsenal,0.0
2,2020-2021_Sheffield United_Southampton,0.5
2,2020-2021_Aston Villa_Wolves,0.0
2,2020-2021_Brighton_Leicester,0.0
2,2020-2021_West Brom_Newcastle,0.33
2,2020-2021_Liverpool_Fulham,0.5
2,2020-2021_Man City_Man United,0.0
2,2020-2021_Tottenham_Crystal Palace,0.5
2,2020-2021_Chelsea_Everton,0.5
2,2020-2021_West Ham_Leeds,0.33
2,2020-2021_Man City_Southampton,0.33
2,2020-2021_Newcastle_Aston Villa,0.0
2,2020-2021_Leeds_Chelsea,0.0
2,2020-2021_Crystal Palace_West Brom,0.5
2,2020-2021_Everton_Burnley,0.5
2,2020-2021_Fulham_Man City,0.0
2,2020-2021_Southampton_Brighton,0.0
2,2020-2021_Leicester_Sheffield United,0.5
2,2020-2021_Arsenal_Tottenham,0.5
2,2020-2021_Man United_West Ham,0.0
2,2020-2021_Wolves_Liverpool,0.5
2,2020-2021_Fulham_Leeds,0.5
2,2020-2021_Brighton_Newcastle,0.0
2,2020-2021_West Ham_Arsenal,0.5
2,2020-2021_Aston Villa_Tottenham,0.0
2,2020-2021_Chelsea_West Brom,0.33
2,2020-2021_Leeds_Sheffield United,0.5
2,2020-2021_Leicester_Man City,0.0
2,2020-2021_Arsenal_Liverpool,0.0
2,2020-2021_Southampton_Burnley,0.33
2,2020-2021_Newcastle_Tottenham,0.33
2,2020-2021_Aston Villa_Fulham,0.5
2,2020-2021_Man United_Brighton,0.0
2,2020-2021_Everton_Crystal Palace,0.0
2,2020-2021_Wolves_West Ham,0.5
2,2020-2021_Fulham_Wolves,0.0
2,2020-2021_Man City_Leeds,0.25
2,2020-2021_Liverpool_Aston Villa,0.33
2,2020-2021_Crystal Palace_Chelsea,0.5
2,2020-2021_Burnley_Newcastle,0.33
2,2020-2021_West Ham_Leicester,0.33
2,2020-2021_Tottenham_Man United,0.33
2,2020-2021_Sheffield United_Arsenal,0.0
2,2020-2021_West Brom_Southampton,0.33
2,2020-2021_Brighton_Everton,0.5
2,2020-2021_Everton_Tottenham,0.5
2,2020-2021_Newcastle_West Ham,0.33
2,2020-2021_Wolves_Sheffield United,0.5
2,2020-2021_Arsenal_Fulham,0.0
2,2020-2021_Man United_Burnley,0.5
2,2020-2021_Leeds_Liverpool,0.33
2,2020-2021_Chelsea_Brighton,0.0
2,2020-2021_Tottenham_Southampton,0.0
2,2020-2021_Aston Villa_Man City,0.5
2,2020-2021_Leicester_West Brom,0.0
2,2020-2021_Arsenal_Everton,0.0
2,2020-2021_Liverpool_Newcastle,0.0
2,2020-2021_West Ham_Chelsea,0.5
2,2020-2021_Sheffield United_Brighton,0.5
2,2020-2021_Wolves_Burnley,0.5
2,2020-2021_Leeds_Man United,0.5
2,2020-2021_Aston Villa_West Brom,0.33
2,2020-2021_Leicester_Crystal Palace,0.0
2,2020-2021_Southampton_Leicester,0.0
2,2020-2021_Crystal Palace_Man City,0.0
2,2020-2021_Brighton_Leeds,0.33
2,2020-2021_Chelsea_Fulham,0.0
2,2020-2021_Everton_Aston Villa,0.5
2,2020-2021_Newcastle_Arsenal,0.5
2,2020-2021_Tottenham_Sheffield United,0.33
2,2020-2021_West Brom_Wolves,0.33
2,2020-2021_Burnley_West Ham,0.5
2,2020-2021_Leicester_Newcastle,0.25
2,2020-2021_Leeds_Tottenham,0.5
2,2020-2021_Sheffield United_Crystal Palace,0.25
2,2020-2021_Man City_Chelsea,0.5
2,2020-2021_Liverpool_Southampton,0.5
2,2020-2021_Wolves_Brighton,0.25
2,2020-2021_Aston Villa_Man United,0.33
2,2020-2021_West Ham_Everton,0.0
2,2020-2021_Arsenal_West Brom,0.5
2,2020-2021_Fulham_Burnley,0.33
2,2020-2021_Man United_Leicester,0.0
2,2020-2021_Southampton_Crystal Palace,0.25
2,2020-2021_Chelsea_Arsenal,0.0
2,2020-2021_Aston Villa_Everton,0.0
2,2020-2021_Man United_Liverpool,0.33
2,2020-2021_Newcastle_Man City,0.5
2,2020-2021_Burnley_Leeds,0.33
2,2020-2021_Southampton_Fulham,0.0
2,2020-2021_Brighton_West Ham,0.0
2,2020-2021_Crystal Palace_Aston Villa,0.33
2,2020-2021_Tottenham_Wolves,0.33
2,2020-2021_West Brom_Liverpool,0.25
2,2020-2021_Everton_Sheffield United,0.5
2,2020-2021_Man United_Fulham,0.5
2,2020-2021_Southampton_Leeds,0.5
2,2020-2021_Brighton_Man City,0.33
2,2020-2021_Chelsea_Leicester,0.5
2,2020-2021_Everton_Wolves,0.33
2,2020-2021_Newcastle_Sheffield United,0.0
2,2020-2021_Tottenham_Aston Villa,0.5
2,2020-2021_Crystal Palace_Arsenal,0.0
2,2020-2021_Burnley_Liverpool,0.33
2,2020-2021_West Brom_West Ham,0.33
2,2020-2021_Arsenal_Brighton,0.0
2,2020-2021_Aston Villa_Chelsea,0.25
2,2020-2021_Fulham_Newcastle,0.0
2,2020-2021_Leeds_West Brom,0.5
2,2020-2021_Leicester_Tottenham,0.2
2,2020-2021_Liverpool_Crystal Palace,0.5
2,2020-2021_Man City_Everton,0.33
2,2020-2021_Sheffield United_Burnley,0.5
2,2020-2021_West Ham_Southampton,0.5
2,2020-2021_Wolves_Man United,0.5
2,2021-2022_Brentford_Arsenal,0.0
2,2021-2022_Man United_Leeds,0.5
2,2021-2022_Burnley_Brighton,0.5
2,2021-2022_Chelsea_Crystal Palace,0.0
2,2021-2022_Everton_Southampton,0.0
2,2021-2022_Leicester_Wolves,0.0
2,2021-2022_Watford_Aston Villa,0.5
2,2021-2022_Norwich_Liverpool,0.33
2,2021-2022_Newcastle_West Ham,0.33
2,2021-2022_Tottenham_Man City,0.5
2,2021-2022_Liverpool_Burnley,0.33
2,2021-2022_Aston Villa_Newcastle,0.5
2,2021-2022_Crystal Palace_Brentford,0.0
2,2021-2022_Leeds_Everton,0.25
2,2021-2022_Man City_Norwich,0.0
2,2021-2022_Brighton_Watford,0.0
2,2021-2022_Southampton_Man United,0.5
2,2021-2022_Wolves_Tottenham,0.5
2,2021-2022_Arsenal_Chelsea,0.33
2,2021-2022_West Ham_Leicester,0.5
3,2021-2022_Man City_Arsenal,1.0
3,2021-2022_Aston Villa_Brentford,0.0
3,2021-2022_Brighton_Everton,0.0
3,2021-2022_Newcastle_Southampton,1.0
3,2021-2022_Norwich_Leicester,0.0
3,2021-2022_West Ham_Crystal Palace,0.0
3,2021-2022_Liverpool_Chelsea,0.0
3,2021-2022_Burnley_Leeds,1.0
3,2021-2022_Tottenham_Watford,0.0
3,2021-2022_Wolves_Man United,1.0
3,2021-2022_Crystal Palace_Tottenham,0.0
3,2021-2022_Arsenal_Norwich,0.0
3,2021-2022_Brentford_Brighton,0.0
3,2021-2022_Leicester_Man City,0.0
3,2021-2022_Man United_Newcastle,0.0
3,2021-2022_Southampton_West Ham,0.0
3,2021-2022_Watford_Wolves,0.0
3,2021-2022_Chelsea_Aston Villa,1.0
3,2021-2022_Leeds_Liverpool,1.0
3,2021-2022_Everton_Burnley,0.0
3,2021-2022_Newcastle_Leeds,0.0
3,2021-2022_Wolves_Brentford,1.0
3,2021-2022_Burnley_Arsenal,0.0
3,2021-2022_Liverpool_Crystal Palace,0.0
3,2021-2022_Man City_Southampton,0.0
3,2021-2022_Norwich_Watford,0.0
3,2021-2022_Aston Villa_Everton,0.0
3,2021-2022_Brighton_Leicester,0.0
3,2021-2022_West Ham_Man United,0.0
3,2021-2022_Tottenham_Chelsea,0.0
3,2021-2022_Chelsea_Man City,0.0
3,2021-2022_Man United_Aston Villa,0.0
3,2021-2022_Everton_Norwich,0.0
3,2021-2022_Leeds_West Ham,1.0
3,2021-2022_Leicester_Burnley,1.0
3,2021-2022_Watford_Newcastle,1.0
3,2021-2022_Brentford_Liverpool,1.0
3,2021-2022_Southampton_Wolves,0.0
3,2021-2022_Arsenal_Tottenham,0.0
3,2021-2022_Crystal Palace_Brighton,0.0
3,2021-2022_Man United_Everton,0.0
3,2021-2022_Burnley_Norwich,0.0
3,2021-2022_Chelsea_Southampton,1.0
3,2021-2022_Leeds_Watford,0.0
3,2021-2022_Wolves_Newcastle,0.0
3,2021-2022_Brighton_Arsenal,0.0
3,2021-2022_Crystal Palace_Leicester,1.0
3,2021-2022_Tottenham_Aston Villa,0.0
3,2021-2022_West Ham_Brentford,1.0
3,2021-2022_Liverpool_Man City,1.0
3,2021-2022_Watford_Liverpool,0.0
3,2021-2022_Aston Villa_Wolves,1.0
3,2021-2022_Leicester_Man United,1.0
3,2021-2022_Man City_Burnley,0.0
3,2021-2022_Norwich_Brighton,1.0
3,2021-2022_Southampton_Leeds,0.0
3,2021-2022_Brentford_Chelsea,0.0
3,2021-2022_Everton_West Ham,0.0
3,2021-2022_Newcastle_Tottenham,1.0
3,2021-2022_Arsenal_Crystal Palace,0.0
3,2021-2022_Arsenal_Aston Villa,1.0
3,2021-2022_Chelsea_Norwich,1.0
3,2021-2022_Crystal Palace_Newcastle,1.0
3,2021-2022_Everton_Watford,1.0
3,2021-2022_Leeds_Wolves,0.0
3,2021-2022_Southampton_Burnley,1.0
3,2021-2022_Brighton_Man City,1.0
3,2021-2022_Brentford_Leicester,0.0
3,2021-2022_West Ham_Tottenham,0.0
3,2021-2022_Man United_Liverpool,1.0
3,2021-2022_Leicester_Arsenal,0.0
3,2021-2022_Burnley_Brentford,0.0
3,2021-2022_Liverpool_Brighton,1.0
3,2021-2022_Man City_Crystal Palace,1.0
3,2021-2022_Newcastle_Chelsea,0.0
3,2021-2022_Watford_Southampton,0.0
3,2021-2022_Tottenham_Man United,0.0
3,2021-2022_Norwich_Leeds,1.0
3,2021-2022_Aston Villa_West Ham,1.0
3,2021-2022_Wolves_Everton,0.0
3,2021-2022_Southampton_Aston Villa,0.0
3,2021-2022_Man United_Man City,0.0
3,2021-2022_Brentford_Norwich,1.0
3,2021-2022_Chelsea_Burnley,0.0
3,2021-2022_Crystal Palace_Wolves,0.0
3,2021-2022_Brighton_Newcastle,1.0
3,2021-2022_Arsenal_Watford,1.0
3,2021-2022_Everton_Tottenham,1.0
3,2021-2022_Leeds_Leicester,0.0
3,2021-2022_West Ham_Liverpool,0.0
3,2021-2022_Leicester_Chelsea,0.0
3,2021-2022_Aston Villa_Brighton,0.0
3,2021-2022_Burnley_Crystal Palace,1.0
3,2021-2022_Newcastle_Brentford,1.0
3,2021-2022_Norwich_Southampton,1.0
3,2021-2022_Watford_Man United,1.0
3,2021-2022_Wolves_West Ham,0.0
3,2021-2022_Liverpool_Arsenal,0.0
3,2021-2022_Man City_Everton,0.0
3,2021-2022_Tottenham_Leeds,1.0
3,2021-2022_Arsenal_Newcastle,0.0
3,2021-2022_Crystal Palace_Aston Villa,0.0
3,2021-2022_Liverpool_Southampton,0.0
3,2021-2022_Norwich_Wolves,0.0
3,2021-2022_Brighton_Leeds,0.0
3,2021-2022_Brentford_Everton,0.0
3,2021-2022_Leicester_Watford,0.0
3,2021-2022_Man City_West Ham,0.0
3,2021-2022_Chelsea_Man United,1.0
3,2021-2022_Newcastle_Norwich,0.0
3,2021-2022_Leeds_Crystal Palace,1.0
3,2021-2022_Southampton_Leicester,1.0
3,2021-2022_Watford_Chelsea,1.0
3,2021-2022_West Ham_Brighton,0.0
3,2021-2022_Wolves_Burnley,0.0
3,2021-2022_Aston Villa_Man City,0.0
3,2021-2022_Everton_Liverpool,1.0
3,2021-2022_Tottenham_Brentford,0.0
3,2021-2022_Man United_Arsenal,0.0
3,2021-2022_West Ham_Chelsea,1.0
3,2021-2022_Newcastle_Burnley,0.0
3,2021-2022_Southampton_Brighton,0.0
3,2021-2022_Wolves_Liverpool,0.0
3,2021-2022_Watford_Man City,1.0
3,2021-2022_Leeds_Brentford,1.0
3,2021-2022_Man United_Crystal Palace,0.0
3,2021-2022_Tottenham_Norwich,0.0
3,2021-2022_Aston Villa_Leicester,0.0
3,2021-2022_Everton_Arsenal,0.0
3,2021-2022_Brentford_Watford,0.0
3,2021-2022_Man City_Wolves,1.0
3,2021-2022_Arsenal_Southampton,0.0
3,2021-2022_Chelsea_Leeds,1.0
3,2021-2022_Liverpool_Aston Villa,0.0
3,2021-2022_Norwich_Man United,0.0
3,2021-2022_Burnley_West Ham,0.0
3,2021-2022_Leicester_Newcastle,0.0
3,2021-2022_Crystal Palace_Everton,0.0
3,2021-2022_Norwich_Aston Villa,0.0
3,2021-2022_Man City_Leeds,1.0
3,2021-2022_Brighton_Wolves,0.0
3,2021-2022_Crystal Palace_Southampton,1.0
3,2021-2022_Arsenal_West Ham,0.0
3,2021-2022_Chelsea_Everton,0.0
3,2021-2022_Liverpool_Newcastle,1.0
3,2021-2022_Leeds_Arsenal,1.0
3,2021-2022_Newcastle_Man City,0.0
3,2021-2022_Wolves_Chelsea,0.0
3,2021-2022_Tottenham_Liverpool,1.0
3,2021-2022_Man City_Leicester,1.0
3,2021-2022_Norwich_Arsenal,1.0
3,2021-2022_Tottenham_Crystal Palace,0.0
3,2021-2022_West Ham_Southampton,1.0
3,2021-2022_Aston Villa_Chelsea,0.0
3,2021-2022_Brighton_Brentford,0.0
3,2021-2022_Newcastle_Man United,0.0
3,2021-2022_Crystal Palace_Norwich,0.0
3,2021-2022_Southampton_Tottenham,1.0
3,2021-2022_Watford_West Ham,0.0
3,2021-2022_Leicester_Liverpool,0.0
3,2021-2022_Chelsea_Brighton,0.0
3,2021-2022_Brentford_Man City,0.0
3,2021-2022_Man United_Burnley,0.0
3,2021-2022_Arsenal_Man City,1.0
3,2021-2022_Watford_Tottenham,0.0
3,2021-2022_Crystal Palace_West Ham,0.0
3,2021-2022_Brentford_Aston Villa,0.0
3,2021-2022_Everton_Brighton,0.0
3,2021-2022_Leeds_Burnley,0.0
3,2021-2022_Chelsea_Liverpool,1.0
3,2021-2022_Man United_Wolves,0.0
3,2021-2022_Southampton_Brentford,0.0
3,2021-2022_West Ham_Norwich,0.0
3,2021-2022_Brighton_Crystal Palace,0.0
3,2021-2022_Man City_Chelsea,0.0
3,2021-2022_Newcastle_Watford,0.0
3,2021-2022_Norwich_Everton,0.0
3,2021-2022_Wolves_Southampton,0.0
3,2021-2022_Aston Villa_Man United,0.0
3,2021-2022_Liverpool_Brentford,0.0
3,2021-2022_West Ham_Leeds,1.0
3,2021-2022_Brighton_Chelsea,0.0
3,2021-2022_Leicester_Tottenham,1.0
3,2021-2022_Brentford_Man United,0.0
3,2021-2022_Watford_Norwich,0.0
3,2021-2022_Everton_Aston Villa,0.0
3,2021-2022_Brentford_Wolves,0.0
3,2021-2022_Leeds_Newcastle,1.0
3,2021-2022_Man United_West Ham,0.0
3,2021-2022_Southampton_Man City,0.0
3,2021-2022_Arsenal_Burnley,0.0
3,2021-2022_Crystal Palace_Liverpool,1.0
3,2021-2022_Leicester_Brighton,0.0
3,2021-2022_Chelsea_Tottenham,0.0
3,2021-2022_Burnley_Watford,0.0
3,2021-2022_Newcastle_Everton,1.0
3,2021-2022_West Ham_Watford,0.0
3,2021-2022_Burnley_Man United,0.0
3,2021-2022_Man City_Brentford,0.0
3,2021-2022_Norwich_Crystal Palace,0.0
3,2021-2022_Tottenham_Southampton,1.0
3,2021-2022_Aston Villa_Leeds,1.0
3,2021-2022_Liverpool_Leicester,0.0
3,2021-2022_Wolves_Arsenal,1.0
3,2021-2022_Man United_Southampton,0.0
3,2021-2022_Brentford_Crystal Palace,0.0
3,2021-2022_Everton_Leeds,0.0
3,2021-2022_Watford_Brighton,0.0
3,2021-2022_Norwich_Man City,0.0
3,2021-2022_Burnley_Liverpool,0.0
3,2021-2022_Newcastle_Aston Villa,1.0
3,2021-2022_Tottenham_Wolves,0.0
3,2021-2022_Leicester_West Ham,0.0
3,2021-2022_Man United_Brighton,1.0
3,2021-2022_West Ham_Newcastle,0.0
3,2021-2022_Arsenal_Brentford,0.0
3,2021-2022_Aston Villa_Watford,0.0
3,2021-2022_Brighton_Burnley,0.0
3,2021-2022_Crystal Palace_Chelsea,0.0
3,2021-2022_Liverpool_Norwich,0.0
3,2021-2022_Southampton_Everton,0.0
3,2021-2022_Man City_Tottenham,1.0
3,2021-2022_Leeds_Man United,1.0
3,2021-2022_Wolves_Leicester,1.0
3,2021-2022_Burnley_Tottenham,0.0
3,2021-2022_Watford_Crystal Palace,0.0
3,2021-2022_Liverpool_Leeds,1.0
3,2021-2022_Arsenal_Wolves,0.0
3,2021-2022_Southampton_Norwich,0.0
3,2021-2022_Leeds_Tottenham,1.0
3,2021-2022_Brentford_Newcastle,1.0
3,2021-2022_Crystal Palace_Burnley,0.0
3,2021-2022_Man United_Watford,0.0
3,2021-2022_Brighton_Aston Villa,1.0
3,2021-2022_Everton_Man City,0.0
3,2021-2022_West Ham_Wolves,0.0
3,2021-2022_Burnley_Leicester,0.0
3,2021-2022_Leicester_Leeds,0.0
3,2021-2022_Aston Villa_Southampton,0.0
3,2021-2022_Burnley_Chelsea,0.0
3,2021-2022_Newcastle_Brighton,0.0
3,2021-2022_Norwich_Brentford,1.0
3,2021-2022_Wolves_Crystal Palace,0.0
3,2021-2022_Liverpool_West Ham,0.0
3,2021-2022_Watford_Arsenal,1.0
3,2021-2022_Man City_Man United,0.0
3,2021-2022_Tottenham_Everton,0.0
3,2021-2022_Norwich_Chelsea,0.0
3,2021-2022_Southampton_Newcastle,0.0
3,2021-2022_Wolves_Watford,0.0
3,2021-2022_Leeds_Aston Villa,1.0
3,2021-2022_Brighton_Liverpool,0.0
3,2021-2022_Brentford_Burnley,0.0
3,2021-2022_Man United_Tottenham,1.0
3,2021-2022_Chelsea_Newcastle,0.0
3,2021-2022_Everton_Wolves,0.0
3,2021-2022_Leeds_Norwich,0.0
3,2021-2022_Southampton_Watford,0.0
3,2021-2022_West Ham_Aston Villa,0.0
3,2021-2022_Arsenal_Leicester,0.0
3,2021-2022_Crystal Palace_Man City,0.0
3,2021-2022_Brighton_Tottenham,0.0
3,2021-2022_Arsenal_Liverpool,0.0
3,2021-2022_Everton_Newcastle,0.0
3,2021-2022_Wolves_Leeds,1.0
3,2021-2022_Aston Villa_Arsenal,0.0
3,2021-2022_Leicester_Brentford,0.0
3,2021-2022_Tottenham_West Ham,0.0
3,2021-2022_Liverpool_Watford,0.0
3,2021-2022_Brighton_Norwich,0.0
3,2021-2022_Burnley_Man City,0.0
3,2021-2022_Chelsea_Brentford,0.0
3,2021-2022_Leeds_Southampton,0.0
3,2021-2022_Wolves_Aston Villa,1.0
3,2021-2022_Man United_Leicester,0.0
3,2021-2022_West Ham_Everton,0.0
3,2021-2022_Tottenham_Newcastle,1.0
3,2021-2022_Crystal Palace_Arsenal,0.0
3,2021-2022_Burnley_Everton,1.0
3,2021-2022_Newcastle_Wolves,0.0
3,2021-2022_Everton_Man United,0.0
3,2021-2022_Arsenal_Brighton,1.0
3,2021-2022_Southampton_Chelsea,0.0
3,2021-2022_Watford_Leeds,0.0
3,2021-2022_Aston Villa_Tottenham,0.0
3,2021-2022_Brentford_West Ham,0.0
3,2021-2022_Leicester_Crystal Palace,0.0
3,2021-2022_Norwich_Burnley,0.0
3,2021-2022_Man City_Liverpool,0.0
3,2021-2022_Tottenham_Brighton,0.0
3,2021-2022_Man United_Norwich,0.0
3,2021-2022_Southampton_Arsenal,0.0
3,2021-2022_Watford_Brentford,0.0
3,2021-2022_Newcastle_Leicester,0.0
3,2021-2022_West Ham_Burnley,0.0
3,2021-2022_Liverpool_Man United,0.0
3,2021-2022_Chelsea_Arsenal,1.0
3,2021-2022_Everton_Leicester,0.0
3,2021-2022_Newcastle_Crystal Palace,0.0
3,2021-2022_Man City_Brighton,0.0
3,2021-2022_Burnley_Southampton,0.0
3,2021-2022_Arsenal_Man United,1.0
3,2021-2022_Leicester_Aston Villa,0.0
3,2021-2022_Man City_Watford,0.0
3,2021-2022_Norwich_Newcastle,0.0
3,2021-2022_Brentford_Tottenham,0.0
3,2021-2022_Brighton_Southampton,0.0
3,2021-2022_Burnley_Wolves,0.0
3,2021-2022_Chelsea_West Ham,0.0
3,2021-2022_Liverpool_Everton,1.0
3,2021-2022_Crystal Palace_Leeds,0.0
3,2021-2022_Man United_Chelsea,0.0
3,2021-2022_Newcastle_Liverpool,0.0
3,2021-2022_Aston Villa_Norwich,0.0
3,2021-2022_Southampton_Crystal Palace,0.0
3,2021-2022_Watford_Burnley,0.0
3,2021-2022_Wolves_Brighton,0.0
3,2021-2022_Leeds_Man City,0.0
3,2021-2022_Everton_Chelsea,1.0
3,2021-2022_Tottenham_Leicester,0.0
3,2021-2022_West Ham_Arsenal,0.0
3,2021-2022_Man United_Brentford,0.0
3,2021-2022_Brentford_Southampton,0.0
3,2021-2022_Burnley_Aston Villa,0.0
3,2021-2022_Chelsea_Wolves,1.0
3,2021-2022_Crystal Palace_Watford,0.0
3,2021-2022_Brighton_Man United,0.0
3,2021-2022_Liverpool_Tottenham,0.0
3,2021-2022_Arsenal_Leeds,1.0
3,2021-2022_Leicester_Everton,0.0
3,2021-2022_Norwich_West Ham,0.0
3,2021-2022_Man City_Newcastle,1.0
3,2021-2022_Aston Villa_Liverpool,0.0
3,2021-2022_Leeds_Chelsea,0.0
3,2021-2022_Leicester_Norwich,0.0
3,2021-2022_Watford_Everton,0.0
3,2021-2022_Wolves_Man City,0.0
3,2021-2022_Tottenham_Arsenal,1.0
3,2021-2022_Tottenham_Burnley,0.0
3,2021-2022_Aston Villa_Crystal Palace,0.0
3,2021-2022_Leeds_Brighton,0.0
3,2021-2022_Watford_Leicester,0.0
3,2021-2022_West Ham_Man City,1.0
3,2021-2022_Wolves_Norwich,0.0
3,2021-2022_Everton_Brentford,1.0
3,2021-2022_Newcastle_Arsenal,0.0
3,2021-2022_Southampton_Liverpool,0.0
3,2021-2022_Everton_Crystal Palace,1.0
3,2021-2022_Aston Villa_Burnley,0.0
3,2021-2022_Chelsea_Leicester,0.0
3,2021-2022_Arsenal_Everton,0.0
3,2021-2022_Brentford_Leeds,1.0
3,2021-2022_Brighton_West Ham,0.0
3,2021-2022_Burnley_Newcastle,0.0
3,2021-2022_Chelsea_Watford,0.0
3,2021-2022_Crystal Palace_Man United,0.0
3,2021-2022_Leicester_Southampton,0.0
3,2021-2022_Liverpool_Wolves,0.0
3,2021-2022_Man City_Aston Villa,0.0
3,2021-2022_Norwich_Tottenham,1.0
3,2022-2023_Crystal Palace_Arsenal,0.0
3,2022-2023_Fulham_Liverpool,0.0
3,2022-2023_Bournemouth_Aston Villa,0.0
3,2022-2023_Leeds_Wolves,0.0
3,2022-2023_Newcastle_Nott'm Forest,0.0
3,2022-2023_Tottenham_Southampton,1.0
3,2022-2023_Everton_Chelsea,0.0
3,2022-2023_Leicester_Brentford,0.0
3,2022-2023_Man United_Brighton,1.0
3,2022-2023_West Ham_Man City,0.0
3,2022-2023_Aston Villa_Everton,1.0
3,2022-2023_Arsenal_Leicester,1.0
3,2022-2023_Brighton_Newcastle,0.0
3,2022-2023_Man City_Bournemouth,0.0
3,2022-2023_Southampton_Leeds,1.0
3,2022-2023_Wolves_Fulham,0.0
3,2022-2023_Brentford_Man United,1.0
3,2022-2023_Nott'm Forest_West Ham,0.0
3,2022-2023_Chelsea_Tottenham,0.0
3,2022-2023_Liverpool_Crystal Palace,1.0
3,2022-2023_Tottenham_Wolves,0.0
3,2022-2023_Crystal Palace_Aston Villa,0.0
3,2022-2023_Everton_Nott'm Forest,0.0
3,2022-2023_Fulham_Brentford,1.0
3,2022-2023_Leicester_Southampton,0.0
3,2022-2023_Bournemouth_Arsenal,0.0
3,2022-2023_Leeds_Chelsea,0.0
3,2022-2023_West Ham_Brighton,0.0
3,2022-2023_Newcastle_Man City,1.0
3,2022-2023_Man United_Liverpool,0.0
3,2022-2023_Southampton_Man United,0.0
3,2022-2023_Brentford_Everton,0.0
3,2022-2023_Brighton_Leeds,0.0
3,2022-2023_Chelsea_Leicester,0.0
3,2022-2023_Liverpool_Bournemouth,1.0
3,2022-2023_Man City_Crystal Palace,1.0
3,2022-2023_Arsenal_Fulham,1.0
3,2022-2023_Aston Villa_West Ham,0.0
3,2022-2023_Wolves_Newcastle,0.0
3,2022-2023_Nott'm Forest_Tottenham,1.0
3,2022-2023_Crystal Palace_Brentford,0.0
3,2022-2023_Fulham_Brighton,0.0
3,2022-2023_Southampton_Chelsea,0.0
3,2022-2023_Leeds_Everton,0.0
3,2022-2023_Arsenal_Aston Villa,1.0
3,2022-2023_Bournemouth_Wolves,0.0
3,2022-2023_Man City_Nott'm Forest,0.0
3,2022-2023_West Ham_Tottenham,1.0
3,2022-2023_Liverpool_Newcastle,0.0
3,2022-2023_Leicester_Man United,0.0
3,2022-2023_Everton_Liverpool,0.0
3,2022-2023_Brentford_Leeds,1.0
3,2022-2023_Chelsea_West Ham,0.0
3,2022-2023_Newcastle_Crystal Palace,0.0
3,2022-2023_Nott'm Forest_Bournemouth,0.0
3,2022-2023_Tottenham_Fulham,1.0
3,2022-2023_Wolves_Southampton,0.0
3,2022-2023_Aston Villa_Man City,0.0
3,2022-2023_Brighton_Leicester,1.0
3,2022-2023_Man United_Arsenal,1.0
3,2022-2023_Aston Villa_Southampton,0.0
3,2022-2023_Nott'm Forest_Fulham,1.0
3,2022-2023_Wolves_Man City,0.0
3,2022-2023_Newcastle_Bournemouth,0.0
3,2022-2023_Tottenham_Leicester,1.0
3,2022-2023_Brentford_Arsenal,0.0
3,2022-2023_Everton_West Ham,0.0
3,2022-2023_Arsenal_Tottenham,1.0
3,2022-2023_Bournemouth_Brentford,0.0
3,2022-2023_Crystal Palace_Chelsea,0.0
3,2022-2023_Fulham_Newcastle,1.0
3,2022-2023_Liverpool_Brighton,1.0
3,2022-2023_Southampton_Everton,1.0
3,2022-2023_West Ham_Wolves,0.0
3,2022-2023_Man City_Man United,1.0
3,2022-2023_Leeds_Aston Villa,1.0
3,2022-2023_Leicester_Nott'm Forest,1.0
3,2022-2023_Bournemouth_Leicester,0.0
3,2022-2023_Chelsea_Wolves,0.0
3,2022-2023_Man City_Southampton,0.0
3,2022-2023_Newcastle_Brentford,0.0
3,2022-2023_Brighton_Tottenham,0.0
3,2022-2023_Crystal Palace_Leeds,1.0
3,2022-2023_West Ham_Fulham,1.0
3,2022-2023_Arsenal_Liverpool,0.0
3,2022-2023_Everton_Man United,0.0
3,2022-2023_Nott'm Forest_Aston Villa,0.0
3,2022-2023_Brentford_Brighton,0.0
3,2022-2023_Leicester_Crystal Palace,0.0
3,2022-2023_Fulham_Bournemouth,0.0
3,2022-2023_Wolves_Nott'm Forest,0.0
3,2022-2023_Tottenham_Everton,0.0
3,2022-2023_Aston Villa_Chelsea,0.0
3,2022-2023_Leeds_Arsenal,0.0
3,2022-2023_Man United_Newcastle,0.0
3,2022-2023_Southampton_West Ham,0.0
3,2022-2023_Liverpool_Man City,0.0
3,2022-2023_Brighton_Nott'm Forest,0.0
3,2022-2023_Crystal Palace_Wolves,0.0
3,2022-2023_Bournemouth_Southampton,0.0
3,2022-2023_Brentford_Chelsea,0.0
3,2022-2023_Liverpool_West Ham,0.0
3,2022-2023_Newcastle_Everton,0.0
3,2022-2023_Man United_Tottenham,0.0
3,2022-2023_Fulham_Aston Villa,0.0
3,2022-2023_Leicester_Leeds,0.0
3,2022-2023_Nott'm Forest_Liverpool,0.0
3,2022-2023_Everton_Crystal Palace,1.0
3,2022-2023_Man City_Brighton,0.0
3,2022-2023_Chelsea_Man United,0.0
3,2022-2023_Aston Villa_Brentford,0.0
3,2022-2023_Leeds_Fulham,0.0
3,2022-2023_Southampton_Arsenal,0.0
3,2022-2023_Wolves_Leicester,0.0
3,2022-2023_Tottenham_Newcastle,1.0
3,2022-2023_West Ham_Bournemouth,0.0
3,2022-2023_Leicester_Man City,0.0
3,2022-2023_Bournemouth_Tottenham,1.0
3,2022-2023_Brentford_Wolves,1.0
3,2022-2023_Brighton_Chelsea,1.0
3,2022-2023_Crystal Palace_Southampton,0.0
3,2022-2023_Newcastle_Aston Villa,0.0
3,2022-2023_Fulham_Everton,0.0
3,2022-2023_Liverpool_Leeds,0.0
3,2022-2023_Arsenal_Nott'm Forest,0.0
3,2022-2023_Man United_West Ham,0.0
3,2022-2023_Leeds_Bournemouth,1.0
3,2022-2023_Man City_Fulham,1.0
3,2022-2023_Nott'm Forest_Brentford,0.0
3,2022-2023_Wolves_Brighton,1.0
3,2022-2023_Everton_Leicester,0.0
3,2022-2023_Chelsea_Arsenal,0.0
3,2022-2023_Aston Villa_Man United,1.0
3,2022-2023_Southampton_Newcastle,0.0
3,2022-2023_West Ham_Crystal Palace,0.0
3,2022-2023_Tottenham_Liverpool,0.0
3,2022-2023_Man City_Brentford,0.0
3,2022-2023_Bournemouth_Everton,0.0
3,2022-2023_Liverpool_Southampton,0.0
3,2022-2023_Nott'm Forest_Crystal Palace,0.0
3,2022-2023_Tottenham_Leeds,1.0
3,2022-2023_West Ham_Leicester,0.0
3,2022-2023_Newcastle_Chelsea,0.0
3,2022-2023_Wolves_Arsenal,0.0
3,2022-2023_Brighton_Aston Villa,0.0
3,2022-2023_Fulham_Man United,0.0
3,2022-2023_Brentford_Tottenham,1.0
3,2022-2023_Crystal Palace_Fulham,0.0
3,2022-2023_Everton_Wolves,1.0
3,2022-2023_Leicester_Newcastle,0.0
3,2022-2023_Southampton_Brighton,0.0
3,2022-2023_Aston Villa_Liverpool,0.0
3,2022-2023_Arsenal_West Ham,0.0
3,2022-2023_Chelsea_Bournemouth,0.0
3,2022-2023_Man United_Nott'm Forest,0.0
3,2022-2023_Leeds_Man City,1.0
3,2022-2023_West Ham_Brentford,0.0
3,2022-2023_Liverpool_Leicester,0.0
3,2022-2023_Wolves_Man United,0.0
3,2022-2023_Bournemouth_Crystal Palace,0.0
3,2022-2023_Fulham_Southampton,0.0
3,2022-2023_Man City_Everton,1.0
3,2022-2023_Newcastle_Leeds,0.0
3,2022-2023_Brighton_Arsenal,1.0
3,2022-2023_Tottenham_Aston Villa,1.0
3,2022-2023_Nott'm Forest_Chelsea,0.0
3,2022-2023_Brentford_Liverpool,1.0
3,2022-2023_Arsenal_Newcastle,0.0
3,2022-2023_Everton_Brighton,1.0
3,2022-2023_Leicester_Fulham,1.0
3,2022-2023_Man United_Bournemouth,0.0
3,2022-2023_Southampton_Nott'm Forest,0.0
3,2022-2023_Leeds_West Ham,1.0
3,2022-2023_Aston Villa_Wolves,0.0
3,2022-2023_Crystal Palace_Tottenham,0.0
3,2022-2023_Chelsea_Man City,0.0
3,2022-2023_Fulham_Chelsea,1.0
3,2022-2023_Aston Villa_Leeds,0.0
3,2022-2023_Man United_Man City,0.0
3,2022-2023_Brighton_Liverpool,0.0
3,2022-2023_Everton_Southampton,0.0
3,2022-2023_Nott'm Forest_Leicester,0.0
3,2022-2023_Wolves_West Ham,0.0
3,2022-2023_Brentford_Bournemouth,0.0
3,2022-2023_Chelsea_Crystal Palace,0.0
3,2022-2023_Newcastle_Fulham,0.0
3,2022-2023_Tottenham_Arsenal,0.0
3,2022-2023_Crystal Palace_Man United,0.0
3,2022-2023_Man City_Tottenham,1.0
3,2022-2023_Liverpool_Chelsea,0.0
3,2022-2023_Bournemouth_Nott'm Forest,0.0
3,2022-2023_Leicester_Brighton,0.0
3,2022-2023_Southampton_Aston Villa,0.0
3,2022-2023_West Ham_Everton,0.0
3,2022-2023_Crystal Palace_Newcastle,0.0
3,2022-2023_Leeds_Brentford,0.0
3,2022-2023_Man City_Wolves,1.0
3,2022-2023_Arsenal_Man United,1.0
3,2022-2023_Fulham_Tottenham,0.0
3,2022-2023_Chelsea_Fulham,0.0
3,2022-2023_Everton_Arsenal,0.0
3,2022-2023_Aston Villa_Leicester,1.0
3,2022-2023_Brentford_Southampton,0.0
3,2022-2023_Brighton_Bournemouth,0.0
3,2022-2023_Man United_Crystal Palace,1.0
3,2022-2023_Wolves_Liverpool,0.0
3,2022-2023_Newcastle_West Ham,0.0
3,2022-2023_Nott'm Forest_Leeds,0.0
3,2022-2023_Tottenham_Man City,1.0
3,2022-2023_Man United_Leeds,1.0
3,2022-2023_West Ham_Chelsea,0.0
3,2022-2023_Arsenal_Brentford,0.0
3,2022-2023_Crystal Palace_Brighton,0.0
3,2022-2023_Fulham_Nott'm Forest,0.0
3,2022-2023_Leicester_Tottenham,1.0
3,2022-2023_Southampton_Wolves,1.0
3,2022-2023_Bournemouth_Newcastle,0.0
3,2022-2023_Leeds_Man United,0.0
3,2022-2023_Man City_Aston Villa,0.0
3,2022-2023_Liverpool_Everton,0.0
3,2022-2023_Arsenal_Man City,0.0
3,2022-2023_Aston Villa_Arsenal,1.0
3,2022-2023_Brentford_Crystal Palace,0.0
3,2022-2023_Brighton_Fulham,0.0
3,2022-2023_Chelsea_Southampton,1.0
3,2022-2023_Everton_Leeds,0.0
3,2022-2023_Nott'm Forest_Man City,0.0
3,2022-2023_Wolves_Bournemouth,0.0
3,2022-2023_Newcastle_Liverpool,0.0
3,2022-2023_Man United_Leicester,0.0
3,2022-2023_Tottenham_West Ham,0.0
3,2022-2023_Fulham_Wolves,0.0
3,2022-2023_Everton_Aston Villa,0.0
3,2022-2023_Leeds_Southampton,0.0
3,2022-2023_Leicester_Arsenal,0.0
3,2022-2023_West Ham_Nott'm Forest,0.0
3,2022-2023_Bournemouth_Man City,1.0
3,2022-2023_Crystal Palace_Liverpool,0.0
3,2022-2023_Tottenham_Chelsea,0.0
3,2022-2023_Arsenal_Everton,0.0
3,2022-2023_Liverpool_Wolves,0.0
3,2022-2023_Man City_Newcastle,0.0
3,2022-2023_Arsenal_Bournemouth,0.0
3,2022-2023_Aston Villa_Crystal Palace,0.0
3,2022-2023_Brighton_West Ham,0.0
3,2022-2023_Chelsea_Leeds,0.0
3,2022-2023_Wolves_Tottenham,0.0
3,2022-2023_Southampton_Leicester,0.0
3,2022-2023_Nott'm Forest_Everton,1.0
3,2022-2023_Liverpool_Man United,1.0
3,2022-2023_Brentford_Fulham,1.0
3,2022-2023_Bournemouth_Liverpool,0.0
3,2022-2023_Everton_Brentford,0.0
3,2022-2023_Leeds_Brighton,0.0
3,2022-2023_Leicester_Chelsea,1.0
3,2022-2023_Tottenham_Nott'm Forest,1.0
3,2022-2023_Crystal Palace_Man City,0.0
3,2022-2023_Fulham_Arsenal,0.0
3,2022-2023_Man United_Southampton,0.0
3,2022-2023_West Ham_Aston Villa,0.0
3,2022-2023_Newcastle_Wolves,0.0
3,2022-2023_Brighton_Crystal Palace,0.0
3,2022-2023_Southampton_Brentford,0.0
3,2022-2023_Nott'm Forest_Newcastle,1.0
3,2022-2023_Aston Villa_Bournemouth,1.0
3,2022-2023_Brentford_Leicester,0.0
3,2022-2023_Southampton_Tottenham,1.0
3,2022-2023_Wolves_Leeds,1.0
3,2022-2023_Chelsea_Everton,1.0
3,2022-2023_Arsenal_Crystal Palace,0.0
3,2022-2023_Man City_Liverpool,0.0
3,2022-2023_Arsenal_Leeds,0.0
3,2022-2023_Bournemouth_Fulham,1.0
3,2022-2023_Brighton_Brentford,1.0
3,2022-2023_Crystal Palace_Leicester,1.0
3,2022-2023_Nott'm Forest_Wolves,1.0
3,2022-2023_Chelsea_Aston Villa,1.0
3,2022-2023_West Ham_Southampton,0.0
3,2022-2023_Newcastle_Man United,0.0
3,2022-2023_Everton_Tottenham,1.0
3,2022-2023_Bournemouth_Brighton,0.0
3,2022-2023_Leeds_Nott'm Forest,1.0
3,2022-2023_Leicester_Aston Villa,0.0
3,2022-2023_Chelsea_Liverpool,0.0
3,2022-2023_Man United_Brentford,0.0
3,2022-2023_West Ham_Newcastle,1.0
3,2022-2023_Man United_Everton,0.0
3,2022-2023_Aston Villa_Nott'm Forest,0.0
3,2022-2023_Brentford_Newcastle,0.0
3,2022-2023_Fulham_West Ham,0.0
3,2022-2023_Leicester_Bournemouth,0.0
3,2022-2023_Tottenham_Brighton,0.0
3,2022-2023_Wolves_Chelsea,0.0
3,2022-2023_Southampton_Man City,0.0
3,2022-2023_Leeds_Crystal Palace,1.0
3,2022-2023_Liverpool_Arsenal,1.0
3,2022-2023_Aston Villa_Newcastle,0.0
3,2022-2023_Chelsea_Brighton,0.0
3,2022-2023_Everton_Fulham,1.0
3,2022-2023_Southampton_Crystal Palace,0.0
3,2022-2023_Tottenham_Bournemouth,1.0
3,2022-2023_Wolves_Brentford,0.0
3,2022-2023_Man City_Leicester,0.0
3,2022-2023_West Ham_Arsenal,0.0
3,2022-2023_Nott'm Forest_Man United,0.0
3,2022-2023_Leeds_Liverpool,1.0
3,2022-2023_Arsenal_Southampton,1.0
3,2022-2023_Fulham_Leeds,0.0
3,2022-2023_Brentford_Aston Villa,0.0
3,2022-2023_Crystal Palace_Everton,0.0
3,2022-2023_Leicester_Wolves,0.0
3,2022-2023_Liverpool_Nott'm Forest,0.0
3,2022-2023_Bournemouth_West Ham,0.0
3,2022-2023_Newcastle_Tottenham,1.0
3,2022-2023_Wolves_Crystal Palace,1.0
3,2022-2023_Aston Villa_Fulham,0.0
3,2022-2023_Leeds_Leicester,0.0
3,2022-2023_Nott'm Forest_Brighton,0.0
3,2022-2023_Chelsea_Brentford,0.0
3,2022-2023_West Ham_Liverpool,0.0
3,2022-2023_Man City_Arsenal,1.0
3,2022-2023_Everton_Newcastle,1.0
3,2022-2023_Southampton_Bournemouth,0.0
3,2022-2023_Tottenham_Man United,0.0
3,2022-2023_Crystal Palace_West Ham,1.0
3,2022-2023_Brentford_Nott'm Forest,0.0
3,2022-2023_Brighton_Wolves,0.0
3,2022-2023_Bournemouth_Leeds,0.0
3,2022-2023_Fulham_Man City,0.0
3,2022-2023_Man United_Aston Villa,0.0
3,2022-2023_Newcastle_Southampton,1.0
3,2022-2023_Liverpool_Tottenham,1.0
3,2022-2023_Leicester_Everton,1.0
3,2022-2023_Arsenal_Chelsea,0.0
3,2022-2023_Liverpool_Fulham,0.0
3,2022-2023_Man City_West Ham,0.0
3,2022-2023_Brighton_Man United,1.0
3,2022-2023_Bournemouth_Chelsea,0.0
3,2022-2023_Man City_Leeds,0.0
3,2022-2023_Tottenham_Crystal Palace,0.0
3,2022-2023_Wolves_Aston Villa,0.0
3,2022-2023_Liverpool_Brentford,0.0
3,2022-2023_Newcastle_Arsenal,0.0
3,2022-2023_West Ham_Man United,0.0
3,2022-2023_Fulham_Leicester,1.0
3,2022-2023_Brighton_Everton,1.0
3,2022-2023_Nott'm Forest_Southampton,1.0
3,2022-2023_Leeds_Newcastle,1.0
3,2022-2023_Aston Villa_Tottenham,0.0
3,2022-2023_Chelsea_Nott'm Forest,1.0
3,2022-2023_Crystal Palace_Bournemouth,0.0
3,2022-2023_Man United_Wolves,0.0
3,2022-2023_Southampton_Fulham,0.0
3,2022-2023_Brentford_West Ham,0.0
3,2022-2023_Everton_Man City,0.0
3,2022-2023_Arsenal_Brighton,0.0
3,2022-2023_Leicester_Liverpool,0.0
3,2022-2023_Newcastle_Brighton,1.0
3,2022-2023_Tottenham_Brentford,0.0
3,2022-2023_Bournemouth_Man United,0.0
3,2022-2023_Fulham_Crystal Palace,0.0
3,2022-2023_Liverpool_Aston Villa,0.0
3,2022-2023_Wolves_Everton,1.0
3,2022-2023_Nott'm Forest_Arsenal,0.0
3,2022-2023_West Ham_Leeds,1.0
3,2022-2023_Brighton_Southampton,1.0
3,2022-2023_Man City_Chelsea,0.0
3,2022-2023_Newcastle_Leicester,0.0
3,2022-2023_Brighton_Man City,0.0
3,2022-2023_Man United_Chelsea,0.0
3,2022-2023_Arsenal_Wolves,0.0
3,2022-2023_Aston Villa_Brighton,1.0
3,2022-2023_Brentford_Man City,0.0
3,2022-2023_Chelsea_Newcastle,0.0
3,2022-2023_Crystal Palace_Nott'm Forest,0.0
3,2022-2023_Everton_Bournemouth,0.0
3,2022-2023_Leeds_Tottenham,1.0
3,2022-2023_Leicester_West Ham,0.0
3,2022-2023_Man United_Fulham,0.0
3,2022-2023_Southampton_Liverpool,1.0
3,2023-2024_Burnley_Man City,0.0
3,2023-2024_Arsenal_Nott'm Forest,0.0
3,2023-2024_Bournemouth_West Ham,0.0
3,2023-2024_Brighton_Luton,1.0
3,2023-2024_Everton_Fulham,0.0
3,2023-2024_Sheffield United_Crystal Palace,0.0
3,2023-2024_Newcastle_Aston Villa,1.0
3,2023-2024_Brentford_Tottenham,1.0
3,2023-2024_Chelsea_Liverpool,0.0
3,2023-2024_Man United_Wolves,0.0
3,2023-2024_Nott'm Forest_Sheffield United,0.0
3,2023-2024_Fulham_Brentford,1.0
3,2023-2024_Liverpool_Bournemouth,1.0
3,2023-2024_Wolves_Brighton,1.0
3,2023-2024_Tottenham_Man United,0.0
3,2023-2024_Man City_Newcastle,0.0
3,2023-2024_Aston Villa_Everton,1.0
3,2023-2024_West Ham_Chelsea,1.0
3,2023-2024_Crystal Palace_Arsenal,0.0
3,2023-2024_Chelsea_Luton,1.0
3,2023-2024_Bournemouth_Tottenham,0.0
3,2023-2024_Arsenal_Fulham,1.0
3,2023-2024_Brentford_Crystal Palace,0.0
3,2023-2024_Everton_Wolves,0.0
3,2023-2024_Man United_Nott'm Forest,1.0
3,2023-2024_Brighton_West Ham,1.0
3,2023-2024_Burnley_Aston Villa,0.0
3,2023-2024_Sheffield United_Man City,0.0
3,2023-2024_Newcastle_Liverpool,1.0
3,2023-2024_Luton_West Ham,0.0
3,2023-2024_Sheffield United_Everton,0.0
3,2023-2024_Brentford_Bournemouth,0.0
3,2023-2024_Burnley_Tottenham,1.0
3,2023-2024_Chelsea_Nott'm Forest,0.0
3,2023-2024_Man City_Fulham,1.0
3,2023-2024_Brighton_Newcastle,1.0
3,2023-2024_Crystal Palace_Wolves,1.0
3,2023-2024_Liverpool_Aston Villa,0.0
3,2023-2024_Arsenal_Man United,1.0
3,2023-2024_Wolves_Liverpool,1.0
3,2023-2024_Aston Villa_Crystal Palace,1.0
3,2023-2024_Fulham_Luton,0.0
3,2023-2024_Man United_Brighton,1.0
3,2023-2024_Tottenham_Sheffield United,1.0
3,2023-2024_West Ham_Man City,1.0
3,2023-2024_Newcastle_Brentford,0.0
3,2023-2024_Bournemouth_Chelsea,0.0
3,2023-2024_Everton_Arsenal,0.0
3,2023-2024_Nott'm Forest_Burnley,1.0
3,2023-2024_Crystal Palace_Fulham,0.0
3,2023-2024_Luton_Wolves,0.0
3,2023-2024_Man City_Nott'm Forest,0.0
3,2023-2024_Brentford_Everton,1.0
3,2023-2024_Burnley_Man United,0.0
3,2023-2024_Arsenal_Tottenham,1.0
3,2023-2024_Brighton_Bournemouth,1.0
3,2023-2024_Chelsea_Aston Villa,0.0
3,2023-2024_Liverpool_West Ham,0.0
3,2023-2024_Sheffield United_Newcastle,1.0
3,2023-2024_Aston Villa_Brighton,1.0
3,2023-2024_Bournemouth_Arsenal,0.0
3,2023-2024_Everton_Luton,0.0
3,2023-2024_Man United_Crystal Palace,0.0
3,2023-2024_Newcastle_Burnley,0.0
3,2023-2024_West Ham_Sheffield United,0.0
3,2023-2024_Wolves_Man City,1.0
3,2023-2024_Tottenham_Liverpool,1.0
3,2023-2024_Nott'm Forest_Brentford,0.0
3,2023-2024_Fulham_Chelsea,0.0
3,2023-2024_Luton_Burnley,1.0
3,2023-2024_Luton_Tottenham,0.0
3,2023-2024_Burnley_Chelsea,1.0
3,2023-2024_Everton_Bournemouth,0.0
3,2023-2024_Fulham_Sheffield United,0.0
3,2023-2024_Man United_Brentford,1.0
3,2023-2024_Crystal Palace_Nott'm Forest,0.0
3,2023-2024_Brighton_Liverpool,0.0
3,2023-2024_West Ham_Newcastle,1.0
3,2023-2024_Wolves_Aston Villa,0.0
3,2023-2024_Arsenal_Man City,0.0
3,2023-2024_Liverpool_Everton,0.0
3,2023-2024_Bournemouth_Wolves,1.0
3,2023-2024_Brentford_Burnley,1.0
3,2023-2024_Man City_Brighton,1.0
3,2023-2024_Newcastle_Crystal Palace,1.0
3,2023-2024_Nott'm Forest_Luton,0.0
3,2023-2024_Chelsea_Arsenal,1.0
3,2023-2024_Sheffield United_Man United,0.0
3,2023-2024_Aston Villa_West Ham,0.0
3,2023-2024_Tottenham_Fulham,0.0
3,2023-2024_Crystal Palace_Tottenham,0.0
3,2023-2024_Chelsea_Brentford,0.0
3,2023-2024_Arsenal_Sheffield United,0.0
3,2023-2024_Bournemouth_Burnley,0.0
3,2023-2024_Wolves_Newcastle,1.0
3,2023-2024_West Ham_Everton,0.0
3,2023-2024_Aston Villa_Luton,1.0
3,2023-2024_Brighton_Fulham,0.0
3,2023-2024_Liverpool_Nott'm Forest,1.0
3,2023-2024_Man United_Man City,1.0
3,2023-2024_Fulham_Man United,1.0
3,2023-2024_Brentford_West Ham,1.0
3,2023-2024_Burnley_Crystal Palace,0.0
3,2023-2024_Everton_Brighton,0.0
3,2023-2024_Man City_Bournemouth,1.0
3,2023-2024_Sheffield United_Wolves,1.0
3,2023-2024_Newcastle_Arsenal,0.0
3,2023-2024_Nott'm Forest_Aston Villa,0.0
3,2023-2024_Luton_Liverpool,0.0
3,2023-2024_Tottenham_Chelsea,1.0
3,2023-2024_Wolves_Tottenham,1.0
3,2023-2024_Arsenal_Burnley,1.0
3,2023-2024_Crystal Palace_Everton,1.0
3,2023-2024_Man United_Luton,0.0
3,2023-2024_Bournemouth_Newcastle,0.0
3,2023-2024_Aston Villa_Fulham,1.0
3,2023-2024_Brighton_Sheffield United,1.0
3,2023-2024_Liverpool_Brentford,0.0
3,2023-2024_West Ham_Nott'm Forest,1.0
3,2023-2024_Chelsea_Man City,1.0
3,2023-2024_Man City_Liverpool,0.0
3,2023-2024_Burnley_West Ham,0.0
3,2023-2024_Luton_Crystal Palace,1.0
3,2023-2024_Newcastle_Chelsea,1.0
3,2023-2024_Nott'm Forest_Brighton,1.0
3,2023-2024_Sheffield United_Bournemouth,1.0
3,2023-2024_Brentford_Arsenal,0.0
3,2023-2024_Tottenham_Aston Villa,0.0
3,2023-2024_Everton_Man United,0.0
3,2023-2024_Fulham_Wolves,1.0
3,2023-2024_Arsenal_Wolves,0.0
3,2023-2024_Brentford_Luton,0.0
3,2023-2024_Burnley_Sheffield United,1.0
3,2023-2024_Nott'm Forest_Everton,0.0
3,2023-2024_Newcastle_Man United,0.0
3,2023-2024_Bournemouth_Aston Villa,1.0
3,2023-2024_Chelsea_Brighton,1.0
3,2023-2024_Liverpool_Fulham,1.0
3,2023-2024_West Ham_Crystal Palace,0.0
3,2023-2024_Man City_Tottenham,1.0
3,2023-2024_Wolves_Burnley,0.0
3,2023-2024_Luton_Arsenal,1.0
3,2023-2024_Brighton_Brentford,0.0
3,2023-2024_Crystal Palace_Bournemouth,0.0
3,2023-2024_Fulham_Nott'm Forest,0.0
3,2023-2024_Sheffield United_Liverpool,0.0
3,2023-2024_Aston Villa_Man City,0.0
3,2023-2024_Man United_Chelsea,1.0
3,2023-2024_Everton_Newcastle,0.0
3,2023-2024_Tottenham_West Ham,1.0
3,2023-2024_Crystal Palace_Liverpool,1.0
3,2023-2024_Brighton_Burnley,0.0
3,2023-2024_Man United_Bournemouth,0.0
3,2023-2024_Sheffield United_Brentford,0.0
3,2023-2024_Wolves_Nott'm Forest,0.0
3,2023-2024_Aston Villa_Arsenal,0.0
3,2023-2024_Everton_Chelsea,0.0
3,2023-2024_Fulham_West Ham,1.0
3,2023-2024_Luton_Man City,0.0
3,2023-2024_Tottenham_Newcastle,1.0
3,2023-2024_Nott'm Forest_Tottenham,1.0
3,2023-2024_Chelsea_Sheffield United,0.0
3,2023-2024_Man City_Crystal Palace,0.0
3,2023-2024_Newcastle_Fulham,0.0
3,2023-2024_Burnley_Everton,0.0
3,2023-2024_Arsenal_Brighton,0.0
3,2023-2024_Brentford_Aston Villa,1.0
3,2023-2024_West Ham_Wolves,0.0
3,2023-2024_Liverpool_Man United,1.0
3,2023-2024_Crystal Palace_Brighton,1.0
3,2023-2024_Aston Villa_Sheffield United,0.0
3,2023-2024_West Ham_Man United,0.0
3,2023-2024_Fulham_Burnley,0.0
3,2023-2024_Luton_Newcastle,0.0
3,2023-2024_Nott'm Forest_Bournemouth,1.0
3,2023-2024_Tottenham_Everton,1.0
3,2023-2024_Liverpool_Arsenal,1.0
3,2023-2024_Wolves_Chelsea,1.0
3,2023-2024_Newcastle_Nott'm Forest,1.0
3,2023-2024_Bournemouth_Fulham,0.0
3,2023-2024_Sheffield United_Luton,1.0
3,2023-2024_Burnley_Liverpool,0.0
3,2023-2024_Man United_Aston Villa,1.0
3,2023-2024_Brentford_Wolves,0.0
3,2023-2024_Chelsea_Crystal Palace,0.0
3,2023-2024_Everton_Man City,1.0
3,2023-2024_Brighton_Tottenham,1.0
3,2023-2024_Arsenal_West Ham,0.0
3,2023-2024_Luton_Chelsea,1.0
3,2023-2024_Aston Villa_Burnley,1.0
3,2023-2024_Crystal Palace_Brentford,0.0
3,2023-2024_Man City_Sheffield United,0.0
3,2023-2024_Wolves_Everton,0.0
3,2023-2024_Nott'm Forest_Man United,1.0
3,2023-2024_Fulham_Arsenal,1.0
3,2023-2024_Tottenham_Bournemouth,1.0
3,2023-2024_Liverpool_Newcastle,1.0
3,2023-2024_West Ham_Brighton,0.0
3,2023-2024_Burnley_Luton,0.0
3,2023-2024_Chelsea_Fulham,1.0
3,2023-2024_Newcastle_Man City,1.0
3,2023-2024_Everton_Aston Villa,0.0
3,2023-2024_Man United_Tottenham,0.0
3,2023-2024_Arsenal_Crystal Palace,0.0
3,2023-2024_Brentford_Nott'm Forest,1.0
3,2023-2024_Sheffield United_West Ham,1.0
3,2023-2024_Bournemouth_Liverpool,1.0
3,2023-2024_Brighton_Wolves,0.0
3,2023-2024_Nott'm Forest_Arsenal,0.0
3,2023-2024_Fulham_Everton,0.0
3,2023-2024_Luton_Brighton,1.0
3,2023-2024_Crystal Palace_Sheffield United,1.0
3,2023-2024_Aston Villa_Newcastle,1.0
3,2023-2024_Man City_Burnley,1.0
3,2023-2024_Tottenham_Brentford,1.0
3,2023-2024_Liverpool_Chelsea,1.0
3,2023-2024_West Ham_Bournemouth,0.0
3,2023-2024_Wolves_Man United,1.0
3,2023-2024_Everton_Tottenham,0.0
3,2023-2024_Brighton_Crystal Palace,1.0
3,2023-2024_Burnley_Fulham,1.0
3,2023-2024_Newcastle_Luton,1.0
3,2023-2024_Sheffield United_Aston Villa,0.0
3,2023-2024_Bournemouth_Nott'm Forest,0.0
3,2023-2024_Chelsea_Wolves,1.0
3,2023-2024_Man United_West Ham,0.0
3,2023-2024_Arsenal_Liverpool,1.0
3,2023-2024_Brentford_Man City,0.0
3,2023-2024_Man City_Everton,0.0
3,2023-2024_Fulham_Bournemouth,0.0
3,2023-2024_Liverpool_Burnley,1.0
3,2023-2024_Luton_Sheffield United,0.0
3,2023-2024_Tottenham_Brighton,0.0
3,2023-2024_Wolves_Brentford,0.0
3,2023-2024_Nott'm Forest_Newcastle,1.0
3,2023-2024_West Ham_Arsenal,1.0
3,2023-2024_Aston Villa_Man United,1.0
3,2023-2024_Crystal Palace_Chelsea,1.0
3,2023-2024_Brentford_Liverpool,1.0
3,2023-2024_Burnley_Arsenal,1.0
3,2023-2024_Fulham_Aston Villa,1.0
3,2023-2024_Newcastle_Bournemouth,1.0
3,2023-2024_Nott'm Forest_West Ham,1.0
3,2023-2024_Tottenham_Wolves,0.0
3,2023-2024_Man City_Chelsea,0.0
3,2023-2024_Sheffield United_Brighton,1.0
3,2023-2024_Luton_Man United,1.0
3,2023-2024_Everton_Crystal Palace,0.0
3,2023-2024_Man City_Brentford,1.0
3,2023-2024_Liverpool_Luton,1.0
3,2023-2024_Aston Villa_Nott'm Forest,1.0
3,2023-2024_Brighton_Everton,1.0
3,2023-2024_Crystal Palace_Burnley,0.0
3,2023-2024_Man United_Fulham,1.0
3,2023-2024_Bournemouth_Man City,0.0
3,2023-2024_Arsenal_Newcastle,0.0
3,2023-2024_Wolves_Sheffield United,0.0
3,2023-2024_West Ham_Brentford,1.0
3,2023-2024_Brentford_Chelsea,1.0
3,2023-2024_Everton_West Ham,0.0
3,2023-2024_Fulham_Brighton,0.0
3,2023-2024_Newcastle_Wolves,0.0
3,2023-2024_Nott'm Forest_Liverpool,0.0
3,2023-2024_Tottenham_Crystal Palace,0.0
3,2023-2024_Luton_Aston Villa,1.0
3,2023-2024_Burnley_Bournemouth,0.0
3,2023-2024_Man City_Man United,0.0
3,2023-2024_Sheffield United_Arsenal,0.0
3,2023-2024_Man United_Everton,0.0
3,2023-2024_Bournemouth_Sheffield United,1.0
3,2023-2024_Crystal Palace_Luton,0.0
3,2023-2024_Wolves_Fulham,1.0
3,2023-2024_Arsenal_Brentford,1.0
3,2023-2024_Aston Villa_Tottenham,0.0
3,2023-2024_Brighton_Nott'm Forest,1.0
3,2023-2024_West Ham_Burnley,1.0
3,2023-2024_Liverpool_Man City,0.0
3,2023-2024_Chelsea_Newcastle,1.0
3,2023-2024_Bournemouth_Luton,1.0
3,2023-2024_Burnley_Brentford,1.0
3,2023-2024_Luton_Nott'm Forest,0.0
3,2023-2024_Fulham_Tottenham,1.0
3,2023-2024_West Ham_Aston Villa,1.0
3,2023-2024_Newcastle_West Ham,1.0
3,2023-2024_Bournemouth_Everton,0.0
3,2023-2024_Chelsea_Burnley,1.0
3,2023-2024_Nott'm Forest_Crystal Palace,0.0
3,2023-2024_Sheffield United_Fulham,1.0
3,2023-2024_Tottenham_Luton,1.0
3,2023-2024_Aston Villa_Wolves,1.0
3,2023-2024_Brentford_Man United,0.0
3,2023-2024_Liverpool_Brighton,1.0
3,2023-2024_Man City_Arsenal,0.0
3,2023-2024_Newcastle_Everton,0.0
3,2023-2024_Nott'm Forest_Fulham,0.0
3,2023-2024_Bournemouth_Crystal Palace,0.0
3,2023-2024_Burnley_Wolves,0.0
3,2023-2024_West Ham_Tottenham,0.0
3,2023-2024_Arsenal_Luton,0.0
3,2023-2024_Brentford_Brighton,0.0
3,2023-2024_Man City_Aston Villa,1.0
3,2023-2024_Liverpool_Sheffield United,0.0
3,2023-2024_Chelsea_Man United,1.0
3,2023-2024_Crystal Palace_Man City,0.0
3,2023-2024_Aston Villa_Brentford,1.0
3,2023-2024_Everton_Burnley,0.0
3,2023-2024_Fulham_Newcastle,0.0
3,2023-2024_Luton_Bournemouth,0.0
3,2023-2024_Wolves_West Ham,1.0
3,2023-2024_Brighton_Arsenal,0.0
3,2023-2024_Man United_Liverpool,1.0
3,2023-2024_Sheffield United_Chelsea,0.0
3,2023-2024_Tottenham_Nott'm Forest,1.0
3,2023-2024_Newcastle_Tottenham,1.0
3,2023-2024_Brentford_Sheffield United,0.0
3,2023-2024_Burnley_Brighton,0.0
3,2023-2024_Man City_Luton,0.0
3,2023-2024_Nott'm Forest_Wolves,1.0
3,2023-2024_Bournemouth_Man United,1.0
3,2023-2024_Liverpool_Crystal Palace,0.0
3,2023-2024_West Ham_Fulham,0.0
3,2023-2024_Arsenal_Aston Villa,0.0
3,2023-2024_Chelsea_Everton,1.0
3,2023-2024_Luton_Brentford,1.0
3,2023-2024_Sheffield United_Burnley,0.0
3,2023-2024_Wolves_Arsenal,0.0
3,2023-2024_Everton_Nott'm Forest,0.0
3,2023-2024_Aston Villa_Bournemouth,1.0
3,2023-2024_Crystal Palace_West Ham,1.0
3,2023-2024_Fulham_Liverpool,0.0
3,2023-2024_Arsenal_Chelsea,1.0
3,2023-2024_Wolves_Bournemouth,1.0
3,2023-2024_Crystal Palace_Newcastle,0.0
3,2023-2024_Everton_Liverpool,0.0
3,2023-2024_Man United_Sheffield United,0.0
3,2023-2024_Brighton_Man City,0.0
3,2023-2024_West Ham_Liverpool,0.0
3,2023-2024_Fulham_Crystal Palace,0.0
3,2023-2024_Man United_Burnley,0.0
3,2023-2024_Newcastle_Sheffield United,0.0
3,2023-2024_Wolves_Luton,0.0
3,2023-2024_Everton_Brentford,0.0
3,2023-2024_Aston Villa_Chelsea,1.0
3,2023-2024_Bournemouth_Brighton,0.0
3,2023-2024_Tottenham_Arsenal,1.0
3,2023-2024_Nott'm Forest_Man City,0.0
3,2023-2024_Chelsea_Tottenham,0.0
3,2023-2024_Luton_Everton,0.0
3,2023-2024_Arsenal_Bournemouth,1.0
3,2023-2024_Brentford_Fulham,0.0
3,2023-2024_Burnley_Newcastle,1.0
3,2023-2024_Sheffield United_Nott'm Forest,1.0
3,2023-2024_Man City_Wolves,1.0
3,2023-2024_Brighton_Aston Villa,0.0
3,2023-2024_Chelsea_West Ham,1.0
3,2023-2024_Liverpool_Tottenham,1.0
3,2023-2024_Crystal Palace_Man United,0.0
3,2023-2024_Fulham_Man City,1.0
3,2023-2024_Bournemouth_Brentford,0.0
3,2023-2024_Everton_Sheffield United,0.0
3,2023-2024_Newcastle_Brighton,1.0
3,2023-2024_Tottenham_Burnley,1.0
3,2023-2024_West Ham_Luton,1.0
3,2023-2024_Wolves_Crystal Palace,1.0
3,2023-2024_Nott'm Forest_Chelsea,1.0
3,2023-2024_Man United_Arsenal,0.0
3,2023-2024_Aston Villa_Liverpool,1.0
3,2023-2024_Tottenham_Man City,0.0
3,2023-2024_Brighton_Chelsea,1.0
3,2023-2024_Man United_Newcastle,1.0
3,2023-2024_Arsenal_Everton,1.0
3,2023-2024_Brentford_Newcastle,1.0
3,2023-2024_Brighton_Man United,0.0
3,2023-2024_Burnley_Nott'm Forest,0.0
3,2023-2024_Chelsea_Bournemouth,1.0
3,2023-2024_Crystal Palace_Aston Villa,1.0
3,2023-2024_Liverpool_Wolves,0.0
3,2023-2024_Luton_Fulham,1.0
3,2023-2024_Man City_West Ham,0.0
3,2023-2024_Sheffield United_Tottenham,0.0
3,2024-2025_Man United_Fulham,0.0
3,2024-2025_Ipswich_Liverpool,0.0
3,2024-2025_Arsenal_Wolves,0.0
3,2024-2025_Everton_Brighton,0.0
3,2024-2025_Newcastle_Southampton,1.0
3,2024-2025_Nott'm Forest_Bournemouth,0.0
3,2024-2025_West Ham_Aston Villa,0.0
3,2024-2025_Brentford_Crystal Palace,1.0
3,2024-2025_Chelsea_Man City,0.0
3,2024-2025_Leicester_Tottenham,0.0
3,2024-2025_Brighton_Nott'm Forest,0.0
3,2024-2025_Man City_Arsenal,1.0
3,2024-2025_Newcastle_Man City,1.0
3,2024-2025_Arsenal_Leicester,1.0
3,2024-2025_Brentford_West Ham,0.0
3,2024-2025_Leicester_Nott'm Forest,1.0
3,2024-2025_Aston Villa_Bournemouth,1.0
3,2024-2025_Brentford_Ipswich,1.0
3,2024-2025_Brighton_Wolves,1.0
3,2024-2025_Man City_Southampton,0.0
3,2024-2025_Wolves_Southampton,0.0
3,2024-2025_Brighton_Man City,1.0
3,2024-2025_Liverpool_Aston Villa,0.0
3,2024-2025_Man United_Leicester,0.0
3,2024-2025_Nott'm Forest_Newcastle,0.0
3,2024-2025_Tottenham_Ipswich,1.0
3,2024-2025_Chelsea_Arsenal,0.0
3,2024-2025_Leicester_Chelsea,0.0
3,2024-2025_Ipswich_Crystal Palace,0.0
3,2024-2025_Leicester_West Ham,1.0
3,2024-2025_Everton_Wolves,0.0
3,2024-2025_Man City_Nott'm Forest,1.0
3,2024-2025_Newcastle_Liverpool,1.0
3,2024-2025_Southampton_Chelsea,1.0
3,2024-2025_Arsenal_Man United,0.0
3,2024-2025_Aston Villa_Brentford,1.0
3,2024-2025_Fulham_Brighton,0.0
3,2024-2025_Aston Villa_Southampton,0.0
3,2024-2025_Arsenal_Everton,0.0
3,2024-2025_Aston Villa_Man City,1.0
3,2024-2025_Brentford_Nott'm Forest,0.0
3,2024-2025_Ipswich_Newcastle,0.0
3,2024-2025_West Ham_Brighton,0.0
3,2024-2025_Crystal Palace_Arsenal,1.0
3,2024-2025_Everton_Chelsea,0.0
3,2024-2025_Fulham_Southampton,0.0
3,2024-2025_Leicester_Wolves,0.0
3,2024-2025_Tottenham_Newcastle,1.0
3,2024-2025_Aston Villa_Leicester,0.0
3,2024-2025_Bournemouth_Everton,0.0
3,2024-2025_Crystal Palace_Chelsea,0.0
3,2024-2025_Man City_West Ham,1.0
3,2024-2025_Southampton_Brentford,0.0
3,2024-2025_Brighton_Arsenal,0.0
3,2024-2025_Fulham_Ipswich,1.0
3,2024-2025_Liverpool_Man United,1.0
3,2024-2025_Man United_Newcastle,0.0
3,2024-2025_Brentford_Arsenal,0.0
3,2024-2025_Liverpool_Fulham,1.0
3,2024-2025_Newcastle_Leicester,1.0
3,2024-2025_Wolves_Ipswich,0.0
3,2024-2025_Nott'm Forest_Aston Villa,0.0
3,2024-2025_Brighton_Crystal Palace,1.0
3,2024-2025_Man City_Man United,0.0
3,2024-2025_Brighton_Southampton,1.0
3,2024-2025_Brentford_Leicester,0.0
3,2024-2025_Crystal Palace_Newcastle,0.0
3,2024-2025_Brighton_Brentford,0.0
3,2024-2025_Man City_Leicester,0.0
3,2024-2025_Chelsea_Everton,0.0
3,2024-2025_Brighton_Man United,0.0
3,2024-2025_Crystal Palace_West Ham,0.0
3,2024-2025_Fulham_Leicester,0.0
3,2024-2025_Man City_Ipswich,0.0
3,2024-2025_Southampton_Nott'm Forest,1.0
3,2024-2025_Tottenham_Everton,0.0
3,2024-2025_Aston Villa_Arsenal,1.0
3,2024-2025_Bournemouth_Newcastle,0.0
3,2024-2025_Wolves_Chelsea,1.0
3,2024-2025_Liverpool_Brentford,0.0
3,2024-2025_Arsenal_Brighton,1.0
3,2024-2025_Brentford_Southampton,0.0
3,2024-2025_Everton_Bournemouth,1.0
3,2024-2025_Ipswich_Fulham,0.0
3,2024-2025_Leicester_Aston Villa,1.0
3,2024-2025_Nott'm Forest_Wolves,1.0
3,2024-2025_West Ham_Man City,1.0
3,2024-2025_Chelsea_Crystal Palace,1.0
3,2024-2025_Newcastle_Tottenham,1.0
3,2024-2025_Man United_Liverpool,0.0
3,2024-2025_Southampton_Man United,1.0
3,2024-2025_Brighton_Ipswich,0.0
3,2024-2025_Crystal Palace_Leicester,0.0
3,2024-2025_Fulham_West Ham,0.0
3,2024-2025_Liverpool_Nott'm Forest,1.0
3,2024-2025_Man City_Brentford,0.0
3,2024-2025_Aston Villa_Everton,1.0
3,2024-2025_Bournemouth_Chelsea,0.0
3,2024-2025_Tottenham_Arsenal,0.0
3,2024-2025_Wolves_Newcastle,1.0
3,2024-2025_West Ham_Chelsea,1.0
3,2024-2025_Aston Villa_Wolves,0.0
3,2024-2025_Fulham_Newcastle,1.0
3,2024-2025_Leicester_Everton,0.0
3,2024-2025_Liverpool_Bournemouth,1.0
3,2024-2025_Southampton_Ipswich,1.0
3,2024-2025_Tottenham_Brentford,1.0
3,2024-2025_Crystal Palace_Man United,0.0
3,2024-2025_Chelsea_Brighton,1.0
3,2024-2025_Everton_Crystal Palace,0.0
3,2024-2025_Nott'm Forest_Fulham,0.0
3,2024-2025_Wolves_Liverpool,0.0
3,2024-2025_Ipswich_Aston Villa,1.0
3,2024-2025_Man United_Tottenham,1.0
3,2024-2025_Bournemouth_Southampton,1.0
3,2024-2025_Crystal Palace_Liverpool,0.0
3,2024-2025_Arsenal_Southampton,0.0
3,2024-2025_Brentford_Wolves,1.0
3,2024-2025_Leicester_Bournemouth,0.0
3,2024-2025_Man City_Fulham,1.0
3,2024-2025_West Ham_Ipswich,0.0
3,2024-2025_Everton_Newcastle,0.0
3,2024-2025_Aston Villa_Man United,0.0
3,2024-2025_Chelsea_Nott'm Forest,1.0
3,2024-2025_Brighton_Tottenham,1.0
3,2024-2025_Tottenham_West Ham,1.0
3,2024-2025_Fulham_Aston Villa,1.0
3,2024-2025_Ipswich_Everton,0.0
3,2024-2025_Man United_Brentford,0.0
3,2024-2025_Newcastle_Brighton,0.0
3,2024-2025_Southampton_Leicester,1.0
3,2024-2025_Bournemouth_Arsenal,0.0
3,2024-2025_Wolves_Man City,0.0
3,2024-2025_Liverpool_Chelsea,1.0
3,2024-2025_Nott'm Forest_Crystal Palace,0.0
3,2024-2025_Everton_Fulham,0.0
3,2024-2025_Chelsea_Newcastle,1.0
3,2024-2025_Crystal Palace_Tottenham,1.0
3,2024-2025_West Ham_Man United,1.0
3,2024-2025_Arsenal_Liverpool,1.0
3,2024-2025_Newcastle_Arsenal,0.0
3,2024-2025_Bournemouth_Man City,0.0
3,2024-2025_Ipswich_Leicester,1.0
3,2024-2025_Liverpool_Brighton,0.0
3,2024-2025_Nott'm Forest_West Ham,0.0
3,2024-2025_Southampton_Everton,0.0
3,2024-2025_Wolves_Crystal Palace,0.0
3,2024-2025_Tottenham_Aston Villa,0.0
3,2024-2025_Man United_Chelsea,1.0
3,2024-2025_Fulham_Brentford,0.0
3,2024-2025_Brentford_Bournemouth,1.0
3,2024-2025_Crystal Palace_Fulham,0.0
3,2024-2025_West Ham_Everton,0.0
3,2024-2025_Arsenal_Nott'm Forest,1.0
3,2024-2025_Aston Villa_Crystal Palace,1.0
3,2024-2025_Bournemouth_Brighton,1.0
3,2024-2025_Everton_Brentford,0.0
3,2024-2025_Fulham_Wolves,1.0
3,2024-2025_Man City_Tottenham,1.0
3,2024-2025_Southampton_Liverpool,1.0
3,2024-2025_Leicester_Man City,0.0
3,2024-2025_Crystal Palace_Southampton,0.0
3,2024-2025_Everton_Nott'm Forest,0.0
3,2024-2025_Fulham_Bournemouth,1.0
3,2024-2025_Tottenham_Wolves,0.0
3,2024-2025_West Ham_Liverpool,0.0
3,2024-2025_Aston Villa_Brighton,1.0
3,2024-2025_Ipswich_Chelsea,1.0
3,2024-2025_Ipswich_Man United,0.0
3,2024-2025_Newcastle_West Ham,0.0
3,2024-2025_Arsenal_Ipswich,0.0
3,2024-2025_Brentford_Newcastle,1.0
3,2024-2025_Crystal Palace_Man City,0.0
3,2024-2025_Chelsea_Brentford,0.0
3,2024-2025_Southampton_Tottenham,1.0
3,2024-2025_Bournemouth_West Ham,0.0
3,2024-2025_Man United_Bournemouth,0.0
3,2024-2025_Tottenham_Liverpool,1.0
3,2024-2025_Man City_Everton,0.0
3,2024-2025_Bournemouth_Crystal Palace,0.0
3,2024-2025_Chelsea_Fulham,0.0
3,2024-2025_Newcastle_Aston Villa,1.0
3,2024-2025_Nott'm Forest_Tottenham,0.0
3,2024-2025_Southampton_West Ham,0.0
3,2024-2025_Wolves_Man United,0.0
3,2024-2025_Liverpool_Leicester,0.0
3,2024-2025_Wolves_Nott'm Forest,0.0
3,2024-2025_Brentford_Man City,0.0
3,2024-2025_Chelsea_Bournemouth,1.0
3,2024-2025_West Ham_Fulham,1.0
3,2024-2025_Nott'm Forest_Liverpool,0.0
3,2024-2025_Everton_Aston Villa,0.0
3,2024-2025_Nott'm Forest_Ipswich,0.0
3,2024-2025_Wolves_Bournemouth,1.0
3,2024-2025_West Ham_Arsenal,1.0
3,2024-2025_Chelsea_Aston Villa,0.0
3,2024-2025_Man United_Everton,0.0
3,2024-2025_Tottenham_Fulham,0.0
3,2024-2025_Liverpool_Man City,0.0
3,2024-2025_Bournemouth_Tottenham,0.0
3,2024-2025_Man United_Nott'm Forest,0.0
3,2024-2025_Fulham_Arsenal,0.0
3,2024-2025_Ipswich_Bournemouth,0.0
3,2024-2025_Leicester_Brighton,0.0
3,2024-2025_Tottenham_Chelsea,1.0
3,2024-2025_West Ham_Wolves,1.0
3,2024-2025_Leicester_Crystal Palace,0.0
3,2024-2025_Newcastle_Wolves,0.0
3,2024-2025_Arsenal_Tottenham,0.0
3,2024-2025_Ipswich_Brighton,0.0
3,2024-2025_Man United_Southampton,1.0
3,2024-2025_Newcastle_Bournemouth,1.0
3,2024-2025_Brentford_Liverpool,0.0
3,2024-2025_Leicester_Fulham,0.0
3,2024-2025_West Ham_Crystal Palace,0.0
3,2024-2025_Arsenal_Aston Villa,1.0
3,2024-2025_Everton_Tottenham,1.0
3,2024-2025_Man United_Brighton,1.0
3,2024-2025_Nott'm Forest_Southampton,1.0
3,2024-2025_Ipswich_Man City,0.0
3,2024-2025_Chelsea_Wolves,1.0
3,2024-2025_Bournemouth_Nott'm Forest,1.0
3,2024-2025_Brighton_Everton,0.0
3,2024-2025_Liverpool_Ipswich,0.0
3,2024-2025_Southampton_Newcastle,0.0
3,2024-2025_Wolves_Arsenal,0.0
3,2024-2025_Man City_Chelsea,1.0
3,2024-2025_Crystal Palace_Brentford,0.0
3,2024-2025_Tottenham_Leicester,1.0
3,2024-2025_Aston Villa_West Ham,0.0
3,2024-2025_Fulham_Man United,0.0
3,2024-2025_Nott'm Forest_Brighton,1.0
3,2024-2025_Bournemouth_Liverpool,0.0
3,2024-2025_Everton_Leicester,0.0
3,2024-2025_Ipswich_Southampton,0.0
3,2024-2025_Newcastle_Fulham,1.0
3,2024-2025_Wolves_Aston Villa,0.0
3,2024-2025_Brentford_Tottenham,0.0
3,2024-2025_Man United_Crystal Palace,0.0
3,2024-2025_Arsenal_Man City,0.0
3,2024-2025_Chelsea_West Ham,0.0
3,2024-2025_Everton_Liverpool,1.0
3,2024-2025_Brighton_Chelsea,0.0
3,2024-2025_Leicester_Arsenal,0.0
3,2024-2025_Aston Villa_Ipswich,0.0
3,2024-2025_Fulham_Nott'm Forest,0.0
3,2024-2025_Man City_Newcastle,0.0
3,2024-2025_Southampton_Bournemouth,1.0
3,2024-2025_West Ham_Brentford,0.0
3,2024-2025_Crystal Palace_Everton,0.0
3,2024-2025_Liverpool_Wolves,0.0
3,2024-2025_Tottenham_Man United,0.0
3,2024-2025_Aston Villa_Liverpool,0.0
3,2024-2025_Leicester_Brentford,0.0
3,2024-2025_Everton_Man United,0.0
3,2024-2025_Arsenal_West Ham,0.0
3,2024-2025_Bournemouth_Wolves,1.0
3,2024-2025_Fulham_Crystal Palace,0.0
3,2024-2025_Ipswich_Tottenham,1.0
3,2024-2025_Southampton_Brighton,0.0
3,2024-2025_Aston Villa_Chelsea,0.0
3,2024-2025_Newcastle_Nott'm Forest,1.0
3,2024-2025_Man City_Liverpool,0.0
3,2024-2025_Brighton_Bournemouth,0.0
3,2024-2025_Crystal Palace_Aston Villa,1.0
3,2024-2025_Wolves_Fulham,0.0
3,2024-2025_Chelsea_Southampton,1.0
3,2024-2025_Brentford_Everton,0.0
3,2024-2025_Man United_Ipswich,1.0
3,2024-2025_Nott'm Forest_Arsenal,0.0
3,2024-2025_Tottenham_Man City,0.0
3,2024-2025_Liverpool_Newcastle,0.0
3,2024-2025_West Ham_Leicester,0.0
3,2024-2025_Nott'm Forest_Man City,0.0
3,2024-2025_Brighton_Fulham,0.0
3,2024-2025_Crystal Palace_Ipswich,1.0
3,2024-2025_Liverpool_Southampton,0.0
3,2024-2025_Brentford_Aston Villa,0.0
3,2024-2025_Wolves_Everton,0.0
3,2024-2025_Chelsea_Leicester,0.0
3,2024-2025_Tottenham_Bournemouth,1.0
3,2024-2025_Man United_Arsenal,0.0
3,2024-2025_West Ham_Newcastle,0.0
3,2024-2025_Everton_West Ham,0.0
3,2024-2025_Ipswich_Nott'm Forest,0.0
3,2024-2025_Man City_Brighton,1.0
3,2024-2025_Southampton_Wolves,0.0
3,2024-2025_Bournemouth_Brentford,0.0
3,2024-2025_Arsenal_Chelsea,0.0
3,2024-2025_Fulham_Tottenham,0.0
3,2024-2025_Leicester_Man United,0.0
3,2024-2025_Arsenal_Fulham,0.0
3,2024-2025_Wolves_West Ham,0.0
3,2024-2025_Nott'm Forest_Man United,0.0
3,2024-2025_Bournemouth_Ipswich,0.0
3,2024-2025_Brighton_Aston Villa,0.0
3,2024-2025_Newcastle_Brentford,0.0
3,2024-2025_Southampton_Crystal Palace,0.0
3,2024-2025_Liverpool_Everton,0.0
3,2024-2025_Chelsea_Tottenham,0.0
3,2024-2025_Everton_Arsenal,0.0
3,2024-2025_Crystal Palace_Brighton,1.0
3,2024-2025_Ipswich_Wolves,0.0
3,2024-2025_West Ham_Bournemouth,0.0
3,2024-2025_Aston Villa_Nott'm Forest,0.0
3,2024-2025_Brentford_Chelsea,0.0
3,2024-2025_Fulham_Liverpool,1.0
3,2024-2025_Tottenham_Southampton,0.0
3,2024-2025_Man United_Man City,0.0
3,2024-2025_Leicester_Newcastle,0.0
3,2024-2025_Man City_Crystal Palace,1.0
3,2024-2025_Brighton_Leicester,1.0
3,2024-2025_Nott'm Forest_Everton,0.0
3,2024-2025_Southampton_Aston Villa,0.0
3,2024-2025_Arsenal_Brentford,0.0
3,2024-2025_Chelsea_Ipswich,1.0
3,2024-2025_Liverpool_West Ham,0.0
3,2024-2025_Wolves_Tottenham,1.0
3,2024-2025_Newcastle_Man United,0.0
3,2024-2025_Bournemouth_Fulham,0.0
3,2024-2025_Newcastle_Crystal Palace,1.0
3,2024-2025_Brentford_Brighton,1.0
3,2024-2025_Crystal Palace_Bournemouth,1.0
3,2024-2025_Everton_Man City,0.0
3,2024-2025_West Ham_Southampton,0.0
3,2024-2025_Aston Villa_Newcastle,1.0
3,2024-2025_Fulham_Chelsea,0.0
3,2024-2025_Ipswich_Arsenal,0.0
3,2024-2025_Man United_Wolves,0.0
3,2024-2025_Leicester_Liverpool,0.0
3,2024-2025_Tottenham_Nott'm Forest,0.0
3,2024-2025_Man City_Aston Villa,1.0
3,2024-2025_Arsenal_Crystal Palace,0.0
3,2024-2025_Brighton_West Ham,0.0
3,2024-2025_Newcastle_Ipswich,1.0
3,2024-2025_Southampton_Fulham,0.0
3,2024-2025_Wolves_Leicester,1.0
3,2024-2025_Bournemouth_Man United,1.0
3,2024-2025_Liverpool_Tottenham,1.0
3,2024-2025_Nott'm Forest_Brentford,1.0
3,2024-2025_Man City_Wolves,0.0
3,2024-2025_Aston Villa_Fulham,0.0
3,2024-2025_Everton_Ipswich,1.0
3,2024-2025_Leicester_Southampton,0.0
3,2024-2025_Arsenal_Bournemouth,0.0
3,2024-2025_Brentford_Man United,1.0
3,2024-2025_Brighton_Newcastle,0.0
3,2024-2025_West Ham_Tottenham,0.0
3,2024-2025_Chelsea_Liverpool,1.0
3,2024-2025_Crystal Palace_Nott'm Forest,1.0
3,2024-2025_Fulham_Everton,0.0
3,2024-2025_Ipswich_Brentford,0.0
3,2024-2025_Southampton_Man City,0.0
3,2024-2025_Wolves_Brighton,0.0
3,2024-2025_Bournemouth_Aston Villa,0.0
3,2024-2025_Newcastle_Chelsea,1.0
3,2024-2025_Man United_West Ham,0.0
3,2024-2025_Nott'm Forest_Leicester,1.0
3,2024-2025_Tottenham_Crystal Palace,0.0
3,2024-2025_Liverpool_Arsenal,1.0
3,2024-2025_Aston Villa_Tottenham,0.0
3,2024-2025_Chelsea_Man United,0.0
3,2024-2025_Everton_Southampton,0.0
3,2024-2025_West Ham_Nott'm Forest,1.0
3,2024-2025_Brentford_Fulham,1.0
3,2024-2025_Leicester_Ipswich,0.0
3,2024-2025_Arsenal_Newcastle,0.0
3,2024-2025_Brighton_Liverpool,0.0
3,2024-2025_Crystal Palace_Wolves,1.0
3,2024-2025_Man City_Bournemouth,1.0
3,2024-2025_Bournemouth_Leicester,0.0
3,2024-2025_Fulham_Man City,0.0
3,2024-2025_Ipswich_West Ham,0.0
3,2024-2025_Liverpool_Crystal Palace,0.0
3,2024-2025_Man United_Aston Villa,0.0
3,2024-2025_Newcastle_Everton,0.0
3,2024-2025_Nott'm Forest_Chelsea,0.0
3,2024-2025_Southampton_Arsenal,0.0
3,2024-2025_Tottenham_Brighton,1.0
3,2024-2025_Wolves_Brentford,0.0
