MatchID,Season,MatchWeek,HomeTeam,AwayTeam,FullTimeResult,Goals,Shots,Corners,YellowCards,RedCards,TotalCards,TeamStyles,chaos_label
2000-2001_Charlton_Man City,2000-2001,1,Charlton,Man City,H,4,25.0,12.0,3.0,0.0,3.0,"RiskTaker, DirectPlay",0
2000-2001_Chelsea_West Ham,2000-2001,1,Chelsea,West Ham,H,6,29.0,14.0,3.0,0.0,3.0,"RiskTaker, HighPressure, ChaosInducer",1
2000-2001_Coventry_Middlesbrough,2000-2001,1,Coventry,Middlesbrough,A,4,22.0,12.0,8.0,1.0,10.0,"AggressiveTackler, ChaosInducer, LowTempoController",1
2000-2001_Derby_Southampton,2000-2001,1,Derby,Southampton,D,4,19.0,13.0,2.0,0.0,2.0,"Disciplined, LowTempoController",0
2000-2001_Leeds_Everton,2000-2001,1,Leeds,Everton,H,2,29.0,10.0,4.0,0.0,4.0,"HighPressure, Opportunistic",0
2000-2001_Leicester_Aston Villa,2000-2001,1,Leicester,Aston Villa,D,0,10.0,9.0,5.0,0.0,5.0,"LowTempoController, ChaosInducer",0
2000-2001_Liverpool_Bradford,2000-2001,1,Liverpool,Bradford,H,1,19.0,7.0,2.0,0.0,2.0,"Disciplined, Disciplined",0
2000-2001_Sunderland_Arsenal,2000-2001,1,Sunderland,Arsenal,H,1,22.0,11.0,4.0,1.0,6.0,"AggressiveTackler, DirectPlay",0
2000-2001_Tottenham_Ipswich,2000-2001,1,Tottenham,Ipswich,H,4,35.0,7.0,0.0,0.0,0.0,"RiskTaker, HighPressure, Disciplined",0
2000-2001_Man United_Newcastle,2000-2001,1,Man United,Newcastle,H,2,28.0,8.0,1.0,0.0,1.0,"Disciplined, Opportunistic",0
2000-2001_Arsenal_Liverpool,2000-2001,1,Arsenal,Liverpool,H,2,24.0,21.0,6.0,3.0,12.0,"AggressiveTackler, HighPressure, ChaosInducer, LowTempoController",1
2000-2001_Bradford_Chelsea,2000-2001,1,Bradford,Chelsea,H,2,26.0,10.0,1.0,0.0,1.0,"Disciplined, HighPressure",0
2000-2001_Ipswich_Man United,2000-2001,1,Ipswich,Man United,D,2,28.0,10.0,5.0,0.0,5.0,"Opportunistic, Opportunistic",0
2000-2001_Middlesbrough_Tottenham,2000-2001,1,Middlesbrough,Tottenham,D,2,23.0,10.0,3.0,0.0,3.0,"Disciplined, Disciplined",0
2000-2001_Everton_Charlton,2000-2001,1,Everton,Charlton,H,3,21.0,8.0,3.0,1.0,5.0,"ChaosInducer, DirectPlay",0
2000-2001_Man City_Sunderland,2000-2001,1,Man City,Sunderland,H,6,24.0,10.0,6.0,0.0,6.0,"AggressiveTackler, RiskTaker, ChaosInducer",1
2000-2001_Newcastle_Derby,2000-2001,1,Newcastle,Derby,H,5,19.0,15.0,3.0,1.0,5.0,"ChaosInducer, LowTempoController",0
2000-2001_Southampton_Coventry,2000-2001,1,Southampton,Coventry,A,3,19.0,11.0,8.0,0.0,8.0,"AggressiveTackler, ChaosInducer, LowTempoController",0
2000-2001_West Ham_Leicester,2000-2001,1,West Ham,Leicester,A,1,21.0,16.0,6.0,1.0,8.0,"AggressiveTackler, HighPressure, ChaosInducer, LowTempoController",1
2000-2001_Arsenal_Charlton,2000-2001,2,Arsenal,Charlton,H,8,25.0,11.0,1.0,0.0,1.0,"RiskTaker, ChaosInducer, Disciplined",1
2000-2001_Bradford_Leicester,2000-2001,2,Bradford,Leicester,D,0,21.0,14.0,3.0,0.0,3.0,"LowTempoController, RiskTaker",0
2000-2001_Everton_Derby,2000-2001,2,Everton,Derby,D,4,19.0,13.0,5.0,0.0,5.0,"ChaosInducer, LowTempoController",0
2000-2001_Ipswich_Sunderland,2000-2001,2,Ipswich,Sunderland,H,1,23.0,13.0,2.0,0.0,2.0,"Disciplined, LowTempoController",0
2000-2001_Man City_Coventry,2000-2001,2,Man City,Coventry,A,3,23.0,10.0,5.0,0.0,5.0,"ChaosInducer, HighPressure",0
2000-2001_Middlesbrough_Leeds,2000-2001,2,Middlesbrough,Leeds,A,3,31.0,12.0,2.0,0.0,2.0,"RiskTaker, HighPressure, Disciplined",0
2000-2001_Newcastle_Tottenham,2000-2001,2,Newcastle,Tottenham,H,2,25.0,6.0,0.0,0.0,0.0,"Disciplined, DirectPlay",0
2000-2001_Southampton_Liverpool,2000-2001,2,Southampton,Liverpool,D,6,23.0,8.0,0.0,0.0,0.0,"RiskTaker, Disciplined",0
2000-2001_West Ham_Man United,2000-2001,2,West Ham,Man United,D,4,25.0,12.0,1.0,0.0,1.0,"RiskTaker, Disciplined",0
2000-2001_Aston Villa_Chelsea,2000-2001,2,Aston Villa,Chelsea,D,2,23.0,17.0,1.0,0.0,1.0,"HighPressure, Disciplined, LowTempoController",0
2000-2001_Leeds_Man City,2000-2001,3,Leeds,Man City,A,3,14.0,13.0,4.0,0.0,4.0,"LowTempoController, HighPressure",0
2000-2001_Man United_Bradford,2000-2001,3,Man United,Bradford,H,6,27.0,6.0,1.0,0.0,1.0,"RiskTaker, Disciplined",0
2000-2001_Sunderland_West Ham,2000-2001,3,Sunderland,West Ham,D,2,33.0,15.0,5.0,0.0,5.0,"HighPressure, Opportunistic",0
2000-2001_Tottenham_Everton,2000-2001,3,Tottenham,Everton,H,5,22.0,12.0,3.0,0.0,3.0,"RiskTaker, ChaosInducer, LowTempoController",1
2000-2001_Charlton_Southampton,2000-2001,3,Charlton,Southampton,D,2,19.0,24.0,6.0,1.0,8.0,"AggressiveTackler, HighPressure, ChaosInducer, LowTempoController",1
2000-2001_Chelsea_Arsenal,2000-2001,3,Chelsea,Arsenal,D,4,25.0,13.0,4.0,0.0,4.0,"RiskTaker, HighPressure, ChaosInducer",1
2000-2001_Coventry_Newcastle,2000-2001,3,Coventry,Newcastle,A,2,26.0,14.0,2.0,0.0,2.0,"HighPressure, Disciplined, LowTempoController",0
2000-2001_Derby_Middlesbrough,2000-2001,3,Derby,Middlesbrough,D,6,14.0,16.0,5.0,0.0,5.0,"ChaosInducer, LowTempoController",0
2000-2001_Leicester_Ipswich,2000-2001,3,Leicester,Ipswich,H,3,19.0,8.0,2.0,0.0,2.0,"Disciplined, HighPressure",0
2000-2001_Liverpool_Aston Villa,2000-2001,3,Liverpool,Aston Villa,H,4,20.0,15.0,2.0,0.0,2.0,"Disciplined, LowTempoController",0
2000-2001_Bradford_Arsenal,2000-2001,4,Bradford,Arsenal,D,2,27.0,14.0,2.0,0.0,2.0,"HighPressure, Disciplined, Opportunistic",0
2000-2001_Coventry_Leeds,2000-2001,4,Coventry,Leeds,D,0,20.0,12.0,4.0,0.0,4.0,"LowTempoController, Opportunistic",0
2000-2001_Ipswich_Aston Villa,2000-2001,4,Ipswich,Aston Villa,A,3,20.0,8.0,4.0,0.0,4.0,"Disciplined, ChaosInducer",0
2000-2001_Leicester_Southampton,2000-2001,4,Leicester,Southampton,H,1,26.0,16.0,0.0,0.0,0.0,"HighPressure, Disciplined, LowTempoController",0
2000-2001_Liverpool_Man City,2000-2001,4,Liverpool,Man City,H,5,23.0,13.0,7.0,0.0,7.0,"AggressiveTackler, RiskTaker, ChaosInducer, LowTempoController",1
2000-2001_Man United_Sunderland,2000-2001,4,Man United,Sunderland,H,3,20.0,8.0,4.0,0.0,4.0,"Opportunistic, Opportunistic",0
2000-2001_Middlesbrough_Everton,2000-2001,4,Middlesbrough,Everton,A,3,21.0,14.0,3.0,0.0,3.0,"LowTempoController, HighPressure",0
2000-2001_Newcastle_Chelsea,2000-2001,4,Newcastle,Chelsea,D,0,20.0,11.0,3.0,0.0,3.0,"LowTempoController, LowTempoController",0
2000-2001_Derby_Charlton,2000-2001,4,Derby,Charlton,D,4,22.0,15.0,4.0,0.0,4.0,"HighPressure, ChaosInducer, LowTempoController",0
2000-2001_Tottenham_West Ham,2000-2001,4,Tottenham,West Ham,H,1,26.0,14.0,3.0,0.0,3.0,"HighPressure, LowTempoController",0
2000-2001_Arsenal_Coventry,2000-2001,5,Arsenal,Coventry,H,3,24.0,12.0,3.0,0.0,3.0,"Disciplined, RiskTaker",0
2000-2001_Aston Villa_Bradford,2000-2001,5,Aston Villa,Bradford,H,2,20.0,11.0,2.0,0.0,2.0,"Disciplined, LowTempoController",0
2000-2001_Charlton_Tottenham,2000-2001,5,Charlton,Tottenham,H,1,19.0,12.0,0.0,0.0,0.0,"Disciplined, LowTempoController",0
2000-2001_Everton_Man United,2000-2001,5,Everton,Man United,A,4,23.0,11.0,5.0,0.0,5.0,"ChaosInducer, Opportunistic",0
2000-2001_Leeds_Ipswich,2000-2001,5,Leeds,Ipswich,A,3,23.0,9.0,4.0,0.0,4.0,"ChaosInducer, LowTempoController",0
2000-2001_Southampton_Newcastle,2000-2001,5,Southampton,Newcastle,H,2,23.0,12.0,0.0,0.0,0.0,"Disciplined, LowTempoController",0
2000-2001_Sunderland_Derby,2000-2001,5,Sunderland,Derby,H,3,25.0,9.0,5.0,0.0,5.0,"ChaosInducer, RiskTaker",1
2000-2001_Chelsea_Leicester,2000-2001,5,Chelsea,Leicester,A,2,23.0,18.0,4.0,0.0,4.0,"HighPressure, LowTempoController",0
2000-2001_Man City_Middlesbrough,2000-2001,5,Man City,Middlesbrough,D,2,15.0,12.0,7.0,0.0,7.0,"AggressiveTackler, ChaosInducer, LowTempoController",0
2000-2001_West Ham_Liverpool,2000-2001,5,West Ham,Liverpool,D,2,22.0,9.0,2.0,0.0,2.0,"Disciplined, Opportunistic",0
2000-2001_Bradford_Southampton,2000-2001,6,Bradford,Southampton,A,1,20.0,12.0,4.0,0.0,4.0,"LowTempoController, ChaosInducer",0
2000-2001_Coventry_West Ham,2000-2001,6,Coventry,West Ham,A,3,21.0,11.0,1.0,0.0,1.0,"Disciplined, LowTempoController",0
2000-2001_Derby_Leeds,2000-2001,6,Derby,Leeds,D,2,29.0,11.0,4.0,1.0,6.0,"AggressiveTackler, HighPressure, Opportunistic",1
2000-2001_Ipswich_Arsenal,2000-2001,6,Ipswich,Arsenal,D,2,27.0,11.0,3.0,0.0,3.0,"Opportunistic, Disciplined",0
2000-2001_Liverpool_Sunderland,2000-2001,6,Liverpool,Sunderland,D,2,19.0,15.0,4.0,0.0,4.0,"LowTempoController, AggressiveTackler",0
2000-2001_Man United_Chelsea,2000-2001,6,Man United,Chelsea,D,6,24.0,12.0,5.0,0.0,5.0,"RiskTaker, ChaosInducer",1
2000-2001_Middlesbrough_Aston Villa,2000-2001,6,Middlesbrough,Aston Villa,D,2,27.0,10.0,3.0,0.0,3.0,"Opportunistic, ChaosInducer",0
2000-2001_Newcastle_Charlton,2000-2001,6,Newcastle,Charlton,A,1,16.0,11.0,3.0,0.0,3.0,"LowTempoController, RiskTaker",0
2000-2001_Tottenham_Man City,2000-2001,6,Tottenham,Man City,D,0,25.0,9.0,2.0,0.0,2.0,"Disciplined, LowTempoController",0
2000-2001_Leicester_Everton,2000-2001,6,Leicester,Everton,D,2,19.0,12.0,4.0,0.0,4.0,"LowTempoController, Disciplined",0
2000-2001_Aston Villa_Derby,2000-2001,7,Aston Villa,Derby,H,5,23.0,12.0,2.0,0.0,2.0,"RiskTaker, Disciplined",0
2000-2001_Charlton_Coventry,2000-2001,7,Charlton,Coventry,D,4,22.0,12.0,3.0,0.0,3.0,"LowTempoController, ChaosInducer",0
2000-2001_Everton_Ipswich,2000-2001,7,Everton,Ipswich,A,3,16.0,5.0,1.0,0.0,1.0,"Disciplined, AggressiveTackler",0
2000-2001_Leeds_Tottenham,2000-2001,7,Leeds,Tottenham,H,7,24.0,10.0,2.0,0.0,2.0,"RiskTaker, ChaosInducer, Disciplined",0
2000-2001_Man City_Newcastle,2000-2001,7,Man City,Newcastle,A,1,24.0,18.0,1.0,0.0,1.0,"HighPressure, Disciplined, LowTempoController",0
2000-2001_Southampton_Middlesbrough,2000-2001,7,Southampton,Middlesbrough,A,4,23.0,12.0,4.0,0.0,4.0,"ChaosInducer, AggressiveTackler",1
2000-2001_West Ham_Bradford,2000-2001,7,West Ham,Bradford,D,2,23.0,9.0,5.0,0.0,5.0,"HighPressure, HighPressure",0
2000-2001_Arsenal_Man United,2000-2001,7,Arsenal,Man United,H,1,20.0,14.0,5.0,0.0,5.0,"LowTempoController, DirectPlay",0
2000-2001_Chelsea_Liverpool,2000-2001,7,Chelsea,Liverpool,H,3,21.0,4.0,2.0,0.0,2.0,"Disciplined, RiskTaker",0
2000-2001_Sunderland_Leicester,2000-2001,8,Sunderland,Leicester,D,0,19.0,8.0,4.0,0.0,4.0,"Opportunistic, ChaosInducer",0
2000-2001_Arsenal_Aston Villa,2000-2001,8,Arsenal,Aston Villa,H,1,24.0,11.0,5.0,1.0,7.0,"AggressiveTackler, ChaosInducer",1
2000-2001_Coventry_Tottenham,2000-2001,8,Coventry,Tottenham,H,3,4.0,8.0,4.0,1.0,6.0,"AggressiveTackler, ChaosInducer, LowTempoController",0
2000-2001_Everton_Southampton,2000-2001,8,Everton,Southampton,D,2,14.0,17.0,4.0,0.0,4.0,"LowTempoController, Opportunistic",0
2000-2001_Ipswich_West Ham,2000-2001,8,Ipswich,West Ham,D,2,18.0,13.0,4.0,0.0,4.0,"LowTempoController, DirectPlay",0
2000-2001_Leeds_Charlton,2000-2001,8,Leeds,Charlton,H,4,32.0,13.0,1.0,0.0,1.0,"RiskTaker, HighPressure, Disciplined",0
2000-2001_Leicester_Man United,2000-2001,8,Leicester,Man United,A,3,26.0,13.0,0.0,0.0,0.0,"HighPressure, Disciplined",0
2000-2001_Man City_Bradford,2000-2001,8,Man City,Bradford,H,2,23.0,11.0,2.0,0.0,2.0,"Disciplined, LowTempoController",0
2000-2001_Sunderland_Chelsea,2000-2001,8,Sunderland,Chelsea,H,1,27.0,5.0,1.0,2.0,5.0,"Opportunistic, LowTempoController",0
2000-2001_Derby_Liverpool,2000-2001,8,Derby,Liverpool,A,4,22.0,7.0,2.0,0.0,2.0,"Disciplined, DirectPlay",0
2000-2001_Middlesbrough_Newcastle,2000-2001,8,Middlesbrough,Newcastle,A,4,23.0,12.0,3.0,0.0,3.0,"LowTempoController, HighPressure",0
2000-2001_Bradford_Ipswich,2000-2001,9,Bradford,Ipswich,A,2,19.0,10.0,1.0,0.0,1.0,"Disciplined, LowTempoController",0
2000-2001_Charlton_Middlesbrough,2000-2001,9,Charlton,Middlesbrough,H,1,13.0,11.0,4.0,0.0,4.0,"LowTempoController, ChaosInducer",0
2000-2001_Chelsea_Coventry,2000-2001,9,Chelsea,Coventry,H,7,36.0,10.0,1.0,1.0,3.0,"RiskTaker, HighPressure, ChaosInducer",1
2000-2001_Liverpool_Leicester,2000-2001,9,Liverpool,Leicester,H,1,32.0,19.0,3.0,0.0,3.0,"HighPressure, LowTempoController, Opportunistic",0
2000-2001_Man United_Leeds,2000-2001,9,Man United,Leeds,H,3,31.0,16.0,2.0,0.0,2.0,"RiskTaker, HighPressure, Disciplined",0
2000-2001_Newcastle_Everton,2000-2001,9,Newcastle,Everton,A,1,20.0,9.0,4.0,0.0,4.0,"DirectPlay, ChaosInducer",0
2000-2001_Tottenham_Derby,2000-2001,9,Tottenham,Derby,H,4,26.0,11.0,3.0,0.0,3.0,"RiskTaker, Opportunistic",0
2000-2001_West Ham_Arsenal,2000-2001,9,West Ham,Arsenal,A,3,24.0,9.0,1.0,0.0,1.0,"Disciplined, AggressiveTackler",0
2000-2001_Aston Villa_Sunderland,2000-2001,9,Aston Villa,Sunderland,D,0,24.0,10.0,4.0,0.0,4.0,"HighPressure, Disciplined",0
2000-2001_Southampton_Man City,2000-2001,9,Southampton,Man City,A,2,30.0,12.0,3.0,0.0,3.0,"HighPressure, Opportunistic",0
2000-2001_Arsenal_Man City,2000-2001,10,Arsenal,Man City,H,5,28.0,14.0,3.0,1.0,5.0,"RiskTaker, HighPressure, ChaosInducer",1
2000-2001_Aston Villa_Charlton,2000-2001,10,Aston Villa,Charlton,H,3,19.0,15.0,5.0,0.0,5.0,"ChaosInducer, LowTempoController",0
2000-2001_Chelsea_Tottenham,2000-2001,10,Chelsea,Tottenham,H,3,15.0,5.0,6.0,0.0,6.0,"AggressiveTackler, ChaosInducer",1
2000-2001_Ipswich_Middlesbrough,2000-2001,10,Ipswich,Middlesbrough,H,3,26.0,7.0,2.0,0.0,2.0,"Disciplined, HighPressure",0
2000-2001_Leicester_Derby,2000-2001,10,Leicester,Derby,H,3,16.0,10.0,3.0,0.0,3.0,"LowTempoController, DirectPlay",0
2000-2001_Man United_Southampton,2000-2001,10,Man United,Southampton,H,5,28.0,14.0,0.0,0.0,0.0,"RiskTaker, HighPressure, Disciplined",0
2000-2001_Sunderland_Coventry,2000-2001,10,Sunderland,Coventry,H,1,21.0,4.0,4.0,0.0,4.0,"Disciplined, AggressiveTackler",0
2000-2001_West Ham_Newcastle,2000-2001,10,West Ham,Newcastle,H,1,23.0,11.0,5.0,0.0,5.0,"DirectPlay, RiskTaker",0
2000-2001_Bradford_Leeds,2000-2001,10,Bradford,Leeds,D,2,23.0,14.0,7.0,0.0,7.0,"AggressiveTackler, HighPressure, ChaosInducer, LowTempoController",1
2000-2001_Liverpool_Everton,2000-2001,10,Liverpool,Everton,H,4,19.0,15.0,1.0,1.0,3.0,"LowTempoController, ChaosInducer",0
2000-2001_Charlton_Bradford,2000-2001,11,Charlton,Bradford,H,2,23.0,9.0,1.0,1.0,3.0,"AggressiveTackler, ChaosInducer",1
2000-2001_Coventry_Man United,2000-2001,11,Coventry,Man United,A,3,15.0,12.0,2.0,0.0,2.0,"Disciplined, LowTempoController",0
2000-2001_Leeds_Liverpool,2000-2001,11,Leeds,Liverpool,H,7,24.0,14.0,5.0,0.0,5.0,"RiskTaker, HighPressure, ChaosInducer, LowTempoController",1
2000-2001_Man City_Leicester,2000-2001,11,Man City,Leicester,A,1,17.0,13.0,3.0,0.0,3.0,"LowTempoController, LowTempoController",0
2000-2001_Middlesbrough_Arsenal,2000-2001,11,Middlesbrough,Arsenal,A,1,15.0,13.0,2.0,1.0,4.0,"LowTempoController, RiskTaker",0
2000-2001_Newcastle_Ipswich,2000-2001,11,Newcastle,Ipswich,H,3,19.0,11.0,1.0,0.0,1.0,"Disciplined, LowTempoController",0
2000-2001_Southampton_Chelsea,2000-2001,11,Southampton,Chelsea,H,5,19.0,14.0,6.0,0.0,6.0,"AggressiveTackler, ChaosInducer, LowTempoController",1
2000-2001_Tottenham_Sunderland,2000-2001,11,Tottenham,Sunderland,H,3,23.0,15.0,1.0,1.0,3.0,"HighPressure, LowTempoController",0
2000-2001_Everton_Aston Villa,2000-2001,11,Everton,Aston Villa,A,1,18.0,8.0,5.0,0.0,5.0,"RiskTaker, AggressiveTackler",1
2000-2001_Derby_West Ham,2000-2001,11,Derby,West Ham,D,0,20.0,7.0,2.0,0.0,2.0,"Disciplined, RiskTaker",0
2000-2001_Arsenal_Derby,2000-2001,12,Arsenal,Derby,D,0,24.0,10.0,2.0,0.0,2.0,"Disciplined, Disciplined",0
2000-2001_Aston Villa_Tottenham,2000-2001,12,Aston Villa,Tottenham,H,2,14.0,11.0,3.0,0.0,3.0,"LowTempoController, RiskTaker",0
2000-2001_Bradford_Everton,2000-2001,12,Bradford,Everton,A,1,20.0,6.0,3.0,0.0,3.0,"ChaosInducer, ChaosInducer",0
2000-2001_Ipswich_Charlton,2000-2001,12,Ipswich,Charlton,H,2,37.0,16.0,2.0,0.0,2.0,"HighPressure, Disciplined, Opportunistic",0
2000-2001_Leicester_Newcastle,2000-2001,12,Leicester,Newcastle,D,2,15.0,3.0,2.0,0.0,2.0,"Disciplined, DirectPlay",0
2000-2001_Man United_Middlesbrough,2000-2001,12,Man United,Middlesbrough,H,3,23.0,10.0,0.0,0.0,0.0,"Disciplined, ChaosInducer",0
2000-2001_Sunderland_Southampton,2000-2001,12,Sunderland,Southampton,D,4,21.0,11.0,2.0,0.0,2.0,"Disciplined, LowTempoController",0
2000-2001_West Ham_Man City,2000-2001,12,West Ham,Man City,H,5,32.0,12.0,2.0,0.0,2.0,"RiskTaker, HighPressure, Disciplined",0
2000-2001_Chelsea_Leeds,2000-2001,12,Chelsea,Leeds,D,2,23.0,5.0,8.0,0.0,8.0,"AggressiveTackler, ChaosInducer",1
2000-2001_Liverpool_Coventry,2000-2001,12,Liverpool,Coventry,H,5,29.0,8.0,1.0,0.0,1.0,"RiskTaker, Disciplined",0
2000-2001_Charlton_Chelsea,2000-2001,13,Charlton,Chelsea,H,2,23.0,9.0,5.0,0.0,5.0,"DirectPlay, ChaosInducer",0
2000-2001_Derby_Bradford,2000-2001,13,Derby,Bradford,H,2,14.0,6.0,4.0,0.0,4.0,"Disciplined, Opportunistic",0
2000-2001_Everton_Arsenal,2000-2001,13,Everton,Arsenal,H,2,8.0,8.0,4.0,0.0,4.0,"LowTempoController, DirectPlay",0
2000-2001_Leeds_West Ham,2000-2001,13,Leeds,West Ham,A,1,19.0,4.0,2.0,0.0,2.0,"Disciplined, HighPressure",0
2000-2001_Man City_Man United,2000-2001,13,Man City,Man United,A,1,18.0,21.0,4.0,0.0,4.0,"HighPressure, LowTempoController",0
2000-2001_Middlesbrough_Leicester,2000-2001,13,Middlesbrough,Leicester,A,3,20.0,8.0,4.0,0.0,4.0,"LowTempoController, AggressiveTackler",0
2000-2001_Newcastle_Sunderland,2000-2001,13,Newcastle,Sunderland,A,3,28.0,5.0,4.0,0.0,4.0,"RiskTaker, ChaosInducer",1
2000-2001_Southampton_Aston Villa,2000-2001,13,Southampton,Aston Villa,H,2,16.0,6.0,0.0,0.0,0.0,"Disciplined, RiskTaker",0
2000-2001_Tottenham_Liverpool,2000-2001,13,Tottenham,Liverpool,H,3,15.0,11.0,3.0,0.0,3.0,"LowTempoController, Opportunistic",0
2000-2001_Coventry_Ipswich,2000-2001,13,Coventry,Ipswich,A,1,22.0,10.0,2.0,0.0,2.0,"Disciplined, ChaosInducer",0
2000-2001_Charlton_Sunderland,2000-2001,14,Charlton,Sunderland,A,1,18.0,15.0,1.0,0.0,1.0,"Disciplined, LowTempoController",0
2000-2001_Coventry_Aston Villa,2000-2001,14,Coventry,Aston Villa,D,2,17.0,7.0,3.0,0.0,3.0,"RiskTaker, LowTempoController",0
2000-2001_Derby_Man United,2000-2001,14,Derby,Man United,A,3,13.0,12.0,3.0,0.0,3.0,"LowTempoController, LowTempoController",0
2000-2001_Everton_Chelsea,2000-2001,14,Everton,Chelsea,H,3,21.0,5.0,3.0,1.0,5.0,"ChaosInducer, LowTempoController",0
2000-2001_Man City_Ipswich,2000-2001,14,Man City,Ipswich,A,5,20.0,11.0,2.0,0.0,2.0,"RiskTaker, Disciplined, LowTempoController",0
2000-2001_Middlesbrough_Bradford,2000-2001,14,Middlesbrough,Bradford,D,4,23.0,10.0,2.0,1.0,4.0,"ChaosInducer, RiskTaker",1
2000-2001_Southampton_West Ham,2000-2001,14,Southampton,West Ham,A,5,24.0,16.0,3.0,0.0,3.0,"RiskTaker, HighPressure, ChaosInducer, LowTempoController",1
2000-2001_Tottenham_Leicester,2000-2001,14,Tottenham,Leicester,H,3,26.0,13.0,4.0,1.0,6.0,"AggressiveTackler, HighPressure, ChaosInducer",1
2000-2001_Leeds_Arsenal,2000-2001,14,Leeds,Arsenal,H,1,21.0,12.0,8.0,0.0,8.0,"AggressiveTackler, ChaosInducer, LowTempoController",0
2000-2001_Newcastle_Liverpool,2000-2001,14,Newcastle,Liverpool,H,3,22.0,16.0,5.0,0.0,5.0,"HighPressure, ChaosInducer, LowTempoController",1
2000-2001_Arsenal_Southampton,2000-2001,15,Arsenal,Southampton,H,1,31.0,24.0,2.0,0.0,2.0,"HighPressure, Disciplined, LowTempoController, Opportunistic",0
2000-2001_Aston Villa_Newcastle,2000-2001,15,Aston Villa,Newcastle,D,2,17.0,10.0,3.0,0.0,3.0,"LowTempoController, ChaosInducer",0
2000-2001_Bradford_Coventry,2000-2001,15,Bradford,Coventry,H,3,23.0,17.0,5.0,0.0,5.0,"HighPressure, ChaosInducer, LowTempoController",0
2000-2001_Ipswich_Derby,2000-2001,15,Ipswich,Derby,A,1,14.0,7.0,2.0,0.0,2.0,"Disciplined, LowTempoController",0
2000-2001_Leicester_Leeds,2000-2001,15,Leicester,Leeds,H,4,20.0,6.0,3.0,1.0,5.0,"ChaosInducer, LowTempoController",0
2000-2001_Liverpool_Charlton,2000-2001,15,Liverpool,Charlton,H,3,20.0,11.0,2.0,0.0,2.0,"Disciplined, LowTempoController",0
2000-2001_Man United_Tottenham,2000-2001,15,Man United,Tottenham,H,2,21.0,12.0,3.0,0.0,3.0,"LowTempoController, Disciplined",0
2000-2001_West Ham_Middlesbrough,2000-2001,15,West Ham,Middlesbrough,H,1,19.0,12.0,5.0,1.0,7.0,"AggressiveTackler, LowTempoController",0
2000-2001_Chelsea_Man City,2000-2001,15,Chelsea,Man City,H,3,20.0,17.0,2.0,0.0,2.0,"HighPressure, Disciplined, LowTempoController",0
2000-2001_Sunderland_Everton,2000-2001,15,Sunderland,Everton,H,2,31.0,12.0,3.0,0.0,3.0,"HighPressure, Opportunistic",0
2000-2001_Arsenal_Newcastle,2000-2001,16,Arsenal,Newcastle,H,5,18.0,7.0,3.0,0.0,3.0,"ChaosInducer, DirectPlay",0
2000-2001_Bradford_Tottenham,2000-2001,16,Bradford,Tottenham,D,6,19.0,9.0,2.0,0.0,2.0,"RiskTaker, ChaosInducer, Disciplined",1
2000-2001_Charlton_Man United,2000-2001,16,Charlton,Man United,D,6,30.0,15.0,1.0,0.0,1.0,"RiskTaker, HighPressure, Disciplined",0
2000-2001_Chelsea_Derby,2000-2001,16,Chelsea,Derby,H,5,24.0,9.0,0.0,0.0,0.0,"RiskTaker, Disciplined",0
2000-2001_Man City_Everton,2000-2001,16,Man City,Everton,H,5,27.0,18.0,1.0,0.0,1.0,"RiskTaker, HighPressure, Disciplined, LowTempoController",0
2000-2001_Southampton_Leeds,2000-2001,16,Southampton,Leeds,H,1,25.0,12.0,7.0,1.0,9.0,"AggressiveTackler, ChaosInducer",1
2000-2001_Sunderland_Middlesbrough,2000-2001,16,Sunderland,Middlesbrough,H,1,16.0,8.0,4.0,0.0,4.0,"LowTempoController, RiskTaker",0
2000-2001_West Ham_Aston Villa,2000-2001,16,West Ham,Aston Villa,D,2,28.0,8.0,4.0,0.0,4.0,"Opportunistic, RiskTaker",0
2000-2001_Coventry_Leicester,2000-2001,16,Coventry,Leicester,H,1,18.0,18.0,1.0,0.0,1.0,"HighPressure, Disciplined, LowTempoController",0
2000-2001_Liverpool_Ipswich,2000-2001,16,Liverpool,Ipswich,A,1,25.0,13.0,4.0,0.0,4.0,"HighPressure, ChaosInducer",0
2000-2001_Aston Villa_Man City,2000-2001,17,Aston Villa,Man City,D,4,19.0,9.0,3.0,1.0,5.0,"ChaosInducer, RiskTaker",1
2000-2001_Derby_Coventry,2000-2001,17,Derby,Coventry,H,1,18.0,8.0,4.0,0.0,4.0,"RiskTaker, LowTempoController",0
2000-2001_Everton_West Ham,2000-2001,17,Everton,West Ham,D,2,24.0,16.0,3.0,0.0,3.0,"HighPressure, LowTempoController",0
2000-2001_Ipswich_Southampton,2000-2001,17,Ipswich,Southampton,H,4,28.0,7.0,3.0,0.0,3.0,"RiskTaker, ChaosInducer",1
2000-2001_Leeds_Sunderland,2000-2001,17,Leeds,Sunderland,H,2,34.0,13.0,7.0,0.0,7.0,"AggressiveTackler, HighPressure, ChaosInducer, Opportunistic",1
2000-2001_Leicester_Charlton,2000-2001,17,Leicester,Charlton,H,4,21.0,10.0,3.0,0.0,3.0,"LowTempoController, DirectPlay",0
2000-2001_Middlesbrough_Chelsea,2000-2001,17,Middlesbrough,Chelsea,H,1,16.0,8.0,2.0,0.0,2.0,"Disciplined, LowTempoController",0
2000-2001_Newcastle_Bradford,2000-2001,17,Newcastle,Bradford,H,3,24.0,7.0,2.0,0.0,2.0,"Disciplined, Opportunistic",0
2000-2001_Man United_Liverpool,2000-2001,17,Man United,Liverpool,A,1,15.0,11.0,1.0,1.0,3.0,"LowTempoController, DirectPlay",0
2000-2001_Tottenham_Arsenal,2000-2001,17,Tottenham,Arsenal,D,2,25.0,10.0,3.0,0.0,3.0,"Opportunistic, LowTempoController",0
2000-2001_Coventry_Southampton,2000-2001,18,Coventry,Southampton,D,2,22.0,14.0,2.0,0.0,2.0,"Disciplined, LowTempoController",0
2000-2001_Charlton_Everton,2000-2001,18,Charlton,Everton,H,1,20.0,19.0,5.0,0.0,5.0,"HighPressure, LowTempoController",0
2000-2001_Chelsea_Bradford,2000-2001,18,Chelsea,Bradford,H,3,24.0,9.0,1.0,0.0,1.0,"Disciplined, DirectPlay",0
2000-2001_Derby_Newcastle,2000-2001,18,Derby,Newcastle,H,2,16.0,5.0,3.0,0.0,3.0,"ChaosInducer, AggressiveTackler",1
2000-2001_Leeds_Aston Villa,2000-2001,18,Leeds,Aston Villa,A,3,23.0,12.0,5.0,0.0,5.0,"ChaosInducer, LowTempoController",0
2000-2001_Leicester_West Ham,2000-2001,18,Leicester,West Ham,H,3,22.0,11.0,1.0,0.0,1.0,"Disciplined, Opportunistic",0
2000-2001_Liverpool_Arsenal,2000-2001,18,Liverpool,Arsenal,H,4,24.0,9.0,2.0,0.0,2.0,"RiskTaker, Disciplined",0
2000-2001_Man United_Ipswich,2000-2001,18,Man United,Ipswich,H,2,25.0,14.0,1.0,0.0,1.0,"HighPressure, Disciplined, LowTempoController",0
2000-2001_Sunderland_Man City,2000-2001,18,Sunderland,Man City,H,1,18.0,14.0,4.0,0.0,4.0,"LowTempoController, Disciplined",0
2000-2001_Tottenham_Middlesbrough,2000-2001,18,Tottenham,Middlesbrough,D,0,21.0,12.0,5.0,0.0,5.0,"LowTempoController, Opportunistic",0
2000-2001_Arsenal_Leicester,2000-2001,19,Arsenal,Leicester,H,7,29.0,14.0,0.0,0.0,0.0,"RiskTaker, HighPressure, ChaosInducer, Disciplined",1
2000-2001_Aston Villa_Man United,2000-2001,19,Aston Villa,Man United,A,1,20.0,6.0,3.0,0.0,3.0,"Disciplined, RiskTaker",0
2000-2001_Bradford_Sunderland,2000-2001,19,Bradford,Sunderland,A,5,27.0,17.0,2.0,0.0,2.0,"RiskTaker, HighPressure, Disciplined, LowTempoController",0
2000-2001_Everton_Coventry,2000-2001,19,Everton,Coventry,A,3,27.0,7.0,3.0,0.0,3.0,"RiskTaker, DirectPlay",0
2000-2001_Ipswich_Chelsea,2000-2001,19,Ipswich,Chelsea,D,4,26.0,10.0,4.0,0.0,4.0,"RiskTaker, ChaosInducer",1
2000-2001_Man City_Derby,2000-2001,19,Man City,Derby,D,0,29.0,14.0,4.0,0.0,4.0,"HighPressure, Opportunistic",0
2000-2001_Middlesbrough_Liverpool,2000-2001,19,Middlesbrough,Liverpool,H,1,18.0,8.0,4.0,0.0,4.0,"Disciplined, Opportunistic",0
2000-2001_Newcastle_Leeds,2000-2001,19,Newcastle,Leeds,H,3,21.0,9.0,6.0,0.0,6.0,"AggressiveTackler, ChaosInducer",1
2000-2001_West Ham_Charlton,2000-2001,19,West Ham,Charlton,H,5,29.0,13.0,1.0,0.0,1.0,"RiskTaker, HighPressure, Disciplined",0
2000-2001_Southampton_Tottenham,2000-2001,19,Southampton,Tottenham,H,2,24.0,8.0,4.0,0.0,4.0,"RiskTaker, AggressiveTackler",1
2000-2001_Arsenal_Sunderland,2000-2001,20,Arsenal,Sunderland,D,4,31.0,12.0,3.0,0.0,3.0,"RiskTaker, HighPressure",1
2000-2001_Ipswich_Tottenham,2000-2001,20,Ipswich,Tottenham,H,3,24.0,15.0,0.0,0.0,0.0,"HighPressure, Disciplined, LowTempoController",0
2000-2001_Man City_Charlton,2000-2001,20,Man City,Charlton,A,5,21.0,11.0,3.0,0.0,3.0,"RiskTaker, ChaosInducer, LowTempoController",1
2000-2001_Middlesbrough_Coventry,2000-2001,20,Middlesbrough,Coventry,D,2,23.0,7.0,4.0,0.0,4.0,"ChaosInducer, ChaosInducer",1
2000-2001_Newcastle_Man United,2000-2001,20,Newcastle,Man United,D,2,22.0,9.0,5.0,0.0,5.0,"ChaosInducer, Disciplined",0
2000-2001_Southampton_Derby,2000-2001,20,Southampton,Derby,H,1,19.0,13.0,2.0,0.0,2.0,"Disciplined, LowTempoController",0
2000-2001_Charlton_Arsenal,2000-2001,21,Charlton,Arsenal,H,1,19.0,18.0,2.0,0.0,2.0,"HighPressure, Disciplined, LowTempoController",0
2000-2001_Chelsea_Aston Villa,2000-2001,21,Chelsea,Aston Villa,H,1,20.0,7.0,1.0,0.0,1.0,"Disciplined, AggressiveTackler",0
2000-2001_Coventry_Man City,2000-2001,21,Coventry,Man City,D,2,29.0,20.0,3.0,0.0,3.0,"HighPressure, LowTempoController, Opportunistic",0
2000-2001_Derby_Everton,2000-2001,21,Derby,Everton,H,1,16.0,16.0,5.0,0.0,5.0,"LowTempoController, Disciplined",0
2000-2001_Leeds_Middlesbrough,2000-2001,21,Leeds,Middlesbrough,D,2,21.0,6.0,5.0,0.0,5.0,"DirectPlay, Disciplined",0
2000-2001_Leicester_Bradford,2000-2001,21,Leicester,Bradford,A,3,17.0,8.0,3.0,0.0,3.0,"AggressiveTackler, AggressiveTackler",0
2000-2001_Liverpool_Southampton,2000-2001,21,Liverpool,Southampton,H,3,23.0,17.0,1.0,0.0,1.0,"HighPressure, Disciplined, LowTempoController",0
2000-2001_Man United_West Ham,2000-2001,21,Man United,West Ham,H,4,34.0,10.0,3.0,0.0,3.0,"RiskTaker, HighPressure",1
2000-2001_Sunderland_Ipswich,2000-2001,21,Sunderland,Ipswich,H,5,25.0,7.0,6.0,0.0,6.0,"AggressiveTackler, RiskTaker, ChaosInducer",1
2000-2001_Tottenham_Newcastle,2000-2001,21,Tottenham,Newcastle,H,6,25.0,15.0,2.0,3.0,8.0,"AggressiveTackler, RiskTaker, HighPressure, ChaosInducer, LowTempoController",1
2000-2001_Arsenal_Chelsea,2000-2001,22,Arsenal,Chelsea,D,2,27.0,13.0,5.0,0.0,5.0,"HighPressure, Opportunistic",0
2000-2001_Aston Villa_Liverpool,2000-2001,22,Aston Villa,Liverpool,A,3,17.0,5.0,2.0,0.0,2.0,"Disciplined, DirectPlay",0
2000-2001_Bradford_Man United,2000-2001,22,Bradford,Man United,A,3,29.0,10.0,1.0,0.0,1.0,"RiskTaker, HighPressure, Disciplined",0
2000-2001_Everton_Tottenham,2000-2001,22,Everton,Tottenham,D,0,21.0,9.0,1.0,0.0,1.0,"Disciplined, AggressiveTackler",0
2000-2001_Man City_Leeds,2000-2001,22,Man City,Leeds,A,4,15.0,9.0,8.0,0.0,8.0,"AggressiveTackler, ChaosInducer, LowTempoController",0
2000-2001_Middlesbrough_Derby,2000-2001,22,Middlesbrough,Derby,H,4,19.0,9.0,4.0,0.0,4.0,"ChaosInducer, Opportunistic",0
2000-2001_Newcastle_Coventry,2000-2001,22,Newcastle,Coventry,H,4,23.0,9.0,3.0,0.0,3.0,"AggressiveTackler, ChaosInducer",1
2000-2001_Southampton_Charlton,2000-2001,22,Southampton,Charlton,D,0,27.0,12.0,0.0,0.0,0.0,"HighPressure, Disciplined, Opportunistic",0
2000-2001_West Ham_Sunderland,2000-2001,22,West Ham,Sunderland,A,2,20.0,15.0,6.0,0.0,6.0,"AggressiveTackler, LowTempoController",0
2000-2001_Ipswich_Leicester,2000-2001,22,Ipswich,Leicester,H,2,28.0,9.0,2.0,0.0,2.0,"Disciplined, Opportunistic",0
2000-2001_Chelsea_Ipswich,2000-2001,23,Chelsea,Ipswich,H,5,28.0,12.0,3.0,1.0,5.0,"RiskTaker, HighPressure, ChaosInducer",1
2000-2001_Coventry_Everton,2000-2001,23,Coventry,Everton,A,4,17.0,18.0,1.0,0.0,1.0,"HighPressure, Disciplined, LowTempoController",0
2000-2001_Derby_Man City,2000-2001,23,Derby,Man City,D,2,19.0,9.0,4.0,0.0,4.0,"Opportunistic, Opportunistic",0
2000-2001_Leeds_Newcastle,2000-2001,23,Leeds,Newcastle,A,4,23.0,17.0,3.0,0.0,3.0,"HighPressure, LowTempoController",0
2000-2001_Leicester_Arsenal,2000-2001,23,Leicester,Arsenal,D,0,16.0,10.0,4.0,1.0,6.0,"AggressiveTackler, LowTempoController",0
2000-2001_Liverpool_Middlesbrough,2000-2001,23,Liverpool,Middlesbrough,D,0,26.0,10.0,2.0,0.0,2.0,"Disciplined, DirectPlay",0
2000-2001_Man United_Aston Villa,2000-2001,23,Man United,Aston Villa,H,2,17.0,10.0,3.0,0.0,3.0,"LowTempoController, HighPressure",0
2000-2001_Tottenham_Southampton,2000-2001,23,Tottenham,Southampton,D,0,18.0,6.0,1.0,0.0,1.0,"Disciplined, HighPressure",0
2000-2001_Sunderland_Bradford,2000-2001,23,Sunderland,Bradford,D,0,21.0,15.0,1.0,0.0,1.0,"HighPressure, Disciplined, LowTempoController",0
2000-2001_Charlton_West Ham,2000-2001,23,Charlton,West Ham,D,2,27.0,5.0,1.0,0.0,1.0,"Disciplined, Opportunistic",0
2000-2001_Aston Villa_Leeds,2000-2001,23,Aston Villa,Leeds,A,3,19.0,8.0,2.0,0.0,2.0,"Disciplined, AggressiveTackler",0
2000-2001_Arsenal_Bradford,2000-2001,24,Arsenal,Bradford,H,2,26.0,9.0,3.0,0.0,3.0,"Opportunistic, HighPressure",0
2000-2001_Charlton_Derby,2000-2001,24,Charlton,Derby,H,3,19.0,12.0,3.0,0.0,3.0,"LowTempoController, HighPressure",0
2000-2001_Chelsea_Newcastle,2000-2001,24,Chelsea,Newcastle,H,4,18.0,9.0,4.0,0.0,4.0,"ChaosInducer, AggressiveTackler",1
2000-2001_Everton_Middlesbrough,2000-2001,24,Everton,Middlesbrough,D,4,23.0,10.0,6.0,0.0,6.0,"AggressiveTackler, ChaosInducer",1
2000-2001_Leeds_Coventry,2000-2001,24,Leeds,Coventry,H,1,14.0,11.0,9.0,0.0,9.0,"AggressiveTackler, ChaosInducer, LowTempoController",0
2000-2001_Man City_Liverpool,2000-2001,24,Man City,Liverpool,D,2,20.0,16.0,2.0,0.0,2.0,"HighPressure, Disciplined, LowTempoController",0
2000-2001_Southampton_Leicester,2000-2001,24,Southampton,Leicester,H,1,16.0,6.0,3.0,0.0,3.0,"HighPressure, Disciplined",0
2000-2001_Sunderland_Man United,2000-2001,24,Sunderland,Man United,A,1,22.0,5.0,2.0,3.0,8.0,"AggressiveTackler, ChaosInducer",1
2000-2001_West Ham_Tottenham,2000-2001,24,West Ham,Tottenham,D,0,31.0,13.0,2.0,0.0,2.0,"HighPressure, Disciplined, Opportunistic",0
2000-2001_Bradford_Aston Villa,2000-2001,25,Bradford,Aston Villa,A,3,22.0,7.0,2.0,0.0,2.0,"Disciplined, RiskTaker",0
2000-2001_Coventry_Arsenal,2000-2001,25,Coventry,Arsenal,A,1,20.0,10.0,7.0,0.0,7.0,"AggressiveTackler, DirectPlay",0
2000-2001_Derby_Sunderland,2000-2001,25,Derby,Sunderland,H,1,26.0,7.0,10.0,0.0,10.0,"AggressiveTackler, ChaosInducer",1
2000-2001_Ipswich_Leeds,2000-2001,25,Ipswich,Leeds,A,3,21.0,7.0,3.0,1.0,5.0,"ChaosInducer, RiskTaker",1
2000-2001_Leicester_Chelsea,2000-2001,25,Leicester,Chelsea,H,3,18.0,9.0,1.0,0.0,1.0,"Disciplined, AggressiveTackler",0
2000-2001_Liverpool_West Ham,2000-2001,25,Liverpool,West Ham,H,3,22.0,8.0,1.0,1.0,3.0,"ChaosInducer, DirectPlay",0
2000-2001_Man United_Everton,2000-2001,25,Man United,Everton,H,1,13.0,7.0,2.0,0.0,2.0,"Disciplined, LowTempoController",0
2000-2001_Middlesbrough_Man City,2000-2001,25,Middlesbrough,Man City,D,2,20.0,6.0,2.0,1.0,4.0,"AggressiveTackler, Opportunistic",0
2000-2001_Tottenham_Charlton,2000-2001,25,Tottenham,Charlton,D,0,16.0,5.0,2.0,0.0,2.0,"Disciplined, ChaosInducer",0
2000-2001_Everton_Leeds,2000-2001,25,Everton,Leeds,D,4,16.0,11.0,3.0,0.0,3.0,"LowTempoController, RiskTaker",0
2000-2001_Arsenal_Ipswich,2000-2001,26,Arsenal,Ipswich,H,1,22.0,14.0,3.0,0.0,3.0,"LowTempoController, AggressiveTackler",0
2000-2001_Aston Villa_Middlesbrough,2000-2001,26,Aston Villa,Middlesbrough,D,2,21.0,11.0,2.0,0.0,2.0,"Disciplined, LowTempoController",0
2000-2001_Chelsea_Man United,2000-2001,26,Chelsea,Man United,D,2,24.0,11.0,2.0,0.0,2.0,"Disciplined, Opportunistic",0
2000-2001_Everton_Leicester,2000-2001,26,Everton,Leicester,H,3,18.0,9.0,5.0,0.0,5.0,"ChaosInducer, DirectPlay",0
2000-2001_Leeds_Derby,2000-2001,26,Leeds,Derby,D,0,15.0,21.0,7.0,0.0,7.0,"AggressiveTackler, HighPressure, LowTempoController",1
2000-2001_Man City_Tottenham,2000-2001,26,Man City,Tottenham,A,1,22.0,10.0,1.0,0.0,1.0,"Disciplined, DirectPlay",0
2000-2001_Southampton_Bradford,2000-2001,26,Southampton,Bradford,H,2,16.0,8.0,1.0,0.0,1.0,"Disciplined, LowTempoController",0
2000-2001_Sunderland_Liverpool,2000-2001,26,Sunderland,Liverpool,D,2,17.0,15.0,8.0,0.0,8.0,"AggressiveTackler, ChaosInducer, LowTempoController",0
2000-2001_Charlton_Newcastle,2000-2001,26,Charlton,Newcastle,H,2,16.0,15.0,3.0,0.0,3.0,"LowTempoController, LowTempoController",0
2000-2001_West Ham_Coventry,2000-2001,26,West Ham,Coventry,D,2,34.0,9.0,7.0,0.0,7.0,"AggressiveTackler, HighPressure, ChaosInducer, Opportunistic",1
2000-2001_Bradford_West Ham,2000-2001,27,Bradford,West Ham,A,3,26.0,8.0,3.0,0.0,3.0,"Opportunistic, Disciplined",0
2000-2001_Coventry_Charlton,2000-2001,27,Coventry,Charlton,D,4,32.0,10.0,0.0,0.0,0.0,"RiskTaker, HighPressure, Disciplined",0
2000-2001_Derby_Aston Villa,2000-2001,27,Derby,Aston Villa,H,1,28.0,10.0,2.0,0.0,2.0,"Disciplined, Opportunistic",0
2000-2001_Ipswich_Everton,2000-2001,27,Ipswich,Everton,H,2,20.0,5.0,3.0,1.0,5.0,"HighPressure, ChaosInducer",0
2000-2001_Leicester_Sunderland,2000-2001,27,Leicester,Sunderland,H,2,20.0,11.0,4.0,1.0,6.0,"AggressiveTackler, LowTempoController",0
2000-2001_Middlesbrough_Southampton,2000-2001,27,Middlesbrough,Southampton,A,1,21.0,9.0,1.0,0.0,1.0,"Disciplined, Opportunistic",0
2000-2001_Newcastle_Man City,2000-2001,27,Newcastle,Man City,A,1,21.0,10.0,1.0,0.0,1.0,"Disciplined, LowTempoController",0
2000-2001_Tottenham_Leeds,2000-2001,27,Tottenham,Leeds,A,3,28.0,17.0,3.0,0.0,3.0,"RiskTaker, HighPressure, LowTempoController",0
2000-2001_Man United_Arsenal,2000-2001,27,Man United,Arsenal,H,7,22.0,6.0,0.0,0.0,0.0,"RiskTaker, ChaosInducer, Disciplined",1
2000-2001_Arsenal_West Ham,2000-2001,28,Arsenal,West Ham,H,3,20.0,11.0,5.0,0.0,5.0,"ChaosInducer, LowTempoController",0
2000-2001_Coventry_Chelsea,2000-2001,28,Coventry,Chelsea,D,0,41.0,13.0,4.0,0.0,4.0,"HighPressure, Opportunistic",0
2000-2001_Derby_Tottenham,2000-2001,28,Derby,Tottenham,H,3,21.0,13.0,5.0,0.0,5.0,"ChaosInducer, LowTempoController",0
2000-2001_Everton_Newcastle,2000-2001,28,Everton,Newcastle,D,2,20.0,5.0,3.0,0.0,3.0,"HighPressure, HighPressure",0
2000-2001_Leeds_Man United,2000-2001,28,Leeds,Man United,D,2,23.0,17.0,8.0,0.0,8.0,"AggressiveTackler, HighPressure, ChaosInducer, LowTempoController",1
2000-2001_Leicester_Liverpool,2000-2001,28,Leicester,Liverpool,H,2,17.0,11.0,2.0,0.0,2.0,"Disciplined, LowTempoController",0
2000-2001_Man City_Southampton,2000-2001,28,Man City,Southampton,A,1,21.0,11.0,2.0,0.0,2.0,"Disciplined, LowTempoController",0
2000-2001_Middlesbrough_Charlton,2000-2001,28,Middlesbrough,Charlton,D,0,19.0,9.0,2.0,0.0,2.0,"Disciplined, AggressiveTackler",0
2000-2001_Ipswich_Bradford,2000-2001,28,Ipswich,Bradford,H,4,28.0,9.0,4.0,0.0,4.0,"RiskTaker, ChaosInducer",1
2000-2001_Sunderland_Aston Villa,2000-2001,28,Sunderland,Aston Villa,D,2,24.0,8.0,3.0,0.0,3.0,"HighPressure, Disciplined",0
2000-2001_West Ham_Chelsea,2000-2001,28,West Ham,Chelsea,A,2,24.0,1.0,4.0,0.0,4.0,"DirectPlay, LowTempoController",0
2000-2001_Aston Villa_Ipswich,2000-2001,28,Aston Villa,Ipswich,H,3,17.0,8.0,2.0,0.0,2.0,"Disciplined, HighPressure",0
2000-2001_Bradford_Man City,2000-2001,29,Bradford,Man City,D,4,26.0,6.0,3.0,0.0,3.0,"RiskTaker, AggressiveTackler",1
2000-2001_Charlton_Leeds,2000-2001,29,Charlton,Leeds,A,3,14.0,7.0,8.0,0.0,8.0,"AggressiveTackler, ChaosInducer, LowTempoController",0
2000-2001_Chelsea_Sunderland,2000-2001,29,Chelsea,Sunderland,A,6,25.0,9.0,0.0,0.0,0.0,"RiskTaker, Disciplined",0
2000-2001_Man United_Leicester,2000-2001,29,Man United,Leicester,H,2,24.0,16.0,2.0,0.0,2.0,"HighPressure, Disciplined, LowTempoController",0
2000-2001_Newcastle_Middlesbrough,2000-2001,29,Newcastle,Middlesbrough,A,3,23.0,6.0,3.0,1.0,5.0,"ChaosInducer, Disciplined",0
2000-2001_Southampton_Everton,2000-2001,29,Southampton,Everton,H,1,22.0,12.0,2.0,0.0,2.0,"Disciplined, LowTempoController",0
2000-2001_Tottenham_Coventry,2000-2001,29,Tottenham,Coventry,H,3,23.0,13.0,1.0,0.0,1.0,"Disciplined, LowTempoController",0
2000-2001_West Ham_Ipswich,2000-2001,29,West Ham,Ipswich,A,1,18.0,9.0,0.0,0.0,0.0,"Disciplined, RiskTaker",0
2000-2001_Aston Villa_Arsenal,2000-2001,29,Aston Villa,Arsenal,D,0,18.0,6.0,4.0,1.0,6.0,"AggressiveTackler, DirectPlay",0
2000-2001_Liverpool_Derby,2000-2001,29,Liverpool,Derby,D,2,25.0,12.0,4.0,0.0,4.0,"DirectPlay, LowTempoController",0
2000-2001_Arsenal_Tottenham,2000-2001,30,Arsenal,Tottenham,H,2,29.0,14.0,1.0,0.0,1.0,"HighPressure, Disciplined, Opportunistic",0
2000-2001_Bradford_Newcastle,2000-2001,30,Bradford,Newcastle,D,4,36.0,18.0,1.0,0.0,1.0,"RiskTaker, HighPressure, Disciplined",0
2000-2001_Chelsea_Middlesbrough,2000-2001,30,Chelsea,Middlesbrough,H,3,24.0,7.0,3.0,0.0,3.0,"DirectPlay, HighPressure",0
2000-2001_Coventry_Derby,2000-2001,30,Coventry,Derby,H,2,26.0,13.0,1.0,1.0,3.0,"HighPressure, AggressiveTackler",1
2000-2001_Liverpool_Man United,2000-2001,30,Liverpool,Man United,H,2,24.0,10.0,2.0,1.0,4.0,"DirectPlay, DirectPlay",0
2000-2001_Man City_Aston Villa,2000-2001,30,Man City,Aston Villa,A,4,20.0,11.0,10.0,1.0,12.0,"AggressiveTackler, ChaosInducer, LowTempoController",1
2000-2001_Sunderland_Leeds,2000-2001,30,Sunderland,Leeds,A,2,21.0,12.0,4.0,1.0,6.0,"AggressiveTackler, LowTempoController",0
2000-2001_West Ham_Everton,2000-2001,30,West Ham,Everton,A,2,27.0,10.0,5.0,1.0,7.0,"AggressiveTackler, ChaosInducer, Opportunistic",1
2000-2001_Charlton_Leicester,2000-2001,30,Charlton,Leicester,H,2,21.0,8.0,4.0,0.0,4.0,"RiskTaker, RiskTaker",0
2000-2001_Southampton_Ipswich,2000-2001,30,Southampton,Ipswich,A,3,22.0,13.0,3.0,0.0,3.0,"LowTempoController, ChaosInducer",0
2000-2001_Aston Villa_Leicester,2000-2001,30,Aston Villa,Leicester,H,3,15.0,13.0,4.0,0.0,4.0,"LowTempoController, Disciplined",0
2000-2001_Aston Villa_West Ham,2000-2001,31,Aston Villa,West Ham,D,4,13.0,8.0,4.0,0.0,4.0,"ChaosInducer, LowTempoController",0
2000-2001_Derby_Chelsea,2000-2001,31,Derby,Chelsea,A,4,13.0,10.0,2.0,0.0,2.0,"Disciplined, LowTempoController",0
2000-2001_Leeds_Southampton,2000-2001,31,Leeds,Southampton,H,2,21.0,11.0,0.0,0.0,0.0,"Disciplined, LowTempoController",0
2000-2001_Leicester_Coventry,2000-2001,31,Leicester,Coventry,A,4,24.0,13.0,5.0,0.0,5.0,"RiskTaker, HighPressure, ChaosInducer, LowTempoController",1
2000-2001_Everton_Man City,2000-2001,31,Everton,Man City,H,4,24.0,16.0,3.0,2.0,7.0,"AggressiveTackler, RiskTaker, HighPressure, ChaosInducer, LowTempoController",1
2000-2001_Middlesbrough_Sunderland,2000-2001,31,Middlesbrough,Sunderland,D,0,24.0,5.0,8.0,1.0,10.0,"AggressiveTackler, ChaosInducer",0
2000-2001_Ipswich_Liverpool,2000-2001,31,Ipswich,Liverpool,D,2,15.0,7.0,0.0,0.0,0.0,"Disciplined, HighPressure",0
2000-2001_Man United_Charlton,2000-2001,31,Man United,Charlton,H,3,26.0,16.0,2.0,0.0,2.0,"HighPressure, Disciplined, LowTempoController",0
2000-2001_Tottenham_Bradford,2000-2001,31,Tottenham,Bradford,H,3,27.0,12.0,2.0,0.0,2.0,"RiskTaker, HighPressure, Disciplined",0
2000-2001_Man City_Arsenal,2000-2001,31,Man City,Arsenal,A,4,22.0,10.0,2.0,0.0,2.0,"Disciplined, DirectPlay",0
2000-2001_Bradford_Charlton,2000-2001,32,Bradford,Charlton,H,2,7.0,10.0,4.0,0.0,4.0,"LowTempoController, Opportunistic",0
2000-2001_Liverpool_Leeds,2000-2001,32,Liverpool,Leeds,A,3,20.0,10.0,4.0,1.0,6.0,"AggressiveTackler, ChaosInducer",1
2000-2001_Arsenal_Middlesbrough,2000-2001,32,Arsenal,Middlesbrough,A,3,23.0,9.0,2.0,0.0,2.0,"Disciplined, DirectPlay",0
2000-2001_Aston Villa_Everton,2000-2001,32,Aston Villa,Everton,H,3,13.0,8.0,3.0,0.0,3.0,"LowTempoController, AggressiveTackler",0
2000-2001_Chelsea_Southampton,2000-2001,32,Chelsea,Southampton,H,1,23.0,13.0,6.0,0.0,6.0,"AggressiveTackler, LowTempoController",0
2000-2001_Ipswich_Newcastle,2000-2001,32,Ipswich,Newcastle,H,1,20.0,12.0,1.0,1.0,3.0,"LowTempoController, ChaosInducer",0
2000-2001_Leicester_Man City,2000-2001,32,Leicester,Man City,A,3,23.0,6.0,5.0,0.0,5.0,"ChaosInducer, Disciplined",0
2000-2001_Man United_Coventry,2000-2001,32,Man United,Coventry,H,6,37.0,11.0,5.0,0.0,5.0,"RiskTaker, HighPressure, ChaosInducer",1
2000-2001_Sunderland_Tottenham,2000-2001,32,Sunderland,Tottenham,A,5,21.0,6.0,3.0,0.0,3.0,"RiskTaker, ChaosInducer",1
2000-2001_West Ham_Derby,2000-2001,32,West Ham,Derby,H,4,24.0,8.0,2.0,0.0,2.0,"RiskTaker, Disciplined",0
2000-2001_Coventry_Sunderland,2000-2001,33,Coventry,Sunderland,H,1,20.0,9.0,3.0,0.0,3.0,"Opportunistic, ChaosInducer",0
2000-2001_Derby_Leicester,2000-2001,33,Derby,Leicester,H,2,17.0,11.0,0.0,0.0,0.0,"Disciplined, LowTempoController",0
2000-2001_Everton_Liverpool,2000-2001,33,Everton,Liverpool,A,5,20.0,7.0,6.0,1.0,8.0,"AggressiveTackler, RiskTaker, ChaosInducer",1
2000-2001_Middlesbrough_Ipswich,2000-2001,33,Middlesbrough,Ipswich,A,3,16.0,9.0,0.0,0.0,0.0,"Disciplined, LowTempoController",0
2000-2001_Newcastle_West Ham,2000-2001,33,Newcastle,West Ham,H,3,33.0,12.0,0.0,0.0,0.0,"RiskTaker, HighPressure, Disciplined",0
2000-2001_Charlton_Aston Villa,2000-2001,33,Charlton,Aston Villa,D,6,23.0,12.0,7.0,1.0,9.0,"AggressiveTackler, RiskTaker, ChaosInducer",1
2000-2001_Tottenham_Chelsea,2000-2001,33,Tottenham,Chelsea,A,3,21.0,7.0,4.0,1.0,6.0,"AggressiveTackler, ChaosInducer",1
2000-2001_Arsenal_Everton,2000-2001,34,Arsenal,Everton,H,5,14.0,10.0,2.0,1.0,4.0,"ChaosInducer, LowTempoController",0
2000-2001_Aston Villa_Southampton,2000-2001,34,Aston Villa,Southampton,D,0,12.0,9.0,3.0,0.0,3.0,"LowTempoController, LowTempoController",0
2000-2001_Bradford_Derby,2000-2001,34,Bradford,Derby,H,2,27.0,11.0,2.0,1.0,4.0,"Opportunistic, Disciplined",0
2000-2001_Chelsea_Charlton,2000-2001,34,Chelsea,Charlton,A,1,13.0,13.0,3.0,0.0,3.0,"LowTempoController, DirectPlay",0
2000-2001_Ipswich_Coventry,2000-2001,34,Ipswich,Coventry,H,2,19.0,5.0,5.0,0.0,5.0,"DirectPlay, Disciplined",0
2000-2001_Leicester_Middlesbrough,2000-2001,34,Leicester,Middlesbrough,A,3,30.0,17.0,4.0,0.0,4.0,"RiskTaker, HighPressure, LowTempoController",0
2000-2001_Man United_Man City,2000-2001,34,Man United,Man City,D,2,19.0,5.0,0.0,1.0,2.0,"Disciplined, DirectPlay",0
2000-2001_Sunderland_Newcastle,2000-2001,34,Sunderland,Newcastle,D,2,25.0,12.0,9.0,0.0,9.0,"AggressiveTackler, ChaosInducer",1
2000-2001_West Ham_Leeds,2000-2001,34,West Ham,Leeds,A,2,27.0,12.0,7.0,1.0,9.0,"AggressiveTackler, HighPressure, ChaosInducer, Opportunistic",1
2000-2001_Liverpool_Tottenham,2000-2001,34,Liverpool,Tottenham,H,4,21.0,10.0,2.0,0.0,2.0,"Disciplined, HighPressure",0
2000-2001_Coventry_Liverpool,2000-2001,35,Coventry,Liverpool,A,2,24.0,14.0,4.0,0.0,4.0,"HighPressure, LowTempoController",0
2000-2001_Derby_Arsenal,2000-2001,35,Derby,Arsenal,A,3,20.0,10.0,7.0,0.0,7.0,"AggressiveTackler, ChaosInducer",1
2000-2001_Everton_Bradford,2000-2001,35,Everton,Bradford,H,3,25.0,7.0,3.0,0.0,3.0,"Disciplined, ChaosInducer",0
2000-2001_Leeds_Chelsea,2000-2001,35,Leeds,Chelsea,H,2,23.0,9.0,7.0,0.0,7.0,"AggressiveTackler, ChaosInducer",1
2000-2001_Man City_West Ham,2000-2001,35,Man City,West Ham,H,1,28.0,20.0,8.0,0.0,8.0,"AggressiveTackler, HighPressure, ChaosInducer, LowTempoController, Opportunistic",1
2000-2001_Middlesbrough_Man United,2000-2001,35,Middlesbrough,Man United,A,2,27.0,10.0,5.0,0.0,5.0,"Opportunistic, Disciplined",0
2000-2001_Newcastle_Leicester,2000-2001,35,Newcastle,Leicester,H,1,24.0,12.0,2.0,0.0,2.0,"Disciplined, Opportunistic",0
2000-2001_Southampton_Sunderland,2000-2001,35,Southampton,Sunderland,A,1,17.0,13.0,3.0,0.0,3.0,"LowTempoController, DirectPlay",0
2000-2001_Tottenham_Aston Villa,2000-2001,35,Tottenham,Aston Villa,D,0,14.0,11.0,1.0,0.0,1.0,"Disciplined, LowTempoController",0
2000-2001_Charlton_Ipswich,2000-2001,36,Charlton,Ipswich,H,3,27.0,15.0,1.0,0.0,1.0,"RiskTaker, HighPressure, Disciplined, LowTempoController",0
2000-2001_Bradford_Liverpool,2000-2001,36,Bradford,Liverpool,A,2,26.0,7.0,2.0,0.0,2.0,"Disciplined, HighPressure",0
2000-2001_Newcastle_Southampton,2000-2001,36,Newcastle,Southampton,D,2,18.0,6.0,3.0,0.0,3.0,"HighPressure, LowTempoController",0
2000-2001_Arsenal_Leeds,2000-2001,37,Arsenal,Leeds,H,3,11.0,13.0,7.0,0.0,7.0,"AggressiveTackler, ChaosInducer, LowTempoController",0
2000-2001_Aston Villa_Coventry,2000-2001,37,Aston Villa,Coventry,H,5,12.0,8.0,7.0,0.0,7.0,"AggressiveTackler, ChaosInducer, LowTempoController",1
2000-2001_Bradford_Middlesbrough,2000-2001,37,Bradford,Middlesbrough,D,2,24.0,12.0,6.0,0.0,6.0,"AggressiveTackler, ChaosInducer",1
2000-2001_Chelsea_Everton,2000-2001,37,Chelsea,Everton,H,3,22.0,14.0,2.0,0.0,2.0,"Disciplined, LowTempoController",0
2000-2001_Leicester_Tottenham,2000-2001,37,Leicester,Tottenham,H,6,28.0,8.0,5.0,0.0,5.0,"RiskTaker, ChaosInducer",1
2000-2001_Liverpool_Newcastle,2000-2001,37,Liverpool,Newcastle,H,3,18.0,5.0,2.0,0.0,2.0,"Disciplined, RiskTaker",0
2000-2001_Man United_Derby,2000-2001,37,Man United,Derby,A,1,21.0,14.0,1.0,0.0,1.0,"Disciplined, LowTempoController",0
2000-2001_Sunderland_Charlton,2000-2001,37,Sunderland,Charlton,H,5,34.0,13.0,1.0,0.0,1.0,"RiskTaker, HighPressure, Disciplined",0
2000-2001_West Ham_Southampton,2000-2001,37,West Ham,Southampton,H,3,28.0,6.0,4.0,0.0,4.0,"RiskTaker, RiskTaker",1
2000-2001_Ipswich_Man City,2000-2001,37,Ipswich,Man City,H,3,26.0,11.0,0.0,0.0,0.0,"Disciplined, Disciplined",0
2000-2001_Liverpool_Chelsea,2000-2001,37,Liverpool,Chelsea,D,4,30.0,12.0,5.0,0.0,5.0,"RiskTaker, HighPressure, ChaosInducer",1
2000-2001_Leeds_Bradford,2000-2001,37,Leeds,Bradford,H,7,31.0,16.0,1.0,0.0,1.0,"RiskTaker, HighPressure, ChaosInducer, Disciplined",1
2000-2001_Southampton_Man United,2000-2001,37,Southampton,Man United,H,3,23.0,8.0,2.0,0.0,2.0,"Disciplined, LowTempoController",0
2000-2001_Newcastle_Arsenal,2000-2001,37,Newcastle,Arsenal,D,0,20.0,12.0,1.0,0.0,1.0,"Disciplined, LowTempoController",0
2000-2001_Charlton_Liverpool,2000-2001,38,Charlton,Liverpool,A,4,28.0,20.0,2.0,0.0,2.0,"RiskTaker, HighPressure, Disciplined, LowTempoController",0
2000-2001_Coventry_Bradford,2000-2001,38,Coventry,Bradford,D,0,25.0,12.0,2.0,0.0,2.0,"Disciplined, AggressiveTackler",0
2000-2001_Derby_Ipswich,2000-2001,38,Derby,Ipswich,D,2,20.0,14.0,2.0,0.0,2.0,"Disciplined, LowTempoController",0
2000-2001_Everton_Sunderland,2000-2001,38,Everton,Sunderland,D,4,29.0,11.0,8.0,1.0,10.0,"AggressiveTackler, RiskTaker, HighPressure, ChaosInducer",1
2000-2001_Leeds_Leicester,2000-2001,38,Leeds,Leicester,H,4,32.0,17.0,7.0,0.0,7.0,"AggressiveTackler, RiskTaker, HighPressure, ChaosInducer",1
2000-2001_Man City_Chelsea,2000-2001,38,Man City,Chelsea,A,3,12.0,15.0,6.0,0.0,6.0,"AggressiveTackler, ChaosInducer, LowTempoController",0
2000-2001_Middlesbrough_West Ham,2000-2001,38,Middlesbrough,West Ham,H,3,30.0,11.0,0.0,0.0,0.0,"RiskTaker, HighPressure, Disciplined",0
2000-2001_Newcastle_Aston Villa,2000-2001,38,Newcastle,Aston Villa,H,3,14.0,6.0,5.0,2.0,9.0,"AggressiveTackler, ChaosInducer",1
2000-2001_Southampton_Arsenal,2000-2001,38,Southampton,Arsenal,H,5,19.0,12.0,3.0,0.0,3.0,"ChaosInducer, LowTempoController",0
2000-2001_Tottenham_Man United,2000-2001,38,Tottenham,Man United,H,4,24.0,9.0,2.0,0.0,2.0,"RiskTaker, Disciplined",0
2001-2002_Charlton_Everton,2001-2002,1,Charlton,Everton,A,3,20.0,8.0,3.0,0.0,3.0,"Disciplined, LowTempoController",0
2001-2002_Derby_Blackburn,2001-2002,1,Derby,Blackburn,H,3,21.0,14.0,1.0,0.0,1.0,"Disciplined, LowTempoController",0
2001-2002_Leeds_Southampton,2001-2002,1,Leeds,Southampton,H,2,27.0,13.0,3.0,1.0,5.0,"HighPressure, Opportunistic",0
2001-2002_Leicester_Bolton,2001-2002,1,Leicester,Bolton,A,5,24.0,8.0,7.0,0.0,7.0,"AggressiveTackler, RiskTaker, ChaosInducer",1
2001-2002_Liverpool_West Ham,2001-2002,1,Liverpool,West Ham,H,3,12.0,8.0,6.0,0.0,6.0,"AggressiveTackler, ChaosInducer, LowTempoController",0
2001-2002_Middlesbrough_Arsenal,2001-2002,1,Middlesbrough,Arsenal,A,4,20.0,8.0,5.0,2.0,9.0,"AggressiveTackler, ChaosInducer",1
2001-2002_Sunderland_Ipswich,2001-2002,1,Sunderland,Ipswich,H,1,22.0,2.0,1.0,0.0,1.0,"Disciplined, ChaosInducer",0
2001-2002_Tottenham_Aston Villa,2001-2002,1,Tottenham,Aston Villa,D,0,19.0,11.0,5.0,0.0,5.0,"LowTempoController, ChaosInducer",0
2001-2002_Chelsea_Newcastle,2001-2002,1,Chelsea,Newcastle,D,2,22.0,19.0,7.0,0.0,7.0,"AggressiveTackler, HighPressure, ChaosInducer, LowTempoController",1
2001-2002_Man United_Fulham,2001-2002,1,Man United,Fulham,H,5,20.0,10.0,1.0,0.0,1.0,"RiskTaker, Disciplined",0
2001-2002_Everton_Tottenham,2001-2002,1,Everton,Tottenham,D,2,25.0,8.0,5.0,2.0,9.0,"AggressiveTackler, ChaosInducer",1
2001-2002_Arsenal_Leeds,2001-2002,1,Arsenal,Leeds,A,3,19.0,12.0,9.0,2.0,13.0,"AggressiveTackler, ChaosInducer, LowTempoController",1
2001-2002_Bolton_Middlesbrough,2001-2002,1,Bolton,Middlesbrough,H,1,24.0,7.0,2.0,0.0,2.0,"Disciplined, ChaosInducer",0
2001-2002_Ipswich_Derby,2001-2002,1,Ipswich,Derby,H,4,32.0,21.0,3.0,1.0,5.0,"RiskTaker, HighPressure, ChaosInducer, LowTempoController",1
2001-2002_Blackburn_Man United,2001-2002,1,Blackburn,Man United,D,4,30.0,11.0,3.0,1.0,5.0,"RiskTaker, HighPressure, ChaosInducer",1
2001-2002_Fulham_Sunderland,2001-2002,1,Fulham,Sunderland,H,2,21.0,17.0,2.0,0.0,2.0,"HighPressure, Disciplined, LowTempoController",0
2001-2002_Arsenal_Leicester,2001-2002,2,Arsenal,Leicester,H,4,22.0,9.0,5.0,2.0,9.0,"AggressiveTackler, ChaosInducer",1
2001-2002_Blackburn_Tottenham,2001-2002,2,Blackburn,Tottenham,H,3,24.0,9.0,2.0,0.0,2.0,"Disciplined, ChaosInducer",0
2001-2002_Everton_Middlesbrough,2001-2002,2,Everton,Middlesbrough,H,2,12.0,9.0,3.0,0.0,3.0,"LowTempoController, ChaosInducer",0
2001-2002_Fulham_Derby,2001-2002,2,Fulham,Derby,D,0,19.0,14.0,5.0,0.0,5.0,"LowTempoController, LowTempoController",0
2001-2002_Ipswich_Charlton,2001-2002,2,Ipswich,Charlton,A,1,30.0,7.0,8.0,0.0,8.0,"AggressiveTackler, ChaosInducer, Opportunistic",1
2001-2002_Southampton_Chelsea,2001-2002,2,Southampton,Chelsea,A,2,15.0,8.0,1.0,0.0,1.0,"Disciplined, LowTempoController",0
2001-2002_West Ham_Leeds,2001-2002,2,West Ham,Leeds,D,0,21.0,13.0,5.0,0.0,5.0,"LowTempoController, LowTempoController",0
2001-2002_Aston Villa_Man United,2001-2002,2,Aston Villa,Man United,D,2,24.0,10.0,2.0,0.0,2.0,"Disciplined, HighPressure",0
2001-2002_Newcastle_Sunderland,2001-2002,2,Newcastle,Sunderland,D,2,22.0,14.0,4.0,0.0,4.0,"LowTempoController, Opportunistic",0
2001-2002_Bolton_Liverpool,2001-2002,2,Bolton,Liverpool,H,3,29.0,10.0,4.0,0.0,4.0,"RiskTaker, HighPressure",0
2001-2002_Chelsea_Arsenal,2001-2002,3,Chelsea,Arsenal,D,2,24.0,11.0,6.0,1.0,8.0,"AggressiveTackler, ChaosInducer",1
2001-2002_Derby_West Ham,2001-2002,3,Derby,West Ham,D,0,16.0,7.0,7.0,0.0,7.0,"AggressiveTackler, RiskTaker",0
2001-2002_Leeds_Bolton,2001-2002,3,Leeds,Bolton,D,0,19.0,12.0,2.0,0.0,2.0,"Disciplined, LowTempoController",0
2001-2002_Leicester_Ipswich,2001-2002,3,Leicester,Ipswich,D,2,25.0,9.0,6.0,2.0,10.0,"AggressiveTackler, ChaosInducer",1
2001-2002_Liverpool_Aston Villa,2001-2002,3,Liverpool,Aston Villa,A,4,22.0,7.0,4.0,1.0,6.0,"AggressiveTackler, ChaosInducer",1
2001-2002_Man United_Everton,2001-2002,3,Man United,Everton,H,5,23.0,8.0,1.0,0.0,1.0,"RiskTaker, Disciplined",0
2001-2002_Middlesbrough_Newcastle,2001-2002,3,Middlesbrough,Newcastle,A,5,16.0,6.0,4.0,1.0,6.0,"AggressiveTackler, ChaosInducer",1
2001-2002_Sunderland_Blackburn,2001-2002,3,Sunderland,Blackburn,H,1,21.0,14.0,5.0,0.0,5.0,"LowTempoController, DirectPlay",0
2001-2002_Charlton_Fulham,2001-2002,3,Charlton,Fulham,D,2,23.0,11.0,3.0,0.0,3.0,"ChaosInducer, AggressiveTackler",1
2001-2002_Tottenham_Southampton,2001-2002,3,Tottenham,Southampton,H,2,33.0,6.0,0.0,0.0,0.0,"Disciplined, Opportunistic",0
2001-2002_Bolton_Southampton,2001-2002,4,Bolton,Southampton,A,1,14.0,5.0,2.0,0.0,2.0,"Disciplined, DirectPlay",0
2001-2002_Derby_Leicester,2001-2002,4,Derby,Leicester,A,5,27.0,16.0,8.0,0.0,8.0,"AggressiveTackler, RiskTaker, HighPressure, ChaosInducer, LowTempoController",1
2001-2002_Everton_Liverpool,2001-2002,4,Everton,Liverpool,A,4,24.0,6.0,1.0,0.0,1.0,"RiskTaker, Disciplined",0
2001-2002_Fulham_Arsenal,2001-2002,4,Fulham,Arsenal,A,4,17.0,9.0,7.0,0.0,7.0,"AggressiveTackler, ChaosInducer, LowTempoController",1
2001-2002_Middlesbrough_West Ham,2001-2002,4,Middlesbrough,West Ham,H,2,18.0,9.0,5.0,1.0,7.0,"AggressiveTackler, ChaosInducer",1
2001-2002_Newcastle_Man United,2001-2002,4,Newcastle,Man United,H,7,25.0,13.0,3.0,1.0,5.0,"RiskTaker, HighPressure, ChaosInducer",1
2001-2002_Aston Villa_Sunderland,2001-2002,4,Aston Villa,Sunderland,D,0,12.0,13.0,4.0,0.0,4.0,"LowTempoController, LowTempoController",0
2001-2002_Charlton_Leeds,2001-2002,4,Charlton,Leeds,A,2,29.0,17.0,3.0,1.0,5.0,"HighPressure, LowTempoController, Opportunistic",0
2001-2002_Ipswich_Blackburn,2001-2002,4,Ipswich,Blackburn,D,2,26.0,19.0,4.0,0.0,4.0,"HighPressure, LowTempoController",0
2001-2002_Tottenham_Chelsea,2001-2002,4,Tottenham,Chelsea,A,5,17.0,12.0,5.0,1.0,7.0,"AggressiveTackler, ChaosInducer, LowTempoController",1
2001-2002_Leicester_Middlesbrough,2001-2002,4,Leicester,Middlesbrough,A,3,23.0,6.0,1.0,0.0,1.0,"Disciplined, AggressiveTackler",0
2001-2002_Blackburn_Bolton,2001-2002,4,Blackburn,Bolton,D,2,30.0,12.0,4.0,0.0,4.0,"HighPressure, Opportunistic",1
2001-2002_Sunderland_Tottenham,2001-2002,4,Sunderland,Tottenham,A,3,27.0,15.0,3.0,0.0,3.0,"RiskTaker, HighPressure, LowTempoController",0
2001-2002_Arsenal_Bolton,2001-2002,5,Arsenal,Bolton,D,2,30.0,17.0,2.0,1.0,4.0,"HighPressure, LowTempoController, Opportunistic",0
2001-2002_Blackburn_Everton,2001-2002,5,Blackburn,Everton,H,1,27.0,9.0,3.0,0.0,3.0,"Opportunistic, AggressiveTackler",0
2001-2002_Leicester_Fulham,2001-2002,5,Leicester,Fulham,D,0,18.0,8.0,4.0,0.0,4.0,"AggressiveTackler, HighPressure",1
2001-2002_Liverpool_Tottenham,2001-2002,5,Liverpool,Tottenham,H,1,25.0,7.0,1.0,0.0,1.0,"Disciplined, LowTempoController",0
2001-2002_Man United_Ipswich,2001-2002,5,Man United,Ipswich,H,4,21.0,12.0,1.0,0.0,1.0,"Disciplined, LowTempoController",0
2001-2002_Sunderland_Charlton,2001-2002,5,Sunderland,Charlton,D,4,35.0,17.0,5.0,0.0,5.0,"RiskTaker, HighPressure, ChaosInducer",1
2001-2002_Chelsea_Middlesbrough,2001-2002,5,Chelsea,Middlesbrough,D,4,12.0,10.0,5.0,0.0,5.0,"ChaosInducer, LowTempoController",0
2001-2002_Leeds_Derby,2001-2002,5,Leeds,Derby,H,3,28.0,12.0,3.0,0.0,3.0,"RiskTaker, HighPressure",0
2001-2002_West Ham_Newcastle,2001-2002,5,West Ham,Newcastle,H,3,25.0,17.0,3.0,0.0,3.0,"HighPressure, LowTempoController",0
2001-2002_Southampton_Aston Villa,2001-2002,5,Southampton,Aston Villa,A,4,23.0,5.0,3.0,2.0,7.0,"AggressiveTackler, ChaosInducer",1
2001-2002_Newcastle_Leicester,2001-2002,5,Newcastle,Leicester,H,1,14.0,11.0,5.0,0.0,5.0,"LowTempoController, AggressiveTackler",0
2001-2002_Bolton_Sunderland,2001-2002,6,Bolton,Sunderland,A,2,29.0,12.0,2.0,0.0,2.0,"HighPressure, Disciplined, Opportunistic",0
2001-2002_Charlton_Leicester,2001-2002,6,Charlton,Leicester,H,2,23.0,8.0,3.0,2.0,7.0,"AggressiveTackler, ChaosInducer",0
2001-2002_Derby_Arsenal,2001-2002,6,Derby,Arsenal,A,2,18.0,7.0,6.0,1.0,8.0,"AggressiveTackler, ChaosInducer",1
2001-2002_Everton_West Ham,2001-2002,6,Everton,West Ham,H,5,33.0,12.0,0.0,0.0,0.0,"RiskTaker, HighPressure, Disciplined",0
2001-2002_Middlesbrough_Southampton,2001-2002,6,Middlesbrough,Southampton,A,4,13.0,6.0,1.0,0.0,1.0,"Disciplined, LowTempoController",0
2001-2002_Tottenham_Man United,2001-2002,6,Tottenham,Man United,A,8,25.0,11.0,6.0,0.0,6.0,"AggressiveTackler, RiskTaker, ChaosInducer",1
2001-2002_Aston Villa_Blackburn,2001-2002,6,Aston Villa,Blackburn,H,2,9.0,10.0,4.0,0.0,4.0,"LowTempoController, ChaosInducer",0
2001-2002_Fulham_Chelsea,2001-2002,6,Fulham,Chelsea,D,2,13.0,12.0,5.0,1.0,7.0,"AggressiveTackler, ChaosInducer, LowTempoController",0
2001-2002_Ipswich_Leeds,2001-2002,6,Ipswich,Leeds,A,3,22.0,18.0,1.0,0.0,1.0,"HighPressure, Disciplined, LowTempoController",0
2001-2002_Newcastle_Liverpool,2001-2002,6,Newcastle,Liverpool,A,2,13.0,7.0,5.0,0.0,5.0,"LowTempoController, Disciplined",0
2001-2002_Bolton_Newcastle,2001-2002,7,Bolton,Newcastle,A,4,24.0,15.0,4.0,1.0,6.0,"AggressiveTackler, RiskTaker, HighPressure, ChaosInducer, LowTempoController",1
2001-2002_Charlton_Middlesbrough,2001-2002,7,Charlton,Middlesbrough,D,0,19.0,17.0,3.0,0.0,3.0,"HighPressure, LowTempoController",0
2001-2002_Chelsea_Leicester,2001-2002,7,Chelsea,Leicester,H,2,30.0,8.0,0.0,0.0,0.0,"Disciplined, Opportunistic",0
2001-2002_Ipswich_Everton,2001-2002,7,Ipswich,Everton,D,0,16.0,14.0,1.0,0.0,1.0,"Disciplined, LowTempoController",0
2001-2002_Liverpool_Leeds,2001-2002,7,Liverpool,Leeds,D,2,19.0,10.0,5.0,0.0,5.0,"LowTempoController, AggressiveTackler",0
2001-2002_Southampton_Arsenal,2001-2002,7,Southampton,Arsenal,A,2,24.0,7.0,3.0,1.0,5.0,"HighPressure, DirectPlay",0
2001-2002_Sunderland_Man United,2001-2002,7,Sunderland,Man United,A,4,28.0,7.0,0.0,0.0,0.0,"RiskTaker, Disciplined",0
2001-2002_Aston Villa_Fulham,2001-2002,7,Aston Villa,Fulham,H,2,20.0,7.0,2.0,0.0,2.0,"Disciplined, LowTempoController",0
2001-2002_Blackburn_West Ham,2001-2002,7,Blackburn,West Ham,H,8,36.0,14.0,4.0,1.0,6.0,"AggressiveTackler, RiskTaker, HighPressure, ChaosInducer",1
2001-2002_Tottenham_Derby,2001-2002,7,Tottenham,Derby,H,4,32.0,18.0,2.0,0.0,2.0,"RiskTaker, HighPressure, Disciplined, LowTempoController",0
2001-2002_Arsenal_Blackburn,2001-2002,8,Arsenal,Blackburn,D,6,27.0,9.0,3.0,0.0,3.0,"RiskTaker, ChaosInducer",1
2001-2002_Derby_Charlton,2001-2002,8,Derby,Charlton,D,2,21.0,10.0,3.0,0.0,3.0,"Opportunistic, HighPressure",0
2001-2002_Everton_Aston Villa,2001-2002,8,Everton,Aston Villa,H,5,21.0,12.0,1.0,0.0,1.0,"RiskTaker, Disciplined, LowTempoController",0
2001-2002_Leicester_Liverpool,2001-2002,8,Leicester,Liverpool,A,5,20.0,12.0,3.0,0.0,3.0,"RiskTaker, ChaosInducer, LowTempoController",1
2001-2002_Man United_Bolton,2001-2002,8,Man United,Bolton,A,3,20.0,8.0,0.0,0.0,0.0,"Disciplined, AggressiveTackler",0
2001-2002_West Ham_Southampton,2001-2002,8,West Ham,Southampton,H,2,30.0,17.0,1.0,1.0,3.0,"HighPressure, LowTempoController, Opportunistic",0
2001-2002_Fulham_Ipswich,2001-2002,8,Fulham,Ipswich,D,2,13.0,6.0,5.0,1.0,7.0,"AggressiveTackler, ChaosInducer, LowTempoController",0
2001-2002_Leeds_Chelsea,2001-2002,8,Leeds,Chelsea,D,0,32.0,18.0,5.0,0.0,5.0,"HighPressure, LowTempoController, Opportunistic",0
2001-2002_Newcastle_Tottenham,2001-2002,8,Newcastle,Tottenham,A,2,17.0,9.0,3.0,0.0,3.0,"LowTempoController, LowTempoController",0
2001-2002_Middlesbrough_Sunderland,2001-2002,8,Middlesbrough,Sunderland,H,2,22.0,9.0,3.0,1.0,5.0,"Disciplined, AggressiveTackler",0
2001-2002_Aston Villa_Charlton,2001-2002,9,Aston Villa,Charlton,H,1,20.0,7.0,0.0,0.0,0.0,"Disciplined, HighPressure",0
2001-2002_Southampton_Ipswich,2001-2002,9,Southampton,Ipswich,D,6,21.0,11.0,3.0,0.0,3.0,"RiskTaker, ChaosInducer, LowTempoController",1
2001-2002_West Ham_Chelsea,2001-2002,9,West Ham,Chelsea,H,3,25.0,9.0,0.0,0.0,0.0,"Disciplined, RiskTaker",0
2001-2002_Aston Villa_Bolton,2001-2002,10,Aston Villa,Bolton,H,5,19.0,8.0,5.0,0.0,5.0,"ChaosInducer, ChaosInducer",1
2001-2002_Charlton_Liverpool,2001-2002,10,Charlton,Liverpool,A,2,19.0,14.0,1.0,1.0,3.0,"LowTempoController, Opportunistic",0
2001-2002_Everton_Newcastle,2001-2002,10,Everton,Newcastle,A,4,24.0,16.0,3.0,0.0,3.0,"RiskTaker, HighPressure, LowTempoController",0
2001-2002_Fulham_Southampton,2001-2002,10,Fulham,Southampton,H,3,30.0,10.0,2.0,0.0,2.0,"RiskTaker, HighPressure, Disciplined",0
2001-2002_Man United_Leeds,2001-2002,10,Man United,Leeds,D,2,30.0,8.0,6.0,0.0,6.0,"AggressiveTackler, Opportunistic",0
2001-2002_Sunderland_Arsenal,2001-2002,10,Sunderland,Arsenal,D,2,24.0,13.0,6.0,0.0,6.0,"AggressiveTackler, HighPressure, LowTempoController",0
2001-2002_Tottenham_Middlesbrough,2001-2002,10,Tottenham,Middlesbrough,H,3,18.0,13.0,0.0,0.0,0.0,"Disciplined, LowTempoController",0
2001-2002_Derby_Chelsea,2001-2002,10,Derby,Chelsea,D,2,32.0,14.0,5.0,0.0,5.0,"HighPressure, Opportunistic",0
2001-2002_Ipswich_West Ham,2001-2002,10,Ipswich,West Ham,A,5,24.0,17.0,4.0,0.0,4.0,"RiskTaker, HighPressure, ChaosInducer, LowTempoController",1
2001-2002_Blackburn_Leicester,2001-2002,10,Blackburn,Leicester,D,0,22.0,8.0,8.0,0.0,8.0,"AggressiveTackler, DirectPlay",0
2001-2002_Bolton_Everton,2001-2002,11,Bolton,Everton,D,4,27.0,12.0,6.0,1.0,8.0,"AggressiveTackler, RiskTaker, HighPressure, ChaosInducer",1
2001-2002_Leicester_Sunderland,2001-2002,11,Leicester,Sunderland,H,1,20.0,14.0,4.0,0.0,4.0,"LowTempoController, HighPressure",0
2001-2002_Middlesbrough_Derby,2001-2002,11,Middlesbrough,Derby,H,6,17.0,10.0,1.0,0.0,1.0,"RiskTaker, Disciplined, LowTempoController",0
2001-2002_Newcastle_Aston Villa,2001-2002,11,Newcastle,Aston Villa,H,3,27.0,21.0,3.0,0.0,3.0,"RiskTaker, HighPressure, LowTempoController",0
2001-2002_Southampton_Blackburn,2001-2002,11,Southampton,Blackburn,A,3,22.0,14.0,2.0,0.0,2.0,"Disciplined, LowTempoController",0
2001-2002_West Ham_Fulham,2001-2002,11,West Ham,Fulham,A,2,26.0,18.0,4.0,0.0,4.0,"HighPressure, LowTempoController",0
2001-2002_Arsenal_Charlton,2001-2002,11,Arsenal,Charlton,A,6,35.0,10.0,5.0,0.0,5.0,"RiskTaker, HighPressure, ChaosInducer",1
2001-2002_Chelsea_Ipswich,2001-2002,11,Chelsea,Ipswich,H,3,22.0,11.0,2.0,0.0,2.0,"Disciplined, LowTempoController",0
2001-2002_Leeds_Tottenham,2001-2002,11,Leeds,Tottenham,H,3,31.0,10.0,4.0,0.0,4.0,"RiskTaker, HighPressure",1
2001-2002_Liverpool_Man United,2001-2002,11,Liverpool,Man United,H,4,18.0,2.0,0.0,0.0,0.0,"Disciplined, Opportunistic",0
2001-2002_Aston Villa_Middlesbrough,2001-2002,12,Aston Villa,Middlesbrough,D,0,19.0,8.0,3.0,0.0,3.0,"Opportunistic, Opportunistic",0
2001-2002_Blackburn_Liverpool,2001-2002,12,Blackburn,Liverpool,D,2,10.0,9.0,2.0,0.0,2.0,"Disciplined, LowTempoController",0
2001-2002_Derby_Southampton,2001-2002,12,Derby,Southampton,H,1,17.0,13.0,1.0,0.0,1.0,"Disciplined, LowTempoController",0
2001-2002_Fulham_Newcastle,2001-2002,12,Fulham,Newcastle,H,4,15.0,8.0,6.0,0.0,6.0,"AggressiveTackler, ChaosInducer, LowTempoController",1
2001-2002_Man United_Leicester,2001-2002,12,Man United,Leicester,H,2,22.0,14.0,3.0,0.0,3.0,"LowTempoController, AggressiveTackler",0
2001-2002_Tottenham_Arsenal,2001-2002,12,Tottenham,Arsenal,D,2,14.0,15.0,3.0,0.0,3.0,"LowTempoController, ChaosInducer",0
2001-2002_Everton_Chelsea,2001-2002,12,Everton,Chelsea,D,0,26.0,12.0,4.0,0.0,4.0,"HighPressure, AggressiveTackler",0
2001-2002_Ipswich_Bolton,2001-2002,12,Ipswich,Bolton,A,3,18.0,14.0,2.0,0.0,2.0,"Disciplined, LowTempoController",0
2001-2002_Sunderland_Leeds,2001-2002,12,Sunderland,Leeds,H,2,24.0,8.0,4.0,0.0,4.0,"LowTempoController, AggressiveTackler",0
2001-2002_Charlton_West Ham,2001-2002,12,Charlton,West Ham,D,8,29.0,17.0,3.0,0.0,3.0,"RiskTaker, HighPressure, ChaosInducer, LowTempoController",1
2001-2002_Bolton_Fulham,2001-2002,13,Bolton,Fulham,D,0,18.0,5.0,2.0,0.0,2.0,"Disciplined, RiskTaker",0
2001-2002_Chelsea_Blackburn,2001-2002,13,Chelsea,Blackburn,D,0,22.0,10.0,2.0,0.0,2.0,"Disciplined, ChaosInducer",0
2001-2002_Leicester_Everton,2001-2002,13,Leicester,Everton,D,0,16.0,9.0,3.0,0.0,3.0,"LowTempoController, ChaosInducer",0
2001-2002_Newcastle_Derby,2001-2002,13,Newcastle,Derby,H,1,25.0,14.0,3.0,0.0,3.0,"HighPressure, LowTempoController",0
2001-2002_Southampton_Charlton,2001-2002,13,Southampton,Charlton,H,1,22.0,15.0,1.0,0.0,1.0,"HighPressure, Disciplined, LowTempoController",0
2001-2002_West Ham_Tottenham,2001-2002,13,West Ham,Tottenham,A,1,20.0,6.0,4.0,0.0,4.0,"LowTempoController, DirectPlay",0
2001-2002_Arsenal_Man United,2001-2002,13,Arsenal,Man United,H,4,16.0,13.0,5.0,0.0,5.0,"ChaosInducer, LowTempoController",0
2001-2002_Leeds_Aston Villa,2001-2002,13,Leeds,Aston Villa,D,2,31.0,13.0,4.0,1.0,6.0,"AggressiveTackler, HighPressure, Opportunistic",1
2001-2002_Liverpool_Sunderland,2001-2002,13,Liverpool,Sunderland,H,1,19.0,7.0,4.0,1.0,6.0,"AggressiveTackler, RiskTaker",1
2001-2002_Middlesbrough_Ipswich,2001-2002,13,Middlesbrough,Ipswich,D,0,20.0,8.0,0.0,0.0,0.0,"Disciplined, HighPressure",0
2001-2002_Aston Villa_Leicester,2001-2002,14,Aston Villa,Leicester,A,2,17.0,15.0,4.0,1.0,6.0,"AggressiveTackler, LowTempoController",0
2001-2002_Blackburn_Middlesbrough,2001-2002,14,Blackburn,Middlesbrough,A,1,22.0,10.0,3.0,0.0,3.0,"AggressiveTackler, Disciplined",0
2001-2002_Charlton_Newcastle,2001-2002,14,Charlton,Newcastle,D,2,27.0,10.0,3.0,1.0,5.0,"Opportunistic, AggressiveTackler",0
2001-2002_Derby_Liverpool,2001-2002,14,Derby,Liverpool,A,1,19.0,14.0,3.0,0.0,3.0,"LowTempoController, Opportunistic",0
2001-2002_Ipswich_Arsenal,2001-2002,14,Ipswich,Arsenal,A,2,14.0,17.0,2.0,0.0,2.0,"Disciplined, LowTempoController",0
2001-2002_Man United_Chelsea,2001-2002,14,Man United,Chelsea,A,3,26.0,9.0,5.0,0.0,5.0,"ChaosInducer, AggressiveTackler",1
2001-2002_Sunderland_West Ham,2001-2002,14,Sunderland,West Ham,H,1,25.0,6.0,3.0,0.0,3.0,"HighPressure, AggressiveTackler",0
2001-2002_Everton_Southampton,2001-2002,14,Everton,Southampton,H,2,23.0,11.0,1.0,0.0,1.0,"Disciplined, RiskTaker",0
2001-2002_Fulham_Leeds,2001-2002,14,Fulham,Leeds,D,0,19.0,10.0,3.0,0.0,3.0,"LowTempoController, RiskTaker",0
2001-2002_Tottenham_Bolton,2001-2002,14,Tottenham,Bolton,H,5,23.0,11.0,2.0,0.0,2.0,"RiskTaker, Disciplined",0
2001-2002_Chelsea_Charlton,2001-2002,14,Chelsea,Charlton,A,1,31.0,9.0,2.0,0.0,2.0,"HighPressure, Disciplined, Opportunistic",0
2001-2002_West Ham_Aston Villa,2001-2002,14,West Ham,Aston Villa,D,2,26.0,11.0,3.0,0.0,3.0,"ChaosInducer, LowTempoController",0
2001-2002_Charlton_Tottenham,2001-2002,15,Charlton,Tottenham,H,4,25.0,18.0,4.0,0.0,4.0,"RiskTaker, HighPressure, ChaosInducer, LowTempoController",1
2001-2002_Derby_Bolton,2001-2002,15,Derby,Bolton,H,1,22.0,9.0,4.0,0.0,4.0,"DirectPlay, Disciplined",0
2001-2002_Fulham_Everton,2001-2002,15,Fulham,Everton,H,2,15.0,13.0,6.0,2.0,10.0,"AggressiveTackler, ChaosInducer, LowTempoController",1
2001-2002_Leicester_Southampton,2001-2002,15,Leicester,Southampton,A,4,18.0,9.0,1.0,0.0,1.0,"Disciplined, Opportunistic",0
2001-2002_Liverpool_Middlesbrough,2001-2002,15,Liverpool,Middlesbrough,H,2,12.0,10.0,2.0,0.0,2.0,"Disciplined, LowTempoController",0
2001-2002_Man United_West Ham,2001-2002,15,Man United,West Ham,A,1,25.0,16.0,8.0,0.0,8.0,"AggressiveTackler, HighPressure, ChaosInducer, LowTempoController",1
2001-2002_Arsenal_Aston Villa,2001-2002,15,Arsenal,Aston Villa,H,5,23.0,12.0,4.0,0.0,4.0,"RiskTaker, ChaosInducer",1
2001-2002_Blackburn_Leeds,2001-2002,15,Blackburn,Leeds,A,3,24.0,15.0,6.0,0.0,6.0,"AggressiveTackler, HighPressure, ChaosInducer, LowTempoController",1
2001-2002_Ipswich_Newcastle,2001-2002,15,Ipswich,Newcastle,A,1,16.0,10.0,4.0,0.0,4.0,"LowTempoController, AggressiveTackler",0
2001-2002_Sunderland_Chelsea,2001-2002,15,Sunderland,Chelsea,D,0,21.0,12.0,4.0,0.0,4.0,"LowTempoController, AggressiveTackler",0
2001-2002_Liverpool_Fulham,2001-2002,15,Liverpool,Fulham,D,0,24.0,10.0,0.0,0.0,0.0,"Disciplined, HighPressure",0
2001-2002_Man United_Derby,2001-2002,15,Man United,Derby,H,5,28.0,11.0,3.0,0.0,3.0,"RiskTaker, HighPressure, ChaosInducer",1
2001-2002_Bolton_Charlton,2001-2002,16,Bolton,Charlton,D,0,19.0,11.0,3.0,0.0,3.0,"LowTempoController, LowTempoController",0
2001-2002_Everton_Derby,2001-2002,16,Everton,Derby,H,1,25.0,12.0,2.0,0.0,2.0,"Disciplined, RiskTaker",0
2001-2002_Middlesbrough_Man United,2001-2002,16,Middlesbrough,Man United,A,1,20.0,13.0,5.0,0.0,5.0,"LowTempoController, Disciplined",0
2001-2002_Newcastle_Blackburn,2001-2002,16,Newcastle,Blackburn,H,3,23.0,16.0,3.0,0.0,3.0,"HighPressure, LowTempoController",0
2001-2002_Southampton_Sunderland,2001-2002,16,Southampton,Sunderland,H,2,19.0,4.0,3.0,0.0,3.0,"ChaosInducer, RiskTaker",1
2001-2002_Tottenham_Fulham,2001-2002,16,Tottenham,Fulham,H,4,22.0,9.0,5.0,0.0,5.0,"ChaosInducer, Opportunistic",1
2001-2002_West Ham_Arsenal,2001-2002,16,West Ham,Arsenal,D,2,24.0,13.0,7.0,0.0,7.0,"AggressiveTackler, HighPressure, ChaosInducer, LowTempoController",1
2001-2002_Chelsea_Liverpool,2001-2002,16,Chelsea,Liverpool,H,4,32.0,11.0,5.0,0.0,5.0,"RiskTaker, HighPressure, ChaosInducer",1
2001-2002_Leeds_Leicester,2001-2002,16,Leeds,Leicester,D,4,19.0,11.0,4.0,0.0,4.0,"ChaosInducer, LowTempoController",0
2001-2002_Aston Villa_Ipswich,2001-2002,16,Aston Villa,Ipswich,H,3,24.0,5.0,1.0,0.0,1.0,"Disciplined, LowTempoController",0
2001-2002_Arsenal_Newcastle,2001-2002,16,Arsenal,Newcastle,A,4,23.0,8.0,6.0,2.0,10.0,"AggressiveTackler, ChaosInducer",1
2001-2002_Leeds_Everton,2001-2002,16,Leeds,Everton,H,5,26.0,7.0,2.0,0.0,2.0,"RiskTaker, Disciplined",0
2001-2002_Charlton_Blackburn,2001-2002,17,Charlton,Blackburn,A,2,17.0,7.0,5.0,0.0,5.0,"Opportunistic, DirectPlay",0
2001-2002_Derby_Aston Villa,2001-2002,17,Derby,Aston Villa,H,4,20.0,9.0,1.0,0.0,1.0,"Disciplined, ChaosInducer",0
2001-2002_Leeds_Newcastle,2001-2002,17,Leeds,Newcastle,A,7,28.0,11.0,3.0,0.0,3.0,"RiskTaker, HighPressure, ChaosInducer",1
2001-2002_Leicester_West Ham,2001-2002,17,Leicester,West Ham,D,2,17.0,13.0,4.0,1.0,6.0,"AggressiveTackler, LowTempoController",0
2001-2002_Man United_Southampton,2001-2002,17,Man United,Southampton,H,7,18.0,14.0,2.0,0.0,2.0,"RiskTaker, ChaosInducer, Disciplined, LowTempoController",0
2001-2002_Sunderland_Everton,2001-2002,17,Sunderland,Everton,H,1,18.0,11.0,5.0,0.0,5.0,"LowTempoController, DirectPlay",0
2001-2002_Tottenham_Ipswich,2001-2002,17,Tottenham,Ipswich,A,3,24.0,14.0,3.0,1.0,5.0,"HighPressure, ChaosInducer, LowTempoController",0
2001-2002_Chelsea_Bolton,2001-2002,17,Chelsea,Bolton,H,6,26.0,8.0,4.0,0.0,4.0,"RiskTaker, ChaosInducer",1
2001-2002_Liverpool_Arsenal,2001-2002,17,Liverpool,Arsenal,A,3,26.0,10.0,5.0,1.0,7.0,"AggressiveTackler, ChaosInducer",1
2001-2002_Arsenal_Chelsea,2001-2002,18,Arsenal,Chelsea,H,3,20.0,9.0,6.0,0.0,6.0,"AggressiveTackler, ChaosInducer",1
2001-2002_Aston Villa_Liverpool,2001-2002,18,Aston Villa,Liverpool,A,3,22.0,10.0,1.0,0.0,1.0,"Disciplined, HighPressure",0
2001-2002_Blackburn_Sunderland,2001-2002,18,Blackburn,Sunderland,A,3,20.0,8.0,3.0,1.0,5.0,"ChaosInducer, Opportunistic",0
2001-2002_Bolton_Leeds,2001-2002,18,Bolton,Leeds,A,3,25.0,13.0,4.0,0.0,4.0,"HighPressure, HighPressure",0
2001-2002_Everton_Man United,2001-2002,18,Everton,Man United,A,2,21.0,15.0,1.0,0.0,1.0,"HighPressure, Disciplined, LowTempoController",0
2001-2002_Fulham_Charlton,2001-2002,18,Fulham,Charlton,D,0,18.0,13.0,3.0,0.0,3.0,"LowTempoController, AggressiveTackler",0
2001-2002_Ipswich_Leicester,2001-2002,18,Ipswich,Leicester,H,2,15.0,13.0,2.0,0.0,2.0,"Disciplined, LowTempoController",0
2001-2002_Newcastle_Middlesbrough,2001-2002,18,Newcastle,Middlesbrough,H,3,23.0,12.0,1.0,0.0,1.0,"Disciplined, DirectPlay",0
2001-2002_Southampton_Tottenham,2001-2002,18,Southampton,Tottenham,H,1,16.0,17.0,3.0,0.0,3.0,"LowTempoController, LowTempoController",0
2001-2002_West Ham_Derby,2001-2002,18,West Ham,Derby,H,4,20.0,4.0,4.0,1.0,6.0,"AggressiveTackler, ChaosInducer",1
2001-2002_Arsenal_Middlesbrough,2001-2002,19,Arsenal,Middlesbrough,H,3,19.0,10.0,7.0,0.0,7.0,"AggressiveTackler, ChaosInducer, LowTempoController",0
2001-2002_Aston Villa_Tottenham,2001-2002,19,Aston Villa,Tottenham,D,2,19.0,13.0,3.0,0.0,3.0,"LowTempoController, Opportunistic",0
2001-2002_Blackburn_Derby,2001-2002,19,Blackburn,Derby,A,1,23.0,17.0,6.0,0.0,6.0,"AggressiveTackler, HighPressure, LowTempoController",0
2001-2002_Bolton_Leicester,2001-2002,19,Bolton,Leicester,D,4,19.0,14.0,5.0,3.0,11.0,"AggressiveTackler, ChaosInducer, LowTempoController",0
2001-2002_Everton_Charlton,2001-2002,19,Everton,Charlton,A,3,15.0,9.0,4.0,0.0,4.0,"LowTempoController, Disciplined",0
2001-2002_Ipswich_Sunderland,2001-2002,19,Ipswich,Sunderland,H,5,23.0,6.0,2.0,0.0,2.0,"RiskTaker, Disciplined",0
2001-2002_Newcastle_Chelsea,2001-2002,19,Newcastle,Chelsea,A,3,22.0,8.0,3.0,0.0,3.0,"ChaosInducer, RiskTaker",1
2001-2002_Southampton_Leeds,2001-2002,19,Southampton,Leeds,A,1,25.0,8.0,2.0,0.0,2.0,"Disciplined, LowTempoController",0
2001-2002_West Ham_Liverpool,2001-2002,19,West Ham,Liverpool,D,2,29.0,14.0,1.0,0.0,1.0,"HighPressure, Disciplined, Opportunistic",0
2001-2002_Fulham_Man United,2001-2002,19,Fulham,Man United,A,5,36.0,7.0,2.0,0.0,2.0,"RiskTaker, HighPressure, Disciplined",0
2001-2002_Charlton_Ipswich,2001-2002,20,Charlton,Ipswich,H,5,19.0,15.0,4.0,0.0,4.0,"ChaosInducer, LowTempoController",0
2001-2002_Chelsea_Southampton,2001-2002,20,Chelsea,Southampton,A,6,21.0,8.0,3.0,0.0,3.0,"RiskTaker, ChaosInducer",1
2001-2002_Leeds_West Ham,2001-2002,20,Leeds,West Ham,H,3,21.0,14.0,5.0,0.0,5.0,"ChaosInducer, LowTempoController",0
2001-2002_Liverpool_Bolton,2001-2002,20,Liverpool,Bolton,D,2,22.0,12.0,5.0,0.0,5.0,"LowTempoController, LowTempoController",0
2001-2002_Middlesbrough_Everton,2001-2002,20,Middlesbrough,Everton,H,1,21.0,11.0,3.0,0.0,3.0,"LowTempoController, HighPressure",0
2001-2002_Sunderland_Aston Villa,2001-2002,20,Sunderland,Aston Villa,D,2,26.0,7.0,4.0,0.0,4.0,"DirectPlay, Opportunistic",0
2001-2002_Tottenham_Blackburn,2001-2002,20,Tottenham,Blackburn,H,1,23.0,16.0,1.0,0.0,1.0,"HighPressure, Disciplined, LowTempoController",0
2001-2002_Derby_Fulham,2001-2002,20,Derby,Fulham,A,1,18.0,13.0,3.0,0.0,3.0,"LowTempoController, Opportunistic",0
2001-2002_Man United_Newcastle,2001-2002,20,Man United,Newcastle,H,4,22.0,11.0,2.0,0.0,2.0,"Disciplined, AggressiveTackler",0
2001-2002_Southampton_Liverpool,2001-2002,20,Southampton,Liverpool,H,2,16.0,11.0,1.0,0.0,1.0,"Disciplined, LowTempoController",0
2001-2002_Aston Villa_Derby,2001-2002,21,Aston Villa,Derby,H,3,12.0,5.0,5.0,1.0,7.0,"AggressiveTackler, ChaosInducer",0
2001-2002_Blackburn_Charlton,2001-2002,21,Blackburn,Charlton,H,5,27.0,9.0,0.0,1.0,2.0,"RiskTaker, Disciplined",0
2001-2002_Bolton_Chelsea,2001-2002,21,Bolton,Chelsea,D,4,20.0,13.0,1.0,0.0,1.0,"Disciplined, LowTempoController",0
2001-2002_Everton_Sunderland,2001-2002,21,Everton,Sunderland,H,1,15.0,9.0,2.0,0.0,2.0,"Disciplined, LowTempoController",0
2001-2002_Fulham_Middlesbrough,2001-2002,21,Fulham,Middlesbrough,H,3,27.0,12.0,3.0,0.0,3.0,"RiskTaker, HighPressure",1
2001-2002_Ipswich_Tottenham,2001-2002,21,Ipswich,Tottenham,H,3,19.0,10.0,1.0,0.0,1.0,"Disciplined, LowTempoController",0
2001-2002_Newcastle_Leeds,2001-2002,21,Newcastle,Leeds,H,4,24.0,7.0,9.0,1.0,11.0,"AggressiveTackler, RiskTaker, ChaosInducer",1
2001-2002_West Ham_Leicester,2001-2002,21,West Ham,Leicester,H,1,16.0,9.0,3.0,0.0,3.0,"LowTempoController, AggressiveTackler",0
2001-2002_Arsenal_Liverpool,2001-2002,21,Arsenal,Liverpool,D,2,16.0,4.0,2.0,0.0,2.0,"Disciplined, ChaosInducer",0
2001-2002_Southampton_Man United,2001-2002,21,Southampton,Man United,A,4,23.0,14.0,2.0,0.0,2.0,"HighPressure, Disciplined, LowTempoController",0
2001-2002_Derby_Ipswich,2001-2002,22,Derby,Ipswich,A,4,26.0,6.0,2.0,0.0,2.0,"RiskTaker, Disciplined",0
2001-2002_Leicester_Newcastle,2001-2002,22,Leicester,Newcastle,D,0,17.0,17.0,4.0,0.0,4.0,"LowTempoController, HighPressure",0
2001-2002_Liverpool_Southampton,2001-2002,22,Liverpool,Southampton,D,2,15.0,11.0,1.0,0.0,1.0,"Disciplined, LowTempoController",0
2001-2002_Man United_Blackburn,2001-2002,22,Man United,Blackburn,H,3,26.0,11.0,1.0,0.0,1.0,"Disciplined, LowTempoController",0
2001-2002_Middlesbrough_Bolton,2001-2002,22,Middlesbrough,Bolton,D,2,18.0,8.0,2.0,0.0,2.0,"Disciplined, Opportunistic",0
2001-2002_Sunderland_Fulham,2001-2002,22,Sunderland,Fulham,D,2,25.0,13.0,5.0,0.0,5.0,"HighPressure, Disciplined",0
2001-2002_Tottenham_Everton,2001-2002,22,Tottenham,Everton,D,2,16.0,19.0,2.0,0.0,2.0,"HighPressure, Disciplined, LowTempoController",0
2001-2002_Chelsea_West Ham,2001-2002,22,Chelsea,West Ham,H,6,27.0,10.0,4.0,1.0,6.0,"AggressiveTackler, RiskTaker, ChaosInducer",1
2001-2002_Leeds_Arsenal,2001-2002,22,Leeds,Arsenal,D,2,15.0,10.0,3.0,0.0,3.0,"LowTempoController, HighPressure",0
2001-2002_Charlton_Aston Villa,2001-2002,22,Charlton,Aston Villa,A,3,16.0,5.0,2.0,0.0,2.0,"Disciplined, ChaosInducer",0
2001-2002_Man United_Liverpool,2001-2002,22,Man United,Liverpool,A,1,21.0,13.0,3.0,0.0,3.0,"LowTempoController, ChaosInducer",0
2001-2002_Leicester_Arsenal,2001-2002,22,Leicester,Arsenal,A,4,16.0,14.0,2.0,0.0,2.0,"Disciplined, LowTempoController",0
2001-2002_Bolton_Man United,2001-2002,23,Bolton,Man United,A,4,36.0,10.0,0.0,0.0,0.0,"RiskTaker, HighPressure, Disciplined",0
2001-2002_Charlton_Derby,2001-2002,23,Charlton,Derby,H,1,14.0,9.0,3.0,0.0,3.0,"LowTempoController, HighPressure",0
2001-2002_Sunderland_Middlesbrough,2001-2002,23,Sunderland,Middlesbrough,A,1,24.0,18.0,2.0,1.0,4.0,"HighPressure, LowTempoController",0
2001-2002_Aston Villa_Everton,2001-2002,23,Aston Villa,Everton,D,0,14.0,6.0,4.0,0.0,4.0,"ChaosInducer, HighPressure",0
2001-2002_Blackburn_Arsenal,2001-2002,23,Blackburn,Arsenal,A,5,19.0,8.0,4.0,1.0,6.0,"AggressiveTackler, ChaosInducer",1
2001-2002_Chelsea_Leeds,2001-2002,23,Chelsea,Leeds,H,2,20.0,11.0,3.0,0.0,3.0,"LowTempoController, RiskTaker",0
2001-2002_Ipswich_Fulham,2001-2002,23,Ipswich,Fulham,H,1,20.0,15.0,3.0,0.0,3.0,"LowTempoController, HighPressure",0
2001-2002_Liverpool_Leicester,2001-2002,23,Liverpool,Leicester,H,1,14.0,12.0,3.0,0.0,3.0,"LowTempoController, DirectPlay",0
2001-2002_Southampton_West Ham,2001-2002,23,Southampton,West Ham,H,2,21.0,6.0,3.0,0.0,3.0,"HighPressure, ChaosInducer",0
2001-2002_Tottenham_Newcastle,2001-2002,23,Tottenham,Newcastle,A,4,18.0,9.0,2.0,0.0,2.0,"Disciplined, Opportunistic",0
2001-2002_Arsenal_Southampton,2001-2002,24,Arsenal,Southampton,D,2,18.0,7.0,5.0,0.0,5.0,"DirectPlay, ChaosInducer",0
2001-2002_Derby_Tottenham,2001-2002,24,Derby,Tottenham,H,1,19.0,15.0,5.0,0.0,5.0,"LowTempoController, AggressiveTackler",0
2001-2002_Everton_Ipswich,2001-2002,24,Everton,Ipswich,A,3,14.0,6.0,1.0,0.0,1.0,"Disciplined, AggressiveTackler",0
2001-2002_Fulham_Aston Villa,2001-2002,24,Fulham,Aston Villa,D,0,24.0,13.0,3.0,0.0,3.0,"HighPressure, LowTempoController",0
2001-2002_Leicester_Chelsea,2001-2002,24,Leicester,Chelsea,A,5,25.0,8.0,4.0,0.0,4.0,"RiskTaker, ChaosInducer",1
2001-2002_Man United_Sunderland,2001-2002,24,Man United,Sunderland,H,5,24.0,13.0,4.0,0.0,4.0,"RiskTaker, HighPressure, ChaosInducer, LowTempoController",1
2001-2002_Newcastle_Bolton,2001-2002,24,Newcastle,Bolton,H,5,20.0,19.0,0.0,0.0,0.0,"RiskTaker, HighPressure, Disciplined, LowTempoController",0
2001-2002_West Ham_Blackburn,2001-2002,24,West Ham,Blackburn,H,2,27.0,13.0,5.0,0.0,5.0,"HighPressure, Opportunistic",0
2001-2002_Leeds_Liverpool,2001-2002,24,Leeds,Liverpool,A,4,24.0,13.0,3.0,0.0,3.0,"RiskTaker, HighPressure, LowTempoController",1
2001-2002_Middlesbrough_Charlton,2001-2002,24,Middlesbrough,Charlton,D,0,15.0,12.0,3.0,0.0,3.0,"LowTempoController, Opportunistic",0
2001-2002_Aston Villa_Chelsea,2001-2002,25,Aston Villa,Chelsea,D,2,16.0,11.0,2.0,0.0,2.0,"Disciplined, LowTempoController",0
2001-2002_Bolton_West Ham,2001-2002,25,Bolton,West Ham,H,1,13.0,14.0,4.0,0.0,4.0,"LowTempoController, Opportunistic",0
2001-2002_Derby_Sunderland,2001-2002,25,Derby,Sunderland,A,1,17.0,15.0,1.0,0.0,1.0,"Disciplined, LowTempoController",0
2001-2002_Fulham_Blackburn,2001-2002,25,Fulham,Blackburn,H,2,23.0,7.0,5.0,1.0,7.0,"AggressiveTackler, ChaosInducer",1
2001-2002_Ipswich_Liverpool,2001-2002,25,Ipswich,Liverpool,A,6,18.0,16.0,0.0,0.0,0.0,"RiskTaker, Disciplined, LowTempoController",0
2001-2002_Middlesbrough_Leeds,2001-2002,25,Middlesbrough,Leeds,D,4,20.0,11.0,2.0,0.0,2.0,"Disciplined, LowTempoController",0
2001-2002_Newcastle_Southampton,2001-2002,25,Newcastle,Southampton,H,4,27.0,9.0,1.0,0.0,1.0,"RiskTaker, Disciplined",0
2001-2002_Tottenham_Leicester,2001-2002,25,Tottenham,Leicester,H,3,19.0,16.0,1.0,0.0,1.0,"HighPressure, Disciplined, LowTempoController",0
2001-2002_Charlton_Man United,2001-2002,25,Charlton,Man United,A,2,19.0,12.0,1.0,0.0,1.0,"Disciplined, LowTempoController",0
2001-2002_Everton_Arsenal,2001-2002,25,Everton,Arsenal,A,1,12.0,6.0,5.0,0.0,5.0,"LowTempoController, DirectPlay",0
2001-2002_Middlesbrough_Fulham,2001-2002,25,Middlesbrough,Fulham,H,3,21.0,18.0,3.0,0.0,3.0,"HighPressure, LowTempoController",0
2001-2002_Arsenal_Fulham,2001-2002,26,Arsenal,Fulham,H,5,22.0,12.0,1.0,0.0,1.0,"RiskTaker, Disciplined, LowTempoController",0
2001-2002_Leicester_Derby,2001-2002,26,Leicester,Derby,A,3,11.0,10.0,6.0,0.0,6.0,"AggressiveTackler, ChaosInducer, LowTempoController",0
2001-2002_Liverpool_Everton,2001-2002,26,Liverpool,Everton,D,2,19.0,13.0,2.0,0.0,2.0,"Disciplined, LowTempoController",0
2001-2002_Man United_Aston Villa,2001-2002,26,Man United,Aston Villa,H,1,18.0,11.0,0.0,0.0,0.0,"Disciplined, LowTempoController",0
2001-2002_Southampton_Bolton,2001-2002,26,Southampton,Bolton,D,0,12.0,12.0,4.0,1.0,6.0,"AggressiveTackler, LowTempoController",0
2001-2002_West Ham_Middlesbrough,2001-2002,26,West Ham,Middlesbrough,H,1,19.0,15.0,7.0,1.0,9.0,"AggressiveTackler, ChaosInducer, LowTempoController",1
2001-2002_Leeds_Charlton,2001-2002,26,Leeds,Charlton,D,0,23.0,11.0,3.0,0.0,3.0,"RiskTaker, Opportunistic",0
2001-2002_Sunderland_Newcastle,2001-2002,26,Sunderland,Newcastle,A,1,24.0,16.0,4.0,0.0,4.0,"HighPressure, LowTempoController",0
2001-2002_Aston Villa_West Ham,2001-2002,27,Aston Villa,West Ham,H,3,14.0,13.0,1.0,0.0,1.0,"Disciplined, LowTempoController",0
2001-2002_Bolton_Blackburn,2001-2002,27,Bolton,Blackburn,D,2,17.0,12.0,1.0,1.0,3.0,"LowTempoController, AggressiveTackler",0
2001-2002_Charlton_Chelsea,2001-2002,27,Charlton,Chelsea,H,3,13.0,9.0,3.0,0.0,3.0,"LowTempoController, HighPressure",0
2001-2002_Fulham_Liverpool,2001-2002,27,Fulham,Liverpool,A,2,21.0,12.0,5.0,0.0,5.0,"LowTempoController, ChaosInducer",0
2001-2002_Ipswich_Southampton,2001-2002,27,Ipswich,Southampton,A,4,13.0,7.0,1.0,0.0,1.0,"Disciplined, LowTempoController",0
2001-2002_Middlesbrough_Leicester,2001-2002,27,Middlesbrough,Leicester,H,1,17.0,11.0,6.0,0.0,6.0,"AggressiveTackler, LowTempoController",0
2001-2002_Newcastle_Arsenal,2001-2002,27,Newcastle,Arsenal,A,2,22.0,13.0,1.0,0.0,1.0,"Disciplined, LowTempoController",0
2001-2002_Tottenham_Sunderland,2001-2002,27,Tottenham,Sunderland,H,3,24.0,10.0,1.0,0.0,1.0,"Disciplined, AggressiveTackler",0
2001-2002_Derby_Man United,2001-2002,27,Derby,Man United,D,4,34.0,14.0,2.0,0.0,2.0,"RiskTaker, HighPressure, Disciplined",0
2001-2002_Everton_Leeds,2001-2002,27,Everton,Leeds,D,0,19.0,7.0,3.0,1.0,5.0,"AggressiveTackler, RiskTaker",0
2001-2002_Arsenal_Derby,2001-2002,28,Arsenal,Derby,H,1,17.0,10.0,3.0,0.0,3.0,"LowTempoController, DirectPlay",0
2001-2002_Blackburn_Aston Villa,2001-2002,28,Blackburn,Aston Villa,H,3,27.0,10.0,3.0,0.0,3.0,"RiskTaker, DirectPlay",0
2001-2002_Sunderland_Bolton,2001-2002,28,Sunderland,Bolton,H,1,21.0,8.0,3.0,0.0,3.0,"LowTempoController, RiskTaker",0
2001-2002_Chelsea_Fulham,2001-2002,28,Chelsea,Fulham,H,5,26.0,8.0,1.0,0.0,1.0,"RiskTaker, Disciplined",0
2001-2002_Leeds_Ipswich,2001-2002,28,Leeds,Ipswich,H,2,20.0,12.0,4.0,0.0,4.0,"LowTempoController, HighPressure",0
2001-2002_Liverpool_Newcastle,2001-2002,28,Liverpool,Newcastle,H,3,34.0,11.0,0.0,0.0,0.0,"RiskTaker, HighPressure, Disciplined",0
2001-2002_Man United_Tottenham,2001-2002,28,Man United,Tottenham,H,4,32.0,17.0,5.0,1.0,7.0,"AggressiveTackler, RiskTaker, HighPressure, ChaosInducer",1
2001-2002_Southampton_Middlesbrough,2001-2002,28,Southampton,Middlesbrough,D,2,13.0,14.0,2.0,1.0,4.0,"LowTempoController, DirectPlay",0
2001-2002_West Ham_Everton,2001-2002,28,West Ham,Everton,H,1,22.0,13.0,2.0,0.0,2.0,"Disciplined, LowTempoController",0
2001-2002_Leicester_Charlton,2001-2002,28,Leicester,Charlton,D,2,21.0,16.0,4.0,0.0,4.0,"HighPressure, LowTempoController",0
2001-2002_Blackburn_Ipswich,2001-2002,28,Blackburn,Ipswich,H,3,17.0,11.0,5.0,0.0,5.0,"ChaosInducer, LowTempoController",0
2001-2002_Chelsea_Tottenham,2001-2002,28,Chelsea,Tottenham,H,4,29.0,9.0,4.0,1.0,6.0,"AggressiveTackler, RiskTaker, ChaosInducer",1
2001-2002_Bolton_Derby,2001-2002,29,Bolton,Derby,A,4,9.0,10.0,0.0,1.0,2.0,"Disciplined, LowTempoController",0
2001-2002_Chelsea_Sunderland,2001-2002,29,Chelsea,Sunderland,H,4,20.0,9.0,4.0,0.0,4.0,"ChaosInducer, ChaosInducer",0
2001-2002_Everton_Fulham,2001-2002,29,Everton,Fulham,H,3,16.0,11.0,6.0,1.0,8.0,"AggressiveTackler, ChaosInducer, LowTempoController",0
2001-2002_Middlesbrough_Liverpool,2001-2002,29,Middlesbrough,Liverpool,A,3,23.0,10.0,2.0,0.0,2.0,"Disciplined, Opportunistic",0
2001-2002_Newcastle_Ipswich,2001-2002,29,Newcastle,Ipswich,D,4,27.0,15.0,2.0,0.0,2.0,"RiskTaker, HighPressure, Disciplined, LowTempoController",0
2001-2002_Southampton_Leicester,2001-2002,29,Southampton,Leicester,D,4,15.0,8.0,3.0,0.0,3.0,"LowTempoController, RiskTaker",0
2001-2002_West Ham_Man United,2001-2002,29,West Ham,Man United,A,8,24.0,6.0,4.0,0.0,4.0,"RiskTaker, ChaosInducer",1
2001-2002_Aston Villa_Arsenal,2001-2002,29,Aston Villa,Arsenal,A,3,14.0,12.0,3.0,0.0,3.0,"LowTempoController, Opportunistic",0
2001-2002_Leeds_Blackburn,2001-2002,29,Leeds,Blackburn,H,4,33.0,8.0,3.0,0.0,3.0,"RiskTaker, HighPressure",0
2001-2002_Tottenham_Charlton,2001-2002,29,Tottenham,Charlton,A,1,23.0,10.0,1.0,0.0,1.0,"Disciplined, AggressiveTackler",0
2001-2002_Charlton_Bolton,2001-2002,30,Charlton,Bolton,A,3,12.0,5.0,3.0,0.0,3.0,"ChaosInducer, ChaosInducer",1
2001-2002_Derby_Everton,2001-2002,30,Derby,Everton,A,7,20.0,8.0,5.0,0.0,5.0,"RiskTaker, ChaosInducer",1
2001-2002_Ipswich_Aston Villa,2001-2002,30,Ipswich,Aston Villa,D,0,19.0,14.0,3.0,0.0,3.0,"LowTempoController, AggressiveTackler",0
2001-2002_Leicester_Leeds,2001-2002,30,Leicester,Leeds,A,2,23.0,15.0,4.0,0.0,4.0,"HighPressure, LowTempoController",0
2001-2002_Man United_Middlesbrough,2001-2002,30,Man United,Middlesbrough,A,1,23.0,8.0,6.0,0.0,6.0,"AggressiveTackler, RiskTaker",0
2001-2002_Sunderland_Southampton,2001-2002,30,Sunderland,Southampton,D,2,24.0,11.0,5.0,0.0,5.0,"AggressiveTackler, Opportunistic",0
2001-2002_Fulham_Tottenham,2001-2002,30,Fulham,Tottenham,A,2,20.0,10.0,4.0,0.0,4.0,"LowTempoController, ChaosInducer",0
2001-2002_Liverpool_Chelsea,2001-2002,30,Liverpool,Chelsea,H,1,18.0,8.0,2.0,0.0,2.0,"Disciplined, Disciplined",0
2001-2002_Newcastle_Everton,2001-2002,31,Newcastle,Everton,H,8,25.0,5.0,3.0,0.0,3.0,"RiskTaker, ChaosInducer",1
2001-2002_Arsenal_Sunderland,2001-2002,31,Arsenal,Sunderland,H,3,26.0,9.0,3.0,0.0,3.0,"Disciplined, Opportunistic",0
2001-2002_Bolton_Aston Villa,2001-2002,31,Bolton,Aston Villa,H,5,18.0,7.0,4.0,0.0,4.0,"ChaosInducer, HighPressure",0
2001-2002_Chelsea_Derby,2001-2002,31,Chelsea,Derby,H,3,15.0,9.0,7.0,0.0,7.0,"AggressiveTackler, ChaosInducer, LowTempoController",0
2001-2002_Leeds_Man United,2001-2002,31,Leeds,Man United,A,7,29.0,5.0,3.0,0.0,3.0,"RiskTaker, ChaosInducer",1
2001-2002_Leicester_Blackburn,2001-2002,31,Leicester,Blackburn,H,3,21.0,12.0,1.0,0.0,1.0,"Disciplined, LowTempoController",0
2001-2002_Liverpool_Charlton,2001-2002,31,Liverpool,Charlton,H,2,20.0,12.0,3.0,0.0,3.0,"LowTempoController, DirectPlay",0
2001-2002_Middlesbrough_Tottenham,2001-2002,31,Middlesbrough,Tottenham,D,2,18.0,15.0,3.0,0.0,3.0,"LowTempoController, AggressiveTackler",0
2001-2002_Southampton_Fulham,2001-2002,31,Southampton,Fulham,D,2,18.0,13.0,2.0,0.0,2.0,"Disciplined, LowTempoController",0
2001-2002_West Ham_Ipswich,2001-2002,31,West Ham,Ipswich,H,4,30.0,12.0,2.0,0.0,2.0,"RiskTaker, HighPressure, Disciplined",0
2001-2002_Blackburn_Southampton,2001-2002,32,Blackburn,Southampton,H,2,12.0,7.0,1.0,0.0,1.0,"Disciplined, LowTempoController",0
2001-2002_Charlton_Arsenal,2001-2002,32,Charlton,Arsenal,A,3,17.0,11.0,4.0,0.0,4.0,"LowTempoController, AggressiveTackler",0
2001-2002_Derby_Middlesbrough,2001-2002,32,Derby,Middlesbrough,A,1,13.0,14.0,1.0,0.0,1.0,"Disciplined, LowTempoController",0
2001-2002_Everton_Bolton,2001-2002,32,Everton,Bolton,H,4,22.0,10.0,2.0,2.0,6.0,"AggressiveTackler, ChaosInducer",1
2001-2002_Fulham_West Ham,2001-2002,32,Fulham,West Ham,A,1,13.0,8.0,2.0,0.0,2.0,"Disciplined, LowTempoController",0
2001-2002_Ipswich_Chelsea,2001-2002,32,Ipswich,Chelsea,D,0,16.0,14.0,0.0,0.0,0.0,"Disciplined, LowTempoController",0
2001-2002_Sunderland_Leicester,2001-2002,32,Sunderland,Leicester,H,3,21.0,6.0,5.0,0.0,5.0,"ChaosInducer, HighPressure",1
2001-2002_Tottenham_Leeds,2001-2002,32,Tottenham,Leeds,H,3,25.0,8.0,2.0,0.0,2.0,"Disciplined, HighPressure",0
2001-2002_Aston Villa_Newcastle,2001-2002,32,Aston Villa,Newcastle,D,2,22.0,13.0,0.0,0.0,0.0,"Disciplined, LowTempoController",0
2001-2002_Arsenal_Tottenham,2001-2002,33,Arsenal,Tottenham,H,3,15.0,11.0,5.0,0.0,5.0,"ChaosInducer, LowTempoController",0
2001-2002_Bolton_Ipswich,2001-2002,33,Bolton,Ipswich,H,5,18.0,11.0,0.0,0.0,0.0,"Disciplined, LowTempoController",0
2001-2002_Chelsea_Everton,2001-2002,33,Chelsea,Everton,H,3,31.0,15.0,1.0,0.0,1.0,"RiskTaker, HighPressure, Disciplined",0
2001-2002_Leicester_Man United,2001-2002,33,Leicester,Man United,A,1,26.0,14.0,2.0,0.0,2.0,"HighPressure, Disciplined, LowTempoController",0
2001-2002_Middlesbrough_Aston Villa,2001-2002,33,Middlesbrough,Aston Villa,H,3,19.0,13.0,0.0,0.0,0.0,"Disciplined, LowTempoController",0
2001-2002_Southampton_Derby,2001-2002,33,Southampton,Derby,H,2,18.0,11.0,1.0,0.0,1.0,"Disciplined, LowTempoController",0
2001-2002_West Ham_Charlton,2001-2002,33,West Ham,Charlton,H,2,29.0,16.0,5.0,0.0,5.0,"HighPressure, LowTempoController, Opportunistic",0
2001-2002_Leeds_Sunderland,2001-2002,33,Leeds,Sunderland,H,2,22.0,12.0,3.0,0.0,3.0,"LowTempoController, Opportunistic",0
2001-2002_Newcastle_Fulham,2001-2002,33,Newcastle,Fulham,D,2,12.0,8.0,1.0,0.0,1.0,"Disciplined, LowTempoController",0
2001-2002_Blackburn_Chelsea,2001-2002,33,Blackburn,Chelsea,D,0,23.0,10.0,0.0,0.0,0.0,"Disciplined, Opportunistic",0
2001-2002_Aston Villa_Leeds,2001-2002,34,Aston Villa,Leeds,A,1,15.0,9.0,5.0,0.0,5.0,"LowTempoController, HighPressure",0
2001-2002_Charlton_Southampton,2001-2002,34,Charlton,Southampton,D,2,18.0,12.0,4.0,0.0,4.0,"LowTempoController, ChaosInducer",0
2001-2002_Derby_Newcastle,2001-2002,34,Derby,Newcastle,A,5,21.0,8.0,4.0,0.0,4.0,"RiskTaker, ChaosInducer",1
2001-2002_Everton_Leicester,2001-2002,34,Everton,Leicester,D,4,22.0,17.0,2.0,0.0,2.0,"HighPressure, Disciplined, LowTempoController",0
2001-2002_Sunderland_Liverpool,2001-2002,34,Sunderland,Liverpool,A,1,20.0,7.0,3.0,1.0,5.0,"Opportunistic, LowTempoController",0
2001-2002_Tottenham_West Ham,2001-2002,34,Tottenham,West Ham,D,2,28.0,8.0,0.0,0.0,0.0,"Disciplined, Opportunistic",0
2001-2002_Bolton_Tottenham,2001-2002,35,Bolton,Tottenham,D,2,23.0,16.0,4.0,0.0,4.0,"HighPressure, LowTempoController",0
2001-2002_Chelsea_Man United,2001-2002,35,Chelsea,Man United,A,3,13.0,17.0,5.0,0.0,5.0,"ChaosInducer, LowTempoController",0
2001-2002_Leeds_Fulham,2001-2002,35,Leeds,Fulham,A,1,16.0,5.0,5.0,0.0,5.0,"Opportunistic, AggressiveTackler",0
2001-2002_Leicester_Aston Villa,2001-2002,35,Leicester,Aston Villa,D,4,26.0,9.0,1.0,0.0,1.0,"RiskTaker, Disciplined",0
2001-2002_Liverpool_Derby,2001-2002,35,Liverpool,Derby,H,2,17.0,13.0,3.0,0.0,3.0,"LowTempoController, Opportunistic",0
2001-2002_Middlesbrough_Blackburn,2001-2002,35,Middlesbrough,Blackburn,A,4,17.0,16.0,6.0,1.0,8.0,"AggressiveTackler, ChaosInducer, LowTempoController",0
2001-2002_Newcastle_Charlton,2001-2002,35,Newcastle,Charlton,H,3,16.0,15.0,3.0,0.0,3.0,"LowTempoController, ChaosInducer",0
2001-2002_Southampton_Everton,2001-2002,35,Southampton,Everton,A,1,13.0,8.0,2.0,0.0,2.0,"Disciplined, LowTempoController",0
2001-2002_West Ham_Sunderland,2001-2002,35,West Ham,Sunderland,H,3,26.0,15.0,5.0,0.0,5.0,"HighPressure, ChaosInducer, LowTempoController",0
2001-2002_Arsenal_Ipswich,2001-2002,35,Arsenal,Ipswich,H,2,27.0,16.0,1.0,0.0,1.0,"HighPressure, Disciplined, LowTempoController, Opportunistic",0
2001-2002_Blackburn_Newcastle,2001-2002,36,Blackburn,Newcastle,D,4,33.0,12.0,2.0,0.0,2.0,"RiskTaker, HighPressure, Disciplined",0
2001-2002_Fulham_Bolton,2001-2002,36,Fulham,Bolton,H,3,19.0,9.0,0.0,0.0,0.0,"Disciplined, HighPressure",0
2001-2002_Arsenal_West Ham,2001-2002,36,Arsenal,West Ham,H,2,25.0,14.0,4.0,0.0,4.0,"HighPressure, LowTempoController",0
2001-2002_Ipswich_Middlesbrough,2001-2002,36,Ipswich,Middlesbrough,H,1,30.0,9.0,2.0,0.0,2.0,"Disciplined, Opportunistic",0
2001-2002_Aston Villa_Southampton,2001-2002,37,Aston Villa,Southampton,H,3,15.0,8.0,3.0,0.0,3.0,"LowTempoController, AggressiveTackler",0
2001-2002_Charlton_Sunderland,2001-2002,37,Charlton,Sunderland,D,4,17.0,15.0,5.0,0.0,5.0,"ChaosInducer, LowTempoController",0
2001-2002_Derby_Leeds,2001-2002,37,Derby,Leeds,A,1,19.0,11.0,2.0,0.0,2.0,"Disciplined, LowTempoController",0
2001-2002_Fulham_Leicester,2001-2002,37,Fulham,Leicester,D,0,13.0,9.0,7.0,0.0,7.0,"AggressiveTackler, LowTempoController",0
2001-2002_Ipswich_Man United,2001-2002,37,Ipswich,Man United,A,1,28.0,10.0,2.0,0.0,2.0,"Disciplined, Opportunistic",0
2001-2002_Middlesbrough_Chelsea,2001-2002,37,Middlesbrough,Chelsea,A,2,24.0,10.0,4.0,0.0,4.0,"Opportunistic, ChaosInducer",0
2001-2002_Newcastle_West Ham,2001-2002,37,Newcastle,West Ham,H,4,27.0,10.0,3.0,0.0,3.0,"RiskTaker, LowTempoController",0
2001-2002_Tottenham_Liverpool,2001-2002,37,Tottenham,Liverpool,H,1,22.0,11.0,2.0,0.0,2.0,"Disciplined, Opportunistic",0
2001-2002_Everton_Blackburn,2001-2002,37,Everton,Blackburn,A,3,24.0,14.0,4.0,0.0,4.0,"HighPressure, LowTempoController",0
2001-2002_Bolton_Arsenal,2001-2002,37,Bolton,Arsenal,A,2,15.0,10.0,0.0,0.0,0.0,"Disciplined, LowTempoController",0
2001-2002_Liverpool_Blackburn,2001-2002,37,Liverpool,Blackburn,H,7,24.0,15.0,2.0,0.0,2.0,"RiskTaker, HighPressure, ChaosInducer, Disciplined, LowTempoController",1
2001-2002_Man United_Arsenal,2001-2002,37,Man United,Arsenal,A,1,14.0,11.0,6.0,0.0,6.0,"AggressiveTackler, LowTempoController",0
2001-2002_Arsenal_Everton,2001-2002,38,Arsenal,Everton,H,7,31.0,7.0,0.0,0.0,0.0,"RiskTaker, ChaosInducer, Disciplined",1
2001-2002_Blackburn_Fulham,2001-2002,38,Blackburn,Fulham,H,3,23.0,9.0,3.0,0.0,3.0,"ChaosInducer, LowTempoController",0
2001-2002_Chelsea_Aston Villa,2001-2002,38,Chelsea,Aston Villa,A,4,30.0,13.0,1.0,0.0,1.0,"RiskTaker, HighPressure, Disciplined",0
2001-2002_Leeds_Middlesbrough,2001-2002,38,Leeds,Middlesbrough,H,1,26.0,16.0,2.0,0.0,2.0,"HighPressure, Disciplined, LowTempoController",0
2001-2002_Leicester_Tottenham,2001-2002,38,Leicester,Tottenham,H,3,23.0,15.0,0.0,0.0,0.0,"HighPressure, Disciplined, LowTempoController",0
2001-2002_Liverpool_Ipswich,2001-2002,38,Liverpool,Ipswich,H,5,22.0,7.0,0.0,0.0,0.0,"RiskTaker, Disciplined",0
2001-2002_Man United_Charlton,2001-2002,38,Man United,Charlton,D,0,24.0,11.0,2.0,0.0,2.0,"Disciplined, HighPressure",0
2001-2002_Southampton_Newcastle,2001-2002,38,Southampton,Newcastle,H,4,23.0,9.0,1.0,1.0,3.0,"Opportunistic, LowTempoController",0
2001-2002_Sunderland_Derby,2001-2002,38,Sunderland,Derby,D,2,31.0,6.0,1.0,0.0,1.0,"Disciplined, Opportunistic",0
2001-2002_West Ham_Bolton,2001-2002,38,West Ham,Bolton,H,3,27.0,14.0,3.0,0.0,3.0,"RiskTaker, HighPressure",1
2002-2003_Blackburn_Sunderland,2002-2003,1,Blackburn,Sunderland,D,0,22.0,10.0,3.0,0.0,3.0,"AggressiveTackler, HighPressure",0
2002-2003_Charlton_Chelsea,2002-2003,1,Charlton,Chelsea,A,5,26.0,9.0,3.0,1.0,5.0,"RiskTaker, ChaosInducer",1
2002-2003_Everton_Tottenham,2002-2003,1,Everton,Tottenham,D,4,23.0,15.0,2.0,0.0,2.0,"HighPressure, Disciplined, LowTempoController",0
2002-2003_Fulham_Bolton,2002-2003,1,Fulham,Bolton,H,5,16.0,11.0,3.0,0.0,3.0,"ChaosInducer, LowTempoController",0
2002-2003_Leeds_Man City,2002-2003,1,Leeds,Man City,H,3,31.0,9.0,2.0,0.0,2.0,"RiskTaker, HighPressure, Disciplined",0
2002-2003_Man United_West Brom,2002-2003,1,Man United,West Brom,H,1,26.0,10.0,2.0,1.0,4.0,"AggressiveTackler, Disciplined",0
2002-2003_Southampton_Middlesbrough,2002-2003,1,Southampton,Middlesbrough,D,0,23.0,7.0,0.0,0.0,0.0,"Disciplined, RiskTaker",0
2002-2003_Arsenal_Birmingham,2002-2003,1,Arsenal,Birmingham,H,2,22.0,11.0,1.0,1.0,3.0,"Opportunistic, LowTempoController",0
2002-2003_Aston Villa_Liverpool,2002-2003,1,Aston Villa,Liverpool,A,1,23.0,14.0,4.0,0.0,4.0,"HighPressure, LowTempoController",0
2002-2003_Newcastle_West Ham,2002-2003,1,Newcastle,West Ham,H,4,20.0,8.0,3.0,0.0,3.0,"RiskTaker, RiskTaker",0
2002-2003_Chelsea_Man United,2002-2003,2,Chelsea,Man United,D,4,20.0,6.0,5.0,0.0,5.0,"ChaosInducer, LowTempoController",0
2002-2003_Birmingham_Blackburn,2002-2003,2,Birmingham,Blackburn,A,1,28.0,10.0,3.0,0.0,3.0,"Opportunistic, HighPressure",0
2002-2003_Bolton_Charlton,2002-2003,2,Bolton,Charlton,A,3,23.0,10.0,2.0,0.0,2.0,"Disciplined, Opportunistic",0
2002-2003_Liverpool_Southampton,2002-2003,2,Liverpool,Southampton,H,3,23.0,13.0,1.0,0.0,1.0,"Disciplined, LowTempoController",0
2002-2003_Man City_Newcastle,2002-2003,2,Man City,Newcastle,H,1,29.0,14.0,2.0,0.0,2.0,"HighPressure, Disciplined, Opportunistic",0
2002-2003_Middlesbrough_Fulham,2002-2003,2,Middlesbrough,Fulham,D,4,16.0,19.0,6.0,0.0,6.0,"AggressiveTackler, HighPressure, ChaosInducer, LowTempoController",1
2002-2003_Sunderland_Everton,2002-2003,2,Sunderland,Everton,A,1,24.0,14.0,1.0,0.0,1.0,"HighPressure, Disciplined, LowTempoController",0
2002-2003_Tottenham_Aston Villa,2002-2003,2,Tottenham,Aston Villa,H,1,26.0,7.0,2.0,0.0,2.0,"Disciplined, Disciplined",0
2002-2003_West Brom_Leeds,2002-2003,2,West Brom,Leeds,A,4,23.0,10.0,2.0,0.0,2.0,"Disciplined, AggressiveTackler",0
2002-2003_West Ham_Arsenal,2002-2003,2,West Ham,Arsenal,D,4,17.0,8.0,7.0,0.0,7.0,"AggressiveTackler, ChaosInducer",1
2002-2003_Arsenal_West Brom,2002-2003,3,Arsenal,West Brom,H,7,18.0,2.0,5.0,0.0,5.0,"RiskTaker, ChaosInducer",1
2002-2003_Charlton_Tottenham,2002-2003,3,Charlton,Tottenham,A,1,17.0,15.0,3.0,0.0,3.0,"LowTempoController, ChaosInducer",0
2002-2003_Aston Villa_Man City,2002-2003,3,Aston Villa,Man City,H,1,18.0,9.0,4.0,0.0,4.0,"AggressiveTackler, ChaosInducer",0
2002-2003_Blackburn_Liverpool,2002-2003,3,Blackburn,Liverpool,D,4,12.0,7.0,4.0,0.0,4.0,"ChaosInducer, LowTempoController",0
2002-2003_Everton_Birmingham,2002-2003,3,Everton,Birmingham,D,2,16.0,11.0,3.0,1.0,5.0,"LowTempoController, AggressiveTackler",0
2002-2003_Leeds_Sunderland,2002-2003,3,Leeds,Sunderland,A,1,29.0,9.0,2.0,0.0,2.0,"Disciplined, Opportunistic",0
2002-2003_Southampton_Chelsea,2002-2003,3,Southampton,Chelsea,D,2,22.0,11.0,3.0,0.0,3.0,"LowTempoController, Disciplined",0
2002-2003_Birmingham_Leeds,2002-2003,4,Birmingham,Leeds,H,3,17.0,7.0,6.0,0.0,6.0,"AggressiveTackler, ChaosInducer",0
2002-2003_Man City_Everton,2002-2003,4,Man City,Everton,H,4,21.0,13.0,1.0,1.0,3.0,"LowTempoController, Opportunistic",0
2002-2003_Middlesbrough_Blackburn,2002-2003,4,Middlesbrough,Blackburn,H,1,17.0,14.0,6.0,0.0,6.0,"AggressiveTackler, LowTempoController",0
2002-2003_Sunderland_Man United,2002-2003,4,Sunderland,Man United,D,2,32.0,14.0,3.0,1.0,5.0,"HighPressure, Opportunistic",0
2002-2003_Tottenham_Southampton,2002-2003,4,Tottenham,Southampton,H,3,33.0,18.0,4.0,1.0,6.0,"AggressiveTackler, RiskTaker, HighPressure, ChaosInducer",1
2002-2003_West Brom_Fulham,2002-2003,4,West Brom,Fulham,H,1,14.0,12.0,7.0,0.0,7.0,"AggressiveTackler, LowTempoController",0
2002-2003_West Ham_Charlton,2002-2003,4,West Ham,Charlton,A,2,14.0,14.0,4.0,0.0,4.0,"LowTempoController, ChaosInducer",0
2002-2003_Bolton_Aston Villa,2002-2003,4,Bolton,Aston Villa,H,1,25.0,9.0,5.0,0.0,5.0,"Opportunistic, Opportunistic",0
2002-2003_Chelsea_Arsenal,2002-2003,4,Chelsea,Arsenal,D,2,16.0,8.0,7.0,1.0,9.0,"AggressiveTackler, ChaosInducer, LowTempoController",0
2002-2003_Liverpool_Newcastle,2002-2003,4,Liverpool,Newcastle,D,4,33.0,15.0,3.0,0.0,3.0,"RiskTaker, HighPressure",0
2002-2003_Man United_Middlesbrough,2002-2003,4,Man United,Middlesbrough,H,1,12.0,10.0,3.0,0.0,3.0,"LowTempoController, Opportunistic",0
2002-2003_Arsenal_Man City,2002-2003,5,Arsenal,Man City,H,3,18.0,13.0,3.0,1.0,5.0,"ChaosInducer, LowTempoController",0
2002-2003_Middlesbrough_Sunderland,2002-2003,5,Middlesbrough,Sunderland,H,3,17.0,14.0,6.0,0.0,6.0,"AggressiveTackler, ChaosInducer, LowTempoController",0
2002-2003_Aston Villa_Charlton,2002-2003,5,Aston Villa,Charlton,H,2,20.0,8.0,1.0,0.0,1.0,"Disciplined, DirectPlay",0
2002-2003_Blackburn_Chelsea,2002-2003,5,Blackburn,Chelsea,A,5,25.0,13.0,5.0,0.0,5.0,"RiskTaker, HighPressure, ChaosInducer",1
2002-2003_Fulham_Tottenham,2002-2003,5,Fulham,Tottenham,H,5,20.0,15.0,1.0,0.0,1.0,"RiskTaker, Disciplined, LowTempoController",0
2002-2003_Liverpool_Birmingham,2002-2003,5,Liverpool,Birmingham,D,4,18.0,3.0,1.0,0.0,1.0,"Disciplined, HighPressure",0
2002-2003_Man United_Bolton,2002-2003,5,Man United,Bolton,A,1,33.0,15.0,3.0,0.0,3.0,"HighPressure, Opportunistic",0
2002-2003_Newcastle_Leeds,2002-2003,5,Newcastle,Leeds,A,2,36.0,17.0,5.0,0.0,5.0,"HighPressure, Opportunistic",0
2002-2003_Southampton_Everton,2002-2003,5,Southampton,Everton,H,1,29.0,17.0,6.0,0.0,6.0,"AggressiveTackler, HighPressure, LowTempoController, Opportunistic",1
2002-2003_West Ham_West Brom,2002-2003,5,West Ham,West Brom,A,1,11.0,12.0,1.0,0.0,1.0,"Disciplined, LowTempoController",0
2002-2003_Bolton_Liverpool,2002-2003,6,Bolton,Liverpool,A,5,19.0,11.0,4.0,0.0,4.0,"ChaosInducer, LowTempoController",0
2002-2003_Charlton_Arsenal,2002-2003,6,Charlton,Arsenal,A,3,19.0,7.0,3.0,0.0,3.0,"AggressiveTackler, Opportunistic",0
2002-2003_Chelsea_Newcastle,2002-2003,6,Chelsea,Newcastle,H,3,12.0,6.0,5.0,0.0,5.0,"ChaosInducer, LowTempoController",0
2002-2003_Everton_Middlesbrough,2002-2003,6,Everton,Middlesbrough,H,3,23.0,14.0,3.0,0.0,3.0,"HighPressure, LowTempoController",0
2002-2003_Leeds_Man United,2002-2003,6,Leeds,Man United,H,1,14.0,11.0,3.0,0.0,3.0,"LowTempoController, AggressiveTackler",0
2002-2003_Sunderland_Fulham,2002-2003,6,Sunderland,Fulham,A,3,13.0,17.0,4.0,0.0,4.0,"LowTempoController, Opportunistic",0
2002-2003_West Brom_Southampton,2002-2003,6,West Brom,Southampton,H,1,21.0,7.0,3.0,1.0,5.0,"ChaosInducer, HighPressure",0
2002-2003_Man City_Blackburn,2002-2003,6,Man City,Blackburn,D,4,27.0,20.0,6.0,1.0,8.0,"AggressiveTackler, RiskTaker, HighPressure, ChaosInducer, LowTempoController",1
2002-2003_Tottenham_West Ham,2002-2003,6,Tottenham,West Ham,H,5,23.0,11.0,4.0,1.0,6.0,"AggressiveTackler, RiskTaker, ChaosInducer",1
2002-2003_Birmingham_Aston Villa,2002-2003,6,Birmingham,Aston Villa,H,3,20.0,15.0,5.0,0.0,5.0,"ChaosInducer, LowTempoController",0
2002-2003_Arsenal_Bolton,2002-2003,7,Arsenal,Bolton,H,3,22.0,9.0,4.0,1.0,6.0,"AggressiveTackler, ChaosInducer",1
2002-2003_Liverpool_West Brom,2002-2003,7,Liverpool,West Brom,H,2,28.0,11.0,4.0,1.0,6.0,"AggressiveTackler, HighPressure, Opportunistic",1
2002-2003_Man United_Tottenham,2002-2003,7,Man United,Tottenham,H,1,26.0,15.0,2.0,0.0,2.0,"HighPressure, Disciplined, LowTempoController",0
2002-2003_Middlesbrough_Birmingham,2002-2003,7,Middlesbrough,Birmingham,H,1,21.0,9.0,7.0,0.0,7.0,"AggressiveTackler, HighPressure",1
2002-2003_Newcastle_Sunderland,2002-2003,7,Newcastle,Sunderland,H,2,19.0,11.0,6.0,0.0,6.0,"AggressiveTackler, LowTempoController",0
2002-2003_Southampton_Charlton,2002-2003,7,Southampton,Charlton,D,0,19.0,8.0,3.0,0.0,3.0,"LowTempoController, DirectPlay",0
2002-2003_West Ham_Man City,2002-2003,7,West Ham,Man City,D,0,17.0,12.0,2.0,0.0,2.0,"Disciplined, LowTempoController",0
2002-2003_Aston Villa_Everton,2002-2003,7,Aston Villa,Everton,H,5,26.0,10.0,1.0,0.0,1.0,"RiskTaker, Disciplined",0
2002-2003_Blackburn_Leeds,2002-2003,7,Blackburn,Leeds,H,1,18.0,9.0,3.0,0.0,3.0,"LowTempoController, LowTempoController",0
2002-2003_Fulham_Chelsea,2002-2003,7,Fulham,Chelsea,D,0,19.0,8.0,1.0,0.0,1.0,"Disciplined, LowTempoController",0
2002-2003_Birmingham_Newcastle,2002-2003,8,Birmingham,Newcastle,A,2,24.0,15.0,3.0,0.0,3.0,"HighPressure, LowTempoController",0
2002-2003_Bolton_Southampton,2002-2003,8,Bolton,Southampton,D,2,29.0,16.0,1.0,0.0,1.0,"HighPressure, Disciplined, LowTempoController, Opportunistic",0
2002-2003_Charlton_Man United,2002-2003,8,Charlton,Man United,A,4,20.0,9.0,5.0,0.0,5.0,"ChaosInducer, LowTempoController",0
2002-2003_Chelsea_West Ham,2002-2003,8,Chelsea,West Ham,A,5,28.0,12.0,5.0,0.0,5.0,"RiskTaker, HighPressure, ChaosInducer",1
2002-2003_Everton_Fulham,2002-2003,8,Everton,Fulham,H,2,27.0,12.0,4.0,0.0,4.0,"HighPressure, Opportunistic",0
2002-2003_Leeds_Arsenal,2002-2003,8,Leeds,Arsenal,A,5,16.0,8.0,6.0,0.0,6.0,"AggressiveTackler, ChaosInducer, LowTempoController",1
2002-2003_Man City_Liverpool,2002-2003,8,Man City,Liverpool,A,3,23.0,15.0,0.0,0.0,0.0,"HighPressure, Disciplined, LowTempoController",0
2002-2003_Sunderland_Aston Villa,2002-2003,8,Sunderland,Aston Villa,H,1,20.0,17.0,6.0,0.0,6.0,"AggressiveTackler, HighPressure, LowTempoController",0
2002-2003_Tottenham_Middlesbrough,2002-2003,8,Tottenham,Middlesbrough,A,3,30.0,15.0,2.0,0.0,2.0,"RiskTaker, HighPressure, Disciplined",0
2002-2003_West Brom_Blackburn,2002-2003,8,West Brom,Blackburn,A,2,19.0,9.0,2.0,0.0,2.0,"Disciplined, LowTempoController",0
2002-2003_Middlesbrough_Bolton,2002-2003,9,Middlesbrough,Bolton,H,2,24.0,10.0,3.0,0.0,3.0,"Disciplined, HighPressure",0
2002-2003_Newcastle_West Brom,2002-2003,9,Newcastle,West Brom,H,3,19.0,17.0,3.0,0.0,3.0,"HighPressure, LowTempoController",0
2002-2003_Southampton_Man City,2002-2003,9,Southampton,Man City,H,2,30.0,13.0,4.0,1.0,6.0,"AggressiveTackler, HighPressure, Opportunistic",1
2002-2003_West Ham_Birmingham,2002-2003,9,West Ham,Birmingham,A,3,23.0,10.0,3.0,0.0,3.0,"LowTempoController, Opportunistic",0
2002-2003_Arsenal_Sunderland,2002-2003,9,Arsenal,Sunderland,H,4,13.0,15.0,0.0,0.0,0.0,"Disciplined, LowTempoController",0
2002-2003_Aston Villa_Leeds,2002-2003,9,Aston Villa,Leeds,D,0,22.0,20.0,2.0,0.0,2.0,"HighPressure, Disciplined, LowTempoController",0
2002-2003_Blackburn_Tottenham,2002-2003,9,Blackburn,Tottenham,A,3,21.0,9.0,1.0,0.0,1.0,"Disciplined, HighPressure",0
2002-2003_Fulham_Charlton,2002-2003,9,Fulham,Charlton,H,1,23.0,12.0,3.0,0.0,3.0,"HighPressure, RiskTaker",1
2002-2003_Liverpool_Chelsea,2002-2003,9,Liverpool,Chelsea,H,1,20.0,4.0,2.0,0.0,2.0,"Disciplined, Disciplined",0
2002-2003_Man United_Everton,2002-2003,9,Man United,Everton,H,3,25.0,8.0,2.0,1.0,4.0,"LowTempoController, AggressiveTackler",0
2002-2003_Blackburn_Newcastle,2002-2003,10,Blackburn,Newcastle,H,7,26.0,12.0,2.0,1.0,4.0,"RiskTaker, HighPressure, ChaosInducer",1
2002-2003_Everton_Arsenal,2002-2003,10,Everton,Arsenal,H,3,19.0,13.0,4.0,0.0,4.0,"LowTempoController, ChaosInducer",0
2002-2003_Fulham_Man United,2002-2003,10,Fulham,Man United,D,2,20.0,7.0,4.0,0.0,4.0,"DirectPlay, Opportunistic",0
2002-2003_Leeds_Liverpool,2002-2003,10,Leeds,Liverpool,A,1,25.0,18.0,3.0,0.0,3.0,"HighPressure, LowTempoController",0
2002-2003_Man City_Chelsea,2002-2003,10,Man City,Chelsea,A,3,19.0,10.0,3.0,0.0,3.0,"LowTempoController, AggressiveTackler",0
2002-2003_Sunderland_West Ham,2002-2003,10,Sunderland,West Ham,A,1,14.0,13.0,2.0,0.0,2.0,"Disciplined, LowTempoController",0
2002-2003_West Brom_Birmingham,2002-2003,10,West Brom,Birmingham,D,2,25.0,14.0,5.0,1.0,7.0,"AggressiveTackler, HighPressure, ChaosInducer, LowTempoController",1
2002-2003_Charlton_Middlesbrough,2002-2003,10,Charlton,Middlesbrough,H,1,23.0,9.0,4.0,0.0,4.0,"Disciplined, ChaosInducer",0
2002-2003_Tottenham_Bolton,2002-2003,10,Tottenham,Bolton,H,4,11.0,10.0,1.0,0.0,1.0,"Disciplined, LowTempoController",0
2002-2003_Aston Villa_Southampton,2002-2003,10,Aston Villa,Southampton,A,1,31.0,11.0,4.0,1.0,6.0,"AggressiveTackler, HighPressure, Opportunistic",1
2002-2003_Fulham_West Ham,2002-2003,10,Fulham,West Ham,A,1,12.0,13.0,5.0,1.0,7.0,"AggressiveTackler, LowTempoController",0
2002-2003_Arsenal_Blackburn,2002-2003,11,Arsenal,Blackburn,A,3,22.0,18.0,4.0,1.0,6.0,"AggressiveTackler, HighPressure, ChaosInducer, LowTempoController",1
2002-2003_Birmingham_Man City,2002-2003,11,Birmingham,Man City,A,2,17.0,7.0,4.0,0.0,4.0,"Disciplined, Opportunistic",0
2002-2003_Chelsea_West Brom,2002-2003,11,Chelsea,West Brom,H,2,17.0,10.0,1.0,0.0,1.0,"Disciplined, LowTempoController",0
2002-2003_Liverpool_Tottenham,2002-2003,11,Liverpool,Tottenham,H,3,19.0,12.0,6.0,0.0,6.0,"AggressiveTackler, ChaosInducer, LowTempoController",0
2002-2003_Man United_Aston Villa,2002-2003,11,Man United,Aston Villa,D,2,24.0,13.0,1.0,0.0,1.0,"HighPressure, Disciplined, LowTempoController",0
2002-2003_Middlesbrough_Leeds,2002-2003,11,Middlesbrough,Leeds,D,4,23.0,13.0,5.0,2.0,9.0,"AggressiveTackler, ChaosInducer, LowTempoController",1
2002-2003_Newcastle_Charlton,2002-2003,11,Newcastle,Charlton,H,3,22.0,19.0,3.0,0.0,3.0,"HighPressure, LowTempoController",0
2002-2003_Southampton_Fulham,2002-2003,11,Southampton,Fulham,H,6,18.0,8.0,3.0,0.0,3.0,"RiskTaker, ChaosInducer",1
2002-2003_West Ham_Everton,2002-2003,11,West Ham,Everton,A,1,26.0,8.0,0.0,0.0,0.0,"Disciplined, HighPressure",0
2002-2003_Bolton_Sunderland,2002-2003,11,Bolton,Sunderland,D,2,22.0,7.0,3.0,0.0,3.0,"ChaosInducer, HighPressure",0
2002-2003_Birmingham_Bolton,2002-2003,12,Birmingham,Bolton,H,4,23.0,13.0,6.0,1.0,8.0,"AggressiveTackler, ChaosInducer, LowTempoController",0
2002-2003_Liverpool_West Ham,2002-2003,12,Liverpool,West Ham,H,2,18.0,6.0,0.0,0.0,0.0,"Disciplined, Opportunistic",0
2002-2003_Man United_Southampton,2002-2003,12,Man United,Southampton,H,3,28.0,12.0,1.0,0.0,1.0,"RiskTaker, HighPressure, Disciplined",0
2002-2003_West Brom_Man City,2002-2003,12,West Brom,Man City,A,3,15.0,9.0,4.0,0.0,4.0,"LowTempoController, AggressiveTackler",0
2002-2003_Blackburn_Aston Villa,2002-2003,12,Blackburn,Aston Villa,D,0,28.0,13.0,3.0,0.0,3.0,"HighPressure, Opportunistic",0
2002-2003_Charlton_Sunderland,2002-2003,12,Charlton,Sunderland,D,2,28.0,14.0,5.0,0.0,5.0,"HighPressure, Opportunistic",0
2002-2003_Fulham_Arsenal,2002-2003,12,Fulham,Arsenal,A,1,11.0,15.0,3.0,0.0,3.0,"LowTempoController, Opportunistic",0
2002-2003_Leeds_Everton,2002-2003,12,Leeds,Everton,A,1,30.0,18.0,6.0,0.0,6.0,"AggressiveTackler, HighPressure, LowTempoController, Opportunistic",1
2002-2003_Tottenham_Chelsea,2002-2003,12,Tottenham,Chelsea,D,0,29.0,10.0,5.0,0.0,5.0,"HighPressure, Opportunistic",0
2002-2003_Newcastle_Middlesbrough,2002-2003,12,Newcastle,Middlesbrough,H,2,30.0,12.0,4.0,1.0,6.0,"AggressiveTackler, HighPressure, Opportunistic",1
2002-2003_Arsenal_Newcastle,2002-2003,13,Arsenal,Newcastle,H,1,19.0,11.0,2.0,0.0,2.0,"Disciplined, LowTempoController",0
2002-2003_Aston Villa_Fulham,2002-2003,13,Aston Villa,Fulham,H,4,17.0,10.0,5.0,0.0,5.0,"ChaosInducer, LowTempoController",0
2002-2003_Bolton_West Brom,2002-2003,13,Bolton,West Brom,D,2,20.0,11.0,4.0,1.0,6.0,"AggressiveTackler, LowTempoController",0
2002-2003_Chelsea_Birmingham,2002-2003,13,Chelsea,Birmingham,H,3,23.0,10.0,2.0,0.0,2.0,"Disciplined, AggressiveTackler",0
2002-2003_Everton_Charlton,2002-2003,13,Everton,Charlton,H,1,16.0,10.0,5.0,0.0,5.0,"LowTempoController, ChaosInducer",0
2002-2003_Man City_Man United,2002-2003,13,Man City,Man United,H,4,20.0,9.0,3.0,0.0,3.0,"ChaosInducer, LowTempoController",0
2002-2003_Middlesbrough_Liverpool,2002-2003,13,Middlesbrough,Liverpool,H,1,24.0,7.0,1.0,0.0,1.0,"Disciplined, Disciplined",0
2002-2003_Southampton_Blackburn,2002-2003,13,Southampton,Blackburn,D,2,32.0,9.0,2.0,1.0,4.0,"HighPressure, Opportunistic",0
2002-2003_Sunderland_Tottenham,2002-2003,13,Sunderland,Tottenham,H,2,22.0,9.0,2.0,0.0,2.0,"Disciplined, LowTempoController",0
2002-2003_West Ham_Leeds,2002-2003,13,West Ham,Leeds,A,7,31.0,9.0,8.0,0.0,8.0,"AggressiveTackler, RiskTaker, HighPressure, ChaosInducer",1
2002-2003_Arsenal_Tottenham,2002-2003,14,Arsenal,Tottenham,H,3,23.0,4.0,2.0,1.0,4.0,"Disciplined, LowTempoController",0
2002-2003_Chelsea_Middlesbrough,2002-2003,14,Chelsea,Middlesbrough,H,1,20.0,12.0,3.0,0.0,3.0,"LowTempoController, HighPressure",0
2002-2003_Man City_Charlton,2002-2003,14,Man City,Charlton,A,1,28.0,12.0,4.0,0.0,4.0,"HighPressure, Opportunistic",0
2002-2003_Newcastle_Southampton,2002-2003,14,Newcastle,Southampton,H,3,26.0,8.0,4.0,0.0,4.0,"ChaosInducer, AggressiveTackler",1
2002-2003_West Brom_Aston Villa,2002-2003,14,West Brom,Aston Villa,D,0,18.0,14.0,5.0,0.0,5.0,"LowTempoController, Disciplined",0
2002-2003_Birmingham_Fulham,2002-2003,14,Birmingham,Fulham,D,0,15.0,10.0,3.0,2.0,7.0,"AggressiveTackler, LowTempoController",0
2002-2003_Blackburn_Everton,2002-2003,14,Blackburn,Everton,A,1,25.0,16.0,4.0,0.0,4.0,"HighPressure, LowTempoController",0
2002-2003_Leeds_Bolton,2002-2003,14,Leeds,Bolton,A,6,26.0,6.0,2.0,0.0,2.0,"RiskTaker, ChaosInducer, Disciplined",0
2002-2003_Liverpool_Sunderland,2002-2003,14,Liverpool,Sunderland,D,0,27.0,12.0,1.0,0.0,1.0,"HighPressure, Disciplined, Opportunistic",0
2002-2003_West Ham_Man United,2002-2003,14,West Ham,Man United,D,2,14.0,16.0,2.0,0.0,2.0,"Disciplined, LowTempoController",0
2002-2003_Aston Villa_West Ham,2002-2003,15,Aston Villa,West Ham,H,5,38.0,10.0,5.0,0.0,5.0,"RiskTaker, HighPressure, ChaosInducer",1
2002-2003_Bolton_Chelsea,2002-2003,15,Bolton,Chelsea,D,2,30.0,19.0,6.0,1.0,8.0,"AggressiveTackler, HighPressure, ChaosInducer, LowTempoController, Opportunistic",1
2002-2003_Everton_West Brom,2002-2003,15,Everton,West Brom,H,1,30.0,16.0,4.0,0.0,4.0,"HighPressure, Opportunistic",0
2002-2003_Fulham_Liverpool,2002-2003,15,Fulham,Liverpool,H,5,25.0,9.0,1.0,1.0,3.0,"RiskTaker, ChaosInducer",1
2002-2003_Man United_Newcastle,2002-2003,15,Man United,Newcastle,H,8,21.0,7.0,4.0,0.0,4.0,"RiskTaker, ChaosInducer",1
2002-2003_Middlesbrough_Man City,2002-2003,15,Middlesbrough,Man City,H,4,27.0,12.0,3.0,1.0,5.0,"RiskTaker, HighPressure, ChaosInducer",1
2002-2003_Southampton_Arsenal,2002-2003,15,Southampton,Arsenal,H,5,15.0,11.0,3.0,1.0,5.0,"ChaosInducer, LowTempoController",0
2002-2003_Sunderland_Birmingham,2002-2003,15,Sunderland,Birmingham,A,1,18.0,12.0,6.0,0.0,6.0,"AggressiveTackler, LowTempoController",0
2002-2003_Charlton_Blackburn,2002-2003,15,Charlton,Blackburn,H,4,25.0,12.0,2.0,0.0,2.0,"RiskTaker, Disciplined",0
2002-2003_Tottenham_Leeds,2002-2003,15,Tottenham,Leeds,H,2,19.0,4.0,10.0,0.0,10.0,"AggressiveTackler, ChaosInducer",1
2002-2003_Arsenal_Aston Villa,2002-2003,16,Arsenal,Aston Villa,H,4,25.0,15.0,5.0,0.0,5.0,"RiskTaker, HighPressure, ChaosInducer, LowTempoController",1
2002-2003_Birmingham_Tottenham,2002-2003,16,Birmingham,Tottenham,D,2,20.0,3.0,1.0,0.0,1.0,"Disciplined, Opportunistic",0
2002-2003_Blackburn_Fulham,2002-2003,16,Blackburn,Fulham,H,3,17.0,12.0,3.0,0.0,3.0,"LowTempoController, Disciplined",0
2002-2003_Chelsea_Sunderland,2002-2003,16,Chelsea,Sunderland,H,3,16.0,14.0,3.0,0.0,3.0,"LowTempoController, AggressiveTackler",0
2002-2003_Man City_Bolton,2002-2003,16,Man City,Bolton,H,2,16.0,13.0,2.0,0.0,2.0,"Disciplined, LowTempoController",0
2002-2003_West Brom_Middlesbrough,2002-2003,16,West Brom,Middlesbrough,H,1,27.0,14.0,1.0,0.0,1.0,"HighPressure, Disciplined, Opportunistic",0
2002-2003_Leeds_Charlton,2002-2003,16,Leeds,Charlton,A,3,32.0,16.0,2.0,0.0,2.0,"RiskTaker, HighPressure, Disciplined",0
2002-2003_Liverpool_Man United,2002-2003,16,Liverpool,Man United,A,3,18.0,7.0,5.0,0.0,5.0,"ChaosInducer, LowTempoController",0
2002-2003_Newcastle_Everton,2002-2003,16,Newcastle,Everton,H,3,31.0,13.0,1.0,1.0,3.0,"RiskTaker, HighPressure",0
2002-2003_West Ham_Southampton,2002-2003,16,West Ham,Southampton,A,1,23.0,7.0,2.0,0.0,2.0,"Disciplined, Disciplined",0
2002-2003_Aston Villa_Newcastle,2002-2003,17,Aston Villa,Newcastle,A,1,23.0,11.0,2.0,0.0,2.0,"Disciplined, DirectPlay",0
2002-2003_Bolton_Blackburn,2002-2003,17,Bolton,Blackburn,D,2,31.0,14.0,4.0,0.0,4.0,"HighPressure, Opportunistic",0
2002-2003_Charlton_Liverpool,2002-2003,17,Charlton,Liverpool,H,2,31.0,9.0,6.0,0.0,6.0,"AggressiveTackler, HighPressure, Opportunistic",1
2002-2003_Everton_Chelsea,2002-2003,17,Everton,Chelsea,A,4,27.0,13.0,7.0,1.0,9.0,"AggressiveTackler, RiskTaker, HighPressure, ChaosInducer",1
2002-2003_Fulham_Leeds,2002-2003,17,Fulham,Leeds,H,1,16.0,10.0,7.0,0.0,7.0,"AggressiveTackler, LowTempoController",0
2002-2003_Man United_Arsenal,2002-2003,17,Man United,Arsenal,H,2,20.0,13.0,3.0,0.0,3.0,"LowTempoController, HighPressure",0
2002-2003_Middlesbrough_West Ham,2002-2003,17,Middlesbrough,West Ham,D,4,26.0,12.0,2.0,0.0,2.0,"RiskTaker, HighPressure, Disciplined",0
2002-2003_Southampton_Birmingham,2002-2003,17,Southampton,Birmingham,H,2,19.0,15.0,2.0,0.0,2.0,"Disciplined, LowTempoController",0
2002-2003_Tottenham_West Brom,2002-2003,17,Tottenham,West Brom,H,4,23.0,7.0,3.0,0.0,3.0,"ChaosInducer, AggressiveTackler",0
2002-2003_Sunderland_Man City,2002-2003,17,Sunderland,Man City,A,3,19.0,15.0,2.0,0.0,2.0,"Disciplined, LowTempoController",0
2002-2003_Aston Villa_West Brom,2002-2003,18,Aston Villa,West Brom,H,3,36.0,10.0,4.0,1.0,6.0,"AggressiveTackler, RiskTaker, HighPressure, ChaosInducer",1
2002-2003_Charlton_Man City,2002-2003,18,Charlton,Man City,D,4,26.0,8.0,3.0,0.0,3.0,"RiskTaker, ChaosInducer",1
2002-2003_Everton_Blackburn,2002-2003,18,Everton,Blackburn,H,3,29.0,15.0,3.0,1.0,5.0,"RiskTaker, HighPressure, ChaosInducer",1
2002-2003_Man United_West Ham,2002-2003,18,Man United,West Ham,H,3,24.0,11.0,1.0,0.0,1.0,"Disciplined, DirectPlay",0
2002-2003_Middlesbrough_Chelsea,2002-2003,18,Middlesbrough,Chelsea,D,2,25.0,13.0,1.0,0.0,1.0,"HighPressure, Disciplined",0
2002-2003_Southampton_Newcastle,2002-2003,18,Southampton,Newcastle,D,2,33.0,16.0,0.0,0.0,0.0,"HighPressure, Disciplined, Opportunistic",0
2002-2003_Fulham_Birmingham,2002-2003,18,Fulham,Birmingham,A,1,9.0,8.0,10.0,1.0,12.0,"AggressiveTackler, ChaosInducer, LowTempoController",0
2002-2003_Sunderland_Liverpool,2002-2003,18,Sunderland,Liverpool,H,3,18.0,19.0,2.0,0.0,2.0,"HighPressure, Disciplined, LowTempoController",0
2002-2003_Tottenham_Arsenal,2002-2003,18,Tottenham,Arsenal,D,2,20.0,11.0,5.0,0.0,5.0,"LowTempoController, Disciplined",0
2002-2003_Bolton_Leeds,2002-2003,18,Bolton,Leeds,A,3,26.0,8.0,4.0,0.0,4.0,"Disciplined, Opportunistic",0
2002-2003_Arsenal_Middlesbrough,2002-2003,19,Arsenal,Middlesbrough,H,2,29.0,16.0,4.0,1.0,6.0,"AggressiveTackler, HighPressure, LowTempoController, Opportunistic",1
2002-2003_Birmingham_Charlton,2002-2003,19,Birmingham,Charlton,D,2,16.0,10.0,8.0,1.0,10.0,"AggressiveTackler, ChaosInducer, LowTempoController",0
2002-2003_Chelsea_Aston Villa,2002-2003,19,Chelsea,Aston Villa,H,2,28.0,10.0,3.0,0.0,3.0,"Opportunistic, DirectPlay",0
2002-2003_Leeds_Southampton,2002-2003,19,Leeds,Southampton,D,2,29.0,11.0,1.0,0.0,1.0,"HighPressure, Disciplined, Opportunistic",0
2002-2003_Newcastle_Fulham,2002-2003,19,Newcastle,Fulham,H,2,25.0,13.0,2.0,1.0,4.0,"HighPressure, AggressiveTackler",1
2002-2003_West Brom_Sunderland,2002-2003,19,West Brom,Sunderland,D,4,20.0,18.0,3.0,0.0,3.0,"HighPressure, LowTempoController",0
2002-2003_West Ham_Bolton,2002-2003,19,West Ham,Bolton,D,2,19.0,11.0,1.0,0.0,1.0,"Disciplined, LowTempoController",0
2002-2003_Blackburn_Man United,2002-2003,19,Blackburn,Man United,H,1,21.0,15.0,1.0,0.0,1.0,"HighPressure, Disciplined, LowTempoController",0
2002-2003_Liverpool_Everton,2002-2003,19,Liverpool,Everton,D,0,19.0,11.0,7.0,0.0,7.0,"AggressiveTackler, LowTempoController",0
2002-2003_Man City_Tottenham,2002-2003,19,Man City,Tottenham,A,5,28.0,16.0,5.0,1.0,7.0,"AggressiveTackler, RiskTaker, HighPressure, ChaosInducer, LowTempoController",1
2002-2003_Birmingham_Everton,2002-2003,20,Birmingham,Everton,D,2,14.0,4.0,2.0,1.0,4.0,"Opportunistic, HighPressure",0
2002-2003_Bolton_Newcastle,2002-2003,20,Bolton,Newcastle,H,7,25.0,14.0,3.0,0.0,3.0,"RiskTaker, HighPressure, ChaosInducer, LowTempoController",1
2002-2003_Chelsea_Southampton,2002-2003,20,Chelsea,Southampton,D,0,21.0,11.0,3.0,0.0,3.0,"LowTempoController, Opportunistic",0
2002-2003_Liverpool_Blackburn,2002-2003,20,Liverpool,Blackburn,D,2,22.0,11.0,2.0,0.0,2.0,"Disciplined, RiskTaker",0
2002-2003_Man City_Aston Villa,2002-2003,20,Man City,Aston Villa,H,4,24.0,15.0,1.0,0.0,1.0,"RiskTaker, HighPressure, Disciplined, LowTempoController",0
2002-2003_Middlesbrough_Man United,2002-2003,20,Middlesbrough,Man United,H,4,27.0,13.0,2.0,0.0,2.0,"RiskTaker, HighPressure, Disciplined",0
2002-2003_Sunderland_Leeds,2002-2003,20,Sunderland,Leeds,A,3,29.0,11.0,1.0,0.0,1.0,"RiskTaker, HighPressure, Disciplined",0
2002-2003_Tottenham_Charlton,2002-2003,20,Tottenham,Charlton,D,4,30.0,11.0,3.0,1.0,5.0,"RiskTaker, HighPressure, ChaosInducer",1
2002-2003_West Brom_Arsenal,2002-2003,20,West Brom,Arsenal,A,3,17.0,12.0,1.0,0.0,1.0,"Disciplined, LowTempoController",0
2002-2003_West Ham_Fulham,2002-2003,20,West Ham,Fulham,D,2,22.0,8.0,3.0,1.0,5.0,"AggressiveTackler, RiskTaker",1
2002-2003_Aston Villa_Middlesbrough,2002-2003,21,Aston Villa,Middlesbrough,H,1,23.0,11.0,5.0,1.0,7.0,"AggressiveTackler, DirectPlay",1
2002-2003_Blackburn_West Ham,2002-2003,21,Blackburn,West Ham,D,4,18.0,5.0,5.0,0.0,5.0,"ChaosInducer, LowTempoController",0
2002-2003_Charlton_West Brom,2002-2003,21,Charlton,West Brom,H,1,26.0,16.0,5.0,0.0,5.0,"HighPressure, LowTempoController",0
2002-2003_Everton_Bolton,2002-2003,21,Everton,Bolton,D,0,18.0,12.0,5.0,0.0,5.0,"LowTempoController, RiskTaker",0
2002-2003_Fulham_Man City,2002-2003,21,Fulham,Man City,A,1,28.0,17.0,1.0,0.0,1.0,"HighPressure, Disciplined, LowTempoController, Opportunistic",0
2002-2003_Leeds_Chelsea,2002-2003,21,Leeds,Chelsea,H,2,23.0,10.0,2.0,0.0,2.0,"Disciplined, HighPressure",0
2002-2003_Man United_Birmingham,2002-2003,21,Man United,Birmingham,H,2,29.0,17.0,3.0,0.0,3.0,"HighPressure, LowTempoController, Opportunistic",0
2002-2003_Southampton_Sunderland,2002-2003,21,Southampton,Sunderland,H,3,22.0,20.0,3.0,0.0,3.0,"HighPressure, LowTempoController",0
2002-2003_Arsenal_Liverpool,2002-2003,21,Arsenal,Liverpool,D,2,22.0,19.0,4.0,0.0,4.0,"HighPressure, LowTempoController",0
2002-2003_Newcastle_Tottenham,2002-2003,21,Newcastle,Tottenham,H,3,23.0,13.0,3.0,0.0,3.0,"LowTempoController, Opportunistic",0
2002-2003_Arsenal_Chelsea,2002-2003,22,Arsenal,Chelsea,H,5,15.0,9.0,0.0,0.0,0.0,"Disciplined, LowTempoController",0
2002-2003_Aston Villa_Bolton,2002-2003,22,Aston Villa,Bolton,H,2,21.0,17.0,2.0,0.0,2.0,"HighPressure, Disciplined, LowTempoController",0
2002-2003_Blackburn_Middlesbrough,2002-2003,22,Blackburn,Middlesbrough,H,1,24.0,7.0,0.0,0.0,0.0,"Disciplined, LowTempoController",0
2002-2003_Everton_Man City,2002-2003,22,Everton,Man City,D,4,21.0,5.0,3.0,0.0,3.0,"Opportunistic, RiskTaker",0
2002-2003_Leeds_Birmingham,2002-2003,22,Leeds,Birmingham,H,2,21.0,13.0,3.0,0.0,3.0,"LowTempoController, Opportunistic",0
2002-2003_Man United_Sunderland,2002-2003,22,Man United,Sunderland,H,3,35.0,12.0,3.0,0.0,3.0,"RiskTaker, HighPressure",0
2002-2003_Newcastle_Liverpool,2002-2003,22,Newcastle,Liverpool,H,1,13.0,8.0,4.0,1.0,6.0,"AggressiveTackler, LowTempoController",0
2002-2003_Southampton_Tottenham,2002-2003,22,Southampton,Tottenham,H,1,23.0,10.0,0.0,0.0,0.0,"Disciplined, DirectPlay",0
2002-2003_Bolton_Fulham,2002-2003,23,Bolton,Fulham,D,0,30.0,11.0,3.0,0.0,3.0,"HighPressure, Opportunistic",0
2002-2003_Chelsea_Charlton,2002-2003,23,Chelsea,Charlton,H,5,21.0,12.0,7.0,0.0,7.0,"AggressiveTackler, RiskTaker, ChaosInducer, LowTempoController",1
2002-2003_Liverpool_Aston Villa,2002-2003,23,Liverpool,Aston Villa,D,2,27.0,11.0,3.0,0.0,3.0,"Opportunistic, LowTempoController",0
2002-2003_Man City_Leeds,2002-2003,23,Man City,Leeds,H,3,15.0,16.0,4.0,0.0,4.0,"LowTempoController, DirectPlay",0
2002-2003_Middlesbrough_Southampton,2002-2003,23,Middlesbrough,Southampton,D,4,29.0,11.0,2.0,0.0,2.0,"RiskTaker, HighPressure, Disciplined",0
2002-2003_Sunderland_Blackburn,2002-2003,23,Sunderland,Blackburn,D,0,21.0,7.0,4.0,0.0,4.0,"RiskTaker, DirectPlay",0
2002-2003_West Brom_Man United,2002-2003,23,West Brom,Man United,A,4,18.0,8.0,1.0,0.0,1.0,"Disciplined, HighPressure",0
2002-2003_West Ham_Newcastle,2002-2003,23,West Ham,Newcastle,D,4,25.0,8.0,1.0,0.0,1.0,"RiskTaker, Disciplined",0
2002-2003_Birmingham_Arsenal,2002-2003,23,Birmingham,Arsenal,A,4,22.0,12.0,4.0,0.0,4.0,"ChaosInducer, LowTempoController",0
2002-2003_Tottenham_Everton,2002-2003,23,Tottenham,Everton,H,7,31.0,18.0,2.0,0.0,2.0,"RiskTaker, HighPressure, ChaosInducer, Disciplined, LowTempoController",1
2002-2003_Aston Villa_Tottenham,2002-2003,24,Aston Villa,Tottenham,A,1,21.0,16.0,4.0,0.0,4.0,"HighPressure, LowTempoController",0
2002-2003_Blackburn_Birmingham,2002-2003,24,Blackburn,Birmingham,D,2,29.0,15.0,5.0,1.0,7.0,"AggressiveTackler, HighPressure, ChaosInducer, Opportunistic",1
2002-2003_Charlton_Bolton,2002-2003,24,Charlton,Bolton,D,2,20.0,14.0,0.0,0.0,0.0,"Disciplined, LowTempoController",0
2002-2003_Everton_Sunderland,2002-2003,24,Everton,Sunderland,H,3,22.0,21.0,5.0,0.0,5.0,"HighPressure, ChaosInducer, LowTempoController",0
2002-2003_Leeds_West Brom,2002-2003,24,Leeds,West Brom,D,0,18.0,11.0,2.0,1.0,4.0,"LowTempoController, RiskTaker",0
2002-2003_Man United_Chelsea,2002-2003,24,Man United,Chelsea,H,3,20.0,12.0,0.0,0.0,0.0,"Disciplined, LowTempoController",0
2002-2003_Newcastle_Man City,2002-2003,24,Newcastle,Man City,H,2,19.0,8.0,1.0,0.0,1.0,"Disciplined, RiskTaker",0
2002-2003_Southampton_Liverpool,2002-2003,24,Southampton,Liverpool,A,1,25.0,10.0,2.0,0.0,2.0,"Disciplined, RiskTaker",0
2002-2003_Arsenal_West Ham,2002-2003,24,Arsenal,West Ham,H,4,29.0,13.0,4.0,1.0,6.0,"AggressiveTackler, RiskTaker, HighPressure, ChaosInducer",1
2002-2003_Fulham_Middlesbrough,2002-2003,24,Fulham,Middlesbrough,H,1,26.0,12.0,1.0,0.0,1.0,"HighPressure, Disciplined",0
2002-2003_Charlton_West Ham,2002-2003,24,Charlton,West Ham,H,6,23.0,10.0,1.0,0.0,1.0,"RiskTaker, Disciplined",0
2002-2003_Newcastle_Bolton,2002-2003,24,Newcastle,Bolton,H,1,22.0,10.0,3.0,0.0,3.0,"AggressiveTackler, Opportunistic",0
2002-2003_Bolton_Everton,2002-2003,25,Bolton,Everton,A,3,13.0,11.0,3.0,0.0,3.0,"LowTempoController, AggressiveTackler",0
2002-2003_Chelsea_Leeds,2002-2003,25,Chelsea,Leeds,H,5,18.0,10.0,3.0,0.0,3.0,"ChaosInducer, LowTempoController",0
2002-2003_Middlesbrough_Aston Villa,2002-2003,25,Middlesbrough,Aston Villa,A,7,28.0,9.0,3.0,0.0,3.0,"RiskTaker, ChaosInducer",1
2002-2003_Sunderland_Southampton,2002-2003,25,Sunderland,Southampton,A,1,22.0,7.0,1.0,0.0,1.0,"Disciplined, AggressiveTackler",0
2002-2003_Liverpool_Arsenal,2002-2003,25,Liverpool,Arsenal,D,4,36.0,19.0,2.0,0.0,2.0,"RiskTaker, HighPressure, Disciplined",0
2002-2003_Man City_Fulham,2002-2003,25,Man City,Fulham,H,5,17.0,12.0,4.0,0.0,4.0,"ChaosInducer, LowTempoController",0
2002-2003_Tottenham_Newcastle,2002-2003,25,Tottenham,Newcastle,A,1,28.0,9.0,1.0,0.0,1.0,"Disciplined, Opportunistic",0
2002-2003_West Brom_Charlton,2002-2003,25,West Brom,Charlton,A,1,18.0,12.0,2.0,0.0,2.0,"Disciplined, LowTempoController",0
2002-2003_West Ham_Blackburn,2002-2003,25,West Ham,Blackburn,H,3,13.0,9.0,2.0,0.0,2.0,"Disciplined, LowTempoController",0
2002-2003_Arsenal_Fulham,2002-2003,26,Arsenal,Fulham,H,3,14.0,10.0,4.0,0.0,4.0,"LowTempoController, HighPressure",0
2002-2003_Bolton_Birmingham,2002-2003,26,Bolton,Birmingham,H,6,26.0,11.0,4.0,0.0,4.0,"RiskTaker, ChaosInducer",1
2002-2003_Chelsea_Tottenham,2002-2003,26,Chelsea,Tottenham,D,2,24.0,14.0,2.0,0.0,2.0,"HighPressure, Disciplined, LowTempoController",0
2002-2003_Everton_Leeds,2002-2003,26,Everton,Leeds,H,2,21.0,10.0,1.0,0.0,1.0,"Disciplined, LowTempoController",0
2002-2003_Man City_West Brom,2002-2003,26,Man City,West Brom,A,3,21.0,12.0,3.0,1.0,5.0,"ChaosInducer, LowTempoController",0
2002-2003_Southampton_Man United,2002-2003,26,Southampton,Man United,A,2,22.0,13.0,2.0,0.0,2.0,"Disciplined, LowTempoController",0
2002-2003_Sunderland_Charlton,2002-2003,26,Sunderland,Charlton,A,4,27.0,11.0,2.0,0.0,2.0,"RiskTaker, Disciplined",0
2002-2003_Aston Villa_Blackburn,2002-2003,26,Aston Villa,Blackburn,H,3,23.0,11.0,6.0,0.0,6.0,"AggressiveTackler, ChaosInducer",1
2002-2003_West Ham_Liverpool,2002-2003,26,West Ham,Liverpool,A,3,18.0,14.0,1.0,0.0,1.0,"Disciplined, LowTempoController",0
2002-2003_Birmingham_Man United,2002-2003,26,Birmingham,Man United,A,1,20.0,8.0,2.0,0.0,2.0,"Disciplined, Opportunistic",0
2002-2003_Birmingham_Chelsea,2002-2003,27,Birmingham,Chelsea,A,4,10.0,9.0,5.0,0.0,5.0,"ChaosInducer, LowTempoController",0
2002-2003_Blackburn_Southampton,2002-2003,27,Blackburn,Southampton,H,1,29.0,12.0,1.0,0.0,1.0,"HighPressure, Disciplined, Opportunistic",0
2002-2003_Charlton_Everton,2002-2003,27,Charlton,Everton,H,3,33.0,14.0,1.0,0.0,1.0,"RiskTaker, HighPressure, Disciplined",0
2002-2003_Fulham_Aston Villa,2002-2003,27,Fulham,Aston Villa,H,3,25.0,11.0,4.0,0.0,4.0,"DirectPlay, Disciplined",0
2002-2003_Leeds_West Ham,2002-2003,27,Leeds,West Ham,H,1,22.0,15.0,4.0,1.0,6.0,"AggressiveTackler, HighPressure, LowTempoController",0
2002-2003_Liverpool_Middlesbrough,2002-2003,27,Liverpool,Middlesbrough,D,2,19.0,17.0,2.0,0.0,2.0,"HighPressure, Disciplined, LowTempoController",0
2002-2003_Tottenham_Sunderland,2002-2003,27,Tottenham,Sunderland,H,5,24.0,18.0,2.0,0.0,2.0,"RiskTaker, HighPressure, Disciplined, LowTempoController",0
2002-2003_West Brom_Bolton,2002-2003,27,West Brom,Bolton,D,2,22.0,9.0,6.0,0.0,6.0,"AggressiveTackler, RiskTaker",1
2002-2003_Man United_Man City,2002-2003,27,Man United,Man City,D,2,24.0,14.0,2.0,0.0,2.0,"HighPressure, Disciplined, LowTempoController",0
2002-2003_Newcastle_Arsenal,2002-2003,27,Newcastle,Arsenal,D,2,24.0,13.0,4.0,1.0,6.0,"AggressiveTackler, HighPressure, LowTempoController",1
2002-2003_Fulham_West Brom,2002-2003,27,Fulham,West Brom,H,3,21.0,5.0,3.0,0.0,3.0,"DirectPlay, RiskTaker",0
2002-2003_Bolton_Man United,2002-2003,28,Bolton,Man United,D,2,20.0,13.0,2.0,0.0,2.0,"Disciplined, LowTempoController",0
2002-2003_Charlton_Aston Villa,2002-2003,28,Charlton,Aston Villa,H,3,27.0,12.0,4.0,0.0,4.0,"RiskTaker, HighPressure",0
2002-2003_Chelsea_Blackburn,2002-2003,28,Chelsea,Blackburn,A,3,22.0,7.0,3.0,0.0,3.0,"HighPressure, RiskTaker",0
2002-2003_Everton_Southampton,2002-2003,28,Everton,Southampton,H,3,36.0,23.0,1.0,0.0,1.0,"RiskTaker, HighPressure, Disciplined, LowTempoController",0
2002-2003_Leeds_Newcastle,2002-2003,28,Leeds,Newcastle,A,3,25.0,8.0,0.0,0.0,0.0,"Disciplined, AggressiveTackler",0
2002-2003_Man City_Arsenal,2002-2003,28,Man City,Arsenal,A,6,27.0,18.0,0.0,0.0,0.0,"RiskTaker, HighPressure, Disciplined, LowTempoController",0
2002-2003_Sunderland_Middlesbrough,2002-2003,28,Sunderland,Middlesbrough,A,4,16.0,10.0,3.0,0.0,3.0,"LowTempoController, Opportunistic",0
2002-2003_Birmingham_Liverpool,2002-2003,28,Birmingham,Liverpool,H,3,19.0,8.0,3.0,0.0,3.0,"Disciplined, ChaosInducer",0
2002-2003_West Brom_West Ham,2002-2003,28,West Brom,West Ham,A,3,17.0,11.0,2.0,0.0,2.0,"Disciplined, LowTempoController",0
2002-2003_Tottenham_Fulham,2002-2003,28,Tottenham,Fulham,D,2,23.0,12.0,4.0,2.0,8.0,"AggressiveTackler, ChaosInducer",1
2002-2003_Blackburn_Man City,2002-2003,29,Blackburn,Man City,H,1,22.0,6.0,2.0,0.0,2.0,"Disciplined, RiskTaker",0
2002-2003_Fulham_Sunderland,2002-2003,29,Fulham,Sunderland,H,1,26.0,19.0,3.0,0.0,3.0,"HighPressure, LowTempoController",0
2002-2003_Middlesbrough_Everton,2002-2003,29,Middlesbrough,Everton,D,2,17.0,6.0,0.0,0.0,0.0,"Disciplined, DirectPlay",0
2002-2003_Newcastle_Chelsea,2002-2003,29,Newcastle,Chelsea,H,3,13.0,12.0,1.0,0.0,1.0,"Disciplined, LowTempoController",0
2002-2003_Southampton_West Brom,2002-2003,29,Southampton,West Brom,H,1,27.0,12.0,4.0,0.0,4.0,"HighPressure, Opportunistic",0
2002-2003_West Ham_Tottenham,2002-2003,29,West Ham,Tottenham,H,2,19.0,11.0,5.0,0.0,5.0,"LowTempoController, AggressiveTackler",0
2002-2003_Arsenal_Charlton,2002-2003,29,Arsenal,Charlton,H,2,25.0,18.0,1.0,0.0,1.0,"HighPressure, Disciplined, LowTempoController",0
2002-2003_Aston Villa_Birmingham,2002-2003,29,Aston Villa,Birmingham,A,2,16.0,7.0,3.0,2.0,7.0,"AggressiveTackler, ChaosInducer",1
2002-2003_Man United_Leeds,2002-2003,29,Man United,Leeds,H,3,22.0,11.0,2.0,0.0,2.0,"Disciplined, ChaosInducer",0
2002-2003_Middlesbrough_Newcastle,2002-2003,29,Middlesbrough,Newcastle,H,1,21.0,14.0,3.0,0.0,3.0,"LowTempoController, Disciplined",0
2002-2003_Liverpool_Bolton,2002-2003,29,Liverpool,Bolton,H,2,19.0,6.0,3.0,0.0,3.0,"ChaosInducer, AggressiveTackler",1
2002-2003_Aston Villa_Man United,2002-2003,30,Aston Villa,Man United,A,1,32.0,12.0,3.0,0.0,3.0,"HighPressure, Opportunistic",0
2002-2003_Blackburn_Arsenal,2002-2003,30,Blackburn,Arsenal,H,2,19.0,8.0,6.0,0.0,6.0,"AggressiveTackler, Opportunistic",0
2002-2003_Charlton_Newcastle,2002-2003,30,Charlton,Newcastle,A,2,18.0,10.0,3.0,0.0,3.0,"LowTempoController, Opportunistic",0
2002-2003_Everton_West Ham,2002-2003,30,Everton,West Ham,D,0,14.0,10.0,2.0,0.0,2.0,"Disciplined, LowTempoController",0
2002-2003_Fulham_Southampton,2002-2003,30,Fulham,Southampton,D,4,15.0,10.0,1.0,0.0,1.0,"Disciplined, LowTempoController",0
2002-2003_Leeds_Middlesbrough,2002-2003,30,Leeds,Middlesbrough,A,5,21.0,9.0,5.0,0.0,5.0,"RiskTaker, ChaosInducer",1
2002-2003_Sunderland_Bolton,2002-2003,30,Sunderland,Bolton,A,2,25.0,14.0,2.0,0.0,2.0,"HighPressure, Disciplined, LowTempoController",0
2002-2003_Man City_Birmingham,2002-2003,30,Man City,Birmingham,H,1,21.0,13.0,3.0,1.0,5.0,"LowTempoController, LowTempoController",0
2002-2003_Tottenham_Liverpool,2002-2003,30,Tottenham,Liverpool,A,5,21.0,13.0,2.0,0.0,2.0,"RiskTaker, Disciplined, LowTempoController",0
2002-2003_West Brom_Chelsea,2002-2003,30,West Brom,Chelsea,A,2,16.0,6.0,0.0,0.0,0.0,"Disciplined, Opportunistic",0
2002-2003_Birmingham_West Brom,2002-2003,31,Birmingham,West Brom,H,1,22.0,11.0,0.0,0.0,0.0,"Disciplined, LowTempoController",0
2002-2003_Chelsea_Man City,2002-2003,31,Chelsea,Man City,H,5,24.0,13.0,3.0,1.0,5.0,"RiskTaker, HighPressure, ChaosInducer, LowTempoController",1
2002-2003_Man United_Fulham,2002-2003,31,Man United,Fulham,H,3,29.0,14.0,3.0,0.0,3.0,"RiskTaker, HighPressure",1
2002-2003_Middlesbrough_Charlton,2002-2003,31,Middlesbrough,Charlton,D,2,21.0,12.0,3.0,0.0,3.0,"LowTempoController, ChaosInducer",0
2002-2003_Newcastle_Blackburn,2002-2003,31,Newcastle,Blackburn,H,6,25.0,11.0,2.0,0.0,2.0,"RiskTaker, ChaosInducer, Disciplined",1
2002-2003_Southampton_Aston Villa,2002-2003,31,Southampton,Aston Villa,D,4,24.0,7.0,1.0,0.0,1.0,"RiskTaker, Disciplined",0
2002-2003_West Ham_Sunderland,2002-2003,31,West Ham,Sunderland,H,2,14.0,5.0,1.0,0.0,1.0,"Disciplined, HighPressure",0
2002-2003_Arsenal_Everton,2002-2003,31,Arsenal,Everton,H,3,20.0,8.0,3.0,0.0,3.0,"DirectPlay, DirectPlay",0
2002-2003_Liverpool_Leeds,2002-2003,31,Liverpool,Leeds,H,4,30.0,10.0,1.0,0.0,1.0,"RiskTaker, HighPressure, Disciplined",0
2002-2003_Bolton_Tottenham,2002-2003,31,Bolton,Tottenham,H,1,22.0,13.0,1.0,0.0,1.0,"Disciplined, LowTempoController",0
2002-2003_Aston Villa_Arsenal,2002-2003,32,Aston Villa,Arsenal,D,2,18.0,11.0,3.0,0.0,3.0,"LowTempoController, ChaosInducer",0
2002-2003_Bolton_Man City,2002-2003,32,Bolton,Man City,H,2,10.0,12.0,5.0,0.0,5.0,"LowTempoController, RiskTaker",0
2002-2003_Charlton_Leeds,2002-2003,32,Charlton,Leeds,A,7,20.0,15.0,3.0,0.0,3.0,"RiskTaker, ChaosInducer, LowTempoController",1
2002-2003_Man United_Liverpool,2002-2003,32,Man United,Liverpool,H,4,17.0,14.0,4.0,1.0,6.0,"AggressiveTackler, ChaosInducer, LowTempoController",1
2002-2003_Middlesbrough_West Brom,2002-2003,32,Middlesbrough,West Brom,H,3,34.0,8.0,1.0,0.0,1.0,"RiskTaker, HighPressure, Disciplined",0
2002-2003_Southampton_West Ham,2002-2003,32,Southampton,West Ham,D,2,25.0,11.0,5.0,0.0,5.0,"RiskTaker, Opportunistic",0
2002-2003_Sunderland_Chelsea,2002-2003,32,Sunderland,Chelsea,A,3,22.0,11.0,2.0,0.0,2.0,"Disciplined, DirectPlay",0
2002-2003_Tottenham_Birmingham,2002-2003,32,Tottenham,Birmingham,H,3,22.0,15.0,2.0,0.0,2.0,"HighPressure, Disciplined, LowTempoController",0
2002-2003_Everton_Newcastle,2002-2003,32,Everton,Newcastle,H,3,24.0,14.0,3.0,0.0,3.0,"HighPressure, LowTempoController",0
2002-2003_Fulham_Blackburn,2002-2003,32,Fulham,Blackburn,A,4,16.0,7.0,2.0,0.0,2.0,"Disciplined, DirectPlay",0
2002-2003_Birmingham_Sunderland,2002-2003,33,Birmingham,Sunderland,H,2,9.0,12.0,1.0,1.0,3.0,"LowTempoController, LowTempoController",0
2002-2003_Blackburn_Charlton,2002-2003,33,Blackburn,Charlton,H,1,18.0,20.0,0.0,0.0,0.0,"HighPressure, Disciplined, LowTempoController",0
2002-2003_Chelsea_Bolton,2002-2003,33,Chelsea,Bolton,H,1,24.0,4.0,3.0,0.0,3.0,"HighPressure, AggressiveTackler",0
2002-2003_Leeds_Tottenham,2002-2003,33,Leeds,Tottenham,D,4,17.0,11.0,3.0,0.0,3.0,"LowTempoController, RiskTaker",0
2002-2003_Liverpool_Fulham,2002-2003,33,Liverpool,Fulham,H,2,28.0,11.0,3.0,0.0,3.0,"HighPressure, Opportunistic",0
2002-2003_Man City_Middlesbrough,2002-2003,33,Man City,Middlesbrough,D,0,15.0,5.0,1.0,0.0,1.0,"Disciplined, DirectPlay",0
2002-2003_Newcastle_Man United,2002-2003,33,Newcastle,Man United,A,8,30.0,12.0,1.0,0.0,1.0,"RiskTaker, HighPressure, ChaosInducer, Disciplined",1
2002-2003_West Brom_Everton,2002-2003,33,West Brom,Everton,A,3,20.0,13.0,4.0,0.0,4.0,"LowTempoController, LowTempoController",0
2002-2003_West Ham_Aston Villa,2002-2003,33,West Ham,Aston Villa,D,4,21.0,17.0,5.0,0.0,5.0,"HighPressure, ChaosInducer, LowTempoController",0
2002-2003_Arsenal_Man United,2002-2003,33,Arsenal,Man United,D,4,16.0,8.0,2.0,1.0,4.0,"ChaosInducer, LowTempoController",0
2002-2003_Tottenham_Man City,2002-2003,34,Tottenham,Man City,A,2,20.0,16.0,5.0,0.0,5.0,"HighPressure, LowTempoController",0
2002-2003_Aston Villa_Chelsea,2002-2003,34,Aston Villa,Chelsea,H,3,35.0,8.0,1.0,0.0,1.0,"RiskTaker, HighPressure, Disciplined",0
2002-2003_Bolton_West Ham,2002-2003,34,Bolton,West Ham,H,1,28.0,11.0,7.0,1.0,9.0,"AggressiveTackler, HighPressure, ChaosInducer, Opportunistic",1
2002-2003_Charlton_Birmingham,2002-2003,34,Charlton,Birmingham,A,2,20.0,13.0,3.0,0.0,3.0,"LowTempoController, Disciplined",0
2002-2003_Everton_Liverpool,2002-2003,34,Everton,Liverpool,A,3,17.0,7.0,7.0,2.0,11.0,"AggressiveTackler, ChaosInducer",1
2002-2003_Fulham_Newcastle,2002-2003,34,Fulham,Newcastle,H,3,21.0,19.0,2.0,1.0,4.0,"HighPressure, LowTempoController",0
2002-2003_Man United_Blackburn,2002-2003,34,Man United,Blackburn,H,4,24.0,10.0,0.0,0.0,0.0,"RiskTaker, Disciplined",0
2002-2003_Middlesbrough_Arsenal,2002-2003,34,Middlesbrough,Arsenal,A,2,13.0,8.0,1.0,0.0,1.0,"Disciplined, LowTempoController",0
2002-2003_Southampton_Leeds,2002-2003,34,Southampton,Leeds,H,5,21.0,12.0,4.0,1.0,6.0,"AggressiveTackler, RiskTaker, ChaosInducer, LowTempoController",1
2002-2003_Sunderland_West Brom,2002-2003,34,Sunderland,West Brom,A,3,29.0,15.0,5.0,0.0,5.0,"RiskTaker, HighPressure, ChaosInducer",1
2002-2003_Birmingham_Southampton,2002-2003,35,Birmingham,Southampton,H,5,27.0,8.0,2.0,0.0,2.0,"RiskTaker, Disciplined",0
2002-2003_Blackburn_Bolton,2002-2003,35,Blackburn,Bolton,D,0,17.0,13.0,5.0,0.0,5.0,"LowTempoController, LowTempoController",0
2002-2003_Chelsea_Everton,2002-2003,35,Chelsea,Everton,H,5,16.0,4.0,2.0,0.0,2.0,"Disciplined, RiskTaker",0
2002-2003_Liverpool_Charlton,2002-2003,35,Liverpool,Charlton,H,3,25.0,17.0,1.0,0.0,1.0,"HighPressure, Disciplined, LowTempoController",0
2002-2003_Man City_Sunderland,2002-2003,35,Man City,Sunderland,H,3,19.0,10.0,1.0,0.0,1.0,"Disciplined, LowTempoController",0
2002-2003_Newcastle_Aston Villa,2002-2003,35,Newcastle,Aston Villa,D,2,26.0,13.0,1.0,0.0,1.0,"HighPressure, Disciplined",0
2002-2003_West Brom_Tottenham,2002-2003,35,West Brom,Tottenham,A,5,16.0,13.0,4.0,0.0,4.0,"ChaosInducer, LowTempoController",0
2002-2003_West Ham_Middlesbrough,2002-2003,35,West Ham,Middlesbrough,H,1,19.0,10.0,3.0,0.0,3.0,"LowTempoController, RiskTaker",0
2002-2003_Leeds_Fulham,2002-2003,35,Leeds,Fulham,H,2,26.0,12.0,2.0,0.0,2.0,"HighPressure, Disciplined",0
2002-2003_Birmingham_Middlesbrough,2002-2003,36,Birmingham,Middlesbrough,H,3,13.0,6.0,3.0,0.0,3.0,"LowTempoController, LowTempoController",0
2002-2003_Bolton_Arsenal,2002-2003,36,Bolton,Arsenal,D,4,25.0,14.0,4.0,1.0,6.0,"AggressiveTackler, RiskTaker, HighPressure, ChaosInducer, LowTempoController",1
2002-2003_Charlton_Southampton,2002-2003,36,Charlton,Southampton,H,3,28.0,17.0,2.0,0.0,2.0,"RiskTaker, HighPressure, Disciplined, LowTempoController",0
2002-2003_Chelsea_Fulham,2002-2003,36,Chelsea,Fulham,D,2,18.0,11.0,5.0,0.0,5.0,"LowTempoController, AggressiveTackler",0
2002-2003_Everton_Aston Villa,2002-2003,36,Everton,Aston Villa,H,3,26.0,14.0,1.0,0.0,1.0,"HighPressure, Disciplined, LowTempoController",0
2002-2003_Leeds_Blackburn,2002-2003,36,Leeds,Blackburn,A,5,25.0,17.0,3.0,0.0,3.0,"RiskTaker, HighPressure, ChaosInducer, LowTempoController",1
2002-2003_Sunderland_Newcastle,2002-2003,36,Sunderland,Newcastle,A,1,30.0,14.0,8.0,0.0,8.0,"AggressiveTackler, HighPressure, ChaosInducer, Opportunistic",1
2002-2003_West Brom_Liverpool,2002-2003,36,West Brom,Liverpool,A,6,27.0,7.0,2.0,0.0,2.0,"RiskTaker, ChaosInducer, Disciplined",0
2002-2003_Man City_West Ham,2002-2003,36,Man City,West Ham,A,1,27.0,17.0,2.0,0.0,2.0,"HighPressure, Disciplined, LowTempoController, Opportunistic",0
2002-2003_Tottenham_Man United,2002-2003,36,Tottenham,Man United,A,2,26.0,13.0,0.0,0.0,0.0,"HighPressure, Disciplined",0
2002-2003_Aston Villa_Sunderland,2002-2003,37,Aston Villa,Sunderland,H,1,22.0,18.0,1.0,0.0,1.0,"HighPressure, Disciplined, LowTempoController",0
2002-2003_Blackburn_West Brom,2002-2003,37,Blackburn,West Brom,D,2,26.0,9.0,3.0,0.0,3.0,"ChaosInducer, RiskTaker",1
2002-2003_Fulham_Everton,2002-2003,37,Fulham,Everton,H,2,29.0,15.0,2.0,0.0,2.0,"HighPressure, Disciplined, Opportunistic",0
2002-2003_Liverpool_Man City,2002-2003,37,Liverpool,Man City,A,3,14.0,12.0,4.0,0.0,4.0,"LowTempoController, LowTempoController",0
2002-2003_Man United_Charlton,2002-2003,37,Man United,Charlton,H,5,25.0,14.0,1.0,0.0,1.0,"RiskTaker, HighPressure, Disciplined, LowTempoController",0
2002-2003_Middlesbrough_Tottenham,2002-2003,37,Middlesbrough,Tottenham,H,6,32.0,11.0,2.0,1.0,4.0,"RiskTaker, HighPressure, ChaosInducer",1
2002-2003_Newcastle_Birmingham,2002-2003,37,Newcastle,Birmingham,H,1,22.0,12.0,2.0,1.0,4.0,"LowTempoController, DirectPlay",0
2002-2003_Southampton_Bolton,2002-2003,37,Southampton,Bolton,D,0,20.0,10.0,5.0,0.0,5.0,"LowTempoController, HighPressure",0
2002-2003_West Ham_Chelsea,2002-2003,37,West Ham,Chelsea,H,1,19.0,18.0,4.0,0.0,4.0,"HighPressure, LowTempoController",0
2002-2003_Arsenal_Leeds,2002-2003,37,Arsenal,Leeds,A,5,44.0,8.0,3.0,0.0,3.0,"RiskTaker, HighPressure, ChaosInducer",1
2002-2003_Arsenal_Southampton,2002-2003,37,Arsenal,Southampton,H,7,29.0,16.0,2.0,0.0,2.0,"RiskTaker, HighPressure, ChaosInducer, Disciplined, LowTempoController",0
2002-2003_Birmingham_West Ham,2002-2003,38,Birmingham,West Ham,D,4,26.0,13.0,2.0,0.0,2.0,"RiskTaker, HighPressure, Disciplined",0
2002-2003_Bolton_Middlesbrough,2002-2003,38,Bolton,Middlesbrough,H,3,19.0,11.0,5.0,1.0,7.0,"AggressiveTackler, ChaosInducer, LowTempoController",0
2002-2003_Charlton_Fulham,2002-2003,38,Charlton,Fulham,A,1,27.0,6.0,5.0,1.0,7.0,"AggressiveTackler, Opportunistic",0
2002-2003_Chelsea_Liverpool,2002-2003,38,Chelsea,Liverpool,H,3,18.0,7.0,4.0,1.0,6.0,"AggressiveTackler, ChaosInducer",1
2002-2003_Everton_Man United,2002-2003,38,Everton,Man United,A,3,25.0,12.0,8.0,0.0,8.0,"AggressiveTackler, ChaosInducer",1
2002-2003_Leeds_Aston Villa,2002-2003,38,Leeds,Aston Villa,H,4,29.0,9.0,1.0,0.0,1.0,"RiskTaker, Disciplined",0
2002-2003_Man City_Southampton,2002-2003,38,Man City,Southampton,A,1,23.0,14.0,7.0,0.0,7.0,"AggressiveTackler, HighPressure, LowTempoController",0
2002-2003_Sunderland_Arsenal,2002-2003,38,Sunderland,Arsenal,A,4,27.0,16.0,1.0,0.0,1.0,"RiskTaker, HighPressure, Disciplined, LowTempoController",0
2002-2003_Tottenham_Blackburn,2002-2003,38,Tottenham,Blackburn,A,4,24.0,9.0,2.0,1.0,4.0,"RiskTaker, ChaosInducer",1
2002-2003_West Brom_Newcastle,2002-2003,38,West Brom,Newcastle,D,4,22.0,10.0,0.0,0.0,0.0,"Disciplined, ChaosInducer",0
2003-2004_Arsenal_Everton,2003-2004,1,Arsenal,Everton,H,3,24.0,15.0,4.0,2.0,8.0,"AggressiveTackler, HighPressure, ChaosInducer, LowTempoController",1
2003-2004_Birmingham_Tottenham,2003-2004,1,Birmingham,Tottenham,H,1,25.0,5.0,8.0,0.0,8.0,"AggressiveTackler, ChaosInducer",1
2003-2004_Blackburn_Wolves,2003-2004,1,Blackburn,Wolves,H,6,33.0,8.0,2.0,0.0,2.0,"RiskTaker, HighPressure, ChaosInducer, Disciplined",1
2003-2004_Fulham_Middlesbrough,2003-2004,1,Fulham,Middlesbrough,H,5,25.0,13.0,2.0,0.0,2.0,"RiskTaker, HighPressure, Disciplined",0
2003-2004_Leicester_Southampton,2003-2004,1,Leicester,Southampton,D,4,25.0,9.0,4.0,0.0,4.0,"RiskTaker, ChaosInducer",1
2003-2004_Man United_Bolton,2003-2004,1,Man United,Bolton,H,4,28.0,12.0,4.0,0.0,4.0,"RiskTaker, HighPressure, ChaosInducer",1
2003-2004_Portsmouth_Aston Villa,2003-2004,1,Portsmouth,Aston Villa,H,3,13.0,16.0,3.0,1.0,5.0,"ChaosInducer, LowTempoController",0
2003-2004_Charlton_Man City,2003-2004,1,Charlton,Man City,A,3,24.0,11.0,3.0,1.0,5.0,"ChaosInducer, Disciplined",0
2003-2004_Leeds_Newcastle,2003-2004,1,Leeds,Newcastle,D,4,27.0,12.0,6.0,0.0,6.0,"AggressiveTackler, RiskTaker, HighPressure, ChaosInducer",1
2003-2004_Liverpool_Chelsea,2003-2004,1,Liverpool,Chelsea,A,3,22.0,14.0,4.0,0.0,4.0,"LowTempoController, AggressiveTackler",0
2003-2004_Bolton_Blackburn,2003-2004,2,Bolton,Blackburn,D,4,26.0,11.0,6.0,1.0,8.0,"AggressiveTackler, RiskTaker, ChaosInducer",1
2003-2004_Chelsea_Leicester,2003-2004,2,Chelsea,Leicester,H,3,22.0,9.0,3.0,3.0,9.0,"AggressiveTackler, ChaosInducer",1
2003-2004_Everton_Fulham,2003-2004,2,Everton,Fulham,H,4,33.0,14.0,6.0,0.0,6.0,"AggressiveTackler, RiskTaker, HighPressure, ChaosInducer",1
2003-2004_Man City_Portsmouth,2003-2004,2,Man City,Portsmouth,D,2,25.0,18.0,5.0,0.0,5.0,"HighPressure, LowTempoController",0
2003-2004_Newcastle_Man United,2003-2004,2,Newcastle,Man United,A,3,18.0,6.0,4.0,0.0,4.0,"Opportunistic, Disciplined",0
2003-2004_Southampton_Birmingham,2003-2004,2,Southampton,Birmingham,D,0,26.0,9.0,4.0,0.0,4.0,"ChaosInducer, ChaosInducer",0
2003-2004_Tottenham_Leeds,2003-2004,2,Tottenham,Leeds,H,3,25.0,6.0,3.0,0.0,3.0,"ChaosInducer, Disciplined",0
2003-2004_Wolves_Charlton,2003-2004,2,Wolves,Charlton,A,4,18.0,7.0,3.0,1.0,5.0,"ChaosInducer, DirectPlay",0
2003-2004_Aston Villa_Liverpool,2003-2004,2,Aston Villa,Liverpool,D,0,29.0,17.0,1.0,0.0,1.0,"HighPressure, Disciplined, LowTempoController, Opportunistic",0
2003-2004_Middlesbrough_Arsenal,2003-2004,2,Middlesbrough,Arsenal,A,4,24.0,8.0,1.0,0.0,1.0,"RiskTaker, Disciplined",0
2003-2004_Blackburn_Man City,2003-2004,2,Blackburn,Man City,A,5,27.0,9.0,3.0,0.0,3.0,"RiskTaker, ChaosInducer",1
2003-2004_Charlton_Everton,2003-2004,2,Charlton,Everton,D,4,23.0,14.0,2.0,0.0,2.0,"HighPressure, Disciplined, LowTempoController",0
2003-2004_Leeds_Southampton,2003-2004,2,Leeds,Southampton,D,0,29.0,16.0,5.0,0.0,5.0,"HighPressure, LowTempoController, Opportunistic",0
2003-2004_Leicester_Middlesbrough,2003-2004,2,Leicester,Middlesbrough,D,0,25.0,10.0,5.0,0.0,5.0,"ChaosInducer, LowTempoController",0
2003-2004_Portsmouth_Bolton,2003-2004,2,Portsmouth,Bolton,H,4,26.0,4.0,6.0,0.0,6.0,"AggressiveTackler, RiskTaker, ChaosInducer",1
2003-2004_Arsenal_Aston Villa,2003-2004,2,Arsenal,Aston Villa,H,2,20.0,8.0,7.0,0.0,7.0,"AggressiveTackler, ChaosInducer",1
2003-2004_Liverpool_Tottenham,2003-2004,2,Liverpool,Tottenham,D,0,31.0,13.0,7.0,0.0,7.0,"AggressiveTackler, HighPressure, Opportunistic",1
2003-2004_Man United_Wolves,2003-2004,2,Man United,Wolves,H,1,26.0,12.0,4.0,0.0,4.0,"HighPressure, Disciplined",0
2003-2004_Aston Villa_Leicester,2003-2004,3,Aston Villa,Leicester,H,4,15.0,12.0,3.0,1.0,5.0,"ChaosInducer, LowTempoController",0
2003-2004_Bolton_Charlton,2003-2004,3,Bolton,Charlton,D,0,20.0,15.0,6.0,0.0,6.0,"AggressiveTackler, LowTempoController",0
2003-2004_Chelsea_Blackburn,2003-2004,3,Chelsea,Blackburn,D,4,19.0,7.0,4.0,0.0,4.0,"ChaosInducer, Opportunistic",0
2003-2004_Everton_Liverpool,2003-2004,3,Everton,Liverpool,A,3,29.0,14.0,6.0,0.0,6.0,"AggressiveTackler, RiskTaker, HighPressure, ChaosInducer",1
2003-2004_Middlesbrough_Leeds,2003-2004,3,Middlesbrough,Leeds,A,5,35.0,9.0,5.0,0.0,5.0,"RiskTaker, HighPressure, ChaosInducer",1
2003-2004_Newcastle_Birmingham,2003-2004,3,Newcastle,Birmingham,A,1,26.0,15.0,3.0,0.0,3.0,"HighPressure, LowTempoController",0
2003-2004_Tottenham_Fulham,2003-2004,3,Tottenham,Fulham,A,3,27.0,13.0,2.0,0.0,2.0,"RiskTaker, HighPressure, Disciplined",0
2003-2004_Wolves_Portsmouth,2003-2004,3,Wolves,Portsmouth,D,0,20.0,10.0,8.0,0.0,8.0,"AggressiveTackler, ChaosInducer",1
2003-2004_Man City_Arsenal,2003-2004,3,Man City,Arsenal,A,3,21.0,10.0,7.0,0.0,7.0,"AggressiveTackler, ChaosInducer",1
2003-2004_Southampton_Man United,2003-2004,3,Southampton,Man United,H,1,22.0,14.0,1.0,0.0,1.0,"Disciplined, LowTempoController",0
2003-2004_Arsenal_Portsmouth,2003-2004,4,Arsenal,Portsmouth,D,2,20.0,8.0,5.0,0.0,5.0,"LowTempoController, DirectPlay",0
2003-2004_Blackburn_Liverpool,2003-2004,4,Blackburn,Liverpool,A,4,29.0,15.0,4.0,1.0,6.0,"AggressiveTackler, RiskTaker, HighPressure, ChaosInducer",1
2003-2004_Bolton_Middlesbrough,2003-2004,4,Bolton,Middlesbrough,H,2,20.0,11.0,6.0,0.0,6.0,"AggressiveTackler, LowTempoController",0
2003-2004_Charlton_Man United,2003-2004,4,Charlton,Man United,A,2,22.0,6.0,4.0,1.0,6.0,"AggressiveTackler, HighPressure",1
2003-2004_Chelsea_Tottenham,2003-2004,4,Chelsea,Tottenham,H,6,21.0,13.0,5.0,0.0,5.0,"RiskTaker, ChaosInducer, LowTempoController",1
2003-2004_Everton_Newcastle,2003-2004,4,Everton,Newcastle,D,4,13.0,9.0,10.0,2.0,14.0,"AggressiveTackler, ChaosInducer, LowTempoController",1
2003-2004_Southampton_Wolves,2003-2004,4,Southampton,Wolves,H,2,25.0,10.0,8.0,0.0,8.0,"AggressiveTackler, ChaosInducer",1
2003-2004_Birmingham_Fulham,2003-2004,4,Birmingham,Fulham,D,4,23.0,9.0,5.0,2.0,9.0,"AggressiveTackler, ChaosInducer",1
2003-2004_Man City_Aston Villa,2003-2004,4,Man City,Aston Villa,H,5,25.0,7.0,1.0,0.0,1.0,"RiskTaker, Disciplined",0
2003-2004_Leicester_Leeds,2003-2004,4,Leicester,Leeds,H,4,33.0,14.0,2.0,0.0,2.0,"RiskTaker, HighPressure, Disciplined",0
2003-2004_Aston Villa_Charlton,2003-2004,5,Aston Villa,Charlton,H,3,23.0,12.0,5.0,0.0,5.0,"ChaosInducer, DirectPlay",1
2003-2004_Fulham_Man City,2003-2004,5,Fulham,Man City,D,4,20.0,6.0,7.0,0.0,7.0,"AggressiveTackler, ChaosInducer",1
2003-2004_Leeds_Birmingham,2003-2004,5,Leeds,Birmingham,A,2,19.0,7.0,6.0,1.0,8.0,"AggressiveTackler, ChaosInducer",1
2003-2004_Liverpool_Leicester,2003-2004,5,Liverpool,Leicester,H,3,28.0,8.0,0.0,0.0,0.0,"RiskTaker, Disciplined",0
2003-2004_Newcastle_Bolton,2003-2004,5,Newcastle,Bolton,D,0,22.0,12.0,2.0,0.0,2.0,"Disciplined, LowTempoController",0
2003-2004_Portsmouth_Blackburn,2003-2004,5,Portsmouth,Blackburn,A,3,21.0,13.0,5.0,0.0,5.0,"ChaosInducer, LowTempoController",0
2003-2004_Tottenham_Southampton,2003-2004,5,Tottenham,Southampton,A,4,25.0,11.0,2.0,0.0,2.0,"RiskTaker, Disciplined",0
2003-2004_Wolves_Chelsea,2003-2004,5,Wolves,Chelsea,A,5,22.0,4.0,5.0,0.0,5.0,"RiskTaker, ChaosInducer",1
2003-2004_Man United_Arsenal,2003-2004,5,Man United,Arsenal,D,0,15.0,7.0,7.0,1.0,9.0,"AggressiveTackler, ChaosInducer",0
2003-2004_Middlesbrough_Everton,2003-2004,5,Middlesbrough,Everton,H,1,18.0,10.0,5.0,0.0,5.0,"LowTempoController, Opportunistic",0
2003-2004_Arsenal_Newcastle,2003-2004,6,Arsenal,Newcastle,H,5,16.0,7.0,1.0,0.0,1.0,"Disciplined, ChaosInducer",0
2003-2004_Birmingham_Portsmouth,2003-2004,6,Birmingham,Portsmouth,H,2,17.0,8.0,4.0,0.0,4.0,"Opportunistic, Disciplined",0
2003-2004_Bolton_Wolves,2003-2004,6,Bolton,Wolves,D,2,30.0,15.0,2.0,0.0,2.0,"HighPressure, Disciplined, Opportunistic",0
2003-2004_Chelsea_Aston Villa,2003-2004,6,Chelsea,Aston Villa,H,1,17.0,11.0,2.0,0.0,2.0,"Disciplined, LowTempoController",0
2003-2004_Leicester_Man United,2003-2004,6,Leicester,Man United,A,5,21.0,10.0,0.0,0.0,0.0,"RiskTaker, Disciplined",0
2003-2004_Southampton_Middlesbrough,2003-2004,6,Southampton,Middlesbrough,A,1,22.0,8.0,7.0,1.0,9.0,"AggressiveTackler, ChaosInducer",1
2003-2004_Blackburn_Fulham,2003-2004,6,Blackburn,Fulham,A,2,13.0,10.0,6.0,0.0,6.0,"AggressiveTackler, LowTempoController",0
2003-2004_Charlton_Liverpool,2003-2004,6,Charlton,Liverpool,H,5,31.0,12.0,3.0,0.0,3.0,"RiskTaker, HighPressure, ChaosInducer",1
2003-2004_Everton_Leeds,2003-2004,6,Everton,Leeds,H,4,26.0,15.0,2.0,0.0,2.0,"RiskTaker, HighPressure, Disciplined, LowTempoController",0
2003-2004_Man City_Tottenham,2003-2004,6,Man City,Tottenham,D,0,25.0,12.0,3.0,0.0,3.0,"RiskTaker, ChaosInducer",1
2003-2004_Fulham_Leicester,2003-2004,7,Fulham,Leicester,H,2,24.0,8.0,3.0,0.0,3.0,"RiskTaker, LowTempoController",0
2003-2004_Leeds_Blackburn,2003-2004,7,Leeds,Blackburn,H,3,32.0,7.0,4.0,0.0,4.0,"RiskTaker, HighPressure",1
2003-2004_Liverpool_Arsenal,2003-2004,7,Liverpool,Arsenal,A,3,25.0,14.0,4.0,0.0,4.0,"HighPressure, LowTempoController",0
2003-2004_Man United_Birmingham,2003-2004,7,Man United,Birmingham,H,3,15.0,6.0,1.0,1.0,3.0,"AggressiveTackler, Opportunistic",0
2003-2004_Newcastle_Southampton,2003-2004,7,Newcastle,Southampton,H,1,21.0,12.0,5.0,0.0,5.0,"LowTempoController, DirectPlay",0
2003-2004_Portsmouth_Charlton,2003-2004,7,Portsmouth,Charlton,A,3,27.0,15.0,5.0,0.0,5.0,"RiskTaker, HighPressure, ChaosInducer, LowTempoController",1
2003-2004_Tottenham_Everton,2003-2004,7,Tottenham,Everton,H,3,25.0,8.0,4.0,0.0,4.0,"HighPressure, ChaosInducer",0
2003-2004_Wolves_Man City,2003-2004,7,Wolves,Man City,H,1,17.0,13.0,5.0,0.0,5.0,"LowTempoController, RiskTaker",0
2003-2004_Aston Villa_Bolton,2003-2004,7,Aston Villa,Bolton,D,2,29.0,14.0,6.0,0.0,6.0,"AggressiveTackler, HighPressure, Opportunistic",1
2003-2004_Middlesbrough_Chelsea,2003-2004,7,Middlesbrough,Chelsea,A,3,25.0,10.0,3.0,0.0,3.0,"DirectPlay, RiskTaker",0
2003-2004_Birmingham_Chelsea,2003-2004,7,Birmingham,Chelsea,D,0,19.0,20.0,6.0,0.0,6.0,"AggressiveTackler, HighPressure, LowTempoController",1
2003-2004_Arsenal_Chelsea,2003-2004,8,Arsenal,Chelsea,H,3,20.0,9.0,3.0,0.0,3.0,"Disciplined, RiskTaker",0
2003-2004_Fulham_Wolves,2003-2004,8,Fulham,Wolves,D,0,23.0,15.0,4.0,0.0,4.0,"HighPressure, LowTempoController",0
2003-2004_Leeds_Man United,2003-2004,8,Leeds,Man United,A,1,21.0,9.0,5.0,0.0,5.0,"Disciplined, LowTempoController",0
2003-2004_Man City_Bolton,2003-2004,8,Man City,Bolton,H,8,28.0,11.0,2.0,1.0,4.0,"RiskTaker, HighPressure, ChaosInducer",1
2003-2004_Middlesbrough_Newcastle,2003-2004,8,Middlesbrough,Newcastle,A,1,15.0,10.0,6.0,0.0,6.0,"AggressiveTackler, LowTempoController",0
2003-2004_Portsmouth_Liverpool,2003-2004,8,Portsmouth,Liverpool,H,1,23.0,8.0,4.0,0.0,4.0,"DirectPlay, DirectPlay",0
2003-2004_Birmingham_Aston Villa,2003-2004,8,Birmingham,Aston Villa,D,0,6.0,7.0,3.0,0.0,3.0,"LowTempoController, AggressiveTackler",0
2003-2004_Everton_Southampton,2003-2004,8,Everton,Southampton,D,0,32.0,14.0,3.0,0.0,3.0,"HighPressure, Opportunistic",0
2003-2004_Leicester_Tottenham,2003-2004,8,Leicester,Tottenham,A,3,29.0,6.0,6.0,0.0,6.0,"AggressiveTackler, RiskTaker, ChaosInducer",1
2003-2004_Blackburn_Charlton,2003-2004,8,Blackburn,Charlton,A,1,25.0,8.0,3.0,0.0,3.0,"ChaosInducer, Disciplined",0
2003-2004_Fulham_Newcastle,2003-2004,8,Fulham,Newcastle,A,5,15.0,12.0,4.0,0.0,4.0,"ChaosInducer, LowTempoController",0
2003-2004_Aston Villa_Everton,2003-2004,9,Aston Villa,Everton,D,0,24.0,12.0,1.0,0.0,1.0,"Disciplined, AggressiveTackler",0
2003-2004_Bolton_Birmingham,2003-2004,9,Bolton,Birmingham,A,1,23.0,10.0,3.0,0.0,3.0,"RiskTaker, RiskTaker",0
2003-2004_Chelsea_Man City,2003-2004,9,Chelsea,Man City,H,1,16.0,6.0,0.0,0.0,0.0,"Disciplined, AggressiveTackler",0
2003-2004_Liverpool_Leeds,2003-2004,9,Liverpool,Leeds,H,4,27.0,12.0,2.0,0.0,2.0,"RiskTaker, HighPressure, Disciplined",0
2003-2004_Man United_Fulham,2003-2004,9,Man United,Fulham,A,4,29.0,12.0,6.0,0.0,6.0,"AggressiveTackler, RiskTaker, HighPressure, ChaosInducer",1
2003-2004_Newcastle_Portsmouth,2003-2004,9,Newcastle,Portsmouth,H,3,19.0,12.0,1.0,0.0,1.0,"Disciplined, LowTempoController",0
2003-2004_Southampton_Blackburn,2003-2004,9,Southampton,Blackburn,H,2,28.0,8.0,1.0,1.0,3.0,"Opportunistic, DirectPlay",0
2003-2004_Wolves_Leicester,2003-2004,9,Wolves,Leicester,H,7,19.0,8.0,2.0,0.0,2.0,"RiskTaker, ChaosInducer, Disciplined",1
2003-2004_Charlton_Arsenal,2003-2004,9,Charlton,Arsenal,D,2,17.0,12.0,2.0,0.0,2.0,"Disciplined, LowTempoController",0
2003-2004_Tottenham_Middlesbrough,2003-2004,9,Tottenham,Middlesbrough,D,0,28.0,13.0,5.0,0.0,5.0,"HighPressure, Opportunistic",0
2003-2004_Everton_Chelsea,2003-2004,10,Everton,Chelsea,A,1,29.0,4.0,0.0,0.0,0.0,"Disciplined, Opportunistic",0
2003-2004_Leeds_Arsenal,2003-2004,10,Leeds,Arsenal,A,5,22.0,7.0,1.0,0.0,1.0,"RiskTaker, Disciplined",0
2003-2004_Man United_Portsmouth,2003-2004,10,Man United,Portsmouth,H,3,19.0,6.0,3.0,0.0,3.0,"RiskTaker, Opportunistic",0
2003-2004_Middlesbrough_Wolves,2003-2004,10,Middlesbrough,Wolves,H,2,23.0,10.0,3.0,1.0,5.0,"LowTempoController, LowTempoController",0
2003-2004_Newcastle_Aston Villa,2003-2004,10,Newcastle,Aston Villa,D,2,33.0,18.0,5.0,1.0,7.0,"AggressiveTackler, HighPressure, ChaosInducer, Opportunistic",1
2003-2004_Southampton_Man City,2003-2004,10,Southampton,Man City,A,2,21.0,10.0,2.0,0.0,2.0,"Disciplined, Opportunistic",0
2003-2004_Tottenham_Bolton,2003-2004,10,Tottenham,Bolton,A,1,35.0,12.0,3.0,0.0,3.0,"HighPressure, Opportunistic",0
2003-2004_Fulham_Liverpool,2003-2004,10,Fulham,Liverpool,A,3,20.0,12.0,2.0,1.0,4.0,"LowTempoController, AggressiveTackler",0
2003-2004_Leicester_Blackburn,2003-2004,10,Leicester,Blackburn,H,2,14.0,8.0,3.0,0.0,3.0,"LowTempoController, Opportunistic",0
2003-2004_Birmingham_Charlton,2003-2004,10,Birmingham,Charlton,A,3,27.0,23.0,2.0,0.0,2.0,"RiskTaker, HighPressure, Disciplined, LowTempoController",0
2003-2004_Arsenal_Tottenham,2003-2004,11,Arsenal,Tottenham,H,3,14.0,14.0,5.0,0.0,5.0,"ChaosInducer, LowTempoController",0
2003-2004_Aston Villa_Middlesbrough,2003-2004,11,Aston Villa,Middlesbrough,A,2,20.0,7.0,3.0,0.0,3.0,"Disciplined, Disciplined",0
2003-2004_Bolton_Southampton,2003-2004,11,Bolton,Southampton,D,0,26.0,14.0,3.0,1.0,5.0,"HighPressure, LowTempoController",0
2003-2004_Charlton_Fulham,2003-2004,11,Charlton,Fulham,H,4,23.0,6.0,3.0,0.0,3.0,"AggressiveTackler, Opportunistic",0
2003-2004_Portsmouth_Leeds,2003-2004,11,Portsmouth,Leeds,H,7,20.0,5.0,5.0,0.0,5.0,"RiskTaker, ChaosInducer",1
2003-2004_Wolves_Birmingham,2003-2004,11,Wolves,Birmingham,D,2,15.0,9.0,3.0,0.0,3.0,"LowTempoController, Disciplined",0
2003-2004_Chelsea_Newcastle,2003-2004,11,Chelsea,Newcastle,H,5,19.0,2.0,0.0,1.0,2.0,"Disciplined, DirectPlay",0
2003-2004_Liverpool_Man United,2003-2004,11,Liverpool,Man United,A,3,16.0,8.0,3.0,0.0,3.0,"LowTempoController, Opportunistic",0
2003-2004_Man City_Leicester,2003-2004,11,Man City,Leicester,A,3,20.0,15.0,4.0,0.0,4.0,"LowTempoController, DirectPlay",0
2003-2004_Blackburn_Everton,2003-2004,11,Blackburn,Everton,H,3,26.0,15.0,5.0,0.0,5.0,"HighPressure, ChaosInducer, LowTempoController",0
2003-2004_Birmingham_Arsenal,2003-2004,12,Birmingham,Arsenal,A,3,16.0,14.0,3.0,0.0,3.0,"LowTempoController, Disciplined",0
2003-2004_Everton_Wolves,2003-2004,12,Everton,Wolves,H,2,31.0,11.0,4.0,0.0,4.0,"HighPressure, Opportunistic",0
2003-2004_Leeds_Bolton,2003-2004,12,Leeds,Bolton,A,2,23.0,10.0,1.0,0.0,1.0,"Disciplined, LowTempoController",0
2003-2004_Leicester_Charlton,2003-2004,12,Leicester,Charlton,D,2,20.0,6.0,3.0,0.0,3.0,"Disciplined, DirectPlay",0
2003-2004_Man United_Blackburn,2003-2004,12,Man United,Blackburn,H,3,27.0,11.0,1.0,0.0,1.0,"RiskTaker, Disciplined",0
2003-2004_Middlesbrough_Liverpool,2003-2004,12,Middlesbrough,Liverpool,D,0,16.0,7.0,4.0,0.0,4.0,"HighPressure, ChaosInducer",0
2003-2004_Newcastle_Man City,2003-2004,12,Newcastle,Man City,H,3,22.0,6.0,3.0,0.0,3.0,"RiskTaker, Opportunistic",0
2003-2004_Southampton_Chelsea,2003-2004,12,Southampton,Chelsea,A,1,21.0,6.0,1.0,0.0,1.0,"Disciplined, HighPressure",0
2003-2004_Tottenham_Aston Villa,2003-2004,12,Tottenham,Aston Villa,H,3,23.0,6.0,1.0,0.0,1.0,"Disciplined, Disciplined",0
2003-2004_Fulham_Portsmouth,2003-2004,12,Fulham,Portsmouth,H,2,20.0,13.0,3.0,1.0,5.0,"LowTempoController, LowTempoController",0
2003-2004_Aston Villa_Southampton,2003-2004,13,Aston Villa,Southampton,H,1,29.0,13.0,1.0,0.0,1.0,"HighPressure, Disciplined, Opportunistic",0
2003-2004_Blackburn_Tottenham,2003-2004,13,Blackburn,Tottenham,H,1,27.0,15.0,1.0,0.0,1.0,"HighPressure, Disciplined, LowTempoController, Opportunistic",0
2003-2004_Bolton_Everton,2003-2004,13,Bolton,Everton,H,2,20.0,14.0,2.0,0.0,2.0,"Disciplined, LowTempoController",0
2003-2004_Charlton_Leeds,2003-2004,13,Charlton,Leeds,A,1,25.0,7.0,3.0,0.0,3.0,"AggressiveTackler, Disciplined",0
2003-2004_Portsmouth_Leicester,2003-2004,13,Portsmouth,Leicester,A,2,19.0,15.0,6.0,0.0,6.0,"AggressiveTackler, LowTempoController",0
2003-2004_Wolves_Newcastle,2003-2004,13,Wolves,Newcastle,D,2,17.0,8.0,3.0,0.0,3.0,"LowTempoController, ChaosInducer",0
2003-2004_Arsenal_Fulham,2003-2004,13,Arsenal,Fulham,D,0,29.0,9.0,2.0,0.0,2.0,"Disciplined, Opportunistic",0
2003-2004_Chelsea_Man United,2003-2004,13,Chelsea,Man United,H,1,17.0,6.0,5.0,0.0,5.0,"Disciplined, DirectPlay",0
2003-2004_Liverpool_Birmingham,2003-2004,13,Liverpool,Birmingham,H,4,17.0,10.0,3.0,0.0,3.0,"LowTempoController, AggressiveTackler",0
2003-2004_Man City_Middlesbrough,2003-2004,13,Man City,Middlesbrough,A,1,26.0,12.0,0.0,0.0,0.0,"HighPressure, Disciplined",0
2003-2004_Birmingham_Blackburn,2003-2004,14,Birmingham,Blackburn,A,4,17.0,17.0,2.0,1.0,4.0,"ChaosInducer, LowTempoController",0
2003-2004_Fulham_Bolton,2003-2004,14,Fulham,Bolton,H,3,20.0,5.0,2.0,0.0,2.0,"Disciplined, LowTempoController",0
2003-2004_Leeds_Chelsea,2003-2004,14,Leeds,Chelsea,D,2,27.0,10.0,5.0,0.0,5.0,"Opportunistic, LowTempoController",0
2003-2004_Leicester_Arsenal,2003-2004,14,Leicester,Arsenal,D,2,12.0,12.0,2.0,1.0,4.0,"LowTempoController, LowTempoController",0
2003-2004_Man United_Aston Villa,2003-2004,14,Man United,Aston Villa,H,4,22.0,11.0,1.0,0.0,1.0,"Disciplined, ChaosInducer",0
2003-2004_Middlesbrough_Portsmouth,2003-2004,14,Middlesbrough,Portsmouth,D,0,11.0,11.0,5.0,1.0,7.0,"AggressiveTackler, LowTempoController",0
2003-2004_Newcastle_Liverpool,2003-2004,14,Newcastle,Liverpool,D,2,20.0,9.0,5.0,0.0,5.0,"Disciplined, ChaosInducer",0
2003-2004_Tottenham_Wolves,2003-2004,14,Tottenham,Wolves,H,7,28.0,9.0,2.0,0.0,2.0,"RiskTaker, ChaosInducer, Disciplined",0
2003-2004_Everton_Man City,2003-2004,14,Everton,Man City,D,0,24.0,8.0,2.0,0.0,2.0,"Disciplined, Opportunistic",0
2003-2004_Southampton_Charlton,2003-2004,14,Southampton,Charlton,H,5,38.0,17.0,0.0,0.0,0.0,"RiskTaker, HighPressure, Disciplined",0
2003-2004_Chelsea_Bolton,2003-2004,15,Chelsea,Bolton,A,3,13.0,11.0,4.0,0.0,4.0,"LowTempoController, RiskTaker",0
2003-2004_Leicester_Birmingham,2003-2004,15,Leicester,Birmingham,A,2,17.0,13.0,4.0,2.0,8.0,"AggressiveTackler, ChaosInducer, LowTempoController",0
2003-2004_Liverpool_Southampton,2003-2004,15,Liverpool,Southampton,A,3,26.0,14.0,0.0,0.0,0.0,"HighPressure, Disciplined, LowTempoController",0
2003-2004_Man United_Man City,2003-2004,15,Man United,Man City,H,4,22.0,7.0,2.0,0.0,2.0,"Disciplined, RiskTaker",0
2003-2004_Middlesbrough_Charlton,2003-2004,15,Middlesbrough,Charlton,D,0,22.0,10.0,2.0,0.0,2.0,"Disciplined, Opportunistic",0
2003-2004_Newcastle_Tottenham,2003-2004,15,Newcastle,Tottenham,H,4,23.0,18.0,4.0,0.0,4.0,"HighPressure, ChaosInducer, LowTempoController",0
2003-2004_Portsmouth_Everton,2003-2004,15,Portsmouth,Everton,A,3,21.0,17.0,2.0,0.0,2.0,"HighPressure, Disciplined, LowTempoController",0
2003-2004_Arsenal_Blackburn,2003-2004,15,Arsenal,Blackburn,H,1,16.0,11.0,6.0,0.0,6.0,"AggressiveTackler, LowTempoController",0
2003-2004_Aston Villa_Wolves,2003-2004,15,Aston Villa,Wolves,H,5,19.0,10.0,7.0,0.0,7.0,"AggressiveTackler, ChaosInducer, LowTempoController",0
2003-2004_Leeds_Fulham,2003-2004,15,Leeds,Fulham,H,5,24.0,11.0,3.0,0.0,3.0,"RiskTaker, ChaosInducer",1
2003-2004_Blackburn_Aston Villa,2003-2004,16,Blackburn,Aston Villa,A,2,27.0,10.0,1.0,0.0,1.0,"Disciplined, Opportunistic",0
2003-2004_Bolton_Arsenal,2003-2004,16,Bolton,Arsenal,D,2,28.0,9.0,4.0,0.0,4.0,"Opportunistic, Disciplined",0
2003-2004_Charlton_Newcastle,2003-2004,16,Charlton,Newcastle,D,0,29.0,16.0,0.0,0.0,0.0,"HighPressure, Disciplined, LowTempoController, Opportunistic",0
2003-2004_Everton_Leicester,2003-2004,16,Everton,Leicester,H,5,21.0,18.0,5.0,0.0,5.0,"RiskTaker, HighPressure, ChaosInducer, LowTempoController",1
2003-2004_Fulham_Chelsea,2003-2004,16,Fulham,Chelsea,A,1,18.0,10.0,5.0,0.0,5.0,"LowTempoController, DirectPlay",0
2003-2004_Southampton_Portsmouth,2003-2004,16,Southampton,Portsmouth,H,3,23.0,13.0,3.0,0.0,3.0,"LowTempoController, ChaosInducer",0
2003-2004_Tottenham_Man United,2003-2004,16,Tottenham,Man United,A,3,26.0,15.0,4.0,0.0,4.0,"HighPressure, LowTempoController",0
2003-2004_Man City_Leeds,2003-2004,16,Man City,Leeds,D,2,25.0,13.0,3.0,0.0,3.0,"HighPressure, AggressiveTackler",1
2003-2004_Arsenal_Wolves,2003-2004,17,Arsenal,Wolves,H,3,20.0,17.0,7.0,0.0,7.0,"AggressiveTackler, HighPressure, ChaosInducer, LowTempoController",1
2003-2004_Birmingham_Man City,2003-2004,17,Birmingham,Man City,H,3,14.0,12.0,3.0,0.0,3.0,"LowTempoController, LowTempoController",0
2003-2004_Blackburn_Middlesbrough,2003-2004,17,Blackburn,Middlesbrough,D,4,18.0,15.0,3.0,0.0,3.0,"LowTempoController, LowTempoController",0
2003-2004_Charlton_Chelsea,2003-2004,17,Charlton,Chelsea,H,6,23.0,14.0,2.0,0.0,2.0,"RiskTaker, HighPressure, ChaosInducer, Disciplined, LowTempoController",1
2003-2004_Fulham_Southampton,2003-2004,17,Fulham,Southampton,H,2,20.0,16.0,2.0,0.0,2.0,"HighPressure, Disciplined, LowTempoController",0
2003-2004_Leeds_Aston Villa,2003-2004,17,Leeds,Aston Villa,D,0,19.0,12.0,2.0,0.0,2.0,"Disciplined, LowTempoController",0
2003-2004_Leicester_Newcastle,2003-2004,17,Leicester,Newcastle,D,2,18.0,13.0,0.0,0.0,0.0,"Disciplined, LowTempoController",0
2003-2004_Liverpool_Bolton,2003-2004,17,Liverpool,Bolton,H,4,20.0,8.0,2.0,0.0,2.0,"Disciplined, Disciplined",0
2003-2004_Man United_Everton,2003-2004,17,Man United,Everton,H,5,29.0,9.0,2.0,0.0,2.0,"RiskTaker, Disciplined",0
2003-2004_Portsmouth_Tottenham,2003-2004,17,Portsmouth,Tottenham,H,2,15.0,9.0,2.0,0.0,2.0,"Disciplined, LowTempoController",0
2003-2004_Aston Villa_Fulham,2003-2004,18,Aston Villa,Fulham,H,3,21.0,11.0,0.0,0.0,0.0,"Disciplined, LowTempoController",0
2003-2004_Bolton_Leicester,2003-2004,18,Bolton,Leicester,D,4,22.0,10.0,3.0,0.0,3.0,"DirectPlay, RiskTaker",0
2003-2004_Chelsea_Portsmouth,2003-2004,18,Chelsea,Portsmouth,H,3,22.0,8.0,0.0,0.0,0.0,"Disciplined, RiskTaker",0
2003-2004_Everton_Birmingham,2003-2004,18,Everton,Birmingham,H,1,21.0,7.0,0.0,0.0,0.0,"Disciplined, LowTempoController",0
2003-2004_Man City_Liverpool,2003-2004,18,Man City,Liverpool,D,4,27.0,14.0,3.0,0.0,3.0,"RiskTaker, HighPressure",0
2003-2004_Middlesbrough_Man United,2003-2004,18,Middlesbrough,Man United,A,1,21.0,6.0,5.0,1.0,7.0,"AggressiveTackler, Disciplined",0
2003-2004_Newcastle_Blackburn,2003-2004,18,Newcastle,Blackburn,A,1,26.0,16.0,1.0,0.0,1.0,"HighPressure, Disciplined, LowTempoController",0
2003-2004_Tottenham_Charlton,2003-2004,18,Tottenham,Charlton,A,1,28.0,22.0,1.0,0.0,1.0,"HighPressure, Disciplined, LowTempoController, Opportunistic",0
2003-2004_Wolves_Leeds,2003-2004,18,Wolves,Leeds,H,4,20.0,16.0,5.0,1.0,7.0,"AggressiveTackler, HighPressure, ChaosInducer, LowTempoController",1
2003-2004_Southampton_Arsenal,2003-2004,18,Southampton,Arsenal,A,1,23.0,5.0,1.0,0.0,1.0,"Disciplined, ChaosInducer",0
2003-2004_Aston Villa_Portsmouth,2003-2004,19,Aston Villa,Portsmouth,H,3,29.0,15.0,0.0,0.0,0.0,"RiskTaker, HighPressure, Disciplined",0
2003-2004_Bolton_Man United,2003-2004,19,Bolton,Man United,A,3,26.0,16.0,2.0,0.0,2.0,"HighPressure, Disciplined, LowTempoController",0
2003-2004_Chelsea_Liverpool,2003-2004,19,Chelsea,Liverpool,A,1,13.0,11.0,2.0,1.0,4.0,"LowTempoController, RiskTaker",0
2003-2004_Everton_Arsenal,2003-2004,19,Everton,Arsenal,D,2,17.0,9.0,3.0,0.0,3.0,"LowTempoController, ChaosInducer",0
2003-2004_Man City_Charlton,2003-2004,19,Man City,Charlton,D,2,27.0,4.0,0.0,0.0,0.0,"Disciplined, Opportunistic",0
2003-2004_Middlesbrough_Fulham,2003-2004,19,Middlesbrough,Fulham,H,3,19.0,10.0,3.0,0.0,3.0,"LowTempoController, DirectPlay",0
2003-2004_Newcastle_Leeds,2003-2004,19,Newcastle,Leeds,H,1,22.0,8.0,1.0,0.0,1.0,"Disciplined, RiskTaker",0
2003-2004_Southampton_Leicester,2003-2004,19,Southampton,Leicester,D,0,23.0,9.0,3.0,0.0,3.0,"RiskTaker, HighPressure",0
2003-2004_Tottenham_Birmingham,2003-2004,19,Tottenham,Birmingham,H,5,20.0,7.0,0.0,0.0,0.0,"RiskTaker, Disciplined",0
2003-2004_Wolves_Blackburn,2003-2004,19,Wolves,Blackburn,D,4,19.0,9.0,2.0,0.0,2.0,"Disciplined, RiskTaker",0
2003-2004_Arsenal_Middlesbrough,2003-2004,20,Arsenal,Middlesbrough,H,5,25.0,10.0,2.0,0.0,2.0,"RiskTaker, Disciplined",0
2003-2004_Birmingham_Southampton,2003-2004,20,Birmingham,Southampton,H,3,20.0,17.0,1.0,1.0,3.0,"HighPressure, LowTempoController",0
2003-2004_Blackburn_Bolton,2003-2004,20,Blackburn,Bolton,A,7,24.0,11.0,5.0,0.0,5.0,"RiskTaker, ChaosInducer",1
2003-2004_Charlton_Wolves,2003-2004,20,Charlton,Wolves,H,2,17.0,11.0,4.0,0.0,4.0,"LowTempoController, Opportunistic",0
2003-2004_Fulham_Everton,2003-2004,20,Fulham,Everton,H,3,25.0,12.0,0.0,0.0,0.0,"Disciplined, AggressiveTackler",0
2003-2004_Leeds_Tottenham,2003-2004,20,Leeds,Tottenham,A,1,22.0,9.0,1.0,0.0,1.0,"Disciplined, Opportunistic",0
2003-2004_Liverpool_Aston Villa,2003-2004,20,Liverpool,Aston Villa,H,1,20.0,9.0,5.0,0.0,5.0,"Disciplined, Disciplined",0
2003-2004_Portsmouth_Man City,2003-2004,20,Portsmouth,Man City,H,6,26.0,9.0,2.0,0.0,2.0,"RiskTaker, ChaosInducer, Disciplined",1
2003-2004_Leicester_Chelsea,2003-2004,20,Leicester,Chelsea,A,4,17.0,8.0,1.0,0.0,1.0,"Disciplined, ChaosInducer",0
2003-2004_Man United_Newcastle,2003-2004,20,Man United,Newcastle,D,0,19.0,5.0,2.0,0.0,2.0,"Disciplined, Opportunistic",0
2003-2004_Bolton_Portsmouth,2003-2004,21,Bolton,Portsmouth,H,1,21.0,4.0,2.0,1.0,4.0,"Opportunistic, Opportunistic",0
2003-2004_Everton_Charlton,2003-2004,21,Everton,Charlton,A,1,24.0,15.0,6.0,0.0,6.0,"AggressiveTackler, HighPressure, LowTempoController",1
2003-2004_Man City_Blackburn,2003-2004,21,Man City,Blackburn,D,2,16.0,6.0,3.0,0.0,3.0,"DirectPlay, RiskTaker",0
2003-2004_Middlesbrough_Leicester,2003-2004,21,Middlesbrough,Leicester,D,6,27.0,12.0,7.0,0.0,7.0,"AggressiveTackler, RiskTaker, HighPressure, ChaosInducer",1
2003-2004_Southampton_Leeds,2003-2004,21,Southampton,Leeds,H,3,29.0,7.0,2.0,0.0,2.0,"RiskTaker, Disciplined",0
2003-2004_Tottenham_Liverpool,2003-2004,21,Tottenham,Liverpool,H,3,17.0,11.0,2.0,0.0,2.0,"Disciplined, LowTempoController",0
2003-2004_Wolves_Man United,2003-2004,21,Wolves,Man United,H,1,26.0,16.0,2.0,0.0,2.0,"HighPressure, Disciplined, LowTempoController",0
2003-2004_Aston Villa_Arsenal,2003-2004,21,Aston Villa,Arsenal,A,2,25.0,5.0,5.0,0.0,5.0,"AggressiveTackler, ChaosInducer",1
2003-2004_Chelsea_Birmingham,2003-2004,21,Chelsea,Birmingham,D,0,18.0,8.0,4.0,0.0,4.0,"Opportunistic, Opportunistic",0
2003-2004_Newcastle_Fulham,2003-2004,21,Newcastle,Fulham,H,4,23.0,11.0,1.0,0.0,1.0,"Disciplined, HighPressure",0
2003-2004_Wolves_Liverpool,2003-2004,21,Wolves,Liverpool,D,2,23.0,12.0,3.0,0.0,3.0,"ChaosInducer, Opportunistic",1
2003-2004_Birmingham_Newcastle,2003-2004,22,Birmingham,Newcastle,D,2,19.0,5.0,4.0,0.0,4.0,"ChaosInducer, RiskTaker",1
2003-2004_Charlton_Bolton,2003-2004,22,Charlton,Bolton,A,3,28.0,11.0,0.0,0.0,0.0,"RiskTaker, HighPressure, Disciplined",0
2003-2004_Fulham_Tottenham,2003-2004,22,Fulham,Tottenham,H,3,20.0,23.0,2.0,0.0,2.0,"HighPressure, Disciplined, LowTempoController",0
2003-2004_Leeds_Middlesbrough,2003-2004,22,Leeds,Middlesbrough,A,3,23.0,13.0,2.0,1.0,4.0,"LowTempoController, HighPressure",0
2003-2004_Leicester_Aston Villa,2003-2004,22,Leicester,Aston Villa,A,5,27.0,14.0,1.0,0.0,1.0,"RiskTaker, HighPressure, Disciplined",0
2003-2004_Liverpool_Everton,2003-2004,22,Liverpool,Everton,D,0,27.0,11.0,1.0,0.0,1.0,"Disciplined, Opportunistic",0
2003-2004_Man United_Southampton,2003-2004,22,Man United,Southampton,H,5,29.0,11.0,2.0,0.0,2.0,"RiskTaker, HighPressure, Disciplined",0
2003-2004_Portsmouth_Wolves,2003-2004,22,Portsmouth,Wolves,D,0,25.0,12.0,1.0,0.0,1.0,"Disciplined, ChaosInducer",0
2003-2004_Arsenal_Man City,2003-2004,22,Arsenal,Man City,H,3,20.0,9.0,4.0,1.0,6.0,"AggressiveTackler, ChaosInducer",1
2003-2004_Blackburn_Chelsea,2003-2004,22,Blackburn,Chelsea,A,5,30.0,11.0,2.0,0.0,2.0,"RiskTaker, HighPressure, Disciplined",0
2003-2004_Aston Villa_Leeds,2003-2004,23,Aston Villa,Leeds,H,2,22.0,13.0,4.0,0.0,4.0,"LowTempoController, AggressiveTackler",0
2003-2004_Bolton_Liverpool,2003-2004,23,Bolton,Liverpool,D,4,23.0,8.0,5.0,0.0,5.0,"ChaosInducer, AggressiveTackler",1
2003-2004_Everton_Man United,2003-2004,23,Everton,Man United,A,7,31.0,14.0,1.0,0.0,1.0,"RiskTaker, HighPressure, ChaosInducer, Disciplined",1
2003-2004_Middlesbrough_Blackburn,2003-2004,23,Middlesbrough,Blackburn,A,1,21.0,11.0,1.0,0.0,1.0,"Disciplined, LowTempoController",0
2003-2004_Newcastle_Leicester,2003-2004,23,Newcastle,Leicester,H,4,22.0,10.0,3.0,0.0,3.0,"Disciplined, HighPressure",0
2003-2004_Southampton_Fulham,2003-2004,23,Southampton,Fulham,D,0,22.0,20.0,3.0,0.0,3.0,"HighPressure, LowTempoController",0
2003-2004_Tottenham_Portsmouth,2003-2004,23,Tottenham,Portsmouth,H,7,31.0,11.0,1.0,0.0,1.0,"RiskTaker, HighPressure, ChaosInducer, Disciplined",1
2003-2004_Wolves_Arsenal,2003-2004,23,Wolves,Arsenal,A,4,22.0,10.0,3.0,0.0,3.0,"HighPressure, Disciplined",0
2003-2004_Chelsea_Charlton,2003-2004,23,Chelsea,Charlton,H,1,21.0,7.0,2.0,0.0,2.0,"Disciplined, ChaosInducer",0
2003-2004_Man City_Birmingham,2003-2004,23,Man City,Birmingham,D,0,28.0,16.0,1.0,0.0,1.0,"HighPressure, Disciplined, LowTempoController, Opportunistic",0
2003-2004_Arsenal_Southampton,2003-2004,24,Arsenal,Southampton,H,2,21.0,14.0,5.0,0.0,5.0,"LowTempoController, HighPressure",0
2003-2004_Leeds_Wolves,2003-2004,24,Leeds,Wolves,H,5,31.0,7.0,3.0,0.0,3.0,"RiskTaker, ChaosInducer",1
2003-2004_Leicester_Bolton,2003-2004,24,Leicester,Bolton,D,2,24.0,15.0,3.0,0.0,3.0,"HighPressure, LowTempoController",0
2003-2004_Birmingham_Everton,2003-2004,24,Birmingham,Everton,H,3,20.0,19.0,1.0,0.0,1.0,"HighPressure, Disciplined, LowTempoController",0
2003-2004_Blackburn_Newcastle,2003-2004,24,Blackburn,Newcastle,D,2,31.0,14.0,0.0,0.0,0.0,"HighPressure, Disciplined, Opportunistic",0
2003-2004_Charlton_Tottenham,2003-2004,24,Charlton,Tottenham,A,6,30.0,14.0,3.0,0.0,3.0,"RiskTaker, HighPressure, ChaosInducer",1
2003-2004_Fulham_Aston Villa,2003-2004,24,Fulham,Aston Villa,A,3,23.0,11.0,3.0,1.0,5.0,"ChaosInducer, AggressiveTackler",1
2003-2004_Liverpool_Man City,2003-2004,24,Liverpool,Man City,H,3,18.0,9.0,0.0,0.0,0.0,"Disciplined, AggressiveTackler",0
2003-2004_Man United_Middlesbrough,2003-2004,24,Man United,Middlesbrough,A,5,35.0,15.0,2.0,0.0,2.0,"RiskTaker, HighPressure, Disciplined",0
2003-2004_Portsmouth_Chelsea,2003-2004,24,Portsmouth,Chelsea,A,2,21.0,19.0,3.0,0.0,3.0,"HighPressure, LowTempoController",0
2003-2004_Bolton_Man City,2003-2004,25,Bolton,Man City,A,4,33.0,23.0,2.0,0.0,2.0,"RiskTaker, HighPressure, Disciplined, LowTempoController",0
2003-2004_Charlton_Blackburn,2003-2004,25,Charlton,Blackburn,H,5,29.0,20.0,0.0,0.0,0.0,"RiskTaker, HighPressure, Disciplined, LowTempoController",0
2003-2004_Chelsea_Arsenal,2003-2004,25,Chelsea,Arsenal,A,3,19.0,16.0,6.0,1.0,8.0,"AggressiveTackler, HighPressure, ChaosInducer, LowTempoController",1
2003-2004_Man United_Leeds,2003-2004,25,Man United,Leeds,D,2,31.0,19.0,3.0,0.0,3.0,"HighPressure, LowTempoController, Opportunistic",0
2003-2004_Newcastle_Middlesbrough,2003-2004,25,Newcastle,Middlesbrough,H,3,24.0,10.0,3.0,0.0,3.0,"Opportunistic, RiskTaker",0
2003-2004_Southampton_Everton,2003-2004,25,Southampton,Everton,D,6,21.0,11.0,1.0,0.0,1.0,"RiskTaker, Disciplined, LowTempoController",0
2003-2004_Wolves_Fulham,2003-2004,25,Wolves,Fulham,H,3,21.0,14.0,1.0,0.0,1.0,"Disciplined, LowTempoController",0
2003-2004_Aston Villa_Birmingham,2003-2004,25,Aston Villa,Birmingham,D,4,24.0,12.0,1.0,0.0,1.0,"RiskTaker, Disciplined",0
2003-2004_Tottenham_Leicester,2003-2004,25,Tottenham,Leicester,D,8,24.0,7.0,2.0,1.0,4.0,"RiskTaker, ChaosInducer",1
2003-2004_Arsenal_Charlton,2003-2004,26,Arsenal,Charlton,H,3,27.0,15.0,0.0,0.0,0.0,"RiskTaker, HighPressure, Disciplined, LowTempoController",0
2003-2004_Blackburn_Southampton,2003-2004,26,Blackburn,Southampton,D,2,26.0,15.0,2.0,0.0,2.0,"HighPressure, Disciplined, LowTempoController",0
2003-2004_Everton_Aston Villa,2003-2004,26,Everton,Aston Villa,H,2,27.0,16.0,6.0,0.0,6.0,"AggressiveTackler, HighPressure, LowTempoController, Opportunistic",1
2003-2004_Fulham_Man United,2003-2004,26,Fulham,Man United,D,2,20.0,7.0,4.0,0.0,4.0,"HighPressure, ChaosInducer",1
2003-2004_Leicester_Wolves,2003-2004,26,Leicester,Wolves,D,0,16.0,9.0,1.0,0.0,1.0,"Disciplined, LowTempoController",0
2003-2004_Man City_Chelsea,2003-2004,26,Man City,Chelsea,A,1,23.0,8.0,1.0,0.0,1.0,"Disciplined, Disciplined",0
2003-2004_Leeds_Liverpool,2003-2004,26,Leeds,Liverpool,D,4,34.0,14.0,1.0,0.0,1.0,"RiskTaker, HighPressure, Disciplined",0
2003-2004_Portsmouth_Newcastle,2003-2004,26,Portsmouth,Newcastle,D,2,23.0,14.0,4.0,0.0,4.0,"HighPressure, LowTempoController",0
2003-2004_Birmingham_Middlesbrough,2003-2004,26,Birmingham,Middlesbrough,H,4,17.0,9.0,7.0,1.0,9.0,"AggressiveTackler, ChaosInducer, LowTempoController",0
2003-2004_Birmingham_Bolton,2003-2004,26,Birmingham,Bolton,H,2,20.0,8.0,2.0,0.0,2.0,"Disciplined, Disciplined",0
2003-2004_Middlesbrough_Tottenham,2003-2004,26,Middlesbrough,Tottenham,H,1,20.0,8.0,2.0,0.0,2.0,"Disciplined, ChaosInducer",0
2003-2004_Birmingham_Leicester,2003-2004,27,Birmingham,Leicester,A,1,10.0,14.0,3.0,0.0,3.0,"LowTempoController, DirectPlay",0
2003-2004_Blackburn_Arsenal,2003-2004,27,Blackburn,Arsenal,A,2,24.0,11.0,2.0,0.0,2.0,"Disciplined, LowTempoController",0
2003-2004_Bolton_Chelsea,2003-2004,27,Bolton,Chelsea,A,2,32.0,14.0,1.0,0.0,1.0,"HighPressure, Disciplined, Opportunistic",0
2003-2004_Charlton_Middlesbrough,2003-2004,27,Charlton,Middlesbrough,H,1,29.0,11.0,0.0,0.0,0.0,"HighPressure, Disciplined, Opportunistic",0
2003-2004_Everton_Portsmouth,2003-2004,27,Everton,Portsmouth,H,1,18.0,10.0,2.0,0.0,2.0,"Disciplined, LowTempoController",0
2003-2004_Fulham_Leeds,2003-2004,27,Fulham,Leeds,H,2,28.0,11.0,7.0,0.0,7.0,"AggressiveTackler, HighPressure, ChaosInducer, Opportunistic",1
2003-2004_Man City_Man United,2003-2004,27,Man City,Man United,H,5,34.0,11.0,3.0,0.0,3.0,"RiskTaker, HighPressure, ChaosInducer",1
2003-2004_Southampton_Liverpool,2003-2004,27,Southampton,Liverpool,H,2,25.0,8.0,4.0,0.0,4.0,"RiskTaker, Disciplined",0
2003-2004_Tottenham_Newcastle,2003-2004,27,Tottenham,Newcastle,H,1,17.0,15.0,0.0,0.0,0.0,"Disciplined, LowTempoController",0
2003-2004_Wolves_Aston Villa,2003-2004,27,Wolves,Aston Villa,A,4,24.0,21.0,3.0,0.0,3.0,"RiskTaker, HighPressure, LowTempoController",0
2003-2004_Liverpool_Portsmouth,2003-2004,27,Liverpool,Portsmouth,H,3,24.0,18.0,1.0,0.0,1.0,"HighPressure, Disciplined, LowTempoController",0
2003-2004_Arsenal_Bolton,2003-2004,28,Arsenal,Bolton,H,3,19.0,7.0,3.0,0.0,3.0,"HighPressure, RiskTaker",0
2003-2004_Aston Villa_Blackburn,2003-2004,28,Aston Villa,Blackburn,A,2,26.0,10.0,2.0,0.0,2.0,"Disciplined, HighPressure",0
2003-2004_Chelsea_Fulham,2003-2004,28,Chelsea,Fulham,H,3,18.0,10.0,3.0,0.0,3.0,"LowTempoController, DirectPlay",0
2003-2004_Leicester_Everton,2003-2004,28,Leicester,Everton,D,2,17.0,11.0,6.0,1.0,8.0,"AggressiveTackler, ChaosInducer, LowTempoController",0
2003-2004_Liverpool_Wolves,2003-2004,28,Liverpool,Wolves,H,1,20.0,18.0,1.0,0.0,1.0,"HighPressure, Disciplined, LowTempoController",0
2003-2004_Man United_Tottenham,2003-2004,28,Man United,Tottenham,H,3,19.0,6.0,2.0,0.0,2.0,"Disciplined, AggressiveTackler",0
2003-2004_Middlesbrough_Birmingham,2003-2004,28,Middlesbrough,Birmingham,H,8,31.0,8.0,2.0,0.0,2.0,"RiskTaker, ChaosInducer, Disciplined",1
2003-2004_Newcastle_Charlton,2003-2004,28,Newcastle,Charlton,H,4,21.0,12.0,2.0,0.0,2.0,"Disciplined, LowTempoController",0
2003-2004_Portsmouth_Southampton,2003-2004,28,Portsmouth,Southampton,H,1,29.0,10.0,2.0,0.0,2.0,"HighPressure, Disciplined, Opportunistic",0
2003-2004_Leeds_Man City,2003-2004,28,Leeds,Man City,H,3,25.0,9.0,3.0,1.0,5.0,"ChaosInducer, RiskTaker",1
2003-2004_Birmingham_Leeds,2003-2004,29,Birmingham,Leeds,H,5,28.0,14.0,1.0,0.0,1.0,"RiskTaker, HighPressure, Disciplined",0
2003-2004_Blackburn_Portsmouth,2003-2004,29,Blackburn,Portsmouth,A,3,22.0,8.0,0.0,0.0,0.0,"Disciplined, Opportunistic",0
2003-2004_Charlton_Aston Villa,2003-2004,29,Charlton,Aston Villa,A,3,30.0,15.0,2.0,0.0,2.0,"RiskTaker, HighPressure, Disciplined",0
2003-2004_Chelsea_Wolves,2003-2004,29,Chelsea,Wolves,H,7,24.0,11.0,2.0,0.0,2.0,"RiskTaker, ChaosInducer, Disciplined",1
2003-2004_Everton_Middlesbrough,2003-2004,29,Everton,Middlesbrough,D,2,24.0,12.0,2.0,0.0,2.0,"Disciplined, Disciplined",0
2003-2004_Man City_Fulham,2003-2004,29,Man City,Fulham,D,0,17.0,4.0,1.0,0.0,1.0,"Disciplined, RiskTaker",0
2003-2004_Southampton_Tottenham,2003-2004,29,Southampton,Tottenham,H,1,33.0,16.0,2.0,0.0,2.0,"HighPressure, Disciplined, Opportunistic",0
2003-2004_Arsenal_Man United,2003-2004,29,Arsenal,Man United,D,2,30.0,15.0,2.0,0.0,2.0,"HighPressure, Disciplined, Opportunistic",0
2003-2004_Bolton_Newcastle,2003-2004,29,Bolton,Newcastle,H,1,35.0,14.0,3.0,0.0,3.0,"HighPressure, Opportunistic",0
2003-2004_Leicester_Liverpool,2003-2004,29,Leicester,Liverpool,D,0,32.0,17.0,7.0,0.0,7.0,"AggressiveTackler, HighPressure, Opportunistic",1
2003-2004_Fulham_Birmingham,2003-2004,30,Fulham,Birmingham,D,0,12.0,6.0,6.0,0.0,6.0,"AggressiveTackler, LowTempoController",0
2003-2004_Middlesbrough_Bolton,2003-2004,30,Middlesbrough,Bolton,H,2,23.0,15.0,4.0,0.0,4.0,"HighPressure, LowTempoController",0
2003-2004_Newcastle_Everton,2003-2004,30,Newcastle,Everton,H,6,25.0,14.0,0.0,0.0,0.0,"RiskTaker, HighPressure, Disciplined, LowTempoController",0
2003-2004_Tottenham_Chelsea,2003-2004,30,Tottenham,Chelsea,A,1,22.0,9.0,2.0,0.0,2.0,"Disciplined, RiskTaker",0
2003-2004_Wolves_Southampton,2003-2004,30,Wolves,Southampton,A,5,21.0,9.0,3.0,0.0,3.0,"RiskTaker, ChaosInducer",1
2003-2004_Aston Villa_Man City,2003-2004,30,Aston Villa,Man City,D,2,13.0,9.0,3.0,0.0,3.0,"LowTempoController, RiskTaker",0
2003-2004_Liverpool_Blackburn,2003-2004,30,Liverpool,Blackburn,H,4,33.0,10.0,1.0,0.0,1.0,"RiskTaker, HighPressure, Disciplined",0
2003-2004_Leeds_Leicester,2003-2004,30,Leeds,Leicester,H,5,29.0,18.0,3.0,1.0,5.0,"RiskTaker, HighPressure, ChaosInducer, LowTempoController",1
2003-2004_Arsenal_Liverpool,2003-2004,31,Arsenal,Liverpool,H,6,24.0,10.0,4.0,0.0,4.0,"RiskTaker, ChaosInducer",1
2003-2004_Everton_Tottenham,2003-2004,31,Everton,Tottenham,H,4,25.0,12.0,3.0,1.0,5.0,"RiskTaker, ChaosInducer",1
2003-2004_Birmingham_Man United,2003-2004,31,Birmingham,Man United,A,3,21.0,3.0,0.0,0.0,0.0,"Disciplined, LowTempoController",0
2003-2004_Blackburn_Leeds,2003-2004,31,Blackburn,Leeds,A,3,17.0,10.0,4.0,0.0,4.0,"LowTempoController, RiskTaker",0
2003-2004_Bolton_Aston Villa,2003-2004,31,Bolton,Aston Villa,D,4,23.0,10.0,4.0,0.0,4.0,"ChaosInducer, HighPressure",1
2003-2004_Charlton_Portsmouth,2003-2004,31,Charlton,Portsmouth,D,2,19.0,8.0,2.0,0.0,2.0,"Disciplined, AggressiveTackler",0
2003-2004_Chelsea_Middlesbrough,2003-2004,31,Chelsea,Middlesbrough,D,0,28.0,8.0,2.0,0.0,2.0,"Disciplined, Opportunistic",0
2003-2004_Leicester_Fulham,2003-2004,31,Leicester,Fulham,A,2,19.0,19.0,2.0,0.0,2.0,"HighPressure, Disciplined, LowTempoController",0
2003-2004_Man City_Wolves,2003-2004,31,Man City,Wolves,D,6,29.0,11.0,1.0,0.0,1.0,"RiskTaker, HighPressure, Disciplined",0
2003-2004_Newcastle_Arsenal,2003-2004,31,Newcastle,Arsenal,D,0,20.0,9.0,1.0,0.0,1.0,"Disciplined, DirectPlay",0
2003-2004_Aston Villa_Chelsea,2003-2004,31,Aston Villa,Chelsea,H,5,11.0,9.0,1.0,0.0,1.0,"Disciplined, LowTempoController",0
2003-2004_Fulham_Blackburn,2003-2004,31,Fulham,Blackburn,A,7,21.0,7.0,0.0,0.0,0.0,"RiskTaker, ChaosInducer, Disciplined",0
2003-2004_Liverpool_Charlton,2003-2004,31,Liverpool,Charlton,A,1,31.0,11.0,1.0,0.0,1.0,"HighPressure, Disciplined, Opportunistic",0
2003-2004_Middlesbrough_Southampton,2003-2004,31,Middlesbrough,Southampton,H,4,41.0,9.0,0.0,0.0,0.0,"RiskTaker, HighPressure, Disciplined",0
2003-2004_Portsmouth_Birmingham,2003-2004,31,Portsmouth,Birmingham,H,4,18.0,8.0,3.0,1.0,5.0,"ChaosInducer, ChaosInducer",1
2003-2004_Tottenham_Man City,2003-2004,31,Tottenham,Man City,D,2,24.0,7.0,2.0,0.0,2.0,"Disciplined, RiskTaker",0
2003-2004_Wolves_Bolton,2003-2004,31,Wolves,Bolton,A,3,21.0,15.0,3.0,0.0,3.0,"HighPressure, LowTempoController",0
2003-2004_Leeds_Everton,2003-2004,31,Leeds,Everton,D,2,22.0,15.0,3.0,0.0,3.0,"HighPressure, LowTempoController",0
2003-2004_Man United_Leicester,2003-2004,31,Man United,Leicester,H,1,28.0,11.0,3.0,0.0,3.0,"HighPressure, Opportunistic",0
2003-2004_Arsenal_Leeds,2003-2004,32,Arsenal,Leeds,H,5,22.0,11.0,0.0,0.0,0.0,"RiskTaker, Disciplined",0
2003-2004_Blackburn_Leicester,2003-2004,32,Blackburn,Leicester,H,1,20.0,6.0,3.0,0.0,3.0,"Disciplined, RiskTaker",0
2003-2004_Bolton_Tottenham,2003-2004,32,Bolton,Tottenham,H,2,19.0,16.0,3.0,0.0,3.0,"HighPressure, LowTempoController",0
2003-2004_Charlton_Birmingham,2003-2004,32,Charlton,Birmingham,D,2,19.0,12.0,1.0,0.0,1.0,"Disciplined, LowTempoController",0
2003-2004_Chelsea_Everton,2003-2004,32,Chelsea,Everton,D,0,21.0,12.0,0.0,0.0,0.0,"Disciplined, LowTempoController",0
2003-2004_Liverpool_Fulham,2003-2004,32,Liverpool,Fulham,D,0,29.0,21.0,3.0,0.0,3.0,"HighPressure, LowTempoController, Opportunistic",0
2003-2004_Man City_Southampton,2003-2004,32,Man City,Southampton,A,4,24.0,9.0,2.0,0.0,2.0,"RiskTaker, Disciplined",0
2003-2004_Portsmouth_Man United,2003-2004,32,Portsmouth,Man United,H,1,28.0,16.0,3.0,0.0,3.0,"HighPressure, LowTempoController, Opportunistic",0
2003-2004_Wolves_Middlesbrough,2003-2004,32,Wolves,Middlesbrough,H,2,28.0,14.0,3.0,0.0,3.0,"HighPressure, Opportunistic",0
2003-2004_Aston Villa_Newcastle,2003-2004,32,Aston Villa,Newcastle,D,0,15.0,10.0,5.0,1.0,7.0,"AggressiveTackler, LowTempoController",0
2003-2004_Man United_Charlton,2003-2004,32,Man United,Charlton,H,2,15.0,11.0,1.0,0.0,1.0,"Disciplined, LowTempoController",0
2003-2004_Everton_Blackburn,2003-2004,33,Everton,Blackburn,A,1,26.0,13.0,4.0,0.0,4.0,"HighPressure, Disciplined",0
2003-2004_Fulham_Charlton,2003-2004,33,Fulham,Charlton,H,2,16.0,11.0,2.0,0.0,2.0,"Disciplined, LowTempoController",0
2003-2004_Leicester_Man City,2003-2004,33,Leicester,Man City,D,2,23.0,6.0,2.0,0.0,2.0,"Disciplined, HighPressure",0
2003-2004_Man United_Liverpool,2003-2004,33,Man United,Liverpool,A,1,20.0,7.0,3.0,0.0,3.0,"Disciplined, Opportunistic",0
2003-2004_Middlesbrough_Aston Villa,2003-2004,33,Middlesbrough,Aston Villa,A,3,43.0,20.0,1.0,1.0,3.0,"RiskTaker, HighPressure",0
2003-2004_Southampton_Bolton,2003-2004,33,Southampton,Bolton,A,3,20.0,4.0,7.0,0.0,7.0,"AggressiveTackler, ChaosInducer",0
2003-2004_Birmingham_Wolves,2003-2004,33,Birmingham,Wolves,D,4,25.0,11.0,1.0,0.0,1.0,"RiskTaker, Disciplined",0
2003-2004_Leeds_Portsmouth,2003-2004,33,Leeds,Portsmouth,A,3,21.0,11.0,4.0,0.0,4.0,"LowTempoController, ChaosInducer",0
2003-2004_Newcastle_Chelsea,2003-2004,33,Newcastle,Chelsea,H,3,38.0,12.0,3.0,0.0,3.0,"RiskTaker, HighPressure",0
2003-2004_Tottenham_Arsenal,2003-2004,33,Tottenham,Arsenal,D,4,22.0,11.0,2.0,0.0,2.0,"Disciplined, AggressiveTackler",0
2003-2004_Arsenal_Birmingham,2003-2004,34,Arsenal,Birmingham,D,0,10.0,5.0,2.0,0.0,2.0,"Disciplined, LowTempoController",0
2003-2004_Blackburn_Man United,2003-2004,34,Blackburn,Man United,H,1,21.0,9.0,3.0,0.0,3.0,"Disciplined, Disciplined",0
2003-2004_Charlton_Leicester,2003-2004,34,Charlton,Leicester,D,4,18.0,9.0,1.0,1.0,3.0,"AggressiveTackler, ChaosInducer",1
2003-2004_Chelsea_Southampton,2003-2004,34,Chelsea,Southampton,H,4,17.0,15.0,0.0,0.0,0.0,"Disciplined, LowTempoController",0
2003-2004_Man City_Newcastle,2003-2004,34,Man City,Newcastle,H,1,14.0,12.0,2.0,0.0,2.0,"Disciplined, LowTempoController",0
2003-2004_Portsmouth_Fulham,2003-2004,34,Portsmouth,Fulham,D,2,25.0,13.0,5.0,0.0,5.0,"HighPressure, RiskTaker",0
2003-2004_Wolves_Everton,2003-2004,34,Wolves,Everton,H,3,30.0,19.0,1.0,0.0,1.0,"RiskTaker, HighPressure, Disciplined, LowTempoController",0
2003-2004_Aston Villa_Tottenham,2003-2004,34,Aston Villa,Tottenham,H,1,21.0,10.0,3.0,0.0,3.0,"Disciplined, AggressiveTackler",0
2003-2004_Bolton_Leeds,2003-2004,34,Bolton,Leeds,H,5,27.0,12.0,5.0,1.0,7.0,"AggressiveTackler, RiskTaker, HighPressure, ChaosInducer",1
2003-2004_Liverpool_Middlesbrough,2003-2004,34,Liverpool,Middlesbrough,H,2,27.0,10.0,2.0,0.0,2.0,"Disciplined, Opportunistic",0
2003-2004_Portsmouth_Arsenal,2003-2004,34,Portsmouth,Arsenal,D,2,31.0,17.0,2.0,0.0,2.0,"HighPressure, Disciplined, Opportunistic",0
2003-2004_Birmingham_Liverpool,2003-2004,35,Birmingham,Liverpool,A,3,18.0,8.0,2.0,1.0,4.0,"Opportunistic, Opportunistic",0
2003-2004_Everton_Bolton,2003-2004,35,Everton,Bolton,A,3,26.0,10.0,2.0,0.0,2.0,"Disciplined, HighPressure",0
2003-2004_Leeds_Charlton,2003-2004,35,Leeds,Charlton,D,6,25.0,5.0,0.0,0.0,0.0,"RiskTaker, Disciplined",0
2003-2004_Leicester_Portsmouth,2003-2004,35,Leicester,Portsmouth,H,4,27.0,11.0,2.0,0.0,2.0,"RiskTaker, Disciplined",0
2003-2004_Man United_Chelsea,2003-2004,35,Man United,Chelsea,D,2,23.0,8.0,5.0,1.0,7.0,"AggressiveTackler, ChaosInducer",1
2003-2004_Middlesbrough_Man City,2003-2004,35,Middlesbrough,Man City,H,3,26.0,9.0,2.0,0.0,2.0,"Disciplined, AggressiveTackler",0
2003-2004_Southampton_Aston Villa,2003-2004,35,Southampton,Aston Villa,D,2,32.0,8.0,1.0,0.0,1.0,"HighPressure, Disciplined, Opportunistic",0
2003-2004_Tottenham_Blackburn,2003-2004,35,Tottenham,Blackburn,H,1,30.0,14.0,2.0,0.0,2.0,"HighPressure, Disciplined, Opportunistic",0
2003-2004_Fulham_Arsenal,2003-2004,35,Fulham,Arsenal,A,1,19.0,13.0,4.0,0.0,4.0,"LowTempoController, HighPressure",0
2003-2004_Newcastle_Wolves,2003-2004,35,Newcastle,Wolves,D,2,34.0,16.0,3.0,0.0,3.0,"HighPressure, Opportunistic",0
2003-2004_Southampton_Newcastle,2003-2004,35,Southampton,Newcastle,D,6,37.0,8.0,3.0,0.0,3.0,"RiskTaker, HighPressure, ChaosInducer",1
2003-2004_Arsenal_Leicester,2003-2004,36,Arsenal,Leicester,H,3,19.0,12.0,1.0,0.0,1.0,"Disciplined, LowTempoController",0
2003-2004_Aston Villa_Man United,2003-2004,36,Aston Villa,Man United,A,2,28.0,13.0,7.0,2.0,11.0,"AggressiveTackler, HighPressure, ChaosInducer, Opportunistic",1
2003-2004_Blackburn_Birmingham,2003-2004,36,Blackburn,Birmingham,D,2,19.0,14.0,0.0,0.0,0.0,"Disciplined, LowTempoController",0
2003-2004_Bolton_Fulham,2003-2004,36,Bolton,Fulham,A,2,27.0,14.0,2.0,0.0,2.0,"HighPressure, Disciplined, Opportunistic",0
2003-2004_Charlton_Southampton,2003-2004,36,Charlton,Southampton,H,3,22.0,17.0,1.0,0.0,1.0,"HighPressure, Disciplined, LowTempoController",0
2003-2004_Chelsea_Leeds,2003-2004,36,Chelsea,Leeds,H,1,23.0,11.0,0.0,0.0,0.0,"Disciplined, Opportunistic",0
2003-2004_Liverpool_Newcastle,2003-2004,36,Liverpool,Newcastle,D,2,14.0,9.0,2.0,0.0,2.0,"Disciplined, LowTempoController",0
2003-2004_Man City_Everton,2003-2004,36,Man City,Everton,H,6,15.0,10.0,2.0,0.0,2.0,"ChaosInducer, Disciplined, LowTempoController",0
2003-2004_Portsmouth_Middlesbrough,2003-2004,36,Portsmouth,Middlesbrough,H,6,35.0,9.0,0.0,0.0,0.0,"RiskTaker, HighPressure, Disciplined",0
2003-2004_Wolves_Tottenham,2003-2004,36,Wolves,Tottenham,A,2,32.0,8.0,2.0,1.0,4.0,"HighPressure, Opportunistic",0
2004-2005_Aston Villa_Southampton,2004-2005,1,Aston Villa,Southampton,H,2,20.0,18.0,0.0,0.0,0.0,"HighPressure, Disciplined, LowTempoController",0
2004-2005_Blackburn_West Brom,2004-2005,1,Blackburn,West Brom,D,2,16.0,9.0,1.0,0.0,1.0,"Disciplined, LowTempoController",0
2004-2005_Bolton_Charlton,2004-2005,1,Bolton,Charlton,H,5,30.0,14.0,2.0,0.0,2.0,"RiskTaker, HighPressure, Disciplined",0
2004-2005_Man City_Fulham,2004-2005,1,Man City,Fulham,D,2,16.0,13.0,2.0,0.0,2.0,"Disciplined, LowTempoController",0
2004-2005_Middlesbrough_Newcastle,2004-2005,1,Middlesbrough,Newcastle,D,4,26.0,13.0,4.0,0.0,4.0,"RiskTaker, HighPressure, ChaosInducer",1
2004-2005_Norwich_Crystal Palace,2004-2005,1,Norwich,Crystal Palace,D,2,28.0,17.0,1.0,0.0,1.0,"HighPressure, Disciplined, LowTempoController, Opportunistic",0
2004-2005_Portsmouth_Birmingham,2004-2005,1,Portsmouth,Birmingham,D,2,30.0,12.0,6.0,0.0,6.0,"AggressiveTackler, HighPressure, Opportunistic",1
2004-2005_Tottenham_Liverpool,2004-2005,1,Tottenham,Liverpool,D,2,30.0,11.0,4.0,0.0,4.0,"HighPressure, Opportunistic",0
2004-2005_Chelsea_Man United,2004-2005,1,Chelsea,Man United,H,1,19.0,5.0,0.0,0.0,0.0,"Disciplined, ChaosInducer",0
2004-2005_Everton_Arsenal,2004-2005,1,Everton,Arsenal,A,5,27.0,7.0,3.0,0.0,3.0,"RiskTaker, ChaosInducer",1
2004-2005_Birmingham_Chelsea,2004-2005,2,Birmingham,Chelsea,A,1,16.0,10.0,0.0,0.0,0.0,"Disciplined, LowTempoController",0
2004-2005_Charlton_Portsmouth,2004-2005,2,Charlton,Portsmouth,H,3,28.0,11.0,1.0,0.0,1.0,"RiskTaker, HighPressure, Disciplined",0
2004-2005_Crystal Palace_Everton,2004-2005,2,Crystal Palace,Everton,A,4,29.0,12.0,2.0,1.0,4.0,"RiskTaker, HighPressure, ChaosInducer",1
2004-2005_Fulham_Bolton,2004-2005,2,Fulham,Bolton,H,2,33.0,12.0,0.0,0.0,0.0,"HighPressure, Disciplined, Opportunistic",0
2004-2005_Liverpool_Man City,2004-2005,2,Liverpool,Man City,H,3,22.0,11.0,4.0,1.0,6.0,"AggressiveTackler, ChaosInducer",1
2004-2005_Man United_Norwich,2004-2005,2,Man United,Norwich,H,3,24.0,16.0,1.0,0.0,1.0,"HighPressure, Disciplined, LowTempoController",0
2004-2005_Newcastle_Tottenham,2004-2005,2,Newcastle,Tottenham,A,1,28.0,16.0,3.0,0.0,3.0,"HighPressure, LowTempoController, Opportunistic",0
2004-2005_Southampton_Blackburn,2004-2005,2,Southampton,Blackburn,H,5,23.0,9.0,3.0,0.0,3.0,"RiskTaker, ChaosInducer",1
2004-2005_Arsenal_Middlesbrough,2004-2005,2,Arsenal,Middlesbrough,H,8,25.0,12.0,2.0,0.0,2.0,"RiskTaker, ChaosInducer, Disciplined",1
2004-2005_West Brom_Aston Villa,2004-2005,2,West Brom,Aston Villa,D,2,23.0,16.0,4.0,0.0,4.0,"HighPressure, LowTempoController",0
2004-2005_Birmingham_Man City,2004-2005,3,Birmingham,Man City,H,1,10.0,7.0,2.0,0.0,2.0,"Disciplined, LowTempoController",0
2004-2005_Crystal Palace_Chelsea,2004-2005,3,Crystal Palace,Chelsea,A,2,23.0,7.0,2.0,0.0,2.0,"Disciplined, RiskTaker",0
2004-2005_Arsenal_Blackburn,2004-2005,3,Arsenal,Blackburn,H,3,18.0,11.0,6.0,0.0,6.0,"AggressiveTackler, ChaosInducer, LowTempoController",0
2004-2005_Charlton_Aston Villa,2004-2005,3,Charlton,Aston Villa,H,3,16.0,16.0,1.0,0.0,1.0,"Disciplined, LowTempoController",0
2004-2005_Fulham_Middlesbrough,2004-2005,3,Fulham,Middlesbrough,A,2,16.0,7.0,1.0,0.0,1.0,"Disciplined, AggressiveTackler",0
2004-2005_Newcastle_Norwich,2004-2005,3,Newcastle,Norwich,D,4,36.0,18.0,1.0,0.0,1.0,"RiskTaker, HighPressure, Disciplined",0
2004-2005_Southampton_Bolton,2004-2005,3,Southampton,Bolton,A,3,19.0,15.0,2.0,0.0,2.0,"Disciplined, LowTempoController",0
2004-2005_West Brom_Tottenham,2004-2005,3,West Brom,Tottenham,D,2,16.0,9.0,0.0,0.0,0.0,"Disciplined, LowTempoController",0
2004-2005_Aston Villa_Newcastle,2004-2005,4,Aston Villa,Newcastle,H,6,28.0,13.0,4.0,0.0,4.0,"RiskTaker, HighPressure, ChaosInducer",1
2004-2005_Blackburn_Man United,2004-2005,4,Blackburn,Man United,D,2,32.0,18.0,4.0,1.0,6.0,"AggressiveTackler, HighPressure, LowTempoController, Opportunistic",1
2004-2005_Chelsea_Southampton,2004-2005,4,Chelsea,Southampton,H,3,22.0,9.0,4.0,0.0,4.0,"DirectPlay, Opportunistic",0
2004-2005_Everton_West Brom,2004-2005,4,Everton,West Brom,H,3,28.0,13.0,1.0,0.0,1.0,"RiskTaker, HighPressure, Disciplined",0
2004-2005_Man City_Charlton,2004-2005,4,Man City,Charlton,H,4,22.0,10.0,1.0,0.0,1.0,"Disciplined, Opportunistic",0
2004-2005_Middlesbrough_Crystal Palace,2004-2005,4,Middlesbrough,Crystal Palace,H,3,30.0,6.0,3.0,0.0,3.0,"RiskTaker, DirectPlay",0
2004-2005_Norwich_Arsenal,2004-2005,4,Norwich,Arsenal,A,5,23.0,14.0,2.0,0.0,2.0,"RiskTaker, HighPressure, Disciplined, LowTempoController",0
2004-2005_Tottenham_Birmingham,2004-2005,4,Tottenham,Birmingham,H,1,16.0,10.0,5.0,0.0,5.0,"LowTempoController, LowTempoController",0
2004-2005_Bolton_Liverpool,2004-2005,4,Bolton,Liverpool,H,1,17.0,7.0,2.0,0.0,2.0,"Disciplined, Opportunistic",0
2004-2005_Man United_Everton,2004-2005,4,Man United,Everton,D,0,21.0,10.0,2.0,0.0,2.0,"Disciplined, Disciplined",0
2004-2005_Portsmouth_Fulham,2004-2005,4,Portsmouth,Fulham,H,7,39.0,14.0,2.0,0.0,2.0,"RiskTaker, HighPressure, ChaosInducer, Disciplined",1
2004-2005_Aston Villa_Chelsea,2004-2005,5,Aston Villa,Chelsea,D,0,29.0,11.0,1.0,0.0,1.0,"HighPressure, Disciplined, Opportunistic",0
2004-2005_Bolton_Man United,2004-2005,5,Bolton,Man United,D,4,24.0,11.0,3.0,0.0,3.0,"RiskTaker, ChaosInducer",1
2004-2005_Fulham_Arsenal,2004-2005,5,Fulham,Arsenal,A,3,21.0,13.0,4.0,0.0,4.0,"LowTempoController, AggressiveTackler",0
2004-2005_Liverpool_West Brom,2004-2005,5,Liverpool,West Brom,H,3,25.0,14.0,0.0,0.0,0.0,"HighPressure, Disciplined, LowTempoController",0
2004-2005_Man City_Everton,2004-2005,5,Man City,Everton,A,1,19.0,15.0,4.0,1.0,6.0,"AggressiveTackler, LowTempoController",0
2004-2005_Middlesbrough_Birmingham,2004-2005,5,Middlesbrough,Birmingham,H,3,19.0,9.0,5.0,0.0,5.0,"ChaosInducer, DirectPlay",0
2004-2005_Newcastle_Blackburn,2004-2005,5,Newcastle,Blackburn,H,3,12.0,13.0,3.0,0.0,3.0,"LowTempoController, Disciplined",0
2004-2005_Portsmouth_Crystal Palace,2004-2005,5,Portsmouth,Crystal Palace,H,4,22.0,15.0,2.0,0.0,2.0,"HighPressure, Disciplined, LowTempoController",0
2004-2005_Tottenham_Norwich,2004-2005,5,Tottenham,Norwich,D,0,22.0,18.0,3.0,0.0,3.0,"HighPressure, LowTempoController",0
2004-2005_Charlton_Southampton,2004-2005,5,Charlton,Southampton,D,0,20.0,19.0,1.0,0.0,1.0,"HighPressure, Disciplined, LowTempoController",0
2004-2005_Arsenal_Bolton,2004-2005,6,Arsenal,Bolton,D,4,19.0,11.0,4.0,0.0,4.0,"ChaosInducer, LowTempoController",0
2004-2005_Birmingham_Charlton,2004-2005,6,Birmingham,Charlton,D,2,9.0,15.0,5.0,1.0,7.0,"AggressiveTackler, ChaosInducer, LowTempoController",0
2004-2005_Blackburn_Portsmouth,2004-2005,6,Blackburn,Portsmouth,H,1,19.0,17.0,3.0,0.0,3.0,"HighPressure, LowTempoController",0
2004-2005_Crystal Palace_Man City,2004-2005,6,Crystal Palace,Man City,A,3,17.0,9.0,4.0,0.0,4.0,"LowTempoController, DirectPlay",0
2004-2005_Norwich_Aston Villa,2004-2005,6,Norwich,Aston Villa,D,0,32.0,7.0,2.0,0.0,2.0,"Disciplined, Opportunistic",0
2004-2005_West Brom_Fulham,2004-2005,6,West Brom,Fulham,D,2,17.0,20.0,7.0,3.0,13.0,"AggressiveTackler, HighPressure, ChaosInducer, LowTempoController",1
2004-2005_Chelsea_Tottenham,2004-2005,6,Chelsea,Tottenham,D,0,26.0,15.0,3.0,0.0,3.0,"HighPressure, LowTempoController",0
2004-2005_Everton_Middlesbrough,2004-2005,6,Everton,Middlesbrough,H,1,27.0,9.0,5.0,0.0,5.0,"Opportunistic, AggressiveTackler",0
2004-2005_Southampton_Newcastle,2004-2005,6,Southampton,Newcastle,A,3,20.0,13.0,3.0,0.0,3.0,"LowTempoController, HighPressure",0
2004-2005_Man United_Liverpool,2004-2005,6,Man United,Liverpool,H,3,20.0,9.0,3.0,0.0,3.0,"AggressiveTackler, LowTempoController",0
2004-2005_Aston Villa_Crystal Palace,2004-2005,7,Aston Villa,Crystal Palace,D,2,23.0,13.0,3.0,0.0,3.0,"LowTempoController, AggressiveTackler",0
2004-2005_Bolton_Birmingham,2004-2005,7,Bolton,Birmingham,D,2,22.0,9.0,3.0,0.0,3.0,"AggressiveTackler, LowTempoController",0
2004-2005_Fulham_Southampton,2004-2005,7,Fulham,Southampton,H,1,26.0,9.0,1.0,0.0,1.0,"Disciplined, ChaosInducer",0
2004-2005_Liverpool_Norwich,2004-2005,7,Liverpool,Norwich,H,3,22.0,6.0,1.0,0.0,1.0,"Disciplined, Opportunistic",0
2004-2005_Man City_Arsenal,2004-2005,7,Man City,Arsenal,A,1,23.0,9.0,1.0,0.0,1.0,"Disciplined, AggressiveTackler",0
2004-2005_Middlesbrough_Chelsea,2004-2005,7,Middlesbrough,Chelsea,A,1,25.0,10.0,1.0,0.0,1.0,"Disciplined, LowTempoController",0
2004-2005_Newcastle_West Brom,2004-2005,7,Newcastle,West Brom,H,4,38.0,11.0,5.0,1.0,7.0,"AggressiveTackler, RiskTaker, HighPressure, ChaosInducer",1
2004-2005_Tottenham_Man United,2004-2005,7,Tottenham,Man United,A,1,17.0,6.0,1.0,0.0,1.0,"Disciplined, Disciplined",0
2004-2005_Portsmouth_Everton,2004-2005,7,Portsmouth,Everton,A,1,20.0,9.0,2.0,0.0,2.0,"Disciplined, HighPressure",0
2004-2005_Charlton_Blackburn,2004-2005,7,Charlton,Blackburn,H,1,18.0,16.0,2.0,0.0,2.0,"Disciplined, LowTempoController",0
2004-2005_Arsenal_Charlton,2004-2005,8,Arsenal,Charlton,H,4,19.0,7.0,4.0,0.0,4.0,"ChaosInducer, HighPressure",1
2004-2005_Blackburn_Aston Villa,2004-2005,8,Blackburn,Aston Villa,D,4,28.0,13.0,4.0,0.0,4.0,"RiskTaker, HighPressure, ChaosInducer",1
2004-2005_Everton_Tottenham,2004-2005,8,Everton,Tottenham,A,1,18.0,13.0,3.0,0.0,3.0,"LowTempoController, AggressiveTackler",0
2004-2005_Norwich_Portsmouth,2004-2005,8,Norwich,Portsmouth,D,4,30.0,10.0,5.0,0.0,5.0,"RiskTaker, HighPressure, ChaosInducer",1
2004-2005_Southampton_Man City,2004-2005,8,Southampton,Man City,D,0,37.0,20.0,0.0,0.0,0.0,"HighPressure, Disciplined, Opportunistic",0
2004-2005_West Brom_Bolton,2004-2005,8,West Brom,Bolton,H,3,29.0,11.0,0.0,0.0,0.0,"RiskTaker, HighPressure, Disciplined",0
2004-2005_Birmingham_Newcastle,2004-2005,8,Birmingham,Newcastle,D,4,16.0,11.0,5.0,0.0,5.0,"ChaosInducer, LowTempoController",0
2004-2005_Chelsea_Liverpool,2004-2005,8,Chelsea,Liverpool,H,1,18.0,13.0,1.0,0.0,1.0,"Disciplined, LowTempoController",0
2004-2005_Man United_Middlesbrough,2004-2005,8,Man United,Middlesbrough,D,2,35.0,12.0,4.0,0.0,4.0,"HighPressure, Opportunistic",0
2004-2005_Crystal Palace_Fulham,2004-2005,8,Crystal Palace,Fulham,H,2,28.0,13.0,2.0,1.0,4.0,"HighPressure, Opportunistic",0
2004-2005_Arsenal_Aston Villa,2004-2005,9,Arsenal,Aston Villa,H,4,23.0,9.0,6.0,0.0,6.0,"AggressiveTackler, ChaosInducer",0
2004-2005_Birmingham_Man United,2004-2005,9,Birmingham,Man United,D,0,26.0,6.0,1.0,0.0,1.0,"Disciplined, ChaosInducer",0
2004-2005_Blackburn_Middlesbrough,2004-2005,9,Blackburn,Middlesbrough,A,4,28.0,12.0,3.0,1.0,5.0,"RiskTaker, HighPressure, ChaosInducer",1
2004-2005_Bolton_Crystal Palace,2004-2005,9,Bolton,Crystal Palace,H,1,28.0,10.0,2.0,0.0,2.0,"Disciplined, Opportunistic",0
2004-2005_Everton_Southampton,2004-2005,9,Everton,Southampton,H,1,22.0,11.0,0.0,0.0,0.0,"Disciplined, ChaosInducer",0
2004-2005_Fulham_Liverpool,2004-2005,9,Fulham,Liverpool,A,6,15.0,9.0,4.0,1.0,6.0,"AggressiveTackler, ChaosInducer, LowTempoController",0
2004-2005_Man City_Chelsea,2004-2005,9,Man City,Chelsea,H,1,13.0,12.0,3.0,0.0,3.0,"LowTempoController, Disciplined",0
2004-2005_West Brom_Norwich,2004-2005,9,West Brom,Norwich,D,0,21.0,5.0,4.0,0.0,4.0,"AggressiveTackler, HighPressure",0
2004-2005_Charlton_Newcastle,2004-2005,9,Charlton,Newcastle,D,2,26.0,17.0,2.0,0.0,2.0,"HighPressure, Disciplined, LowTempoController",0
2004-2005_Portsmouth_Tottenham,2004-2005,9,Portsmouth,Tottenham,H,1,27.0,8.0,0.0,0.0,0.0,"Disciplined, Opportunistic",0
2004-2005_Aston Villa_Fulham,2004-2005,10,Aston Villa,Fulham,H,2,18.0,12.0,1.0,0.0,1.0,"Disciplined, LowTempoController",0
2004-2005_Chelsea_Blackburn,2004-2005,10,Chelsea,Blackburn,H,4,24.0,15.0,3.0,0.0,3.0,"RiskTaker, HighPressure, LowTempoController",0
2004-2005_Crystal Palace_West Brom,2004-2005,10,Crystal Palace,West Brom,H,3,22.0,17.0,4.0,0.0,4.0,"HighPressure, LowTempoController",0
2004-2005_Liverpool_Charlton,2004-2005,10,Liverpool,Charlton,H,2,20.0,12.0,1.0,0.0,1.0,"Disciplined, LowTempoController",0
2004-2005_Norwich_Everton,2004-2005,10,Norwich,Everton,A,5,35.0,15.0,2.0,0.0,2.0,"RiskTaker, HighPressure, Disciplined",0
2004-2005_Tottenham_Bolton,2004-2005,10,Tottenham,Bolton,A,3,14.0,5.0,0.0,0.0,0.0,"Disciplined, ChaosInducer",0
2004-2005_Man United_Arsenal,2004-2005,10,Man United,Arsenal,H,2,23.0,6.0,5.0,0.0,5.0,"AggressiveTackler, DirectPlay",0
2004-2005_Middlesbrough_Portsmouth,2004-2005,10,Middlesbrough,Portsmouth,D,2,29.0,9.0,2.0,0.0,2.0,"Disciplined, Opportunistic",0
2004-2005_Newcastle_Man City,2004-2005,10,Newcastle,Man City,H,7,27.0,12.0,5.0,0.0,5.0,"RiskTaker, HighPressure, ChaosInducer",1
2004-2005_Southampton_Birmingham,2004-2005,11,Southampton,Birmingham,D,0,14.0,8.0,1.0,0.0,1.0,"Disciplined, LowTempoController",0
2004-2005_Arsenal_Southampton,2004-2005,11,Arsenal,Southampton,D,4,21.0,14.0,5.0,0.0,5.0,"ChaosInducer, LowTempoController",0
2004-2005_Birmingham_Crystal Palace,2004-2005,11,Birmingham,Crystal Palace,A,1,20.0,14.0,2.0,0.0,2.0,"Disciplined, LowTempoController",0
2004-2005_Blackburn_Liverpool,2004-2005,11,Blackburn,Liverpool,D,4,21.0,12.0,3.0,0.0,3.0,"LowTempoController, ChaosInducer",0
2004-2005_Charlton_Middlesbrough,2004-2005,11,Charlton,Middlesbrough,A,3,19.0,7.0,3.0,0.0,3.0,"LowTempoController, DirectPlay",0
2004-2005_Everton_Aston Villa,2004-2005,11,Everton,Aston Villa,D,2,29.0,11.0,2.0,0.0,2.0,"HighPressure, Disciplined, Opportunistic",0
2004-2005_Fulham_Tottenham,2004-2005,11,Fulham,Tottenham,H,2,13.0,9.0,1.0,0.0,1.0,"Disciplined, LowTempoController",0
2004-2005_Portsmouth_Man United,2004-2005,11,Portsmouth,Man United,H,2,31.0,12.0,2.0,0.0,2.0,"HighPressure, Disciplined, Opportunistic",0
2004-2005_West Brom_Chelsea,2004-2005,11,West Brom,Chelsea,A,5,31.0,8.0,1.0,0.0,1.0,"RiskTaker, Disciplined",0
2004-2005_Bolton_Newcastle,2004-2005,11,Bolton,Newcastle,H,3,22.0,9.0,2.0,0.0,2.0,"Disciplined, Opportunistic",0
2004-2005_Man City_Norwich,2004-2005,11,Man City,Norwich,D,2,29.0,13.0,1.0,0.0,1.0,"HighPressure, Disciplined, Opportunistic",0
2004-2005_Aston Villa_Portsmouth,2004-2005,12,Aston Villa,Portsmouth,H,3,17.0,10.0,2.0,0.0,2.0,"Disciplined, LowTempoController",0
2004-2005_Chelsea_Everton,2004-2005,12,Chelsea,Everton,H,1,15.0,19.0,4.0,0.0,4.0,"HighPressure, LowTempoController",0
2004-2005_Crystal Palace_Arsenal,2004-2005,12,Crystal Palace,Arsenal,D,2,22.0,9.0,1.0,0.0,1.0,"Disciplined, ChaosInducer",0
2004-2005_Liverpool_Birmingham,2004-2005,12,Liverpool,Birmingham,A,1,23.0,9.0,4.0,0.0,4.0,"HighPressure, RiskTaker",0
2004-2005_Norwich_Blackburn,2004-2005,12,Norwich,Blackburn,D,2,27.0,11.0,1.0,1.0,3.0,"Opportunistic, DirectPlay",0
2004-2005_Southampton_West Brom,2004-2005,12,Southampton,West Brom,D,4,21.0,6.0,2.0,0.0,2.0,"Disciplined, Opportunistic",0
2004-2005_Tottenham_Charlton,2004-2005,12,Tottenham,Charlton,A,5,22.0,6.0,2.0,1.0,4.0,"RiskTaker, ChaosInducer",1
2004-2005_Man United_Man City,2004-2005,12,Man United,Man City,D,0,18.0,17.0,4.0,1.0,6.0,"AggressiveTackler, HighPressure, LowTempoController",0
2004-2005_Middlesbrough_Bolton,2004-2005,12,Middlesbrough,Bolton,D,2,21.0,6.0,4.0,1.0,6.0,"AggressiveTackler, Disciplined",0
2004-2005_Newcastle_Fulham,2004-2005,12,Newcastle,Fulham,A,5,37.0,19.0,2.0,0.0,2.0,"RiskTaker, HighPressure, Disciplined",0
2004-2005_Birmingham_Everton,2004-2005,13,Birmingham,Everton,A,1,24.0,8.0,1.0,1.0,3.0,"Disciplined, HighPressure",0
2004-2005_Bolton_Aston Villa,2004-2005,13,Bolton,Aston Villa,A,3,25.0,14.0,2.0,0.0,2.0,"HighPressure, Disciplined, LowTempoController",0
2004-2005_Charlton_Norwich,2004-2005,13,Charlton,Norwich,H,4,24.0,6.0,3.0,0.0,3.0,"RiskTaker, ChaosInducer",1
2004-2005_Fulham_Chelsea,2004-2005,13,Fulham,Chelsea,A,5,23.0,6.0,2.0,0.0,2.0,"RiskTaker, Disciplined",0
2004-2005_Liverpool_Crystal Palace,2004-2005,13,Liverpool,Crystal Palace,H,5,22.0,8.0,4.0,0.0,4.0,"RiskTaker, ChaosInducer",1
2004-2005_Man City_Blackburn,2004-2005,13,Man City,Blackburn,D,2,19.0,8.0,4.0,1.0,6.0,"AggressiveTackler, AggressiveTackler",0
2004-2005_Southampton_Portsmouth,2004-2005,13,Southampton,Portsmouth,H,3,24.0,12.0,4.0,0.0,4.0,"ChaosInducer, HighPressure",1
2004-2005_Tottenham_Arsenal,2004-2005,13,Tottenham,Arsenal,A,9,20.0,7.0,3.0,0.0,3.0,"RiskTaker, ChaosInducer",1
2004-2005_Newcastle_Man United,2004-2005,13,Newcastle,Man United,A,4,25.0,9.0,2.0,0.0,2.0,"RiskTaker, Disciplined",0
2004-2005_West Brom_Middlesbrough,2004-2005,13,West Brom,Middlesbrough,A,3,27.0,17.0,0.0,0.0,0.0,"RiskTaker, HighPressure, Disciplined, LowTempoController",0
2004-2005_Arsenal_West Brom,2004-2005,14,Arsenal,West Brom,D,2,15.0,15.0,1.0,0.0,1.0,"Disciplined, LowTempoController",0
2004-2005_Chelsea_Bolton,2004-2005,14,Chelsea,Bolton,D,4,27.0,11.0,1.0,0.0,1.0,"RiskTaker, Disciplined",0
2004-2005_Crystal Palace_Newcastle,2004-2005,14,Crystal Palace,Newcastle,A,2,24.0,8.0,4.0,0.0,4.0,"Disciplined, ChaosInducer",0
2004-2005_Everton_Fulham,2004-2005,14,Everton,Fulham,H,1,19.0,19.0,1.0,0.0,1.0,"HighPressure, Disciplined, LowTempoController",0
2004-2005_Man United_Charlton,2004-2005,14,Man United,Charlton,H,2,25.0,9.0,0.0,0.0,0.0,"Disciplined, Disciplined",0
2004-2005_Middlesbrough_Liverpool,2004-2005,14,Middlesbrough,Liverpool,H,2,31.0,8.0,5.0,0.0,5.0,"Opportunistic, DirectPlay",0
2004-2005_Norwich_Southampton,2004-2005,14,Norwich,Southampton,H,3,23.0,10.0,2.0,0.0,2.0,"Disciplined, Opportunistic",0
2004-2005_Portsmouth_Man City,2004-2005,14,Portsmouth,Man City,A,4,27.0,19.0,3.0,0.0,3.0,"RiskTaker, HighPressure, LowTempoController",1
2004-2005_Blackburn_Birmingham,2004-2005,14,Blackburn,Birmingham,D,6,23.0,15.0,2.0,0.0,2.0,"RiskTaker, HighPressure, ChaosInducer, Disciplined, LowTempoController",1
2004-2005_Aston Villa_Tottenham,2004-2005,14,Aston Villa,Tottenham,H,1,20.0,10.0,0.0,0.0,0.0,"Disciplined, AggressiveTackler",0
2004-2005_Birmingham_Norwich,2004-2005,15,Birmingham,Norwich,D,2,23.0,7.0,3.0,0.0,3.0,"DirectPlay, Disciplined",0
2004-2005_Bolton_Portsmouth,2004-2005,15,Bolton,Portsmouth,A,1,27.0,13.0,1.0,0.0,1.0,"HighPressure, Disciplined, Opportunistic",0
2004-2005_Charlton_Chelsea,2004-2005,15,Charlton,Chelsea,A,4,24.0,17.0,1.0,0.0,1.0,"RiskTaker, HighPressure, Disciplined, LowTempoController",0
2004-2005_Fulham_Blackburn,2004-2005,15,Fulham,Blackburn,A,2,29.0,12.0,3.0,1.0,5.0,"HighPressure, Opportunistic",0
2004-2005_Man City_Aston Villa,2004-2005,15,Man City,Aston Villa,H,2,18.0,16.0,2.0,1.0,4.0,"LowTempoController, Disciplined",0
2004-2005_Southampton_Crystal Palace,2004-2005,15,Southampton,Crystal Palace,D,4,26.0,12.0,3.0,0.0,3.0,"RiskTaker, HighPressure",1
2004-2005_West Brom_Man United,2004-2005,15,West Brom,Man United,A,3,21.0,9.0,0.0,0.0,0.0,"Disciplined, RiskTaker",0
2004-2005_Liverpool_Arsenal,2004-2005,15,Liverpool,Arsenal,H,3,14.0,6.0,2.0,0.0,2.0,"Disciplined, RiskTaker",0
2004-2005_Newcastle_Everton,2004-2005,15,Newcastle,Everton,D,2,26.0,12.0,4.0,0.0,4.0,"HighPressure, DirectPlay",0
2004-2005_Tottenham_Middlesbrough,2004-2005,15,Tottenham,Middlesbrough,H,2,22.0,12.0,3.0,1.0,5.0,"LowTempoController, LowTempoController",0
2004-2005_Arsenal_Birmingham,2004-2005,16,Arsenal,Birmingham,H,3,9.0,6.0,1.0,0.0,1.0,"Disciplined, LowTempoController",0
2004-2005_Aston Villa_Liverpool,2004-2005,16,Aston Villa,Liverpool,D,2,15.0,12.0,1.0,0.0,1.0,"Disciplined, LowTempoController",0
2004-2005_Blackburn_Tottenham,2004-2005,16,Blackburn,Tottenham,A,1,22.0,12.0,4.0,0.0,4.0,"LowTempoController, DirectPlay",0
2004-2005_Chelsea_Newcastle,2004-2005,16,Chelsea,Newcastle,H,4,23.0,5.0,3.0,0.0,3.0,"RiskTaker, Disciplined",0
2004-2005_Everton_Bolton,2004-2005,16,Everton,Bolton,H,5,22.0,8.0,3.0,0.0,3.0,"RiskTaker, ChaosInducer",1
2004-2005_Man United_Southampton,2004-2005,16,Man United,Southampton,H,3,38.0,18.0,1.0,0.0,1.0,"RiskTaker, HighPressure, Disciplined",0
2004-2005_Norwich_Fulham,2004-2005,16,Norwich,Fulham,A,1,25.0,9.0,4.0,0.0,4.0,"HighPressure, DirectPlay",1
2004-2005_Portsmouth_West Brom,2004-2005,16,Portsmouth,West Brom,H,5,24.0,11.0,2.0,0.0,2.0,"RiskTaker, Disciplined",0
2004-2005_Crystal Palace_Charlton,2004-2005,16,Crystal Palace,Charlton,A,1,16.0,8.0,5.0,0.0,5.0,"LowTempoController, Disciplined",0
2004-2005_Middlesbrough_Man City,2004-2005,16,Middlesbrough,Man City,H,5,20.0,10.0,3.0,0.0,3.0,"RiskTaker, ChaosInducer",1
2004-2005_Crystal Palace_Blackburn,2004-2005,17,Crystal Palace,Blackburn,D,0,24.0,3.0,6.0,1.0,8.0,"AggressiveTackler, HighPressure",1
2004-2005_Everton_Liverpool,2004-2005,17,Everton,Liverpool,H,1,22.0,9.0,5.0,0.0,5.0,"HighPressure, RiskTaker",0
2004-2005_Man City_Tottenham,2004-2005,17,Man City,Tottenham,A,1,13.0,8.0,3.0,0.0,3.0,"LowTempoController, DirectPlay",0
2004-2005_Newcastle_Portsmouth,2004-2005,17,Newcastle,Portsmouth,D,2,21.0,8.0,3.0,0.0,3.0,"ChaosInducer, AggressiveTackler",1
2004-2005_Norwich_Bolton,2004-2005,17,Norwich,Bolton,H,5,13.0,8.0,4.0,0.0,4.0,"ChaosInducer, LowTempoController",0
2004-2005_Southampton_Middlesbrough,2004-2005,17,Southampton,Middlesbrough,D,4,31.0,10.0,2.0,0.0,2.0,"RiskTaker, HighPressure, Disciplined",0
2004-2005_West Brom_Charlton,2004-2005,17,West Brom,Charlton,A,1,15.0,12.0,0.0,0.0,0.0,"Disciplined, LowTempoController",0
2004-2005_Arsenal_Chelsea,2004-2005,17,Arsenal,Chelsea,D,4,20.0,10.0,4.0,0.0,4.0,"ChaosInducer, RiskTaker",1
2004-2005_Aston Villa_Birmingham,2004-2005,17,Aston Villa,Birmingham,A,3,18.0,6.0,6.0,0.0,6.0,"AggressiveTackler, ChaosInducer",1
2004-2005_Fulham_Man United,2004-2005,17,Fulham,Man United,D,2,21.0,13.0,3.0,0.0,3.0,"LowTempoController, RiskTaker",0
2004-2005_Liverpool_Portsmouth,2004-2005,17,Liverpool,Portsmouth,D,2,19.0,10.0,0.0,0.0,0.0,"Disciplined, LowTempoController",0
2004-2005_Birmingham_West Brom,2004-2005,18,Birmingham,West Brom,H,4,18.0,4.0,4.0,0.0,4.0,"ChaosInducer, ChaosInducer",1
2004-2005_Blackburn_Everton,2004-2005,18,Blackburn,Everton,D,0,18.0,10.0,3.0,0.0,3.0,"LowTempoController, AggressiveTackler",0
2004-2005_Bolton_Man City,2004-2005,18,Bolton,Man City,A,1,20.0,9.0,0.0,0.0,0.0,"Disciplined, Disciplined",0
2004-2005_Chelsea_Norwich,2004-2005,18,Chelsea,Norwich,H,4,13.0,10.0,0.0,0.0,0.0,"Disciplined, LowTempoController",0
2004-2005_Man United_Crystal Palace,2004-2005,18,Man United,Crystal Palace,H,7,23.0,18.0,1.0,0.0,1.0,"RiskTaker, HighPressure, ChaosInducer, Disciplined, LowTempoController",0
2004-2005_Middlesbrough_Aston Villa,2004-2005,18,Middlesbrough,Aston Villa,H,3,23.0,11.0,1.0,0.0,1.0,"Disciplined, LowTempoController",0
2004-2005_Tottenham_Southampton,2004-2005,18,Tottenham,Southampton,H,6,25.0,9.0,2.0,0.0,2.0,"RiskTaker, ChaosInducer, Disciplined",0
2004-2005_Liverpool_Newcastle,2004-2005,18,Liverpool,Newcastle,H,4,22.0,10.0,3.0,1.0,5.0,"ChaosInducer, DirectPlay",1
2004-2005_Portsmouth_Arsenal,2004-2005,18,Portsmouth,Arsenal,A,1,24.0,12.0,1.0,0.0,1.0,"Disciplined, LowTempoController",0
2004-2005_Charlton_Fulham,2004-2005,18,Charlton,Fulham,H,3,14.0,8.0,3.0,0.0,3.0,"LowTempoController, Disciplined",0
2004-2005_Arsenal_Fulham,2004-2005,19,Arsenal,Fulham,H,2,13.0,13.0,3.0,0.0,3.0,"LowTempoController, Opportunistic",0
2004-2005_Birmingham_Middlesbrough,2004-2005,19,Birmingham,Middlesbrough,H,2,20.0,8.0,1.0,0.0,1.0,"Disciplined, RiskTaker",0
2004-2005_Blackburn_Newcastle,2004-2005,19,Blackburn,Newcastle,D,4,26.0,12.0,3.0,0.0,3.0,"RiskTaker, HighPressure",1
2004-2005_Chelsea_Aston Villa,2004-2005,19,Chelsea,Aston Villa,H,1,23.0,9.0,6.0,0.0,6.0,"AggressiveTackler, AggressiveTackler",1
2004-2005_Crystal Palace_Portsmouth,2004-2005,19,Crystal Palace,Portsmouth,A,1,29.0,16.0,2.0,0.0,2.0,"HighPressure, Disciplined, LowTempoController, Opportunistic",0
2004-2005_Everton_Man City,2004-2005,19,Everton,Man City,H,3,19.0,8.0,3.0,1.0,5.0,"ChaosInducer, RiskTaker",1
2004-2005_Man United_Bolton,2004-2005,19,Man United,Bolton,H,2,22.0,9.0,0.0,0.0,0.0,"Disciplined, HighPressure",0
2004-2005_Norwich_Tottenham,2004-2005,19,Norwich,Tottenham,A,2,29.0,18.0,1.0,0.0,1.0,"HighPressure, Disciplined, LowTempoController, Opportunistic",0
2004-2005_Southampton_Charlton,2004-2005,19,Southampton,Charlton,D,0,27.0,16.0,1.0,0.0,1.0,"HighPressure, Disciplined, LowTempoController, Opportunistic",0
2004-2005_West Brom_Liverpool,2004-2005,19,West Brom,Liverpool,A,5,18.0,15.0,0.0,1.0,2.0,"Disciplined, LowTempoController",0
2004-2005_Aston Villa_Man United,2004-2005,20,Aston Villa,Man United,A,1,23.0,15.0,3.0,0.0,3.0,"HighPressure, LowTempoController",0
2004-2005_Bolton_Blackburn,2004-2005,20,Bolton,Blackburn,A,1,20.0,6.0,4.0,0.0,4.0,"RiskTaker, RiskTaker",0
2004-2005_Charlton_Everton,2004-2005,20,Charlton,Everton,H,2,17.0,10.0,0.0,1.0,2.0,"Disciplined, LowTempoController",0
2004-2005_Fulham_Birmingham,2004-2005,20,Fulham,Birmingham,A,5,16.0,10.0,1.0,0.0,1.0,"Disciplined, LowTempoController",0
2004-2005_Liverpool_Southampton,2004-2005,20,Liverpool,Southampton,H,1,22.0,10.0,3.0,0.0,3.0,"Disciplined, Disciplined",0
2004-2005_Man City_West Brom,2004-2005,20,Man City,West Brom,D,2,11.0,11.0,0.0,1.0,2.0,"Disciplined, LowTempoController",0
2004-2005_Middlesbrough_Norwich,2004-2005,20,Middlesbrough,Norwich,H,2,27.0,12.0,2.0,0.0,2.0,"HighPressure, Disciplined, Opportunistic",0
2004-2005_Portsmouth_Chelsea,2004-2005,20,Portsmouth,Chelsea,A,2,16.0,9.0,4.0,0.0,4.0,"LowTempoController, Disciplined",0
2004-2005_Tottenham_Crystal Palace,2004-2005,20,Tottenham,Crystal Palace,D,2,28.0,11.0,1.0,0.0,1.0,"HighPressure, Disciplined, Opportunistic",0
2004-2005_Newcastle_Arsenal,2004-2005,20,Newcastle,Arsenal,A,1,22.0,12.0,5.0,0.0,5.0,"LowTempoController, LowTempoController",0
2004-2005_Aston Villa_Blackburn,2004-2005,21,Aston Villa,Blackburn,H,1,20.0,13.0,1.0,0.0,1.0,"Disciplined, LowTempoController",0
2004-2005_Bolton_West Brom,2004-2005,21,Bolton,West Brom,D,2,36.0,10.0,1.0,0.0,1.0,"HighPressure, Disciplined, Opportunistic",0
2004-2005_Charlton_Arsenal,2004-2005,21,Charlton,Arsenal,A,4,15.0,3.0,2.0,0.0,2.0,"Disciplined, HighPressure",0
2004-2005_Fulham_Crystal Palace,2004-2005,21,Fulham,Crystal Palace,H,4,19.0,6.0,4.0,0.0,4.0,"ChaosInducer, Opportunistic",0
2004-2005_Liverpool_Chelsea,2004-2005,21,Liverpool,Chelsea,A,1,22.0,5.0,4.0,0.0,4.0,"Opportunistic, Disciplined",0
2004-2005_Man City_Southampton,2004-2005,21,Man City,Southampton,H,3,21.0,17.0,0.0,0.0,0.0,"HighPressure, Disciplined, LowTempoController",0
2004-2005_Middlesbrough_Man United,2004-2005,21,Middlesbrough,Man United,A,2,19.0,14.0,1.0,0.0,1.0,"Disciplined, LowTempoController",0
2004-2005_Newcastle_Birmingham,2004-2005,21,Newcastle,Birmingham,H,3,18.0,11.0,3.0,0.0,3.0,"LowTempoController, AggressiveTackler",0
2004-2005_Portsmouth_Norwich,2004-2005,21,Portsmouth,Norwich,D,2,20.0,12.0,3.0,1.0,5.0,"LowTempoController, LowTempoController",0
2004-2005_Tottenham_Everton,2004-2005,21,Tottenham,Everton,H,7,20.0,10.0,0.0,0.0,0.0,"RiskTaker, ChaosInducer, Disciplined",1
2004-2005_Blackburn_Charlton,2004-2005,22,Blackburn,Charlton,H,1,25.0,14.0,5.0,0.0,5.0,"HighPressure, LowTempoController",0
2004-2005_Crystal Palace_Aston Villa,2004-2005,22,Crystal Palace,Aston Villa,H,2,26.0,14.0,5.0,0.0,5.0,"HighPressure, LowTempoController",0
2004-2005_Norwich_Liverpool,2004-2005,22,Norwich,Liverpool,A,3,18.0,7.0,5.0,0.0,5.0,"ChaosInducer, ChaosInducer",1
2004-2005_West Brom_Newcastle,2004-2005,22,West Brom,Newcastle,D,0,20.0,7.0,2.0,0.0,2.0,"Disciplined, AggressiveTackler",0
2004-2005_Arsenal_Man City,2004-2005,22,Arsenal,Man City,D,2,18.0,17.0,6.0,0.0,6.0,"AggressiveTackler, HighPressure, LowTempoController",0
2004-2005_Birmingham_Bolton,2004-2005,22,Birmingham,Bolton,A,3,25.0,11.0,4.0,0.0,4.0,"DirectPlay, DirectPlay",0
2004-2005_Chelsea_Middlesbrough,2004-2005,22,Chelsea,Middlesbrough,H,2,16.0,7.0,3.0,0.0,3.0,"AggressiveTackler, Disciplined",0
2004-2005_Everton_Portsmouth,2004-2005,22,Everton,Portsmouth,H,3,26.0,9.0,0.0,0.0,0.0,"Disciplined, ChaosInducer",0
2004-2005_Man United_Tottenham,2004-2005,22,Man United,Tottenham,D,0,30.0,10.0,3.0,0.0,3.0,"HighPressure, Opportunistic",0
2004-2005_Southampton_Fulham,2004-2005,22,Southampton,Fulham,D,6,20.0,12.0,4.0,0.0,4.0,"RiskTaker, ChaosInducer, LowTempoController",1
2004-2005_Aston Villa_Norwich,2004-2005,23,Aston Villa,Norwich,H,3,29.0,12.0,0.0,0.0,0.0,"RiskTaker, HighPressure, Disciplined",0
2004-2005_Bolton_Arsenal,2004-2005,23,Bolton,Arsenal,H,1,20.0,15.0,3.0,0.0,3.0,"LowTempoController, ChaosInducer",0
2004-2005_Charlton_Birmingham,2004-2005,23,Charlton,Birmingham,H,4,20.0,8.0,2.0,0.0,2.0,"Disciplined, LowTempoController",0
2004-2005_Liverpool_Man United,2004-2005,23,Liverpool,Man United,A,1,18.0,13.0,6.0,1.0,8.0,"AggressiveTackler, ChaosInducer, LowTempoController",0
2004-2005_Man City_Crystal Palace,2004-2005,23,Man City,Crystal Palace,H,4,23.0,14.0,3.0,0.0,3.0,"HighPressure, LowTempoController",0
2004-2005_Newcastle_Southampton,2004-2005,23,Newcastle,Southampton,H,3,31.0,18.0,2.0,0.0,2.0,"RiskTaker, HighPressure, Disciplined, LowTempoController",0
2004-2005_Portsmouth_Blackburn,2004-2005,23,Portsmouth,Blackburn,A,1,25.0,11.0,8.0,2.0,12.0,"AggressiveTackler, ChaosInducer",1
2004-2005_Tottenham_Chelsea,2004-2005,23,Tottenham,Chelsea,A,2,24.0,11.0,6.0,0.0,6.0,"AggressiveTackler, ChaosInducer",1
2004-2005_Fulham_West Brom,2004-2005,23,Fulham,West Brom,H,1,15.0,12.0,4.0,0.0,4.0,"LowTempoController, DirectPlay",0
2004-2005_Middlesbrough_Everton,2004-2005,23,Middlesbrough,Everton,D,2,31.0,15.0,3.0,0.0,3.0,"HighPressure, Opportunistic",0
2004-2005_Birmingham_Fulham,2004-2005,24,Birmingham,Fulham,A,3,14.0,8.0,4.0,0.0,4.0,"LowTempoController, HighPressure",0
2004-2005_Chelsea_Portsmouth,2004-2005,24,Chelsea,Portsmouth,H,3,23.0,5.0,0.0,0.0,0.0,"Disciplined, Disciplined",0
2004-2005_Crystal Palace_Tottenham,2004-2005,24,Crystal Palace,Tottenham,H,3,20.0,9.0,3.0,0.0,3.0,"ChaosInducer, LowTempoController",0
2004-2005_Everton_Charlton,2004-2005,24,Everton,Charlton,A,1,16.0,14.0,3.0,0.0,3.0,"LowTempoController, DirectPlay",0
2004-2005_Man United_Aston Villa,2004-2005,24,Man United,Aston Villa,H,4,28.0,6.0,7.0,0.0,7.0,"AggressiveTackler, RiskTaker, ChaosInducer",1
2004-2005_Norwich_Middlesbrough,2004-2005,24,Norwich,Middlesbrough,D,8,39.0,13.0,3.0,0.0,3.0,"RiskTaker, HighPressure, ChaosInducer",1
2004-2005_Southampton_Liverpool,2004-2005,24,Southampton,Liverpool,H,2,22.0,9.0,3.0,0.0,3.0,"HighPressure, RiskTaker",0
2004-2005_West Brom_Man City,2004-2005,24,West Brom,Man City,H,2,24.0,14.0,2.0,0.0,2.0,"HighPressure, Disciplined, LowTempoController",0
2004-2005_Arsenal_Newcastle,2004-2005,24,Arsenal,Newcastle,H,1,17.0,12.0,5.0,0.0,5.0,"LowTempoController, RiskTaker",0
2004-2005_Blackburn_Bolton,2004-2005,24,Blackburn,Bolton,A,1,15.0,14.0,5.0,0.0,5.0,"LowTempoController, HighPressure",0
2004-2005_Arsenal_Man United,2004-2005,25,Arsenal,Man United,A,6,21.0,13.0,6.0,1.0,8.0,"AggressiveTackler, RiskTaker, ChaosInducer, LowTempoController",1
2004-2005_Bolton_Tottenham,2004-2005,25,Bolton,Tottenham,H,4,26.0,10.0,2.0,1.0,4.0,"RiskTaker, ChaosInducer",1
2004-2005_Charlton_Liverpool,2004-2005,25,Charlton,Liverpool,A,3,23.0,10.0,0.0,0.0,0.0,"Disciplined, DirectPlay",0
2004-2005_Portsmouth_Middlesbrough,2004-2005,25,Portsmouth,Middlesbrough,H,3,23.0,14.0,3.0,0.0,3.0,"HighPressure, LowTempoController",0
2004-2005_West Brom_Crystal Palace,2004-2005,25,West Brom,Crystal Palace,D,4,16.0,12.0,1.0,1.0,3.0,"LowTempoController, LowTempoController",0
2004-2005_Birmingham_Southampton,2004-2005,25,Birmingham,Southampton,H,3,18.0,9.0,2.0,0.0,2.0,"Disciplined, HighPressure",0
2004-2005_Blackburn_Chelsea,2004-2005,25,Blackburn,Chelsea,A,1,17.0,8.0,4.0,0.0,4.0,"Disciplined, Disciplined",0
2004-2005_Everton_Norwich,2004-2005,25,Everton,Norwich,H,1,29.0,6.0,1.0,0.0,1.0,"Disciplined, Opportunistic",0
2004-2005_Fulham_Aston Villa,2004-2005,25,Fulham,Aston Villa,D,2,24.0,12.0,4.0,0.0,4.0,"RiskTaker, ChaosInducer",1
2004-2005_Man City_Newcastle,2004-2005,25,Man City,Newcastle,D,2,8.0,4.0,5.0,0.0,5.0,"LowTempoController, LowTempoController",0
2004-2005_Aston Villa_Arsenal,2004-2005,26,Aston Villa,Arsenal,A,4,20.0,7.0,2.0,0.0,2.0,"Disciplined, RiskTaker",0
2004-2005_Crystal Palace_Bolton,2004-2005,26,Crystal Palace,Bolton,A,1,26.0,10.0,1.0,0.0,1.0,"Disciplined, ChaosInducer",0
2004-2005_Liverpool_Fulham,2004-2005,26,Liverpool,Fulham,H,4,16.0,7.0,5.0,0.0,5.0,"ChaosInducer, ChaosInducer",1
2004-2005_Man United_Birmingham,2004-2005,26,Man United,Birmingham,H,2,24.0,7.0,4.0,0.0,4.0,"Opportunistic, Disciplined",0
2004-2005_Middlesbrough_Blackburn,2004-2005,26,Middlesbrough,Blackburn,H,1,19.0,18.0,3.0,1.0,5.0,"HighPressure, LowTempoController",0
2004-2005_Newcastle_Charlton,2004-2005,26,Newcastle,Charlton,D,2,29.0,9.0,2.0,0.0,2.0,"Disciplined, Opportunistic",0
2004-2005_Norwich_West Brom,2004-2005,26,Norwich,West Brom,H,5,28.0,6.0,3.0,0.0,3.0,"RiskTaker, ChaosInducer",1
2004-2005_Tottenham_Portsmouth,2004-2005,26,Tottenham,Portsmouth,H,4,24.0,11.0,0.0,0.0,0.0,"RiskTaker, Disciplined",0
2004-2005_Chelsea_Man City,2004-2005,26,Chelsea,Man City,D,0,16.0,8.0,3.0,0.0,3.0,"LowTempoController, DirectPlay",0
2004-2005_Southampton_Everton,2004-2005,26,Southampton,Everton,D,4,29.0,11.0,2.0,0.0,2.0,"RiskTaker, HighPressure, Disciplined",0
2004-2005_Birmingham_Liverpool,2004-2005,27,Birmingham,Liverpool,H,2,11.0,14.0,2.0,0.0,2.0,"Disciplined, LowTempoController",0
2004-2005_Blackburn_Norwich,2004-2005,27,Blackburn,Norwich,H,3,27.0,15.0,3.0,0.0,3.0,"RiskTaker, HighPressure, LowTempoController",0
2004-2005_Bolton_Middlesbrough,2004-2005,27,Bolton,Middlesbrough,D,0,18.0,5.0,1.0,0.0,1.0,"Disciplined, AggressiveTackler",0
2004-2005_Everton_Chelsea,2004-2005,27,Everton,Chelsea,A,1,29.0,12.0,3.0,1.0,5.0,"HighPressure, Opportunistic",0
2004-2005_Portsmouth_Aston Villa,2004-2005,27,Portsmouth,Aston Villa,A,3,15.0,9.0,3.0,0.0,3.0,"LowTempoController, DirectPlay",0
2004-2005_Man City_Man United,2004-2005,27,Man City,Man United,A,2,19.0,10.0,5.0,0.0,5.0,"LowTempoController, AggressiveTackler",0
2004-2005_Arsenal_Crystal Palace,2004-2005,27,Arsenal,Crystal Palace,H,6,23.0,6.0,3.0,0.0,3.0,"RiskTaker, ChaosInducer",1
2004-2005_West Brom_Southampton,2004-2005,27,West Brom,Southampton,D,0,20.0,10.0,5.0,0.0,5.0,"HighPressure, Disciplined",0
2004-2005_Aston Villa_Everton,2004-2005,28,Aston Villa,Everton,A,4,24.0,10.0,3.0,0.0,3.0,"RiskTaker, ChaosInducer",1
2004-2005_Crystal Palace_Birmingham,2004-2005,28,Crystal Palace,Birmingham,H,2,17.0,11.0,6.0,0.0,6.0,"AggressiveTackler, LowTempoController",0
2004-2005_Man United_Portsmouth,2004-2005,28,Man United,Portsmouth,H,3,21.0,7.0,3.0,0.0,3.0,"LowTempoController, AggressiveTackler",0
2004-2005_Southampton_Arsenal,2004-2005,28,Southampton,Arsenal,D,2,27.0,8.0,2.0,2.0,6.0,"AggressiveTackler, Opportunistic",0
2004-2005_Tottenham_Fulham,2004-2005,28,Tottenham,Fulham,H,2,26.0,15.0,1.0,0.0,1.0,"HighPressure, Disciplined, LowTempoController",0
2004-2005_Middlesbrough_Charlton,2004-2005,28,Middlesbrough,Charlton,D,4,26.0,11.0,3.0,0.0,3.0,"RiskTaker, DirectPlay",0
2004-2005_Newcastle_Bolton,2004-2005,28,Newcastle,Bolton,H,3,18.0,9.0,2.0,0.0,2.0,"Disciplined, ChaosInducer",0
2004-2005_Norwich_Man City,2004-2005,28,Norwich,Man City,A,5,22.0,15.0,4.0,1.0,6.0,"AggressiveTackler, RiskTaker, HighPressure, ChaosInducer, LowTempoController",1
2004-2005_Arsenal_Portsmouth,2004-2005,29,Arsenal,Portsmouth,H,3,16.0,10.0,2.0,0.0,2.0,"Disciplined, LowTempoController",0
2004-2005_Aston Villa_Middlesbrough,2004-2005,29,Aston Villa,Middlesbrough,H,2,13.0,9.0,3.0,0.0,3.0,"LowTempoController, AggressiveTackler",0
2004-2005_Crystal Palace_Man United,2004-2005,29,Crystal Palace,Man United,D,0,18.0,9.0,9.0,1.0,11.0,"AggressiveTackler, ChaosInducer",1
2004-2005_Fulham_Charlton,2004-2005,29,Fulham,Charlton,D,0,19.0,10.0,5.0,0.0,5.0,"LowTempoController, AggressiveTackler",0
2004-2005_Newcastle_Liverpool,2004-2005,29,Newcastle,Liverpool,H,1,19.0,9.0,4.0,0.0,4.0,"Opportunistic, AggressiveTackler",0
2004-2005_Norwich_Chelsea,2004-2005,29,Norwich,Chelsea,A,4,31.0,14.0,3.0,0.0,3.0,"RiskTaker, HighPressure",0
2004-2005_Southampton_Tottenham,2004-2005,29,Southampton,Tottenham,H,1,22.0,14.0,3.0,0.0,3.0,"LowTempoController, LowTempoController",0
2004-2005_Everton_Blackburn,2004-2005,29,Everton,Blackburn,A,1,23.0,9.0,5.0,0.0,5.0,"Disciplined, LowTempoController",0
2004-2005_West Brom_Birmingham,2004-2005,29,West Brom,Birmingham,H,2,19.0,16.0,2.0,0.0,2.0,"HighPressure, Disciplined, LowTempoController",0
2004-2005_Man City_Bolton,2004-2005,29,Man City,Bolton,A,1,19.0,10.0,3.0,0.0,3.0,"LowTempoController, RiskTaker",0
2004-2005_Chelsea_West Brom,2004-2005,30,Chelsea,West Brom,H,1,30.0,11.0,1.0,0.0,1.0,"HighPressure, Disciplined, Opportunistic",0
2004-2005_Charlton_Tottenham,2004-2005,30,Charlton,Tottenham,H,2,12.0,7.0,5.0,0.0,5.0,"LowTempoController, ChaosInducer",0
2004-2005_Liverpool_Blackburn,2004-2005,30,Liverpool,Blackburn,D,0,12.0,14.0,2.0,0.0,2.0,"Disciplined, LowTempoController",0
2004-2005_Blackburn_Arsenal,2004-2005,31,Blackburn,Arsenal,A,1,19.0,10.0,4.0,0.0,4.0,"LowTempoController, Disciplined",0
2004-2005_Bolton_Norwich,2004-2005,31,Bolton,Norwich,H,1,22.0,13.0,4.0,0.0,4.0,"LowTempoController, Opportunistic",0
2004-2005_Charlton_West Brom,2004-2005,31,Charlton,West Brom,A,5,22.0,12.0,0.0,1.0,2.0,"RiskTaker, Disciplined, LowTempoController",0
2004-2005_Chelsea_Crystal Palace,2004-2005,31,Chelsea,Crystal Palace,H,5,26.0,14.0,1.0,0.0,1.0,"RiskTaker, HighPressure, Disciplined, LowTempoController",0
2004-2005_Man United_Fulham,2004-2005,31,Man United,Fulham,H,1,29.0,21.0,1.0,0.0,1.0,"HighPressure, Disciplined, LowTempoController, Opportunistic",0
2004-2005_Portsmouth_Newcastle,2004-2005,31,Portsmouth,Newcastle,D,2,24.0,7.0,9.0,0.0,9.0,"AggressiveTackler, ChaosInducer",1
2004-2005_Tottenham_Man City,2004-2005,31,Tottenham,Man City,H,3,23.0,10.0,5.0,0.0,5.0,"ChaosInducer, Disciplined",0
2004-2005_Birmingham_Aston Villa,2004-2005,31,Birmingham,Aston Villa,H,2,15.0,5.0,6.0,0.0,6.0,"AggressiveTackler, Disciplined",0
2004-2005_Liverpool_Everton,2004-2005,31,Liverpool,Everton,H,3,19.0,6.0,5.0,1.0,7.0,"AggressiveTackler, ChaosInducer",1
2004-2005_Middlesbrough_Southampton,2004-2005,31,Middlesbrough,Southampton,A,4,26.0,9.0,0.0,0.0,0.0,"RiskTaker, Disciplined",0
2004-2005_Arsenal_Norwich,2004-2005,32,Arsenal,Norwich,H,5,24.0,13.0,1.0,0.0,1.0,"RiskTaker, HighPressure, Disciplined, LowTempoController",0
2004-2005_Birmingham_Tottenham,2004-2005,32,Birmingham,Tottenham,D,2,23.0,6.0,1.0,0.0,1.0,"Disciplined, DirectPlay",0
2004-2005_Charlton_Man City,2004-2005,32,Charlton,Man City,D,4,25.0,13.0,1.0,0.0,1.0,"RiskTaker, HighPressure, Disciplined",0
2004-2005_Crystal Palace_Middlesbrough,2004-2005,32,Crystal Palace,Middlesbrough,A,1,30.0,11.0,4.0,0.0,4.0,"HighPressure, Opportunistic",0
2004-2005_Liverpool_Bolton,2004-2005,32,Liverpool,Bolton,H,1,23.0,16.0,4.0,0.0,4.0,"HighPressure, LowTempoController",0
2004-2005_Man United_Blackburn,2004-2005,32,Man United,Blackburn,D,0,32.0,12.0,5.0,0.0,5.0,"HighPressure, Opportunistic",0
2004-2005_Newcastle_Aston Villa,2004-2005,32,Newcastle,Aston Villa,A,3,28.0,14.0,3.0,3.0,9.0,"AggressiveTackler, RiskTaker, HighPressure, ChaosInducer",1
2004-2005_Southampton_Chelsea,2004-2005,32,Southampton,Chelsea,A,4,16.0,7.0,2.0,0.0,2.0,"Disciplined, Disciplined",0
2004-2005_Fulham_Portsmouth,2004-2005,32,Fulham,Portsmouth,H,4,20.0,10.0,6.0,0.0,6.0,"AggressiveTackler, ChaosInducer",1
2004-2005_West Brom_Everton,2004-2005,32,West Brom,Everton,H,1,16.0,14.0,3.0,0.0,3.0,"LowTempoController, Opportunistic",0
2004-2005_Blackburn_Southampton,2004-2005,33,Blackburn,Southampton,H,3,24.0,6.0,3.0,0.0,3.0,"LowTempoController, Disciplined",0
2004-2005_Bolton_Fulham,2004-2005,33,Bolton,Fulham,H,4,22.0,10.0,2.0,1.0,4.0,"ChaosInducer, HighPressure",1
2004-2005_Chelsea_Birmingham,2004-2005,33,Chelsea,Birmingham,D,2,21.0,13.0,4.0,0.0,4.0,"LowTempoController, ChaosInducer",0
2004-2005_Man City_Liverpool,2004-2005,33,Man City,Liverpool,H,1,17.0,7.0,2.0,0.0,2.0,"Disciplined, Disciplined",0
2004-2005_Middlesbrough_Arsenal,2004-2005,33,Middlesbrough,Arsenal,A,1,16.0,8.0,2.0,0.0,2.0,"Disciplined, LowTempoController",0
2004-2005_Norwich_Man United,2004-2005,33,Norwich,Man United,H,2,23.0,7.0,4.0,0.0,4.0,"ChaosInducer, HighPressure",0
2004-2005_Portsmouth_Charlton,2004-2005,33,Portsmouth,Charlton,H,6,21.0,9.0,4.0,0.0,4.0,"RiskTaker, ChaosInducer",1
2004-2005_Aston Villa_West Brom,2004-2005,33,Aston Villa,West Brom,D,2,21.0,10.0,3.0,2.0,7.0,"AggressiveTackler, ChaosInducer",1
2004-2005_Everton_Crystal Palace,2004-2005,33,Everton,Crystal Palace,H,4,24.0,13.0,2.0,0.0,2.0,"RiskTaker, HighPressure, Disciplined, LowTempoController",0
2004-2005_Tottenham_Newcastle,2004-2005,33,Tottenham,Newcastle,H,1,25.0,11.0,4.0,0.0,4.0,"HighPressure, ChaosInducer",1
2004-2005_Birmingham_Portsmouth,2004-2005,34,Birmingham,Portsmouth,D,0,14.0,12.0,3.0,0.0,3.0,"LowTempoController, AggressiveTackler",0
2004-2005_Charlton_Bolton,2004-2005,34,Charlton,Bolton,A,3,29.0,10.0,1.0,0.0,1.0,"RiskTaker, HighPressure, Disciplined",0
2004-2005_Crystal Palace_Norwich,2004-2005,34,Crystal Palace,Norwich,D,6,24.0,10.0,4.0,0.0,4.0,"RiskTaker, ChaosInducer",1
2004-2005_Fulham_Man City,2004-2005,34,Fulham,Man City,D,2,15.0,14.0,1.0,0.0,1.0,"Disciplined, LowTempoController",0
2004-2005_Liverpool_Tottenham,2004-2005,34,Liverpool,Tottenham,D,4,27.0,15.0,0.0,0.0,0.0,"RiskTaker, HighPressure, Disciplined, LowTempoController",0
2004-2005_Southampton_Aston Villa,2004-2005,34,Southampton,Aston Villa,A,5,27.0,13.0,3.0,0.0,3.0,"RiskTaker, HighPressure, ChaosInducer",1
2004-2005_Bolton_Southampton,2004-2005,35,Bolton,Southampton,D,2,27.0,7.0,2.0,0.0,2.0,"Disciplined, Opportunistic",0
2004-2005_Middlesbrough_Fulham,2004-2005,35,Middlesbrough,Fulham,D,2,15.0,8.0,1.0,0.0,1.0,"Disciplined, LowTempoController",0
2004-2005_Aston Villa_Charlton,2004-2005,35,Aston Villa,Charlton,D,0,25.0,11.0,1.0,0.0,1.0,"Disciplined, RiskTaker",0
2004-2005_Blackburn_Crystal Palace,2004-2005,35,Blackburn,Crystal Palace,H,1,22.0,17.0,5.0,0.0,5.0,"HighPressure, LowTempoController",0
2004-2005_Chelsea_Arsenal,2004-2005,35,Chelsea,Arsenal,D,0,15.0,4.0,4.0,0.0,4.0,"DirectPlay, AggressiveTackler",0
2004-2005_Everton_Man United,2004-2005,35,Everton,Man United,H,1,23.0,9.0,5.0,2.0,9.0,"AggressiveTackler, ChaosInducer",1
2004-2005_Man City_Birmingham,2004-2005,35,Man City,Birmingham,H,3,13.0,11.0,1.0,0.0,1.0,"Disciplined, LowTempoController",0
2004-2005_Norwich_Newcastle,2004-2005,35,Norwich,Newcastle,H,3,39.0,12.0,0.0,0.0,0.0,"RiskTaker, HighPressure, Disciplined",0
2004-2005_Portsmouth_Liverpool,2004-2005,35,Portsmouth,Liverpool,A,3,27.0,9.0,1.0,0.0,1.0,"RiskTaker, Disciplined",0
2004-2005_Tottenham_West Brom,2004-2005,35,Tottenham,West Brom,D,2,25.0,10.0,2.0,0.0,2.0,"Disciplined, AggressiveTackler",0
2004-2005_Aston Villa_Bolton,2004-2005,36,Aston Villa,Bolton,D,2,25.0,12.0,2.0,0.0,2.0,"Disciplined, LowTempoController",0
2004-2005_Blackburn_Man City,2004-2005,36,Blackburn,Man City,D,0,18.0,8.0,0.0,0.0,0.0,"Disciplined, DirectPlay",0
2004-2005_Chelsea_Fulham,2004-2005,36,Chelsea,Fulham,H,4,22.0,10.0,2.0,0.0,2.0,"Disciplined, DirectPlay",0
2004-2005_Crystal Palace_Liverpool,2004-2005,36,Crystal Palace,Liverpool,H,1,15.0,5.0,7.0,0.0,7.0,"AggressiveTackler, AggressiveTackler",0
2004-2005_Everton_Birmingham,2004-2005,36,Everton,Birmingham,D,2,20.0,14.0,5.0,0.0,5.0,"LowTempoController, Disciplined",0
2004-2005_Middlesbrough_West Brom,2004-2005,36,Middlesbrough,West Brom,H,4,27.0,5.0,2.0,0.0,2.0,"RiskTaker, Disciplined",0
2004-2005_Norwich_Charlton,2004-2005,36,Norwich,Charlton,H,1,24.0,15.0,2.0,0.0,2.0,"HighPressure, Disciplined, LowTempoController",0
2004-2005_Man United_Newcastle,2004-2005,36,Man United,Newcastle,H,3,29.0,13.0,1.0,0.0,1.0,"RiskTaker, HighPressure, Disciplined",0
2004-2005_Portsmouth_Southampton,2004-2005,36,Portsmouth,Southampton,H,5,29.0,11.0,3.0,0.0,3.0,"RiskTaker, HighPressure, ChaosInducer",1
2004-2005_Arsenal_Tottenham,2004-2005,36,Arsenal,Tottenham,H,1,19.0,11.0,4.0,0.0,4.0,"LowTempoController, LowTempoController",0
2004-2005_West Brom_Blackburn,2004-2005,36,West Brom,Blackburn,D,2,23.0,10.0,7.0,0.0,7.0,"AggressiveTackler, ChaosInducer",1
2004-2005_Newcastle_Middlesbrough,2004-2005,36,Newcastle,Middlesbrough,D,0,16.0,8.0,3.0,0.0,3.0,"LowTempoController, LowTempoController",0
2004-2005_Birmingham_Blackburn,2004-2005,37,Birmingham,Blackburn,H,3,15.0,7.0,3.0,0.0,3.0,"HighPressure, Opportunistic",0
2004-2005_Bolton_Chelsea,2004-2005,37,Bolton,Chelsea,A,2,22.0,9.0,5.0,0.0,5.0,"DirectPlay, AggressiveTackler",0
2004-2005_Fulham_Everton,2004-2005,37,Fulham,Everton,H,2,22.0,10.0,4.0,1.0,6.0,"AggressiveTackler, HighPressure",1
2004-2005_Liverpool_Middlesbrough,2004-2005,37,Liverpool,Middlesbrough,D,2,18.0,11.0,5.0,0.0,5.0,"LowTempoController, ChaosInducer",0
2004-2005_Man City_Portsmouth,2004-2005,37,Man City,Portsmouth,H,2,20.0,12.0,1.0,0.0,1.0,"Disciplined, LowTempoController",0
2004-2005_Newcastle_Crystal Palace,2004-2005,37,Newcastle,Crystal Palace,D,0,23.0,7.0,2.0,0.0,2.0,"Disciplined, RiskTaker",0
2004-2005_Southampton_Norwich,2004-2005,37,Southampton,Norwich,H,7,29.0,14.0,5.0,0.0,5.0,"RiskTaker, HighPressure, ChaosInducer",1
2004-2005_Charlton_Man United,2004-2005,37,Charlton,Man United,A,4,24.0,8.0,2.0,1.0,4.0,"RiskTaker, ChaosInducer",1
2004-2005_Tottenham_Aston Villa,2004-2005,37,Tottenham,Aston Villa,H,6,24.0,12.0,3.0,0.0,3.0,"RiskTaker, ChaosInducer",1
2004-2005_West Brom_Arsenal,2004-2005,37,West Brom,Arsenal,A,2,15.0,9.0,0.0,0.0,0.0,"Disciplined, LowTempoController",0
2004-2005_Fulham_Newcastle,2004-2005,37,Fulham,Newcastle,A,4,10.0,3.0,2.0,0.0,2.0,"Disciplined, Opportunistic",0
2004-2005_Aston Villa_Man City,2004-2005,38,Aston Villa,Man City,A,3,25.0,8.0,2.0,0.0,2.0,"Disciplined, Opportunistic",0
2004-2005_Blackburn_Fulham,2004-2005,38,Blackburn,Fulham,A,4,21.0,13.0,4.0,2.0,8.0,"AggressiveTackler, ChaosInducer, LowTempoController",1
2004-2005_Chelsea_Charlton,2004-2005,38,Chelsea,Charlton,H,1,21.0,7.0,0.0,0.0,0.0,"Disciplined, Opportunistic",0
2004-2005_Crystal Palace_Southampton,2004-2005,38,Crystal Palace,Southampton,D,4,21.0,7.0,4.0,2.0,8.0,"AggressiveTackler, ChaosInducer",1
2004-2005_Everton_Newcastle,2004-2005,38,Everton,Newcastle,H,2,17.0,5.0,4.0,1.0,6.0,"AggressiveTackler, LowTempoController",0
2004-2005_Man United_West Brom,2004-2005,38,Man United,West Brom,D,2,29.0,12.0,1.0,0.0,1.0,"HighPressure, Disciplined, Opportunistic",0
2004-2005_Middlesbrough_Tottenham,2004-2005,38,Middlesbrough,Tottenham,H,1,21.0,7.0,4.0,0.0,4.0,"ChaosInducer, Opportunistic",0
2004-2005_Norwich_Birmingham,2004-2005,38,Norwich,Birmingham,H,1,30.0,8.0,6.0,1.0,8.0,"AggressiveTackler, ChaosInducer, Opportunistic",1
2004-2005_Portsmouth_Bolton,2004-2005,38,Portsmouth,Bolton,D,2,21.0,11.0,2.0,0.0,2.0,"Disciplined, LowTempoController",0
2004-2005_Arsenal_Liverpool,2004-2005,38,Arsenal,Liverpool,H,4,22.0,5.0,2.0,0.0,2.0,"Disciplined, ChaosInducer",0
2004-2005_Man United_Chelsea,2004-2005,38,Man United,Chelsea,A,4,22.0,7.0,5.0,0.0,5.0,"ChaosInducer, Disciplined",0
2004-2005_Arsenal_Everton,2004-2005,38,Arsenal,Everton,H,7,26.0,6.0,2.0,0.0,2.0,"RiskTaker, ChaosInducer, Disciplined",1
2004-2005_Birmingham_Arsenal,2004-2005,39,Birmingham,Arsenal,H,3,20.0,5.0,1.0,0.0,1.0,"Disciplined, Opportunistic",0
2004-2005_Bolton_Everton,2004-2005,39,Bolton,Everton,H,5,26.0,11.0,3.0,1.0,5.0,"RiskTaker, ChaosInducer",1
2004-2005_Charlton_Crystal Palace,2004-2005,39,Charlton,Crystal Palace,D,4,17.0,11.0,4.0,0.0,4.0,"ChaosInducer, LowTempoController",0
2004-2005_Fulham_Norwich,2004-2005,39,Fulham,Norwich,H,6,15.0,17.0,1.0,0.0,1.0,"Disciplined, LowTempoController",0
2004-2005_Liverpool_Aston Villa,2004-2005,39,Liverpool,Aston Villa,H,3,28.0,14.0,0.0,0.0,0.0,"RiskTaker, HighPressure, Disciplined",0
2004-2005_Man City_Middlesbrough,2004-2005,39,Man City,Middlesbrough,D,2,14.0,13.0,6.0,0.0,6.0,"AggressiveTackler, LowTempoController",0
2004-2005_Newcastle_Chelsea,2004-2005,39,Newcastle,Chelsea,D,2,20.0,10.0,8.0,0.0,8.0,"AggressiveTackler, ChaosInducer",0
2004-2005_Southampton_Man United,2004-2005,39,Southampton,Man United,A,3,27.0,8.0,3.0,0.0,3.0,"RiskTaker, RiskTaker",0
2004-2005_Tottenham_Blackburn,2004-2005,39,Tottenham,Blackburn,D,0,23.0,12.0,4.0,0.0,4.0,"ChaosInducer, ChaosInducer",0
2004-2005_West Brom_Portsmouth,2004-2005,39,West Brom,Portsmouth,H,2,17.0,7.0,1.0,0.0,1.0,"Disciplined, RiskTaker",0
2005-2006_Aston Villa_Bolton,2005-2006,1,Aston Villa,Bolton,D,4,16.0,15.0,2.0,0.0,2.0,"Disciplined, LowTempoController",0
2005-2006_Everton_Man United,2005-2006,1,Everton,Man United,A,2,22.0,14.0,4.0,0.0,4.0,"LowTempoController, Opportunistic",0
2005-2006_Fulham_Birmingham,2005-2006,1,Fulham,Birmingham,D,0,22.0,12.0,3.0,0.0,3.0,"LowTempoController, RiskTaker",0
2005-2006_Man City_West Brom,2005-2006,1,Man City,West Brom,D,0,28.0,9.0,5.0,0.0,5.0,"Opportunistic, ChaosInducer",0
2005-2006_Middlesbrough_Liverpool,2005-2006,1,Middlesbrough,Liverpool,D,0,20.0,5.0,5.0,1.0,7.0,"AggressiveTackler, RiskTaker",0
2005-2006_Portsmouth_Tottenham,2005-2006,1,Portsmouth,Tottenham,A,2,22.0,9.0,2.0,0.0,2.0,"Disciplined, ChaosInducer",0
2005-2006_Sunderland_Charlton,2005-2006,1,Sunderland,Charlton,A,4,26.0,10.0,2.0,1.0,4.0,"RiskTaker, ChaosInducer",1
2005-2006_West Ham_Blackburn,2005-2006,1,West Ham,Blackburn,H,4,24.0,8.0,1.0,1.0,3.0,"RiskTaker, ChaosInducer",1
2005-2006_Arsenal_Newcastle,2005-2006,1,Arsenal,Newcastle,H,2,17.0,11.0,1.0,1.0,3.0,"LowTempoController, Disciplined",0
2005-2006_Wigan_Chelsea,2005-2006,1,Wigan,Chelsea,A,1,32.0,8.0,1.0,0.0,1.0,"HighPressure, Disciplined, Opportunistic",0
2005-2006_Birmingham_Man City,2005-2006,2,Birmingham,Man City,A,3,18.0,13.0,4.0,0.0,4.0,"LowTempoController, AggressiveTackler",0
2005-2006_Blackburn_Fulham,2005-2006,2,Blackburn,Fulham,H,3,24.0,9.0,4.0,0.0,4.0,"ChaosInducer, Opportunistic",1
2005-2006_Charlton_Wigan,2005-2006,2,Charlton,Wigan,H,1,25.0,8.0,1.0,0.0,1.0,"Disciplined, HighPressure",0
2005-2006_Liverpool_Sunderland,2005-2006,2,Liverpool,Sunderland,H,1,17.0,10.0,5.0,1.0,7.0,"AggressiveTackler, LowTempoController",0
2005-2006_Man United_Aston Villa,2005-2006,2,Man United,Aston Villa,H,1,21.0,18.0,3.0,0.0,3.0,"HighPressure, LowTempoController",0
2005-2006_Newcastle_West Ham,2005-2006,2,Newcastle,West Ham,D,0,20.0,12.0,2.0,1.0,4.0,"LowTempoController, LowTempoController",0
2005-2006_Tottenham_Middlesbrough,2005-2006,2,Tottenham,Middlesbrough,H,2,30.0,11.0,4.0,0.0,4.0,"HighPressure, Opportunistic",0
2005-2006_West Brom_Portsmouth,2005-2006,2,West Brom,Portsmouth,H,3,16.0,6.0,7.0,0.0,7.0,"AggressiveTackler, ChaosInducer",1
2005-2006_Bolton_Everton,2005-2006,2,Bolton,Everton,A,1,19.0,11.0,1.0,0.0,1.0,"Disciplined, LowTempoController",0
2005-2006_Chelsea_Arsenal,2005-2006,2,Chelsea,Arsenal,H,1,18.0,10.0,5.0,0.0,5.0,"LowTempoController, DirectPlay",0
2005-2006_Birmingham_Middlesbrough,2005-2006,3,Birmingham,Middlesbrough,A,3,22.0,4.0,1.0,0.0,1.0,"Disciplined, AggressiveTackler",0
2005-2006_Portsmouth_Aston Villa,2005-2006,3,Portsmouth,Aston Villa,D,2,27.0,17.0,4.0,1.0,6.0,"AggressiveTackler, HighPressure, LowTempoController, Opportunistic",0
2005-2006_Sunderland_Man City,2005-2006,3,Sunderland,Man City,A,3,27.0,8.0,3.0,0.0,3.0,"RiskTaker, AggressiveTackler",0
2005-2006_Arsenal_Fulham,2005-2006,3,Arsenal,Fulham,H,5,28.0,13.0,7.0,0.0,7.0,"AggressiveTackler, RiskTaker, HighPressure, ChaosInducer",1
2005-2006_Blackburn_Tottenham,2005-2006,3,Blackburn,Tottenham,D,0,12.0,7.0,4.0,1.0,6.0,"AggressiveTackler, LowTempoController",0
2005-2006_Bolton_Newcastle,2005-2006,3,Bolton,Newcastle,H,2,21.0,7.0,1.0,0.0,1.0,"Disciplined, AggressiveTackler",0
2005-2006_Chelsea_West Brom,2005-2006,3,Chelsea,West Brom,H,4,11.0,10.0,1.0,0.0,1.0,"Disciplined, LowTempoController",0
2005-2006_Aston Villa_Blackburn,2005-2006,4,Aston Villa,Blackburn,H,1,19.0,15.0,4.0,0.0,4.0,"LowTempoController, Disciplined",0
2005-2006_Fulham_Everton,2005-2006,4,Fulham,Everton,H,1,15.0,8.0,3.0,1.0,5.0,"LowTempoController, ChaosInducer",0
2005-2006_Man City_Portsmouth,2005-2006,4,Man City,Portsmouth,H,3,23.0,15.0,3.0,0.0,3.0,"HighPressure, LowTempoController",0
2005-2006_Tottenham_Chelsea,2005-2006,4,Tottenham,Chelsea,A,2,24.0,7.0,5.0,1.0,7.0,"AggressiveTackler, ChaosInducer",1
2005-2006_West Brom_Birmingham,2005-2006,4,West Brom,Birmingham,A,5,23.0,5.0,4.0,0.0,4.0,"RiskTaker, ChaosInducer",1
2005-2006_West Ham_Bolton,2005-2006,4,West Ham,Bolton,A,3,23.0,14.0,5.0,0.0,5.0,"HighPressure, ChaosInducer, LowTempoController",0
2005-2006_Wigan_Sunderland,2005-2006,4,Wigan,Sunderland,H,1,20.0,6.0,6.0,0.0,6.0,"AggressiveTackler, Disciplined",0
2005-2006_Middlesbrough_Charlton,2005-2006,4,Middlesbrough,Charlton,A,3,22.0,7.0,3.0,0.0,3.0,"ChaosInducer, Opportunistic",0
2005-2006_Newcastle_Man United,2005-2006,4,Newcastle,Man United,A,2,20.0,8.0,3.0,0.0,3.0,"Disciplined, Disciplined",0
2005-2006_Birmingham_Charlton,2005-2006,5,Birmingham,Charlton,A,1,26.0,17.0,2.0,0.0,2.0,"HighPressure, Disciplined, LowTempoController",0
2005-2006_Chelsea_Sunderland,2005-2006,5,Chelsea,Sunderland,H,2,11.0,6.0,1.0,0.0,1.0,"Disciplined, LowTempoController",0
2005-2006_Everton_Portsmouth,2005-2006,5,Everton,Portsmouth,A,1,23.0,17.0,3.0,0.0,3.0,"HighPressure, LowTempoController",0
2005-2006_Man United_Man City,2005-2006,5,Man United,Man City,D,2,12.0,8.0,5.0,0.0,5.0,"LowTempoController, LowTempoController",0
2005-2006_Middlesbrough_Arsenal,2005-2006,5,Middlesbrough,Arsenal,H,3,19.0,13.0,7.0,0.0,7.0,"AggressiveTackler, ChaosInducer, LowTempoController",0
2005-2006_Newcastle_Fulham,2005-2006,5,Newcastle,Fulham,D,2,28.0,18.0,5.0,1.0,7.0,"AggressiveTackler, HighPressure, ChaosInducer, LowTempoController, Opportunistic",1
2005-2006_Tottenham_Liverpool,2005-2006,5,Tottenham,Liverpool,D,0,21.0,8.0,2.0,0.0,2.0,"Disciplined, HighPressure",0
2005-2006_West Brom_Wigan,2005-2006,5,West Brom,Wigan,A,3,19.0,5.0,4.0,0.0,4.0,"Disciplined, LowTempoController",0
2005-2006_Bolton_Blackburn,2005-2006,5,Bolton,Blackburn,D,0,19.0,8.0,3.0,0.0,3.0,"RiskTaker, HighPressure",0
2005-2006_West Ham_Aston Villa,2005-2006,5,West Ham,Aston Villa,H,4,28.0,15.0,1.0,0.0,1.0,"RiskTaker, HighPressure, Disciplined",0
2005-2006_Aston Villa_Tottenham,2005-2006,6,Aston Villa,Tottenham,D,2,26.0,7.0,3.0,0.0,3.0,"Opportunistic, Disciplined",0
2005-2006_Charlton_Chelsea,2005-2006,6,Charlton,Chelsea,A,2,27.0,9.0,2.0,0.0,2.0,"Disciplined, Opportunistic",0
2005-2006_Fulham_West Ham,2005-2006,6,Fulham,West Ham,A,3,19.0,10.0,3.0,0.0,3.0,"LowTempoController, DirectPlay",0
2005-2006_Portsmouth_Birmingham,2005-2006,6,Portsmouth,Birmingham,D,2,17.0,10.0,2.0,1.0,4.0,"LowTempoController, AggressiveTackler",0
2005-2006_Sunderland_West Brom,2005-2006,6,Sunderland,West Brom,D,2,24.0,10.0,3.0,0.0,3.0,"RiskTaker, RiskTaker",1
2005-2006_Blackburn_Newcastle,2005-2006,6,Blackburn,Newcastle,A,3,21.0,9.0,6.0,1.0,8.0,"AggressiveTackler, ChaosInducer",1
2005-2006_Liverpool_Man United,2005-2006,6,Liverpool,Man United,D,0,13.0,6.0,4.0,0.0,4.0,"LowTempoController, Opportunistic",0
2005-2006_Man City_Bolton,2005-2006,6,Man City,Bolton,A,1,22.0,12.0,2.0,0.0,2.0,"Disciplined, LowTempoController",0
2005-2006_Wigan_Middlesbrough,2005-2006,6,Wigan,Middlesbrough,D,2,21.0,9.0,1.0,0.0,1.0,"Disciplined, LowTempoController",0
2005-2006_Arsenal_Everton,2005-2006,6,Arsenal,Everton,H,2,15.0,4.0,5.0,0.0,5.0,"RiskTaker, HighPressure",0
2005-2006_Birmingham_Liverpool,2005-2006,7,Birmingham,Liverpool,D,4,18.0,10.0,5.0,1.0,7.0,"AggressiveTackler, ChaosInducer, LowTempoController",0
2005-2006_Bolton_Portsmouth,2005-2006,7,Bolton,Portsmouth,H,1,17.0,10.0,4.0,0.0,4.0,"LowTempoController, Disciplined",0
2005-2006_Chelsea_Aston Villa,2005-2006,7,Chelsea,Aston Villa,H,3,21.0,10.0,2.0,0.0,2.0,"Disciplined, Disciplined",0
2005-2006_Everton_Wigan,2005-2006,7,Everton,Wigan,A,1,25.0,14.0,3.0,0.0,3.0,"HighPressure, LowTempoController",0
2005-2006_Man United_Blackburn,2005-2006,7,Man United,Blackburn,A,3,37.0,8.0,4.0,0.0,4.0,"RiskTaker, HighPressure",0
2005-2006_Newcastle_Man City,2005-2006,7,Newcastle,Man City,H,1,16.0,9.0,2.0,0.0,2.0,"Disciplined, LowTempoController",0
2005-2006_West Brom_Charlton,2005-2006,7,West Brom,Charlton,A,3,26.0,9.0,1.0,0.0,1.0,"Disciplined, DirectPlay",0
2005-2006_West Ham_Arsenal,2005-2006,7,West Ham,Arsenal,D,0,14.0,7.0,2.0,0.0,2.0,"Disciplined, LowTempoController",0
2005-2006_Middlesbrough_Sunderland,2005-2006,7,Middlesbrough,Sunderland,A,2,24.0,10.0,5.0,0.0,5.0,"Opportunistic, AggressiveTackler",0
2005-2006_Tottenham_Fulham,2005-2006,7,Tottenham,Fulham,H,1,17.0,12.0,3.0,0.0,3.0,"LowTempoController, LowTempoController",0
2005-2006_Blackburn_West Brom,2005-2006,8,Blackburn,West Brom,H,2,26.0,12.0,2.0,0.0,2.0,"HighPressure, Disciplined",0
2005-2006_Charlton_Tottenham,2005-2006,8,Charlton,Tottenham,A,5,22.0,7.0,5.0,0.0,5.0,"RiskTaker, ChaosInducer",1
2005-2006_Fulham_Man United,2005-2006,8,Fulham,Man United,A,5,22.0,12.0,3.0,0.0,3.0,"RiskTaker, ChaosInducer, LowTempoController",1
2005-2006_Portsmouth_Newcastle,2005-2006,8,Portsmouth,Newcastle,D,0,16.0,8.0,3.0,0.0,3.0,"LowTempoController, AggressiveTackler",0
2005-2006_Sunderland_West Ham,2005-2006,8,Sunderland,West Ham,D,2,22.0,8.0,6.0,0.0,6.0,"AggressiveTackler, RiskTaker",0
2005-2006_Arsenal_Birmingham,2005-2006,8,Arsenal,Birmingham,H,1,18.0,15.0,1.0,1.0,3.0,"LowTempoController, Opportunistic",0
2005-2006_Aston Villa_Middlesbrough,2005-2006,8,Aston Villa,Middlesbrough,A,5,26.0,11.0,5.0,0.0,5.0,"RiskTaker, ChaosInducer",1
2005-2006_Liverpool_Chelsea,2005-2006,8,Liverpool,Chelsea,A,5,18.0,6.0,4.0,0.0,4.0,"ChaosInducer, DirectPlay",0
2005-2006_Man City_Everton,2005-2006,8,Man City,Everton,H,2,19.0,6.0,1.0,0.0,1.0,"Disciplined, AggressiveTackler",0
2005-2006_Wigan_Bolton,2005-2006,8,Wigan,Bolton,H,3,29.0,12.0,2.0,0.0,2.0,"RiskTaker, HighPressure, Disciplined",0
2005-2006_Chelsea_Bolton,2005-2006,9,Chelsea,Bolton,H,6,21.0,8.0,4.0,1.0,6.0,"AggressiveTackler, RiskTaker, ChaosInducer",1
2005-2006_Liverpool_Blackburn,2005-2006,9,Liverpool,Blackburn,H,1,23.0,11.0,3.0,1.0,5.0,"HighPressure, Disciplined",0
2005-2006_Middlesbrough_Portsmouth,2005-2006,9,Middlesbrough,Portsmouth,D,2,23.0,9.0,5.0,0.0,5.0,"RiskTaker, DirectPlay",0
2005-2006_Sunderland_Man United,2005-2006,9,Sunderland,Man United,A,4,26.0,9.0,4.0,0.0,4.0,"RiskTaker, ChaosInducer",1
2005-2006_Tottenham_Everton,2005-2006,9,Tottenham,Everton,H,2,15.0,13.0,2.0,0.0,2.0,"Disciplined, LowTempoController",0
2005-2006_West Brom_Arsenal,2005-2006,9,West Brom,Arsenal,H,3,19.0,9.0,3.0,0.0,3.0,"AggressiveTackler, LowTempoController",0
2005-2006_Wigan_Newcastle,2005-2006,9,Wigan,Newcastle,H,1,23.0,11.0,5.0,1.0,7.0,"AggressiveTackler, HighPressure",1
2005-2006_Birmingham_Aston Villa,2005-2006,9,Birmingham,Aston Villa,A,1,12.0,16.0,4.0,0.0,4.0,"LowTempoController, HighPressure",0
2005-2006_Man City_West Ham,2005-2006,9,Man City,West Ham,H,3,28.0,12.0,2.0,0.0,2.0,"RiskTaker, HighPressure, Disciplined",0
2005-2006_Charlton_Fulham,2005-2006,9,Charlton,Fulham,D,2,27.0,7.0,5.0,0.0,5.0,"Opportunistic, AggressiveTackler",0
2005-2006_Arsenal_Man City,2005-2006,10,Arsenal,Man City,H,1,11.0,7.0,8.0,0.0,8.0,"AggressiveTackler, ChaosInducer, LowTempoController",0
2005-2006_Aston Villa_Wigan,2005-2006,10,Aston Villa,Wigan,A,2,22.0,14.0,0.0,0.0,0.0,"Disciplined, LowTempoController",0
2005-2006_Blackburn_Birmingham,2005-2006,10,Blackburn,Birmingham,H,2,14.0,12.0,3.0,0.0,3.0,"LowTempoController, Disciplined",0
2005-2006_Fulham_Liverpool,2005-2006,10,Fulham,Liverpool,H,2,20.0,11.0,2.0,0.0,2.0,"Disciplined, LowTempoController",0
2005-2006_Man United_Tottenham,2005-2006,10,Man United,Tottenham,D,2,22.0,15.0,5.0,0.0,5.0,"HighPressure, LowTempoController",0
2005-2006_Portsmouth_Charlton,2005-2006,10,Portsmouth,Charlton,A,3,26.0,11.0,5.0,0.0,5.0,"ChaosInducer, AggressiveTackler",1
2005-2006_Bolton_West Brom,2005-2006,10,Bolton,West Brom,H,2,21.0,11.0,4.0,0.0,4.0,"LowTempoController, RiskTaker",0
2005-2006_Everton_Chelsea,2005-2006,10,Everton,Chelsea,D,2,28.0,14.0,4.0,0.0,4.0,"HighPressure, Opportunistic",0
2005-2006_Newcastle_Sunderland,2005-2006,10,Newcastle,Sunderland,H,5,22.0,8.0,4.0,0.0,4.0,"RiskTaker, ChaosInducer",1
2005-2006_West Ham_Middlesbrough,2005-2006,10,West Ham,Middlesbrough,H,3,34.0,11.0,3.0,0.0,3.0,"RiskTaker, HighPressure",0
2005-2006_Birmingham_Everton,2005-2006,11,Birmingham,Everton,A,1,29.0,14.0,1.0,0.0,1.0,"HighPressure, Disciplined, Opportunistic",0
2005-2006_Charlton_Bolton,2005-2006,11,Charlton,Bolton,A,1,18.0,6.0,1.0,0.0,1.0,"Disciplined, AggressiveTackler",0
2005-2006_Chelsea_Blackburn,2005-2006,11,Chelsea,Blackburn,H,6,25.0,7.0,6.0,0.0,6.0,"AggressiveTackler, RiskTaker, ChaosInducer",1
2005-2006_Liverpool_West Ham,2005-2006,11,Liverpool,West Ham,H,2,21.0,15.0,2.0,0.0,2.0,"HighPressure, Disciplined, LowTempoController",0
2005-2006_Middlesbrough_Man United,2005-2006,11,Middlesbrough,Man United,H,5,20.0,8.0,5.0,0.0,5.0,"RiskTaker, ChaosInducer",1
2005-2006_Sunderland_Portsmouth,2005-2006,11,Sunderland,Portsmouth,A,5,10.0,13.0,1.0,0.0,1.0,"Disciplined, LowTempoController",0
2005-2006_Tottenham_Arsenal,2005-2006,11,Tottenham,Arsenal,D,2,21.0,7.0,6.0,0.0,6.0,"AggressiveTackler, HighPressure",1
2005-2006_Wigan_Fulham,2005-2006,11,Wigan,Fulham,H,1,19.0,9.0,2.0,0.0,2.0,"Disciplined, DirectPlay",0
2005-2006_West Brom_Newcastle,2005-2006,11,West Brom,Newcastle,A,3,19.0,13.0,1.0,0.0,1.0,"Disciplined, LowTempoController",0
2005-2006_Man City_Aston Villa,2005-2006,11,Man City,Aston Villa,H,4,24.0,8.0,2.0,0.0,2.0,"RiskTaker, Disciplined",0
2005-2006_Arsenal_Sunderland,2005-2006,12,Arsenal,Sunderland,H,4,13.0,10.0,1.0,0.0,1.0,"Disciplined, LowTempoController",0
2005-2006_Aston Villa_Liverpool,2005-2006,12,Aston Villa,Liverpool,A,2,16.0,8.0,4.0,0.0,4.0,"LowTempoController, AggressiveTackler",0
2005-2006_Blackburn_Charlton,2005-2006,12,Blackburn,Charlton,H,5,19.0,16.0,2.0,0.0,2.0,"HighPressure, Disciplined, LowTempoController",0
2005-2006_Fulham_Man City,2005-2006,12,Fulham,Man City,H,3,13.0,6.0,4.0,0.0,4.0,"LowTempoController, Disciplined",0
2005-2006_Newcastle_Birmingham,2005-2006,12,Newcastle,Birmingham,H,1,19.0,5.0,5.0,0.0,5.0,"Opportunistic, DirectPlay",0
2005-2006_Portsmouth_Wigan,2005-2006,12,Portsmouth,Wigan,A,2,14.0,13.0,3.0,0.0,3.0,"LowTempoController, LowTempoController",0
2005-2006_West Ham_West Brom,2005-2006,12,West Ham,West Brom,H,1,20.0,13.0,2.0,0.0,2.0,"Disciplined, LowTempoController",0
2005-2006_Everton_Middlesbrough,2005-2006,12,Everton,Middlesbrough,H,1,29.0,12.0,3.0,0.0,3.0,"HighPressure, Opportunistic",0
2005-2006_Man United_Chelsea,2005-2006,12,Man United,Chelsea,H,1,31.0,14.0,7.0,0.0,7.0,"AggressiveTackler, HighPressure, Opportunistic",1
2005-2006_Bolton_Tottenham,2005-2006,12,Bolton,Tottenham,H,1,18.0,11.0,1.0,0.0,1.0,"Disciplined, LowTempoController",0
2005-2006_Charlton_Man United,2005-2006,13,Charlton,Man United,A,4,31.0,7.0,2.0,0.0,2.0,"RiskTaker, Disciplined",0
2005-2006_Chelsea_Newcastle,2005-2006,13,Chelsea,Newcastle,H,3,15.0,8.0,3.0,0.0,3.0,"LowTempoController, ChaosInducer",0
2005-2006_Liverpool_Portsmouth,2005-2006,13,Liverpool,Portsmouth,H,3,22.0,13.0,2.0,0.0,2.0,"Disciplined, LowTempoController",0
2005-2006_Man City_Blackburn,2005-2006,13,Man City,Blackburn,D,0,17.0,8.0,6.0,0.0,6.0,"AggressiveTackler, AggressiveTackler",1
2005-2006_Sunderland_Aston Villa,2005-2006,13,Sunderland,Aston Villa,A,4,24.0,11.0,3.0,0.0,3.0,"RiskTaker, Disciplined",0
2005-2006_West Brom_Everton,2005-2006,13,West Brom,Everton,H,4,22.0,12.0,0.0,0.0,0.0,"Disciplined, LowTempoController",0
2005-2006_Wigan_Arsenal,2005-2006,13,Wigan,Arsenal,A,5,24.0,4.0,6.0,0.0,6.0,"AggressiveTackler, RiskTaker, ChaosInducer",1
2005-2006_Middlesbrough_Fulham,2005-2006,13,Middlesbrough,Fulham,H,5,29.0,13.0,1.0,0.0,1.0,"RiskTaker, HighPressure, Disciplined",0
2005-2006_Tottenham_West Ham,2005-2006,13,Tottenham,West Ham,D,2,23.0,16.0,4.0,0.0,4.0,"HighPressure, LowTempoController",0
2005-2006_Arsenal_Blackburn,2005-2006,14,Arsenal,Blackburn,H,3,28.0,19.0,3.0,0.0,3.0,"RiskTaker, HighPressure, LowTempoController",0
2005-2006_Aston Villa_Charlton,2005-2006,14,Aston Villa,Charlton,H,1,21.0,13.0,4.0,0.0,4.0,"LowTempoController, DirectPlay",0
2005-2006_Man City_Liverpool,2005-2006,14,Man City,Liverpool,A,1,11.0,10.0,2.0,0.0,2.0,"Disciplined, LowTempoController",0
2005-2006_Portsmouth_Chelsea,2005-2006,14,Portsmouth,Chelsea,A,2,18.0,3.0,6.0,0.0,6.0,"AggressiveTackler, Disciplined",0
2005-2006_Sunderland_Birmingham,2005-2006,14,Sunderland,Birmingham,A,1,14.0,8.0,0.0,0.0,0.0,"Disciplined, LowTempoController",0
2005-2006_Wigan_Tottenham,2005-2006,14,Wigan,Tottenham,A,3,18.0,11.0,2.0,0.0,2.0,"Disciplined, LowTempoController",0
2005-2006_Everton_Newcastle,2005-2006,14,Everton,Newcastle,H,1,30.0,20.0,6.0,0.0,6.0,"AggressiveTackler, HighPressure, LowTempoController, Opportunistic",1
2005-2006_Fulham_Bolton,2005-2006,14,Fulham,Bolton,H,3,15.0,9.0,9.0,0.0,9.0,"AggressiveTackler, ChaosInducer, LowTempoController",0
2005-2006_Middlesbrough_West Brom,2005-2006,14,Middlesbrough,West Brom,D,4,22.0,11.0,2.0,0.0,2.0,"Disciplined, LowTempoController",0
2005-2006_West Ham_Man United,2005-2006,14,West Ham,Man United,A,3,26.0,9.0,5.0,0.0,5.0,"ChaosInducer, HighPressure",1
2005-2006_Sunderland_Liverpool,2005-2006,14,Sunderland,Liverpool,A,2,23.0,6.0,2.0,1.0,4.0,"Disciplined, DirectPlay",0
2005-2006_Blackburn_Everton,2005-2006,15,Blackburn,Everton,A,2,23.0,12.0,2.0,1.0,4.0,"Disciplined, Disciplined",0
2005-2006_Bolton_Arsenal,2005-2006,15,Bolton,Arsenal,H,2,18.0,12.0,3.0,0.0,3.0,"LowTempoController, Disciplined",0
2005-2006_Chelsea_Middlesbrough,2005-2006,15,Chelsea,Middlesbrough,H,1,27.0,10.0,0.0,0.0,0.0,"Disciplined, Opportunistic",0
2005-2006_Liverpool_Wigan,2005-2006,15,Liverpool,Wigan,H,3,26.0,17.0,3.0,0.0,3.0,"HighPressure, LowTempoController",0
2005-2006_Man United_Portsmouth,2005-2006,15,Man United,Portsmouth,H,3,27.0,15.0,1.0,0.0,1.0,"RiskTaker, HighPressure, Disciplined, LowTempoController",0
2005-2006_Newcastle_Aston Villa,2005-2006,15,Newcastle,Aston Villa,D,2,17.0,10.0,3.0,0.0,3.0,"LowTempoController, RiskTaker",0
2005-2006_Tottenham_Sunderland,2005-2006,15,Tottenham,Sunderland,H,5,19.0,12.0,2.0,0.0,2.0,"Disciplined, LowTempoController",0
2005-2006_West Brom_Fulham,2005-2006,15,West Brom,Fulham,D,0,13.0,4.0,4.0,1.0,6.0,"AggressiveTackler, RiskTaker",0
2005-2006_Charlton_Man City,2005-2006,15,Charlton,Man City,A,7,27.0,12.0,5.0,0.0,5.0,"RiskTaker, HighPressure, ChaosInducer",1
2005-2006_Birmingham_West Ham,2005-2006,15,Birmingham,West Ham,A,3,24.0,19.0,2.0,0.0,2.0,"HighPressure, Disciplined, LowTempoController",0
2005-2006_Birmingham_Fulham,2005-2006,16,Birmingham,Fulham,H,1,18.0,4.0,0.0,0.0,0.0,"Disciplined, HighPressure",0
2005-2006_Blackburn_West Ham,2005-2006,16,Blackburn,West Ham,H,5,20.0,5.0,9.0,0.0,9.0,"AggressiveTackler, RiskTaker, ChaosInducer",1
2005-2006_Bolton_Aston Villa,2005-2006,16,Bolton,Aston Villa,D,2,19.0,9.0,6.0,0.0,6.0,"AggressiveTackler, AggressiveTackler",1
2005-2006_Charlton_Sunderland,2005-2006,16,Charlton,Sunderland,H,2,28.0,9.0,2.0,0.0,2.0,"Disciplined, Opportunistic",0
2005-2006_Chelsea_Wigan,2005-2006,16,Chelsea,Wigan,H,1,15.0,6.0,2.0,0.0,2.0,"Disciplined, Disciplined",0
2005-2006_Liverpool_Middlesbrough,2005-2006,16,Liverpool,Middlesbrough,H,2,29.0,13.0,3.0,1.0,5.0,"HighPressure, Opportunistic",0
2005-2006_Newcastle_Arsenal,2005-2006,16,Newcastle,Arsenal,H,1,14.0,9.0,3.0,1.0,5.0,"LowTempoController, LowTempoController",0
2005-2006_West Brom_Man City,2005-2006,16,West Brom,Man City,H,2,19.0,10.0,5.0,1.0,7.0,"AggressiveTackler, ChaosInducer, LowTempoController",1
2005-2006_Man United_Everton,2005-2006,16,Man United,Everton,D,2,28.0,9.0,3.0,0.0,3.0,"Opportunistic, AggressiveTackler",0
2005-2006_Tottenham_Portsmouth,2005-2006,16,Tottenham,Portsmouth,H,4,24.0,9.0,0.0,0.0,0.0,"RiskTaker, Disciplined",0
2005-2006_Everton_West Ham,2005-2006,16,Everton,West Ham,A,3,19.0,13.0,3.0,0.0,3.0,"LowTempoController, LowTempoController",0
2005-2006_Man United_Wigan,2005-2006,16,Man United,Wigan,H,4,27.0,14.0,2.0,0.0,2.0,"RiskTaker, HighPressure, Disciplined",0
2005-2006_Aston Villa_Man United,2005-2006,17,Aston Villa,Man United,A,2,28.0,8.0,1.0,0.0,1.0,"Disciplined, Opportunistic",0
2005-2006_Everton_Bolton,2005-2006,17,Everton,Bolton,A,4,20.0,10.0,4.0,0.0,4.0,"ChaosInducer, AggressiveTackler",0
2005-2006_Fulham_Blackburn,2005-2006,17,Fulham,Blackburn,H,3,18.0,20.0,8.0,0.0,8.0,"AggressiveTackler, HighPressure, ChaosInducer, LowTempoController",1
2005-2006_Man City_Birmingham,2005-2006,17,Man City,Birmingham,H,5,23.0,12.0,4.0,1.0,6.0,"AggressiveTackler, RiskTaker, ChaosInducer",1
2005-2006_Portsmouth_West Brom,2005-2006,17,Portsmouth,West Brom,H,1,9.0,14.0,2.0,0.0,2.0,"Disciplined, LowTempoController",0
2005-2006_West Ham_Newcastle,2005-2006,17,West Ham,Newcastle,A,6,21.0,5.0,6.0,0.0,6.0,"AggressiveTackler, RiskTaker, ChaosInducer",1
2005-2006_Wigan_Charlton,2005-2006,17,Wigan,Charlton,H,3,23.0,15.0,1.0,0.0,1.0,"HighPressure, Disciplined, LowTempoController",0
2005-2006_Arsenal_Chelsea,2005-2006,17,Arsenal,Chelsea,A,2,18.0,10.0,7.0,0.0,7.0,"AggressiveTackler, ChaosInducer, LowTempoController",0
2005-2006_Middlesbrough_Tottenham,2005-2006,17,Middlesbrough,Tottenham,D,6,19.0,18.0,5.0,0.0,5.0,"RiskTaker, HighPressure, ChaosInducer, LowTempoController",1
2005-2006_Aston Villa_Everton,2005-2006,18,Aston Villa,Everton,H,4,22.0,13.0,0.0,0.0,0.0,"Disciplined, LowTempoController",0
2005-2006_Charlton_Arsenal,2005-2006,18,Charlton,Arsenal,A,1,26.0,14.0,5.0,1.0,7.0,"AggressiveTackler, HighPressure, LowTempoController",1
2005-2006_Chelsea_Fulham,2005-2006,18,Chelsea,Fulham,H,5,24.0,14.0,4.0,0.0,4.0,"RiskTaker, HighPressure, ChaosInducer, LowTempoController",1
2005-2006_Liverpool_Newcastle,2005-2006,18,Liverpool,Newcastle,H,2,23.0,11.0,1.0,1.0,3.0,"HighPressure, Disciplined",0
2005-2006_Man United_West Brom,2005-2006,18,Man United,West Brom,H,3,22.0,10.0,1.0,0.0,1.0,"Disciplined, Disciplined",0
2005-2006_Middlesbrough_Blackburn,2005-2006,18,Middlesbrough,Blackburn,A,2,15.0,5.0,6.0,0.0,6.0,"AggressiveTackler, ChaosInducer",1
2005-2006_Portsmouth_West Ham,2005-2006,18,Portsmouth,West Ham,D,2,25.0,11.0,4.0,1.0,6.0,"AggressiveTackler, LowTempoController",0
2005-2006_Sunderland_Bolton,2005-2006,18,Sunderland,Bolton,D,0,19.0,5.0,4.0,0.0,4.0,"AggressiveTackler, AggressiveTackler",1
2005-2006_Tottenham_Birmingham,2005-2006,18,Tottenham,Birmingham,H,2,16.0,17.0,5.0,1.0,7.0,"AggressiveTackler, ChaosInducer, LowTempoController",1
2005-2006_Wigan_Man City,2005-2006,18,Wigan,Man City,H,7,31.0,11.0,0.0,0.0,0.0,"RiskTaker, HighPressure, ChaosInducer, Disciplined",1
2005-2006_Arsenal_Portsmouth,2005-2006,19,Arsenal,Portsmouth,H,4,12.0,4.0,1.0,0.0,1.0,"Disciplined, Opportunistic",0
2005-2006_Birmingham_Man United,2005-2006,19,Birmingham,Man United,D,4,22.0,8.0,0.0,0.0,0.0,"Disciplined, Opportunistic",0
2005-2006_Everton_Liverpool,2005-2006,19,Everton,Liverpool,A,4,22.0,7.0,6.0,2.0,10.0,"AggressiveTackler, ChaosInducer",1
2005-2006_Fulham_Aston Villa,2005-2006,19,Fulham,Aston Villa,D,6,15.0,16.0,4.0,0.0,4.0,"ChaosInducer, LowTempoController",0
2005-2006_Man City_Chelsea,2005-2006,19,Man City,Chelsea,A,1,16.0,5.0,2.0,0.0,2.0,"Disciplined, RiskTaker",0
2005-2006_West Brom_Tottenham,2005-2006,19,West Brom,Tottenham,H,2,13.0,7.0,0.0,0.0,0.0,"Disciplined, LowTempoController",0
2005-2006_West Ham_Wigan,2005-2006,19,West Ham,Wigan,A,2,12.0,8.0,2.0,0.0,2.0,"Disciplined, LowTempoController",0
2005-2006_Aston Villa_Arsenal,2005-2006,20,Aston Villa,Arsenal,D,0,21.0,11.0,2.0,0.0,2.0,"Disciplined, LowTempoController",0
2005-2006_Charlton_West Ham,2005-2006,20,Charlton,West Ham,H,2,22.0,19.0,1.0,0.0,1.0,"HighPressure, Disciplined, LowTempoController",0
2005-2006_Chelsea_Birmingham,2005-2006,20,Chelsea,Birmingham,H,2,21.0,9.0,1.0,0.0,1.0,"Disciplined, ChaosInducer",0
2005-2006_Liverpool_West Brom,2005-2006,20,Liverpool,West Brom,H,1,31.0,11.0,0.0,0.0,0.0,"HighPressure, Disciplined, Opportunistic",0
2005-2006_Man United_Bolton,2005-2006,20,Man United,Bolton,H,5,22.0,8.0,7.0,0.0,7.0,"AggressiveTackler, RiskTaker, ChaosInducer",1
2005-2006_Middlesbrough_Man City,2005-2006,20,Middlesbrough,Man City,D,0,20.0,11.0,1.0,0.0,1.0,"Disciplined, LowTempoController",0
2005-2006_Portsmouth_Fulham,2005-2006,20,Portsmouth,Fulham,H,1,26.0,16.0,3.0,0.0,3.0,"HighPressure, LowTempoController",0
2005-2006_Sunderland_Everton,2005-2006,20,Sunderland,Everton,A,1,22.0,13.0,2.0,0.0,2.0,"Disciplined, LowTempoController",0
2005-2006_Tottenham_Newcastle,2005-2006,20,Tottenham,Newcastle,H,2,22.0,8.0,1.0,0.0,1.0,"Disciplined, DirectPlay",0
2005-2006_Wigan_Blackburn,2005-2006,20,Wigan,Blackburn,A,3,22.0,9.0,2.0,0.0,2.0,"Disciplined, Opportunistic",0
2005-2006_Birmingham_Wigan,2005-2006,21,Birmingham,Wigan,H,2,14.0,11.0,3.0,0.0,3.0,"LowTempoController, DirectPlay",0
2005-2006_Blackburn_Portsmouth,2005-2006,21,Blackburn,Portsmouth,H,3,20.0,10.0,5.0,0.0,5.0,"ChaosInducer, RiskTaker",1
2005-2006_Bolton_Liverpool,2005-2006,21,Bolton,Liverpool,D,4,27.0,8.0,5.0,0.0,5.0,"RiskTaker, ChaosInducer",1
2005-2006_Everton_Charlton,2005-2006,21,Everton,Charlton,H,4,24.0,7.0,2.0,0.0,2.0,"RiskTaker, Disciplined",0
2005-2006_Fulham_Sunderland,2005-2006,21,Fulham,Sunderland,H,3,22.0,12.0,4.0,1.0,6.0,"AggressiveTackler, ChaosInducer, LowTempoController",0
2005-2006_Newcastle_Middlesbrough,2005-2006,21,Newcastle,Middlesbrough,D,4,18.0,7.0,2.0,0.0,2.0,"Disciplined, RiskTaker",0
2005-2006_West Brom_Aston Villa,2005-2006,21,West Brom,Aston Villa,A,3,22.0,13.0,5.0,0.0,5.0,"ChaosInducer, LowTempoController",0
2005-2006_West Ham_Chelsea,2005-2006,21,West Ham,Chelsea,A,4,23.0,7.0,4.0,0.0,4.0,"ChaosInducer, RiskTaker",1
2005-2006_Arsenal_Man United,2005-2006,21,Arsenal,Man United,D,0,24.0,15.0,5.0,0.0,5.0,"HighPressure, LowTempoController",0
2005-2006_Man City_Tottenham,2005-2006,21,Man City,Tottenham,A,2,21.0,20.0,4.0,0.0,4.0,"HighPressure, LowTempoController",0
2005-2006_Arsenal_Middlesbrough,2005-2006,22,Arsenal,Middlesbrough,H,7,29.0,10.0,3.0,1.0,5.0,"RiskTaker, HighPressure, ChaosInducer",1
2005-2006_Aston Villa_West Ham,2005-2006,22,Aston Villa,West Ham,A,3,24.0,14.0,4.0,0.0,4.0,"HighPressure, LowTempoController",0
2005-2006_Blackburn_Bolton,2005-2006,22,Blackburn,Bolton,D,0,21.0,12.0,7.0,1.0,9.0,"AggressiveTackler, ChaosInducer, LowTempoController",0
2005-2006_Charlton_Birmingham,2005-2006,22,Charlton,Birmingham,H,2,25.0,9.0,0.0,0.0,0.0,"Disciplined, LowTempoController",0
2005-2006_Fulham_Newcastle,2005-2006,22,Fulham,Newcastle,H,1,18.0,15.0,2.0,0.0,2.0,"Disciplined, LowTempoController",0
2005-2006_Liverpool_Tottenham,2005-2006,22,Liverpool,Tottenham,H,1,22.0,17.0,1.0,1.0,3.0,"HighPressure, LowTempoController",0
2005-2006_Man City_Man United,2005-2006,22,Man City,Man United,H,4,25.0,6.0,3.0,1.0,5.0,"RiskTaker, ChaosInducer",1
2005-2006_Portsmouth_Everton,2005-2006,22,Portsmouth,Everton,A,1,23.0,12.0,4.0,0.0,4.0,"LowTempoController, HighPressure",0
2005-2006_Sunderland_Chelsea,2005-2006,22,Sunderland,Chelsea,A,3,31.0,7.0,3.0,1.0,5.0,"RiskTaker, ChaosInducer",1
2005-2006_Wigan_West Brom,2005-2006,22,Wigan,West Brom,A,1,34.0,11.0,3.0,1.0,5.0,"HighPressure, Opportunistic",0
2005-2006_Birmingham_Portsmouth,2005-2006,23,Birmingham,Portsmouth,H,5,19.0,9.0,2.0,0.0,2.0,"Disciplined, HighPressure",0
2005-2006_Bolton_Man City,2005-2006,23,Bolton,Man City,H,2,20.0,9.0,4.0,0.0,4.0,"RiskTaker, ChaosInducer",1
2005-2006_Everton_Arsenal,2005-2006,23,Everton,Arsenal,H,1,23.0,11.0,6.0,1.0,8.0,"AggressiveTackler, ChaosInducer",0
2005-2006_Middlesbrough_Wigan,2005-2006,23,Middlesbrough,Wigan,A,5,23.0,16.0,2.0,0.0,2.0,"RiskTaker, HighPressure, Disciplined, LowTempoController",0
2005-2006_Newcastle_Blackburn,2005-2006,23,Newcastle,Blackburn,A,1,18.0,8.0,2.0,0.0,2.0,"Disciplined, AggressiveTackler",0
2005-2006_Tottenham_Aston Villa,2005-2006,23,Tottenham,Aston Villa,D,0,25.0,11.0,2.0,1.0,4.0,"LowTempoController, ChaosInducer",0
2005-2006_West Brom_Sunderland,2005-2006,23,West Brom,Sunderland,A,1,17.0,8.0,3.0,0.0,3.0,"Disciplined, LowTempoController",0
2005-2006_Chelsea_Charlton,2005-2006,23,Chelsea,Charlton,D,2,21.0,6.0,3.0,1.0,5.0,"LowTempoController, HighPressure",0
2005-2006_Man United_Liverpool,2005-2006,23,Man United,Liverpool,H,1,18.0,3.0,5.0,0.0,5.0,"AggressiveTackler, AggressiveTackler",0
2005-2006_West Ham_Fulham,2005-2006,23,West Ham,Fulham,H,3,21.0,11.0,4.0,0.0,4.0,"LowTempoController, Opportunistic",0
2005-2006_Charlton_West Brom,2005-2006,24,Charlton,West Brom,D,0,24.0,8.0,6.0,1.0,8.0,"AggressiveTackler, DirectPlay",0
2005-2006_Fulham_Tottenham,2005-2006,24,Fulham,Tottenham,H,1,19.0,12.0,4.0,1.0,6.0,"AggressiveTackler, LowTempoController",0
2005-2006_Sunderland_Middlesbrough,2005-2006,24,Sunderland,Middlesbrough,A,3,21.0,7.0,2.0,0.0,2.0,"Disciplined, DirectPlay",0
2005-2006_Wigan_Everton,2005-2006,24,Wigan,Everton,D,2,22.0,10.0,2.0,2.0,6.0,"AggressiveTackler, DirectPlay",0
2005-2006_Arsenal_West Ham,2005-2006,24,Arsenal,West Ham,A,5,20.0,14.0,2.0,0.0,2.0,"RiskTaker, Disciplined, LowTempoController",0
2005-2006_Aston Villa_Chelsea,2005-2006,24,Aston Villa,Chelsea,D,2,17.0,9.0,4.0,0.0,4.0,"LowTempoController, DirectPlay",0
2005-2006_Blackburn_Man United,2005-2006,24,Blackburn,Man United,H,7,19.0,4.0,6.0,1.0,8.0,"AggressiveTackler, RiskTaker, ChaosInducer",1
2005-2006_Liverpool_Birmingham,2005-2006,24,Liverpool,Birmingham,D,2,27.0,14.0,0.0,1.0,2.0,"HighPressure, Disciplined, Opportunistic",0
2005-2006_Man City_Newcastle,2005-2006,24,Man City,Newcastle,H,3,18.0,6.0,2.0,0.0,2.0,"Disciplined, Disciplined",0
2005-2006_Portsmouth_Bolton,2005-2006,24,Portsmouth,Bolton,D,2,21.0,10.0,0.0,0.0,0.0,"Disciplined, Disciplined",0
2005-2006_Birmingham_Arsenal,2005-2006,25,Birmingham,Arsenal,A,2,22.0,12.0,5.0,1.0,7.0,"AggressiveTackler, ChaosInducer, LowTempoController",0
2005-2006_Bolton_Wigan,2005-2006,25,Bolton,Wigan,D,2,19.0,5.0,4.0,0.0,4.0,"LowTempoController, RiskTaker",0
2005-2006_Everton_Man City,2005-2006,25,Everton,Man City,H,1,17.0,14.0,3.0,1.0,5.0,"LowTempoController, HighPressure",0
2005-2006_Man United_Fulham,2005-2006,25,Man United,Fulham,H,6,31.0,13.0,6.0,0.0,6.0,"AggressiveTackler, RiskTaker, HighPressure, ChaosInducer",1
2005-2006_Middlesbrough_Aston Villa,2005-2006,25,Middlesbrough,Aston Villa,A,4,19.0,11.0,4.0,0.0,4.0,"ChaosInducer, LowTempoController",0
2005-2006_Newcastle_Portsmouth,2005-2006,25,Newcastle,Portsmouth,H,2,17.0,8.0,1.0,0.0,1.0,"Disciplined, HighPressure",0
2005-2006_West Brom_Blackburn,2005-2006,25,West Brom,Blackburn,H,2,19.0,11.0,2.0,0.0,2.0,"Disciplined, LowTempoController",0
2005-2006_West Ham_Sunderland,2005-2006,25,West Ham,Sunderland,H,2,18.0,11.0,4.0,1.0,6.0,"AggressiveTackler, LowTempoController",0
2005-2006_Chelsea_Liverpool,2005-2006,25,Chelsea,Liverpool,H,2,22.0,10.0,3.0,1.0,5.0,"DirectPlay, LowTempoController",0
2005-2006_Tottenham_Charlton,2005-2006,25,Tottenham,Charlton,H,4,21.0,7.0,3.0,0.0,3.0,"Opportunistic, ChaosInducer",0
2005-2006_Charlton_Liverpool,2005-2006,25,Charlton,Liverpool,H,2,19.0,11.0,4.0,0.0,4.0,"LowTempoController, RiskTaker",0
2005-2006_Arsenal_Bolton,2005-2006,26,Arsenal,Bolton,D,2,21.0,14.0,4.0,0.0,4.0,"LowTempoController, LowTempoController",0
2005-2006_Aston Villa_Newcastle,2005-2006,26,Aston Villa,Newcastle,A,3,22.0,18.0,6.0,1.0,8.0,"AggressiveTackler, HighPressure, ChaosInducer, LowTempoController",1
2005-2006_Everton_Blackburn,2005-2006,26,Everton,Blackburn,H,1,23.0,16.0,6.0,1.0,8.0,"AggressiveTackler, HighPressure, ChaosInducer, LowTempoController",1
2005-2006_Fulham_West Brom,2005-2006,26,Fulham,West Brom,H,7,22.0,11.0,5.0,0.0,5.0,"RiskTaker, ChaosInducer",1
2005-2006_Middlesbrough_Chelsea,2005-2006,26,Middlesbrough,Chelsea,H,3,24.0,14.0,3.0,0.0,3.0,"HighPressure, LowTempoController",0
2005-2006_Portsmouth_Man United,2005-2006,26,Portsmouth,Man United,A,4,21.0,18.0,0.0,0.0,0.0,"HighPressure, Disciplined, LowTempoController",0
2005-2006_Wigan_Liverpool,2005-2006,26,Wigan,Liverpool,A,1,12.0,7.0,2.0,0.0,2.0,"Disciplined, LowTempoController",0
2005-2006_Man City_Charlton,2005-2006,26,Man City,Charlton,H,5,28.0,12.0,0.0,0.0,0.0,"RiskTaker, HighPressure, Disciplined",0
2005-2006_Sunderland_Tottenham,2005-2006,26,Sunderland,Tottenham,D,2,19.0,5.0,3.0,0.0,3.0,"RiskTaker, RiskTaker",0
2005-2006_West Ham_Birmingham,2005-2006,26,West Ham,Birmingham,H,3,30.0,10.0,2.0,0.0,2.0,"RiskTaker, HighPressure, Disciplined",0
2005-2006_Liverpool_Arsenal,2005-2006,26,Liverpool,Arsenal,H,1,28.0,14.0,1.0,0.0,1.0,"HighPressure, Disciplined, Opportunistic",0
2005-2006_Blackburn_Sunderland,2005-2006,26,Blackburn,Sunderland,H,2,17.0,8.0,3.0,0.0,3.0,"RiskTaker, LowTempoController",0
2005-2006_Tottenham_Wigan,2005-2006,26,Tottenham,Wigan,D,4,18.0,7.0,2.0,0.0,2.0,"Disciplined, DirectPlay",0
2005-2006_Newcastle_Charlton,2005-2006,26,Newcastle,Charlton,D,0,20.0,11.0,3.0,0.0,3.0,"LowTempoController, HighPressure",0
2005-2006_Birmingham_Sunderland,2005-2006,27,Birmingham,Sunderland,H,1,22.0,8.0,3.0,0.0,3.0,"HighPressure, DirectPlay",0
2005-2006_Blackburn_Arsenal,2005-2006,27,Blackburn,Arsenal,H,1,16.0,8.0,5.0,0.0,5.0,"LowTempoController, RiskTaker",0
2005-2006_Charlton_Aston Villa,2005-2006,27,Charlton,Aston Villa,D,0,24.0,9.0,1.0,0.0,1.0,"Disciplined, ChaosInducer",0
2005-2006_Chelsea_Portsmouth,2005-2006,27,Chelsea,Portsmouth,H,2,22.0,13.0,1.0,0.0,1.0,"Disciplined, LowTempoController",0
2005-2006_Newcastle_Everton,2005-2006,27,Newcastle,Everton,H,2,30.0,10.0,2.0,0.0,2.0,"HighPressure, Disciplined, Opportunistic",0
2005-2006_Bolton_Fulham,2005-2006,27,Bolton,Fulham,H,3,23.0,13.0,2.0,0.0,2.0,"Disciplined, LowTempoController",0
2005-2006_Liverpool_Man City,2005-2006,27,Liverpool,Man City,H,1,26.0,14.0,2.0,1.0,4.0,"HighPressure, LowTempoController",0
2005-2006_West Brom_Middlesbrough,2005-2006,27,West Brom,Middlesbrough,A,2,22.0,9.0,2.0,1.0,4.0,"AggressiveTackler, LowTempoController",0
2005-2006_Aston Villa_Portsmouth,2005-2006,28,Aston Villa,Portsmouth,H,1,28.0,26.0,2.0,0.0,2.0,"HighPressure, Disciplined, LowTempoController, Opportunistic",0
2005-2006_Fulham_Arsenal,2005-2006,28,Fulham,Arsenal,A,4,25.0,7.0,1.0,0.0,1.0,"RiskTaker, Disciplined",0
2005-2006_Liverpool_Charlton,2005-2006,28,Liverpool,Charlton,D,0,24.0,17.0,2.0,0.0,2.0,"HighPressure, Disciplined, LowTempoController",0
2005-2006_Middlesbrough_Birmingham,2005-2006,28,Middlesbrough,Birmingham,H,1,26.0,7.0,0.0,0.0,0.0,"Disciplined, AggressiveTackler",0
2005-2006_Newcastle_Bolton,2005-2006,28,Newcastle,Bolton,H,4,20.0,16.0,3.0,0.0,3.0,"HighPressure, LowTempoController",0
2005-2006_West Brom_Chelsea,2005-2006,28,West Brom,Chelsea,A,3,13.0,10.0,1.0,1.0,3.0,"LowTempoController, Opportunistic",0
2005-2006_West Ham_Everton,2005-2006,28,West Ham,Everton,D,4,20.0,10.0,6.0,0.0,6.0,"AggressiveTackler, ChaosInducer",1
2005-2006_Man City_Sunderland,2005-2006,28,Man City,Sunderland,H,3,21.0,9.0,4.0,1.0,6.0,"AggressiveTackler, ChaosInducer",1
2005-2006_Tottenham_Blackburn,2005-2006,28,Tottenham,Blackburn,H,5,16.0,15.0,5.0,0.0,5.0,"ChaosInducer, LowTempoController",0
2005-2006_Wigan_Man United,2005-2006,28,Wigan,Man United,A,3,27.0,8.0,8.0,0.0,8.0,"AggressiveTackler, RiskTaker, ChaosInducer",1
2005-2006_Birmingham_West Brom,2005-2006,29,Birmingham,West Brom,D,2,16.0,17.0,5.0,0.0,5.0,"LowTempoController, DirectPlay",0
2005-2006_Blackburn_Aston Villa,2005-2006,29,Blackburn,Aston Villa,H,2,24.0,9.0,1.0,0.0,1.0,"Disciplined, ChaosInducer",0
2005-2006_Bolton_West Ham,2005-2006,29,Bolton,West Ham,H,5,28.0,13.0,6.0,0.0,6.0,"AggressiveTackler, RiskTaker, HighPressure, ChaosInducer",1
2005-2006_Chelsea_Tottenham,2005-2006,29,Chelsea,Tottenham,H,3,17.0,8.0,2.0,0.0,2.0,"Disciplined, LowTempoController",0
2005-2006_Everton_Fulham,2005-2006,29,Everton,Fulham,H,4,23.0,12.0,4.0,0.0,4.0,"ChaosInducer, DirectPlay",0
2005-2006_Portsmouth_Man City,2005-2006,29,Portsmouth,Man City,H,3,21.0,9.0,0.0,0.0,0.0,"Disciplined, RiskTaker",0
2005-2006_Sunderland_Wigan,2005-2006,29,Sunderland,Wigan,A,1,18.0,7.0,1.0,0.0,1.0,"Disciplined, HighPressure",0
2005-2006_Arsenal_Liverpool,2005-2006,29,Arsenal,Liverpool,H,3,19.0,5.0,2.0,1.0,4.0,"AggressiveTackler, Disciplined",0
2005-2006_Charlton_Middlesbrough,2005-2006,29,Charlton,Middlesbrough,H,3,14.0,4.0,3.0,0.0,3.0,"Disciplined, ChaosInducer",0
2005-2006_Man United_Newcastle,2005-2006,29,Man United,Newcastle,H,2,33.0,12.0,1.0,0.0,1.0,"HighPressure, Disciplined, Opportunistic",0
2005-2006_Liverpool_Fulham,2005-2006,29,Liverpool,Fulham,H,6,27.0,10.0,3.0,0.0,3.0,"RiskTaker, ChaosInducer",1
2005-2006_Arsenal_Charlton,2005-2006,30,Arsenal,Charlton,H,3,18.0,9.0,1.0,0.0,1.0,"Disciplined, RiskTaker",0
2005-2006_Birmingham_Tottenham,2005-2006,30,Birmingham,Tottenham,A,2,15.0,14.0,2.0,0.0,2.0,"Disciplined, LowTempoController",0
2005-2006_Blackburn_Middlesbrough,2005-2006,30,Blackburn,Middlesbrough,H,5,12.0,10.0,6.0,1.0,8.0,"AggressiveTackler, ChaosInducer, LowTempoController",0
2005-2006_Bolton_Sunderland,2005-2006,30,Bolton,Sunderland,H,2,22.0,13.0,5.0,0.0,5.0,"LowTempoController, Opportunistic",0
2005-2006_Everton_Aston Villa,2005-2006,30,Everton,Aston Villa,H,5,21.0,13.0,4.0,0.0,4.0,"RiskTaker, ChaosInducer, LowTempoController",1
2005-2006_Man City_Wigan,2005-2006,30,Man City,Wigan,A,1,17.0,13.0,2.0,0.0,2.0,"Disciplined, LowTempoController",0
2005-2006_West Brom_Man United,2005-2006,30,West Brom,Man United,A,3,28.0,14.0,4.0,0.0,4.0,"RiskTaker, HighPressure",0
2005-2006_West Ham_Portsmouth,2005-2006,30,West Ham,Portsmouth,A,6,25.0,9.0,2.0,0.0,2.0,"RiskTaker, ChaosInducer, Disciplined",1
2005-2006_Fulham_Chelsea,2005-2006,30,Fulham,Chelsea,H,1,17.0,16.0,5.0,1.0,7.0,"AggressiveTackler, LowTempoController",0
2005-2006_Newcastle_Liverpool,2005-2006,30,Newcastle,Liverpool,A,4,20.0,3.0,5.0,1.0,7.0,"AggressiveTackler, ChaosInducer",1
2005-2006_Aston Villa_Fulham,2005-2006,31,Aston Villa,Fulham,D,0,19.0,12.0,0.0,0.0,0.0,"Disciplined, LowTempoController",0
2005-2006_Chelsea_Man City,2005-2006,31,Chelsea,Man City,H,2,24.0,12.0,4.0,1.0,6.0,"AggressiveTackler, AggressiveTackler",0
2005-2006_Liverpool_Everton,2005-2006,31,Liverpool,Everton,H,4,25.0,8.0,10.0,2.0,14.0,"AggressiveTackler, RiskTaker, ChaosInducer",1
2005-2006_Sunderland_Blackburn,2005-2006,31,Sunderland,Blackburn,A,1,17.0,8.0,5.0,0.0,5.0,"RiskTaker, AggressiveTackler",0
2005-2006_Wigan_West Ham,2005-2006,31,Wigan,West Ham,A,3,17.0,5.0,3.0,0.0,3.0,"ChaosInducer, ChaosInducer",1
2005-2006_Charlton_Newcastle,2005-2006,31,Charlton,Newcastle,H,4,26.0,10.0,2.0,0.0,2.0,"RiskTaker, Disciplined",0
2005-2006_Man United_Birmingham,2005-2006,31,Man United,Birmingham,H,3,15.0,11.0,3.0,0.0,3.0,"LowTempoController, Opportunistic",0
2005-2006_Middlesbrough_Bolton,2005-2006,31,Middlesbrough,Bolton,H,7,26.0,7.0,4.0,0.0,4.0,"RiskTaker, ChaosInducer",1
2005-2006_Tottenham_West Brom,2005-2006,31,Tottenham,West Brom,H,3,24.0,11.0,2.0,0.0,2.0,"Disciplined, Disciplined",0
2005-2006_Man United_West Ham,2005-2006,31,Man United,West Ham,H,1,32.0,9.0,0.0,0.0,0.0,"HighPressure, Disciplined, Opportunistic",0
2005-2006_Arsenal_Aston Villa,2005-2006,32,Arsenal,Aston Villa,H,5,29.0,16.0,1.0,0.0,1.0,"RiskTaker, HighPressure, Disciplined, LowTempoController",0
2005-2006_Birmingham_Chelsea,2005-2006,32,Birmingham,Chelsea,D,0,17.0,10.0,0.0,0.0,0.0,"Disciplined, LowTempoController",0
2005-2006_Bolton_Man United,2005-2006,32,Bolton,Man United,A,3,21.0,8.0,3.0,0.0,3.0,"RiskTaker, LowTempoController",0
2005-2006_Everton_Sunderland,2005-2006,32,Everton,Sunderland,D,4,32.0,8.0,0.0,0.0,0.0,"RiskTaker, HighPressure, Disciplined",0
2005-2006_Fulham_Portsmouth,2005-2006,32,Fulham,Portsmouth,A,4,20.0,15.0,4.0,1.0,6.0,"AggressiveTackler, ChaosInducer, LowTempoController",0
2005-2006_Newcastle_Tottenham,2005-2006,32,Newcastle,Tottenham,H,4,24.0,8.0,5.0,1.0,7.0,"AggressiveTackler, RiskTaker, ChaosInducer",1
2005-2006_West Brom_Liverpool,2005-2006,32,West Brom,Liverpool,A,2,21.0,5.0,0.0,0.0,0.0,"Disciplined, Disciplined",0
2005-2006_Man City_Middlesbrough,2005-2006,32,Man City,Middlesbrough,A,1,25.0,11.0,1.0,0.0,1.0,"Disciplined, RiskTaker",0
2005-2006_West Ham_Charlton,2005-2006,32,West Ham,Charlton,D,0,24.0,20.0,1.0,0.0,1.0,"HighPressure, Disciplined, LowTempoController",0
2005-2006_Blackburn_Wigan,2005-2006,32,Blackburn,Wigan,D,2,23.0,15.0,2.0,0.0,2.0,"HighPressure, Disciplined, LowTempoController",0
2005-2006_Birmingham_Bolton,2005-2006,32,Birmingham,Bolton,H,1,15.0,7.0,1.0,0.0,1.0,"Disciplined, Disciplined",0
2005-2006_Charlton_Everton,2005-2006,33,Charlton,Everton,D,0,16.0,10.0,2.0,0.0,2.0,"Disciplined, LowTempoController",0
2005-2006_Portsmouth_Blackburn,2005-2006,33,Portsmouth,Blackburn,D,4,26.0,10.0,4.0,0.0,4.0,"RiskTaker, ChaosInducer",1
2005-2006_Tottenham_Man City,2005-2006,33,Tottenham,Man City,H,3,37.0,13.0,3.0,0.0,3.0,"RiskTaker, HighPressure",0
2005-2006_Wigan_Birmingham,2005-2006,33,Wigan,Birmingham,D,2,24.0,20.0,2.0,0.0,2.0,"HighPressure, Disciplined, LowTempoController",0
2005-2006_Aston Villa_West Brom,2005-2006,33,Aston Villa,West Brom,D,0,13.0,16.0,3.0,0.0,3.0,"LowTempoController, LowTempoController",0
2005-2006_Chelsea_West Ham,2005-2006,33,Chelsea,West Ham,H,5,20.0,10.0,2.0,1.0,4.0,"RiskTaker, ChaosInducer",1
2005-2006_Liverpool_Bolton,2005-2006,33,Liverpool,Bolton,H,1,24.0,5.0,2.0,0.0,2.0,"Disciplined, HighPressure",0
2005-2006_Man United_Arsenal,2005-2006,33,Man United,Arsenal,H,2,24.0,8.0,4.0,0.0,4.0,"HighPressure, Opportunistic",0
2005-2006_Middlesbrough_Newcastle,2005-2006,33,Middlesbrough,Newcastle,A,3,27.0,11.0,6.0,0.0,6.0,"AggressiveTackler, RiskTaker, ChaosInducer",1
2005-2006_Portsmouth_Arsenal,2005-2006,33,Portsmouth,Arsenal,D,2,19.0,13.0,2.0,0.0,2.0,"Disciplined, LowTempoController",0
2005-2006_Man United_Sunderland,2005-2006,34,Man United,Sunderland,D,0,36.0,18.0,1.0,0.0,1.0,"HighPressure, Disciplined, Opportunistic",0
2005-2006_Arsenal_West Brom,2005-2006,34,Arsenal,West Brom,H,4,24.0,6.0,3.0,0.0,3.0,"RiskTaker, HighPressure",0
2005-2006_Bolton_Chelsea,2005-2006,34,Bolton,Chelsea,A,2,12.0,5.0,6.0,1.0,8.0,"AggressiveTackler, ChaosInducer",1
2005-2006_Everton_Tottenham,2005-2006,34,Everton,Tottenham,A,1,18.0,16.0,3.0,0.0,3.0,"LowTempoController, HighPressure",0
2005-2006_Fulham_Charlton,2005-2006,34,Fulham,Charlton,H,3,16.0,14.0,0.0,0.0,0.0,"Disciplined, LowTempoController",0
2005-2006_Newcastle_Wigan,2005-2006,34,Newcastle,Wigan,H,4,24.0,8.0,5.0,0.0,5.0,"RiskTaker, ChaosInducer",1
2005-2006_Portsmouth_Middlesbrough,2005-2006,34,Portsmouth,Middlesbrough,H,1,28.0,12.0,0.0,0.0,0.0,"HighPressure, Disciplined, Opportunistic",0
2005-2006_West Ham_Man City,2005-2006,34,West Ham,Man City,H,1,14.0,12.0,2.0,0.0,2.0,"Disciplined, LowTempoController",0
2005-2006_Aston Villa_Birmingham,2005-2006,34,Aston Villa,Birmingham,H,4,21.0,10.0,7.0,0.0,7.0,"AggressiveTackler, ChaosInducer",1
2005-2006_Blackburn_Liverpool,2005-2006,34,Blackburn,Liverpool,A,1,13.0,10.0,5.0,0.0,5.0,"LowTempoController, DirectPlay",0
2005-2006_Charlton_Portsmouth,2005-2006,34,Charlton,Portsmouth,H,3,27.0,15.0,2.0,0.0,2.0,"RiskTaker, HighPressure, Disciplined, LowTempoController",0
2005-2006_Chelsea_Everton,2005-2006,34,Chelsea,Everton,H,3,19.0,9.0,0.0,1.0,2.0,"Disciplined, AggressiveTackler",0
2005-2006_Middlesbrough_West Ham,2005-2006,34,Middlesbrough,West Ham,H,2,26.0,11.0,1.0,0.0,1.0,"Disciplined, DirectPlay",0
2005-2006_Sunderland_Newcastle,2005-2006,34,Sunderland,Newcastle,A,5,21.0,14.0,3.0,0.0,3.0,"RiskTaker, ChaosInducer, LowTempoController",1
2005-2006_Tottenham_Man United,2005-2006,34,Tottenham,Man United,A,3,26.0,14.0,2.0,0.0,2.0,"HighPressure, Disciplined, LowTempoController",0
2005-2006_West Brom_Bolton,2005-2006,34,West Brom,Bolton,D,0,17.0,9.0,0.0,0.0,0.0,"Disciplined, LowTempoController",0
2005-2006_Wigan_Aston Villa,2005-2006,34,Wigan,Aston Villa,H,5,27.0,15.0,4.0,0.0,4.0,"RiskTaker, HighPressure, ChaosInducer, LowTempoController",1
2005-2006_Birmingham_Blackburn,2005-2006,34,Birmingham,Blackburn,H,3,24.0,20.0,5.0,0.0,5.0,"HighPressure, ChaosInducer, LowTempoController",0
2005-2006_Arsenal_Tottenham,2005-2006,35,Arsenal,Tottenham,D,2,18.0,9.0,2.0,1.0,4.0,"DirectPlay, Opportunistic",0
2005-2006_Bolton_Charlton,2005-2006,35,Bolton,Charlton,H,5,18.0,10.0,0.0,0.0,0.0,"Disciplined, LowTempoController",0
2005-2006_Everton_Birmingham,2005-2006,35,Everton,Birmingham,D,0,23.0,13.0,4.0,0.0,4.0,"LowTempoController, DirectPlay",0
2005-2006_Newcastle_West Brom,2005-2006,35,Newcastle,West Brom,H,3,19.0,6.0,1.0,0.0,1.0,"Disciplined, HighPressure",0
2005-2006_Portsmouth_Sunderland,2005-2006,35,Portsmouth,Sunderland,H,3,30.0,13.0,5.0,0.0,5.0,"RiskTaker, HighPressure, ChaosInducer",1
2005-2006_Fulham_Wigan,2005-2006,36,Fulham,Wigan,H,1,33.0,12.0,6.0,0.0,6.0,"AggressiveTackler, HighPressure, Opportunistic",1
2005-2006_Aston Villa_Man City,2005-2006,36,Aston Villa,Man City,A,1,25.0,13.0,2.0,0.0,2.0,"HighPressure, Disciplined",0
2005-2006_West Ham_Liverpool,2005-2006,36,West Ham,Liverpool,A,3,24.0,9.0,0.0,2.0,4.0,"LowTempoController, Opportunistic",0
2005-2006_Birmingham_Newcastle,2005-2006,37,Birmingham,Newcastle,D,0,19.0,9.0,4.0,0.0,4.0,"Opportunistic, ChaosInducer",0
2005-2006_Charlton_Blackburn,2005-2006,37,Charlton,Blackburn,A,2,17.0,8.0,7.0,0.0,7.0,"AggressiveTackler, ChaosInducer",1
2005-2006_Chelsea_Man United,2005-2006,37,Chelsea,Man United,H,3,18.0,5.0,6.0,0.0,6.0,"AggressiveTackler, ChaosInducer",1
2005-2006_Liverpool_Aston Villa,2005-2006,37,Liverpool,Aston Villa,H,4,22.0,11.0,0.0,0.0,0.0,"Disciplined, Opportunistic",0
2005-2006_Man City_Fulham,2005-2006,37,Man City,Fulham,A,3,31.0,15.0,3.0,0.0,3.0,"RiskTaker, HighPressure",1
2005-2006_Middlesbrough_Everton,2005-2006,37,Middlesbrough,Everton,A,1,19.0,10.0,4.0,0.0,4.0,"LowTempoController, ChaosInducer",0
2005-2006_Wigan_Portsmouth,2005-2006,37,Wigan,Portsmouth,A,3,29.0,12.0,4.0,1.0,6.0,"AggressiveTackler, RiskTaker, HighPressure, ChaosInducer",1
2005-2006_Tottenham_Bolton,2005-2006,37,Tottenham,Bolton,H,1,23.0,14.0,6.0,0.0,6.0,"AggressiveTackler, HighPressure, LowTempoController",0
2005-2006_Man United_Middlesbrough,2005-2006,37,Man United,Middlesbrough,D,0,27.0,12.0,4.0,0.0,4.0,"HighPressure, Opportunistic",0
2005-2006_Sunderland_Arsenal,2005-2006,37,Sunderland,Arsenal,A,3,14.0,8.0,3.0,0.0,3.0,"LowTempoController, Opportunistic",0
2005-2006_West Brom_West Ham,2005-2006,37,West Brom,West Ham,A,1,26.0,15.0,0.0,0.0,0.0,"HighPressure, Disciplined, LowTempoController",0
2005-2006_Blackburn_Chelsea,2005-2006,37,Blackburn,Chelsea,H,1,13.0,13.0,4.0,0.0,4.0,"LowTempoController, AggressiveTackler",0
2005-2006_Bolton_Middlesbrough,2005-2006,37,Bolton,Middlesbrough,D,2,22.0,7.0,2.0,0.0,2.0,"Disciplined, HighPressure",0
2005-2006_Man City_Arsenal,2005-2006,37,Man City,Arsenal,A,4,27.0,18.0,3.0,0.0,3.0,"RiskTaker, HighPressure, LowTempoController",0
2005-2006_Sunderland_Fulham,2005-2006,37,Sunderland,Fulham,H,3,13.0,13.0,8.0,0.0,8.0,"AggressiveTackler, ChaosInducer, LowTempoController",0
2005-2006_Arsenal_Wigan,2005-2006,38,Arsenal,Wigan,H,6,21.0,6.0,2.0,1.0,4.0,"RiskTaker, ChaosInducer",1
2005-2006_Aston Villa_Sunderland,2005-2006,38,Aston Villa,Sunderland,H,3,30.0,14.0,6.0,0.0,6.0,"AggressiveTackler, RiskTaker, HighPressure, ChaosInducer",1
2005-2006_Blackburn_Man City,2005-2006,38,Blackburn,Man City,H,2,17.0,8.0,6.0,1.0,8.0,"AggressiveTackler, ChaosInducer",1
2005-2006_Bolton_Birmingham,2005-2006,38,Bolton,Birmingham,H,1,21.0,7.0,1.0,0.0,1.0,"Disciplined, Opportunistic",0
2005-2006_Everton_West Brom,2005-2006,38,Everton,West Brom,D,4,28.0,16.0,3.0,0.0,3.0,"RiskTaker, HighPressure, LowTempoController",0
2005-2006_Fulham_Middlesbrough,2005-2006,38,Fulham,Middlesbrough,H,1,14.0,12.0,1.0,0.0,1.0,"Disciplined, LowTempoController",0
2005-2006_Man United_Charlton,2005-2006,38,Man United,Charlton,H,4,28.0,10.0,1.0,0.0,1.0,"RiskTaker, Disciplined",0
2005-2006_Newcastle_Chelsea,2005-2006,38,Newcastle,Chelsea,H,1,26.0,10.0,6.0,1.0,8.0,"AggressiveTackler, ChaosInducer",1
2005-2006_Portsmouth_Liverpool,2005-2006,38,Portsmouth,Liverpool,A,4,14.0,11.0,1.0,0.0,1.0,"Disciplined, LowTempoController",0
2005-2006_West Ham_Tottenham,2005-2006,38,West Ham,Tottenham,H,3,26.0,15.0,1.0,0.0,1.0,"HighPressure, Disciplined, LowTempoController",0
2006-2007_Arsenal_Aston Villa,2006-2007,1,Arsenal,Aston Villa,D,2,24.0,19.0,3.0,0.0,3.0,"HighPressure, LowTempoController",0
2006-2007_Bolton_Tottenham,2006-2007,1,Bolton,Tottenham,H,2,17.0,9.0,1.0,0.0,1.0,"Disciplined, LowTempoController",0
2006-2007_Everton_Watford,2006-2007,1,Everton,Watford,H,3,18.0,6.0,4.0,0.0,4.0,"HighPressure, HighPressure",0
2006-2007_Newcastle_Wigan,2006-2007,1,Newcastle,Wigan,H,3,23.0,15.0,3.0,0.0,3.0,"HighPressure, LowTempoController",0
2006-2007_Portsmouth_Blackburn,2006-2007,1,Portsmouth,Blackburn,H,3,30.0,8.0,3.0,2.0,7.0,"AggressiveTackler, RiskTaker, ChaosInducer",1
2006-2007_Reading_Middlesbrough,2006-2007,1,Reading,Middlesbrough,H,5,21.0,10.0,4.0,0.0,4.0,"RiskTaker, ChaosInducer",1
2006-2007_Sheffield United_Liverpool,2006-2007,1,Sheffield United,Liverpool,D,2,17.0,12.0,3.0,0.0,3.0,"LowTempoController, Disciplined",0
2006-2007_West Ham_Charlton,2006-2007,1,West Ham,Charlton,H,4,20.0,6.0,4.0,1.0,6.0,"AggressiveTackler, ChaosInducer",1
2006-2007_Chelsea_Man City,2006-2007,1,Chelsea,Man City,H,3,15.0,7.0,4.0,1.0,6.0,"AggressiveTackler, ChaosInducer",1
2006-2007_Man United_Fulham,2006-2007,1,Man United,Fulham,H,6,27.0,7.0,2.0,0.0,2.0,"RiskTaker, ChaosInducer, Disciplined",1
2006-2007_Tottenham_Sheffield United,2006-2007,2,Tottenham,Sheffield United,H,2,24.0,10.0,1.0,0.0,1.0,"Disciplined, Opportunistic",0
2006-2007_Watford_West Ham,2006-2007,2,Watford,West Ham,D,2,19.0,6.0,0.0,0.0,0.0,"Disciplined, RiskTaker",0
2006-2007_Aston Villa_Reading,2006-2007,2,Aston Villa,Reading,H,3,16.0,9.0,3.0,1.0,5.0,"ChaosInducer, LowTempoController",0
2006-2007_Blackburn_Everton,2006-2007,2,Blackburn,Everton,D,2,20.0,8.0,7.0,0.0,7.0,"AggressiveTackler, ChaosInducer",1
2006-2007_Charlton_Man United,2006-2007,2,Charlton,Man United,A,3,29.0,15.0,2.0,0.0,2.0,"RiskTaker, HighPressure, Disciplined",0
2006-2007_Fulham_Bolton,2006-2007,2,Fulham,Bolton,D,2,15.0,7.0,2.0,0.0,2.0,"Disciplined, Disciplined",0
2006-2007_Man City_Portsmouth,2006-2007,2,Man City,Portsmouth,D,0,9.0,8.0,3.0,0.0,3.0,"LowTempoController, RiskTaker",0
2006-2007_Middlesbrough_Chelsea,2006-2007,2,Middlesbrough,Chelsea,H,3,17.0,6.0,4.0,0.0,4.0,"HighPressure, HighPressure",0
2006-2007_Charlton_Bolton,2006-2007,3,Charlton,Bolton,H,2,16.0,11.0,5.0,2.0,9.0,"AggressiveTackler, ChaosInducer, LowTempoController",0
2006-2007_Fulham_Sheffield United,2006-2007,3,Fulham,Sheffield United,H,1,19.0,14.0,6.0,0.0,6.0,"AggressiveTackler, LowTempoController",0
2006-2007_Liverpool_West Ham,2006-2007,3,Liverpool,West Ham,H,3,27.0,7.0,1.0,0.0,1.0,"RiskTaker, Disciplined",0
2006-2007_Man City_Arsenal,2006-2007,3,Man City,Arsenal,H,1,27.0,10.0,2.0,0.0,2.0,"Disciplined, Opportunistic",0
2006-2007_Tottenham_Everton,2006-2007,3,Tottenham,Everton,A,2,21.0,9.0,2.0,1.0,4.0,"Disciplined, Disciplined",0
2006-2007_Watford_Man United,2006-2007,3,Watford,Man United,A,3,27.0,11.0,2.0,0.0,2.0,"RiskTaker, Disciplined",0
2006-2007_Wigan_Reading,2006-2007,3,Wigan,Reading,H,1,20.0,14.0,4.0,0.0,4.0,"LowTempoController, RiskTaker",0
2006-2007_Aston Villa_Newcastle,2006-2007,3,Aston Villa,Newcastle,H,2,17.0,5.0,4.0,0.0,4.0,"ChaosInducer, RiskTaker",1
2006-2007_Blackburn_Chelsea,2006-2007,3,Blackburn,Chelsea,A,2,26.0,10.0,4.0,0.0,4.0,"Disciplined, LowTempoController",0
2006-2007_Middlesbrough_Portsmouth,2006-2007,3,Middlesbrough,Portsmouth,A,4,29.0,14.0,3.0,0.0,3.0,"RiskTaker, HighPressure",1
2006-2007_Arsenal_Middlesbrough,2006-2007,4,Arsenal,Middlesbrough,D,2,21.0,15.0,7.0,1.0,9.0,"AggressiveTackler, HighPressure, ChaosInducer, LowTempoController",1
2006-2007_Bolton_Watford,2006-2007,4,Bolton,Watford,H,1,22.0,12.0,4.0,0.0,4.0,"LowTempoController, Disciplined",0
2006-2007_Chelsea_Charlton,2006-2007,4,Chelsea,Charlton,H,3,22.0,9.0,3.0,0.0,3.0,"LowTempoController, AggressiveTackler",0
2006-2007_Everton_Liverpool,2006-2007,4,Everton,Liverpool,H,3,29.0,13.0,4.0,0.0,4.0,"RiskTaker, HighPressure",0
2006-2007_Man United_Tottenham,2006-2007,4,Man United,Tottenham,H,1,19.0,9.0,4.0,0.0,4.0,"Disciplined, AggressiveTackler",0
2006-2007_Newcastle_Fulham,2006-2007,4,Newcastle,Fulham,A,3,23.0,11.0,2.0,0.0,2.0,"Disciplined, ChaosInducer",0
2006-2007_Portsmouth_Wigan,2006-2007,4,Portsmouth,Wigan,H,1,20.0,15.0,1.0,0.0,1.0,"Disciplined, LowTempoController",0
2006-2007_Sheffield United_Blackburn,2006-2007,4,Sheffield United,Blackburn,D,0,26.0,13.0,4.0,0.0,4.0,"HighPressure, RiskTaker",0
2006-2007_West Ham_Aston Villa,2006-2007,4,West Ham,Aston Villa,D,2,17.0,8.0,4.0,0.0,4.0,"LowTempoController, RiskTaker",0
2006-2007_Reading_Man City,2006-2007,4,Reading,Man City,H,1,27.0,10.0,4.0,1.0,6.0,"AggressiveTackler, Opportunistic",0
2006-2007_Bolton_Middlesbrough,2006-2007,5,Bolton,Middlesbrough,D,0,27.0,13.0,1.0,0.0,1.0,"HighPressure, Disciplined, Opportunistic",0
2006-2007_Charlton_Portsmouth,2006-2007,5,Charlton,Portsmouth,A,1,30.0,13.0,2.0,0.0,2.0,"HighPressure, Disciplined, Opportunistic",0
2006-2007_Everton_Wigan,2006-2007,5,Everton,Wigan,D,4,24.0,6.0,6.0,0.0,6.0,"AggressiveTackler, RiskTaker, ChaosInducer",1
2006-2007_Sheffield United_Reading,2006-2007,5,Sheffield United,Reading,A,3,22.0,15.0,3.0,0.0,3.0,"HighPressure, LowTempoController",0
2006-2007_Watford_Aston Villa,2006-2007,5,Watford,Aston Villa,D,0,21.0,8.0,1.0,0.0,1.0,"Disciplined, AggressiveTackler",0
2006-2007_Blackburn_Man City,2006-2007,5,Blackburn,Man City,H,6,26.0,7.0,5.0,0.0,5.0,"RiskTaker, ChaosInducer",1
2006-2007_Chelsea_Liverpool,2006-2007,5,Chelsea,Liverpool,H,1,13.0,4.0,5.0,1.0,7.0,"AggressiveTackler, LowTempoController",0
2006-2007_Man United_Arsenal,2006-2007,5,Man United,Arsenal,A,1,31.0,15.0,4.0,0.0,4.0,"HighPressure, Opportunistic",0
2006-2007_Tottenham_Fulham,2006-2007,5,Tottenham,Fulham,D,0,26.0,14.0,4.0,0.0,4.0,"HighPressure, LowTempoController",0
2006-2007_West Ham_Newcastle,2006-2007,5,West Ham,Newcastle,A,2,26.0,11.0,6.0,0.0,6.0,"AggressiveTackler, RiskTaker",0
2006-2007_Liverpool_Newcastle,2006-2007,5,Liverpool,Newcastle,H,2,33.0,14.0,2.0,0.0,2.0,"HighPressure, Disciplined, Opportunistic",0
2006-2007_Arsenal_Sheffield United,2006-2007,6,Arsenal,Sheffield United,H,3,19.0,9.0,3.0,0.0,3.0,"Disciplined, HighPressure",0
2006-2007_Aston Villa_Charlton,2006-2007,6,Aston Villa,Charlton,H,2,20.0,8.0,1.0,0.0,1.0,"Disciplined, AggressiveTackler",0
2006-2007_Fulham_Chelsea,2006-2007,6,Fulham,Chelsea,A,2,20.0,12.0,3.0,0.0,3.0,"LowTempoController, RiskTaker",0
2006-2007_Liverpool_Tottenham,2006-2007,6,Liverpool,Tottenham,H,3,19.0,6.0,1.0,0.0,1.0,"Disciplined, AggressiveTackler",0
2006-2007_Man City_West Ham,2006-2007,6,Man City,West Ham,H,2,21.0,10.0,0.0,0.0,0.0,"Disciplined, DirectPlay",0
2006-2007_Middlesbrough_Blackburn,2006-2007,6,Middlesbrough,Blackburn,A,1,26.0,13.0,4.0,0.0,4.0,"HighPressure, AggressiveTackler",1
2006-2007_Reading_Man United,2006-2007,6,Reading,Man United,D,2,21.0,8.0,0.0,0.0,0.0,"Disciplined, LowTempoController",0
2006-2007_Wigan_Watford,2006-2007,6,Wigan,Watford,D,2,18.0,7.0,4.0,0.0,4.0,"DirectPlay, Opportunistic",0
2006-2007_Newcastle_Everton,2006-2007,6,Newcastle,Everton,D,2,33.0,15.0,6.0,2.0,10.0,"AggressiveTackler, HighPressure, ChaosInducer, Opportunistic",1
2006-2007_Portsmouth_Bolton,2006-2007,6,Portsmouth,Bolton,A,1,17.0,13.0,4.0,0.0,4.0,"LowTempoController, LowTempoController",0
2006-2007_Bolton_Liverpool,2006-2007,7,Bolton,Liverpool,H,2,17.0,11.0,3.0,0.0,3.0,"LowTempoController, HighPressure",0
2006-2007_Charlton_Arsenal,2006-2007,7,Charlton,Arsenal,A,3,31.0,11.0,8.0,0.0,8.0,"AggressiveTackler, RiskTaker, HighPressure, ChaosInducer",1
2006-2007_Chelsea_Aston Villa,2006-2007,7,Chelsea,Aston Villa,D,2,27.0,12.0,2.0,0.0,2.0,"HighPressure, Disciplined, Opportunistic",0
2006-2007_Everton_Man City,2006-2007,7,Everton,Man City,D,2,25.0,12.0,4.0,0.0,4.0,"DirectPlay, Opportunistic",0
2006-2007_Sheffield United_Middlesbrough,2006-2007,7,Sheffield United,Middlesbrough,H,3,20.0,14.0,4.0,0.0,4.0,"LowTempoController, Disciplined",0
2006-2007_Blackburn_Wigan,2006-2007,7,Blackburn,Wigan,H,3,23.0,9.0,7.0,0.0,7.0,"AggressiveTackler, ChaosInducer",1
2006-2007_Man United_Newcastle,2006-2007,7,Man United,Newcastle,H,2,27.0,11.0,4.0,0.0,4.0,"Opportunistic, AggressiveTackler",0
2006-2007_Tottenham_Portsmouth,2006-2007,7,Tottenham,Portsmouth,H,3,17.0,16.0,0.0,0.0,0.0,"Disciplined, LowTempoController",0
2006-2007_West Ham_Reading,2006-2007,7,West Ham,Reading,A,1,15.0,15.0,6.0,0.0,6.0,"AggressiveTackler, LowTempoController",0
2006-2007_Watford_Fulham,2006-2007,7,Watford,Fulham,D,6,18.0,5.0,4.0,0.0,4.0,"RiskTaker, ChaosInducer",1
2006-2007_Arsenal_Watford,2006-2007,8,Arsenal,Watford,H,3,24.0,12.0,1.0,0.0,1.0,"Disciplined, RiskTaker",0
2006-2007_Aston Villa_Tottenham,2006-2007,8,Aston Villa,Tottenham,D,2,22.0,4.0,1.0,1.0,3.0,"ChaosInducer, AggressiveTackler",1
2006-2007_Liverpool_Blackburn,2006-2007,8,Liverpool,Blackburn,D,2,23.0,9.0,4.0,0.0,4.0,"Opportunistic, AggressiveTackler",0
2006-2007_Man City_Sheffield United,2006-2007,8,Man City,Sheffield United,D,0,21.0,7.0,1.0,0.0,1.0,"Disciplined, HighPressure",0
2006-2007_Middlesbrough_Everton,2006-2007,8,Middlesbrough,Everton,H,3,21.0,23.0,1.0,0.0,1.0,"HighPressure, Disciplined, LowTempoController",0
2006-2007_Portsmouth_West Ham,2006-2007,8,Portsmouth,West Ham,H,2,24.0,8.0,8.0,0.0,8.0,"AggressiveTackler, ChaosInducer",1
2006-2007_Reading_Chelsea,2006-2007,8,Reading,Chelsea,A,1,12.0,13.0,5.0,2.0,9.0,"AggressiveTackler, ChaosInducer, LowTempoController",0
2006-2007_Wigan_Man United,2006-2007,8,Wigan,Man United,A,4,18.0,7.0,2.0,0.0,2.0,"Disciplined, Disciplined",0
2006-2007_Newcastle_Bolton,2006-2007,8,Newcastle,Bolton,A,3,17.0,6.0,6.0,0.0,6.0,"AggressiveTackler, ChaosInducer",0
2006-2007_Fulham_Charlton,2006-2007,8,Fulham,Charlton,H,3,21.0,9.0,4.0,0.0,4.0,"ChaosInducer, DirectPlay",1
2006-2007_Aston Villa_Fulham,2006-2007,9,Aston Villa,Fulham,D,2,8.0,5.0,2.0,0.0,2.0,"Disciplined, LowTempoController",0
2006-2007_Charlton_Watford,2006-2007,9,Charlton,Watford,D,0,24.0,18.0,2.0,0.0,2.0,"HighPressure, Disciplined, LowTempoController",0
2006-2007_Chelsea_Portsmouth,2006-2007,9,Chelsea,Portsmouth,H,3,36.0,14.0,5.0,0.0,5.0,"RiskTaker, HighPressure, ChaosInducer",1
2006-2007_Everton_Sheffield United,2006-2007,9,Everton,Sheffield United,H,2,23.0,7.0,1.0,1.0,3.0,"DirectPlay, DirectPlay",0
2006-2007_Wigan_Man City,2006-2007,9,Wigan,Man City,H,4,21.0,8.0,2.0,0.0,2.0,"Disciplined, Opportunistic",0
2006-2007_Blackburn_Bolton,2006-2007,9,Blackburn,Bolton,A,1,32.0,15.0,4.0,1.0,6.0,"AggressiveTackler, HighPressure, Opportunistic",1
2006-2007_Man United_Liverpool,2006-2007,9,Man United,Liverpool,H,2,23.0,10.0,4.0,0.0,4.0,"LowTempoController, LowTempoController",0
2006-2007_Middlesbrough_Newcastle,2006-2007,9,Middlesbrough,Newcastle,H,1,32.0,12.0,2.0,0.0,2.0,"HighPressure, Disciplined, Opportunistic",0
2006-2007_Reading_Arsenal,2006-2007,9,Reading,Arsenal,A,4,19.0,12.0,0.0,0.0,0.0,"Disciplined, LowTempoController",0
2006-2007_Tottenham_West Ham,2006-2007,9,Tottenham,West Ham,H,1,18.0,18.0,7.0,0.0,7.0,"AggressiveTackler, HighPressure, LowTempoController",0
2006-2007_Arsenal_Everton,2006-2007,10,Arsenal,Everton,D,2,28.0,19.0,5.0,0.0,5.0,"HighPressure, LowTempoController, Opportunistic",0
2006-2007_Bolton_Man United,2006-2007,10,Bolton,Man United,A,4,23.0,9.0,4.0,0.0,4.0,"ChaosInducer, RiskTaker",1
2006-2007_Fulham_Wigan,2006-2007,10,Fulham,Wigan,A,1,19.0,9.0,3.0,0.0,3.0,"ChaosInducer, DirectPlay",0
2006-2007_Liverpool_Aston Villa,2006-2007,10,Liverpool,Aston Villa,H,4,26.0,12.0,1.0,0.0,1.0,"RiskTaker, HighPressure, Disciplined",0
2006-2007_Newcastle_Charlton,2006-2007,10,Newcastle,Charlton,D,0,28.0,13.0,2.0,0.0,2.0,"HighPressure, Disciplined, Opportunistic",0
2006-2007_Portsmouth_Reading,2006-2007,10,Portsmouth,Reading,H,4,26.0,18.0,0.0,0.0,0.0,"RiskTaker, HighPressure, Disciplined, LowTempoController",0
2006-2007_Sheffield United_Chelsea,2006-2007,10,Sheffield United,Chelsea,A,2,16.0,15.0,2.0,0.0,2.0,"Disciplined, LowTempoController",0
2006-2007_Watford_Tottenham,2006-2007,10,Watford,Tottenham,D,0,20.0,14.0,4.0,0.0,4.0,"LowTempoController, LowTempoController",0
2006-2007_West Ham_Blackburn,2006-2007,10,West Ham,Blackburn,H,3,22.0,13.0,2.0,0.0,2.0,"Disciplined, LowTempoController",0
2006-2007_Man City_Middlesbrough,2006-2007,10,Man City,Middlesbrough,H,1,18.0,10.0,6.0,0.0,6.0,"AggressiveTackler, LowTempoController",0
2006-2007_Bolton_Wigan,2006-2007,11,Bolton,Wigan,A,1,22.0,8.0,3.0,0.0,3.0,"Opportunistic, RiskTaker",0
2006-2007_Charlton_Man City,2006-2007,11,Charlton,Man City,H,1,33.0,17.0,3.0,0.0,3.0,"HighPressure, Opportunistic",0
2006-2007_Fulham_Everton,2006-2007,11,Fulham,Everton,H,1,10.0,14.0,1.0,0.0,1.0,"Disciplined, LowTempoController",0
2006-2007_Liverpool_Reading,2006-2007,11,Liverpool,Reading,H,2,26.0,15.0,2.0,0.0,2.0,"HighPressure, Disciplined, LowTempoController",0
2006-2007_Man United_Portsmouth,2006-2007,11,Man United,Portsmouth,H,3,26.0,14.0,1.0,0.0,1.0,"HighPressure, Disciplined, LowTempoController",0
2006-2007_Newcastle_Sheffield United,2006-2007,11,Newcastle,Sheffield United,A,1,23.0,7.0,5.0,0.0,5.0,"Disciplined, RiskTaker",0
2006-2007_Watford_Middlesbrough,2006-2007,11,Watford,Middlesbrough,H,2,19.0,14.0,2.0,0.0,2.0,"Disciplined, LowTempoController",0
2006-2007_Aston Villa_Blackburn,2006-2007,11,Aston Villa,Blackburn,H,2,13.0,7.0,4.0,0.0,4.0,"LowTempoController, LowTempoController",0
2006-2007_Tottenham_Chelsea,2006-2007,11,Tottenham,Chelsea,H,3,25.0,17.0,8.0,1.0,10.0,"AggressiveTackler, HighPressure, ChaosInducer, LowTempoController",1
2006-2007_West Ham_Arsenal,2006-2007,11,West Ham,Arsenal,H,1,22.0,11.0,5.0,0.0,5.0,"HighPressure, Opportunistic",0
2006-2007_Blackburn_Man United,2006-2007,12,Blackburn,Man United,A,1,23.0,10.0,7.0,0.0,7.0,"AggressiveTackler, HighPressure",0
2006-2007_Chelsea_Watford,2006-2007,12,Chelsea,Watford,H,4,16.0,13.0,2.0,0.0,2.0,"Disciplined, LowTempoController",0
2006-2007_Everton_Aston Villa,2006-2007,12,Everton,Aston Villa,A,1,27.0,8.0,5.0,0.0,5.0,"Opportunistic, DirectPlay",0
2006-2007_Man City_Newcastle,2006-2007,12,Man City,Newcastle,D,0,23.0,11.0,4.0,0.0,4.0,"HighPressure, DirectPlay",0
2006-2007_Middlesbrough_West Ham,2006-2007,12,Middlesbrough,West Ham,H,1,22.0,8.0,4.0,0.0,4.0,"DirectPlay, LowTempoController",0
2006-2007_Portsmouth_Fulham,2006-2007,12,Portsmouth,Fulham,D,2,30.0,24.0,3.0,0.0,3.0,"HighPressure, LowTempoController, Opportunistic",0
2006-2007_Sheffield United_Bolton,2006-2007,12,Sheffield United,Bolton,D,4,14.0,9.0,2.0,0.0,2.0,"Disciplined, LowTempoController",0
2006-2007_Wigan_Charlton,2006-2007,12,Wigan,Charlton,H,5,15.0,5.0,2.0,0.0,2.0,"Disciplined, HighPressure",0
2006-2007_Arsenal_Liverpool,2006-2007,12,Arsenal,Liverpool,H,3,17.0,8.0,5.0,0.0,5.0,"ChaosInducer, DirectPlay",0
2006-2007_Reading_Tottenham,2006-2007,12,Reading,Tottenham,H,4,17.0,9.0,2.0,0.0,2.0,"Disciplined, LowTempoController",0
2006-2007_Arsenal_Newcastle,2006-2007,13,Arsenal,Newcastle,D,2,25.0,12.0,7.0,0.0,7.0,"AggressiveTackler, ChaosInducer",1
2006-2007_Chelsea_West Ham,2006-2007,13,Chelsea,West Ham,H,1,26.0,11.0,5.0,0.0,5.0,"ChaosInducer, Disciplined",0
2006-2007_Everton_Bolton,2006-2007,13,Everton,Bolton,H,1,22.0,13.0,3.0,0.0,3.0,"LowTempoController, RiskTaker",0
2006-2007_Man City_Fulham,2006-2007,13,Man City,Fulham,H,4,22.0,5.0,2.0,0.0,2.0,"Disciplined, RiskTaker",0
2006-2007_Middlesbrough_Liverpool,2006-2007,13,Middlesbrough,Liverpool,D,0,18.0,14.0,0.0,0.0,0.0,"Disciplined, LowTempoController",0
2006-2007_Portsmouth_Watford,2006-2007,13,Portsmouth,Watford,H,3,25.0,14.0,4.0,0.0,4.0,"HighPressure, LowTempoController",0
2006-2007_Reading_Charlton,2006-2007,13,Reading,Charlton,H,2,15.0,13.0,3.0,0.0,3.0,"LowTempoController, LowTempoController",0
2006-2007_Sheffield United_Man United,2006-2007,13,Sheffield United,Man United,A,3,27.0,14.0,2.0,0.0,2.0,"RiskTaker, HighPressure, Disciplined",0
2006-2007_Blackburn_Tottenham,2006-2007,13,Blackburn,Tottenham,D,2,19.0,9.0,1.0,2.0,5.0,"HighPressure, HighPressure",0
2006-2007_Wigan_Aston Villa,2006-2007,13,Wigan,Aston Villa,D,0,21.0,12.0,1.0,0.0,1.0,"Disciplined, LowTempoController",0
2006-2007_Aston Villa_Middlesbrough,2006-2007,14,Aston Villa,Middlesbrough,D,2,20.0,13.0,4.0,0.0,4.0,"LowTempoController, DirectPlay",0
2006-2007_Bolton_Arsenal,2006-2007,14,Bolton,Arsenal,H,4,24.0,18.0,7.0,0.0,7.0,"AggressiveTackler, RiskTaker, HighPressure, ChaosInducer, LowTempoController",1
2006-2007_Charlton_Everton,2006-2007,14,Charlton,Everton,D,2,25.0,13.0,2.0,0.0,2.0,"HighPressure, Disciplined",0
2006-2007_Fulham_Reading,2006-2007,14,Fulham,Reading,A,1,18.0,7.0,3.0,1.0,5.0,"Opportunistic, AggressiveTackler",0
2006-2007_Liverpool_Man City,2006-2007,14,Liverpool,Man City,H,1,18.0,10.0,3.0,0.0,3.0,"LowTempoController, DirectPlay",0
2006-2007_West Ham_Sheffield United,2006-2007,14,West Ham,Sheffield United,H,1,25.0,14.0,6.0,0.0,6.0,"AggressiveTackler, HighPressure, LowTempoController",0
2006-2007_Man United_Chelsea,2006-2007,14,Man United,Chelsea,D,2,21.0,5.0,4.0,0.0,4.0,"Disciplined, ChaosInducer",0
2006-2007_Newcastle_Portsmouth,2006-2007,14,Newcastle,Portsmouth,H,1,20.0,13.0,4.0,0.0,4.0,"LowTempoController, RiskTaker",0
2006-2007_Tottenham_Wigan,2006-2007,14,Tottenham,Wigan,H,4,21.0,5.0,6.0,0.0,6.0,"AggressiveTackler, ChaosInducer",0
2006-2007_Watford_Sheffield United,2006-2007,15,Watford,Sheffield United,A,1,26.0,7.0,4.0,1.0,6.0,"AggressiveTackler, DirectPlay",0
2006-2007_Aston Villa_Man City,2006-2007,15,Aston Villa,Man City,A,4,17.0,6.0,1.0,0.0,1.0,"Disciplined, AggressiveTackler",0
2006-2007_Bolton_Chelsea,2006-2007,15,Bolton,Chelsea,A,1,25.0,8.0,4.0,0.0,4.0,"AggressiveTackler, DirectPlay",0
2006-2007_Fulham_Arsenal,2006-2007,15,Fulham,Arsenal,H,3,20.0,12.0,9.0,1.0,11.0,"AggressiveTackler, ChaosInducer, LowTempoController",0
2006-2007_Liverpool_Portsmouth,2006-2007,15,Liverpool,Portsmouth,D,0,18.0,6.0,4.0,0.0,4.0,"LowTempoController, RiskTaker",0
2006-2007_Man United_Everton,2006-2007,15,Man United,Everton,H,3,25.0,5.0,2.0,0.0,2.0,"Disciplined, LowTempoController",0
2006-2007_Arsenal_Tottenham,2006-2007,16,Arsenal,Tottenham,H,3,13.0,5.0,3.0,0.0,3.0,"ChaosInducer, AggressiveTackler",0
2006-2007_Blackburn_Fulham,2006-2007,16,Blackburn,Fulham,H,2,14.0,6.0,4.0,0.0,4.0,"AggressiveTackler, Disciplined",0
2006-2007_Middlesbrough_Man United,2006-2007,16,Middlesbrough,Man United,A,3,24.0,15.0,5.0,0.0,5.0,"HighPressure, ChaosInducer, LowTempoController",0
2006-2007_Portsmouth_Aston Villa,2006-2007,16,Portsmouth,Aston Villa,D,4,26.0,13.0,6.0,1.0,8.0,"AggressiveTackler, RiskTaker, HighPressure, ChaosInducer",1
2006-2007_Reading_Bolton,2006-2007,16,Reading,Bolton,H,1,22.0,9.0,3.0,0.0,3.0,"ChaosInducer, AggressiveTackler",0
2006-2007_Sheffield United_Charlton,2006-2007,16,Sheffield United,Charlton,H,3,34.0,15.0,2.0,0.0,2.0,"RiskTaker, HighPressure, Disciplined",0
2006-2007_Wigan_Liverpool,2006-2007,16,Wigan,Liverpool,A,4,24.0,10.0,4.0,0.0,4.0,"RiskTaker, ChaosInducer",1
2006-2007_Everton_West Ham,2006-2007,16,Everton,West Ham,H,2,24.0,17.0,4.0,0.0,4.0,"HighPressure, LowTempoController",0
2006-2007_Man City_Watford,2006-2007,16,Man City,Watford,D,0,20.0,17.0,4.0,0.0,4.0,"HighPressure, LowTempoController",0
2006-2007_Charlton_Blackburn,2006-2007,16,Charlton,Blackburn,H,1,18.0,9.0,3.0,0.0,3.0,"ChaosInducer, RiskTaker",0
2006-2007_Tottenham_Middlesbrough,2006-2007,16,Tottenham,Middlesbrough,H,3,28.0,12.0,3.0,2.0,7.0,"AggressiveTackler, RiskTaker, HighPressure, ChaosInducer",1
2006-2007_Newcastle_Reading,2006-2007,16,Newcastle,Reading,H,5,28.0,9.0,2.0,0.0,2.0,"RiskTaker, Disciplined",0
2006-2007_West Ham_Wigan,2006-2007,16,West Ham,Wigan,A,2,22.0,16.0,3.0,0.0,3.0,"HighPressure, LowTempoController",0
2006-2007_Blackburn_Newcastle,2006-2007,17,Blackburn,Newcastle,A,4,29.0,11.0,3.0,1.0,5.0,"RiskTaker, HighPressure, ChaosInducer",1
2006-2007_Bolton_West Ham,2006-2007,17,Bolton,West Ham,H,4,20.0,7.0,4.0,0.0,4.0,"ChaosInducer, HighPressure",0
2006-2007_Liverpool_Fulham,2006-2007,17,Liverpool,Fulham,H,4,37.0,15.0,2.0,0.0,2.0,"RiskTaker, HighPressure, Disciplined",0
2006-2007_Man United_Man City,2006-2007,17,Man United,Man City,H,4,35.0,11.0,4.0,1.0,6.0,"AggressiveTackler, RiskTaker, HighPressure, ChaosInducer",1
2006-2007_Middlesbrough_Wigan,2006-2007,17,Middlesbrough,Wigan,D,2,21.0,11.0,3.0,0.0,3.0,"LowTempoController, AggressiveTackler",0
2006-2007_Portsmouth_Everton,2006-2007,17,Portsmouth,Everton,H,2,25.0,10.0,6.0,0.0,6.0,"AggressiveTackler, Disciplined",0
2006-2007_Tottenham_Charlton,2006-2007,17,Tottenham,Charlton,H,6,25.0,14.0,6.0,0.0,6.0,"AggressiveTackler, RiskTaker, HighPressure, ChaosInducer, LowTempoController",1
2006-2007_Watford_Reading,2006-2007,17,Watford,Reading,D,0,14.0,7.0,1.0,0.0,1.0,"Disciplined, LowTempoController",0
2006-2007_Chelsea_Arsenal,2006-2007,17,Chelsea,Arsenal,D,2,31.0,9.0,4.0,0.0,4.0,"HighPressure, Opportunistic",0
2006-2007_Sheffield United_Aston Villa,2006-2007,17,Sheffield United,Aston Villa,D,4,23.0,14.0,3.0,0.0,3.0,"HighPressure, LowTempoController",0
2006-2007_Chelsea_Newcastle,2006-2007,17,Chelsea,Newcastle,H,1,21.0,9.0,4.0,0.0,4.0,"RiskTaker, DirectPlay",0
2006-2007_Wigan_Arsenal,2006-2007,17,Wigan,Arsenal,A,1,24.0,11.0,1.0,0.0,1.0,"Disciplined, ChaosInducer",0
2006-2007_Arsenal_Portsmouth,2006-2007,18,Arsenal,Portsmouth,D,4,21.0,11.0,2.0,0.0,2.0,"Disciplined, LowTempoController",0
2006-2007_Aston Villa_Bolton,2006-2007,18,Aston Villa,Bolton,A,1,22.0,10.0,4.0,0.0,4.0,"DirectPlay, LowTempoController",0
2006-2007_Charlton_Liverpool,2006-2007,18,Charlton,Liverpool,A,3,29.0,10.0,2.0,0.0,2.0,"RiskTaker, HighPressure, Disciplined",0
2006-2007_Newcastle_Watford,2006-2007,18,Newcastle,Watford,H,3,22.0,12.0,0.0,0.0,0.0,"Disciplined, LowTempoController",0
2006-2007_Reading_Blackburn,2006-2007,18,Reading,Blackburn,A,3,20.0,12.0,3.0,0.0,3.0,"LowTempoController, RiskTaker",0
2006-2007_Wigan_Sheffield United,2006-2007,18,Wigan,Sheffield United,A,1,25.0,8.0,2.0,0.0,2.0,"Disciplined, DirectPlay",0
2006-2007_Everton_Chelsea,2006-2007,18,Everton,Chelsea,A,5,21.0,11.0,2.0,0.0,2.0,"RiskTaker, Disciplined, LowTempoController",0
2006-2007_Man City_Tottenham,2006-2007,18,Man City,Tottenham,A,3,21.0,9.0,1.0,0.0,1.0,"Disciplined, Opportunistic",0
2006-2007_West Ham_Man United,2006-2007,18,West Ham,Man United,H,1,29.0,12.0,5.0,0.0,5.0,"HighPressure, Opportunistic",0
2006-2007_Fulham_Middlesbrough,2006-2007,18,Fulham,Middlesbrough,H,3,27.0,11.0,0.0,0.0,0.0,"RiskTaker, Disciplined",0
2006-2007_Arsenal_Blackburn,2006-2007,19,Arsenal,Blackburn,H,8,29.0,13.0,6.0,0.0,6.0,"AggressiveTackler, RiskTaker, HighPressure, ChaosInducer",1
2006-2007_Aston Villa_Man United,2006-2007,19,Aston Villa,Man United,A,3,25.0,14.0,4.0,0.0,4.0,"HighPressure, LowTempoController",0
2006-2007_Fulham_West Ham,2006-2007,19,Fulham,West Ham,D,0,24.0,9.0,3.0,1.0,5.0,"Opportunistic, AggressiveTackler",0
2006-2007_Liverpool_Watford,2006-2007,19,Liverpool,Watford,H,2,22.0,13.0,0.0,0.0,0.0,"Disciplined, LowTempoController",0
2006-2007_Man City_Bolton,2006-2007,19,Man City,Bolton,A,2,14.0,10.0,4.0,1.0,6.0,"AggressiveTackler, LowTempoController",0
2006-2007_Middlesbrough_Charlton,2006-2007,19,Middlesbrough,Charlton,H,2,24.0,15.0,1.0,0.0,1.0,"HighPressure, Disciplined, LowTempoController",0
2006-2007_Newcastle_Tottenham,2006-2007,19,Newcastle,Tottenham,H,4,29.0,10.0,2.0,0.0,2.0,"RiskTaker, HighPressure, Disciplined",0
2006-2007_Portsmouth_Sheffield United,2006-2007,19,Portsmouth,Sheffield United,H,4,24.0,9.0,2.0,0.0,2.0,"RiskTaker, Disciplined",0
2006-2007_Reading_Everton,2006-2007,19,Reading,Everton,A,2,21.0,16.0,0.0,0.0,0.0,"HighPressure, Disciplined, LowTempoController",0
2006-2007_Wigan_Chelsea,2006-2007,19,Wigan,Chelsea,A,5,22.0,9.0,7.0,0.0,7.0,"AggressiveTackler, RiskTaker, ChaosInducer",1
2006-2007_Blackburn_Liverpool,2006-2007,20,Blackburn,Liverpool,H,1,26.0,8.0,5.0,0.0,5.0,"ChaosInducer, HighPressure",0
2006-2007_Bolton_Newcastle,2006-2007,20,Bolton,Newcastle,H,3,20.0,7.0,6.0,0.0,6.0,"AggressiveTackler, ChaosInducer",0
2006-2007_Chelsea_Reading,2006-2007,20,Chelsea,Reading,D,4,22.0,13.0,2.0,0.0,2.0,"Disciplined, LowTempoController",0
2006-2007_Everton_Middlesbrough,2006-2007,20,Everton,Middlesbrough,D,0,17.0,14.0,3.0,0.0,3.0,"LowTempoController, RiskTaker",0
2006-2007_Man United_Wigan,2006-2007,20,Man United,Wigan,H,4,23.0,9.0,0.0,0.0,0.0,"Disciplined, AggressiveTackler",0
2006-2007_Sheffield United_Man City,2006-2007,20,Sheffield United,Man City,A,1,30.0,13.0,3.0,0.0,3.0,"HighPressure, Opportunistic",0
2006-2007_Tottenham_Aston Villa,2006-2007,20,Tottenham,Aston Villa,H,3,21.0,8.0,3.0,0.0,3.0,"Disciplined, LowTempoController",0
2006-2007_Watford_Arsenal,2006-2007,20,Watford,Arsenal,A,3,22.0,12.0,2.0,0.0,2.0,"Disciplined, LowTempoController",0
2006-2007_West Ham_Portsmouth,2006-2007,20,West Ham,Portsmouth,A,3,26.0,10.0,3.0,0.0,3.0,"ChaosInducer, RiskTaker",1
2006-2007_Charlton_Fulham,2006-2007,20,Charlton,Fulham,D,4,27.0,13.0,0.0,0.0,0.0,"RiskTaker, HighPressure, Disciplined",0
2006-2007_Blackburn_Middlesbrough,2006-2007,21,Blackburn,Middlesbrough,H,3,22.0,9.0,4.0,0.0,4.0,"Opportunistic, RiskTaker",0
2006-2007_Bolton_Portsmouth,2006-2007,21,Bolton,Portsmouth,H,5,26.0,15.0,1.0,0.0,1.0,"RiskTaker, HighPressure, Disciplined, LowTempoController",0
2006-2007_Charlton_Aston Villa,2006-2007,21,Charlton,Aston Villa,H,3,20.0,11.0,3.0,1.0,5.0,"ChaosInducer, LowTempoController",0
2006-2007_Chelsea_Fulham,2006-2007,21,Chelsea,Fulham,D,4,26.0,10.0,2.0,0.0,2.0,"RiskTaker, Disciplined",0
2006-2007_Everton_Newcastle,2006-2007,21,Everton,Newcastle,H,3,23.0,19.0,5.0,0.0,5.0,"HighPressure, ChaosInducer, LowTempoController",0
2006-2007_Man United_Reading,2006-2007,21,Man United,Reading,H,5,35.0,17.0,3.0,1.0,5.0,"RiskTaker, HighPressure, ChaosInducer",1
2006-2007_Sheffield United_Arsenal,2006-2007,21,Sheffield United,Arsenal,H,1,20.0,14.0,5.0,0.0,5.0,"LowTempoController, HighPressure",0
2006-2007_Tottenham_Liverpool,2006-2007,21,Tottenham,Liverpool,A,1,19.0,5.0,0.0,0.0,0.0,"Disciplined, Opportunistic",0
2006-2007_West Ham_Man City,2006-2007,21,West Ham,Man City,A,1,19.0,8.0,3.0,0.0,3.0,"HighPressure, Disciplined",0
2006-2007_Fulham_Watford,2006-2007,22,Fulham,Watford,D,0,29.0,13.0,3.0,1.0,5.0,"HighPressure, Opportunistic",0
2006-2007_Liverpool_Bolton,2006-2007,22,Liverpool,Bolton,H,3,20.0,16.0,3.0,0.0,3.0,"HighPressure, LowTempoController",0
2006-2007_Man City_Everton,2006-2007,22,Man City,Everton,H,3,26.0,10.0,5.0,0.0,5.0,"ChaosInducer, LowTempoController",0
2006-2007_Middlesbrough_Sheffield United,2006-2007,22,Middlesbrough,Sheffield United,H,4,19.0,10.0,3.0,0.0,3.0,"LowTempoController, Disciplined",0
2006-2007_Newcastle_Man United,2006-2007,22,Newcastle,Man United,D,4,28.0,11.0,3.0,0.0,3.0,"RiskTaker, HighPressure",0
2006-2007_Portsmouth_Tottenham,2006-2007,22,Portsmouth,Tottenham,D,2,24.0,16.0,5.0,0.0,5.0,"HighPressure, LowTempoController",0
2006-2007_Reading_West Ham,2006-2007,22,Reading,West Ham,H,6,27.0,6.0,1.0,0.0,1.0,"RiskTaker, Disciplined",0
2006-2007_Wigan_Blackburn,2006-2007,22,Wigan,Blackburn,A,3,22.0,10.0,5.0,0.0,5.0,"ChaosInducer, AggressiveTackler",1
2006-2007_Arsenal_Charlton,2006-2007,22,Arsenal,Charlton,H,4,20.0,10.0,1.0,1.0,3.0,"AggressiveTackler, Disciplined",0
2006-2007_Aston Villa_Chelsea,2006-2007,22,Aston Villa,Chelsea,D,0,26.0,13.0,4.0,0.0,4.0,"HighPressure, LowTempoController",0
2006-2007_Blackburn_Arsenal,2006-2007,23,Blackburn,Arsenal,A,2,19.0,10.0,4.0,1.0,6.0,"AggressiveTackler, LowTempoController",0
2006-2007_Bolton_Man City,2006-2007,23,Bolton,Man City,D,0,15.0,7.0,4.0,0.0,4.0,"Disciplined, LowTempoController",0
2006-2007_Charlton_Middlesbrough,2006-2007,23,Charlton,Middlesbrough,A,4,28.0,8.0,4.0,0.0,4.0,"RiskTaker, ChaosInducer",1
2006-2007_Chelsea_Wigan,2006-2007,23,Chelsea,Wigan,H,4,14.0,10.0,4.0,0.0,4.0,"ChaosInducer, LowTempoController",0
2006-2007_Man United_Aston Villa,2006-2007,23,Man United,Aston Villa,H,4,34.0,12.0,2.0,0.0,2.0,"RiskTaker, HighPressure, Disciplined",0
2006-2007_Sheffield United_Portsmouth,2006-2007,23,Sheffield United,Portsmouth,D,2,19.0,12.0,2.0,0.0,2.0,"Disciplined, LowTempoController",0
2006-2007_Watford_Liverpool,2006-2007,23,Watford,Liverpool,A,3,30.0,15.0,0.0,0.0,0.0,"RiskTaker, HighPressure, Disciplined",0
2006-2007_West Ham_Fulham,2006-2007,23,West Ham,Fulham,D,6,19.0,13.0,9.0,1.0,11.0,"AggressiveTackler, RiskTaker, ChaosInducer, LowTempoController",1
2006-2007_Everton_Reading,2006-2007,23,Everton,Reading,D,2,21.0,13.0,4.0,0.0,4.0,"LowTempoController, LowTempoController",0
2006-2007_Tottenham_Newcastle,2006-2007,23,Tottenham,Newcastle,A,5,37.0,8.0,5.0,0.0,5.0,"RiskTaker, HighPressure, ChaosInducer",1
2006-2007_Aston Villa_Watford,2006-2007,24,Aston Villa,Watford,H,2,28.0,13.0,2.0,0.0,2.0,"HighPressure, Disciplined, Opportunistic",0
2006-2007_Fulham_Tottenham,2006-2007,24,Fulham,Tottenham,D,2,18.0,11.0,5.0,1.0,7.0,"AggressiveTackler, ChaosInducer, LowTempoController",0
2006-2007_Liverpool_Chelsea,2006-2007,24,Liverpool,Chelsea,H,2,28.0,10.0,1.0,0.0,1.0,"Disciplined, Opportunistic",0
2006-2007_Man City_Blackburn,2006-2007,24,Man City,Blackburn,A,3,25.0,9.0,4.0,0.0,4.0,"DirectPlay, Opportunistic",0
2006-2007_Middlesbrough_Bolton,2006-2007,24,Middlesbrough,Bolton,H,6,21.0,9.0,4.0,1.0,6.0,"AggressiveTackler, RiskTaker, ChaosInducer",1
2006-2007_Newcastle_West Ham,2006-2007,24,Newcastle,West Ham,D,4,26.0,12.0,7.0,0.0,7.0,"AggressiveTackler, RiskTaker, HighPressure, ChaosInducer",1
2006-2007_Portsmouth_Charlton,2006-2007,24,Portsmouth,Charlton,A,1,17.0,17.0,3.0,0.0,3.0,"LowTempoController, ChaosInducer",0
2006-2007_Reading_Sheffield United,2006-2007,24,Reading,Sheffield United,H,4,21.0,9.0,2.0,1.0,4.0,"ChaosInducer, LowTempoController",0
2006-2007_Arsenal_Man United,2006-2007,24,Arsenal,Man United,H,3,28.0,14.0,4.0,0.0,4.0,"RiskTaker, HighPressure",1
2006-2007_Wigan_Everton,2006-2007,24,Wigan,Everton,A,2,21.0,12.0,1.0,0.0,1.0,"Disciplined, LowTempoController",0
2006-2007_Watford_Blackburn,2006-2007,24,Watford,Blackburn,H,3,30.0,15.0,2.0,0.0,2.0,"RiskTaker, HighPressure, Disciplined",0
2006-2007_Portsmouth_Middlesbrough,2006-2007,25,Portsmouth,Middlesbrough,D,0,18.0,15.0,1.0,0.0,1.0,"Disciplined, LowTempoController",0
2006-2007_Reading_Wigan,2006-2007,25,Reading,Wigan,H,5,40.0,7.0,2.0,0.0,2.0,"RiskTaker, HighPressure, Disciplined",0
2006-2007_Sheffield United_Fulham,2006-2007,25,Sheffield United,Fulham,H,2,23.0,9.0,2.0,0.0,2.0,"Disciplined, HighPressure",0
2006-2007_West Ham_Liverpool,2006-2007,25,West Ham,Liverpool,A,3,28.0,13.0,2.0,0.0,2.0,"RiskTaker, HighPressure, Disciplined",0
2006-2007_Bolton_Charlton,2006-2007,25,Bolton,Charlton,D,2,16.0,10.0,1.0,0.0,1.0,"Disciplined, LowTempoController",0
2006-2007_Chelsea_Blackburn,2006-2007,25,Chelsea,Blackburn,H,3,24.0,12.0,1.0,0.0,1.0,"Disciplined, LowTempoController",0
2006-2007_Man United_Watford,2006-2007,25,Man United,Watford,H,4,23.0,9.0,4.0,0.0,4.0,"ChaosInducer, LowTempoController",0
2006-2007_Newcastle_Aston Villa,2006-2007,25,Newcastle,Aston Villa,H,4,22.0,10.0,2.0,0.0,2.0,"Disciplined, LowTempoController",0
2006-2007_Aston Villa_West Ham,2006-2007,26,Aston Villa,West Ham,H,1,24.0,15.0,1.0,0.0,1.0,"HighPressure, Disciplined, LowTempoController",0
2006-2007_Blackburn_Sheffield United,2006-2007,26,Blackburn,Sheffield United,H,3,22.0,13.0,5.0,1.0,7.0,"AggressiveTackler, ChaosInducer, LowTempoController",0
2006-2007_Charlton_Chelsea,2006-2007,26,Charlton,Chelsea,A,1,25.0,11.0,1.0,0.0,1.0,"Disciplined, DirectPlay",0
2006-2007_Fulham_Newcastle,2006-2007,26,Fulham,Newcastle,H,3,23.0,14.0,4.0,0.0,4.0,"HighPressure, LowTempoController",0
2006-2007_Liverpool_Everton,2006-2007,26,Liverpool,Everton,D,0,31.0,10.0,3.0,0.0,3.0,"HighPressure, Opportunistic",0
2006-2007_Man City_Reading,2006-2007,26,Man City,Reading,A,2,23.0,11.0,0.0,0.0,0.0,"Disciplined, Opportunistic",0
2006-2007_Middlesbrough_Arsenal,2006-2007,26,Middlesbrough,Arsenal,D,2,14.0,9.0,3.0,1.0,5.0,"LowTempoController, DirectPlay",0
2006-2007_Watford_Bolton,2006-2007,26,Watford,Bolton,A,1,14.0,9.0,3.0,0.0,3.0,"LowTempoController, AggressiveTackler",0
2006-2007_Wigan_Portsmouth,2006-2007,26,Wigan,Portsmouth,H,1,20.0,12.0,1.0,0.0,1.0,"Disciplined, LowTempoController",0
2006-2007_Tottenham_Man United,2006-2007,26,Tottenham,Man United,A,4,22.0,12.0,5.0,0.0,5.0,"ChaosInducer, LowTempoController",0
2006-2007_Chelsea_Middlesbrough,2006-2007,27,Chelsea,Middlesbrough,H,3,18.0,6.0,1.0,0.0,1.0,"Disciplined, DirectPlay",0
2006-2007_Everton_Blackburn,2006-2007,27,Everton,Blackburn,H,1,23.0,13.0,3.0,0.0,3.0,"LowTempoController, HighPressure",0
2006-2007_Man United_Charlton,2006-2007,27,Man United,Charlton,H,2,26.0,8.0,1.0,0.0,1.0,"Disciplined, HighPressure",0
2006-2007_Newcastle_Liverpool,2006-2007,27,Newcastle,Liverpool,H,3,20.0,7.0,2.0,0.0,2.0,"Disciplined, DirectPlay",0
2006-2007_Portsmouth_Man City,2006-2007,27,Portsmouth,Man City,H,3,23.0,21.0,6.0,0.0,6.0,"AggressiveTackler, HighPressure, ChaosInducer, LowTempoController",1
2006-2007_Reading_Aston Villa,2006-2007,27,Reading,Aston Villa,H,2,29.0,20.0,3.0,0.0,3.0,"HighPressure, LowTempoController, Opportunistic",0
2006-2007_Sheffield United_Tottenham,2006-2007,27,Sheffield United,Tottenham,H,3,22.0,16.0,8.0,0.0,8.0,"AggressiveTackler, HighPressure, ChaosInducer, LowTempoController",1
2006-2007_West Ham_Watford,2006-2007,27,West Ham,Watford,A,1,31.0,14.0,6.0,0.0,6.0,"AggressiveTackler, HighPressure, Opportunistic",1
2006-2007_Arsenal_Wigan,2006-2007,27,Arsenal,Wigan,H,3,18.0,11.0,9.0,0.0,9.0,"AggressiveTackler, ChaosInducer, LowTempoController",1
2006-2007_Bolton_Fulham,2006-2007,27,Bolton,Fulham,H,3,14.0,17.0,5.0,0.0,5.0,"ChaosInducer, LowTempoController",0
2006-2007_Everton_Tottenham,2006-2007,27,Everton,Tottenham,A,3,18.0,6.0,3.0,0.0,3.0,"Opportunistic, Disciplined",0
2006-2007_Watford_Wigan,2006-2007,27,Watford,Wigan,D,2,26.0,11.0,2.0,1.0,4.0,"ChaosInducer, Opportunistic",0
2006-2007_Charlton_West Ham,2006-2007,28,Charlton,West Ham,H,4,23.0,13.0,5.0,0.0,5.0,"ChaosInducer, LowTempoController",0
2006-2007_Fulham_Man United,2006-2007,28,Fulham,Man United,A,3,32.0,10.0,5.0,0.0,5.0,"RiskTaker, HighPressure, ChaosInducer",1
2006-2007_Liverpool_Sheffield United,2006-2007,28,Liverpool,Sheffield United,H,4,14.0,6.0,2.0,0.0,2.0,"Disciplined, DirectPlay",0
2006-2007_Middlesbrough_Reading,2006-2007,28,Middlesbrough,Reading,H,3,19.0,14.0,2.0,0.0,2.0,"Disciplined, LowTempoController",0
2006-2007_Watford_Everton,2006-2007,28,Watford,Everton,A,3,24.0,14.0,3.0,0.0,3.0,"HighPressure, LowTempoController",0
2006-2007_Blackburn_Portsmouth,2006-2007,28,Blackburn,Portsmouth,H,3,26.0,11.0,5.0,0.0,5.0,"ChaosInducer, LowTempoController",0
2006-2007_Tottenham_Bolton,2006-2007,28,Tottenham,Bolton,H,5,24.0,10.0,4.0,1.0,6.0,"AggressiveTackler, RiskTaker, ChaosInducer",1
2006-2007_Wigan_Newcastle,2006-2007,28,Wigan,Newcastle,H,1,12.0,14.0,8.0,0.0,8.0,"AggressiveTackler, ChaosInducer, LowTempoController",0
2006-2007_Arsenal_Reading,2006-2007,29,Arsenal,Reading,H,3,23.0,23.0,2.0,0.0,2.0,"HighPressure, Disciplined, LowTempoController",0
2006-2007_Fulham_Aston Villa,2006-2007,29,Fulham,Aston Villa,D,2,22.0,13.0,2.0,0.0,2.0,"Disciplined, LowTempoController",0
2006-2007_Liverpool_Man United,2006-2007,29,Liverpool,Man United,A,1,20.0,14.0,4.0,1.0,6.0,"AggressiveTackler, LowTempoController",0
2006-2007_Man City_Wigan,2006-2007,29,Man City,Wigan,A,1,13.0,13.0,5.0,0.0,5.0,"LowTempoController, RiskTaker",0
2006-2007_Newcastle_Middlesbrough,2006-2007,29,Newcastle,Middlesbrough,D,0,18.0,10.0,3.0,0.0,3.0,"LowTempoController, ChaosInducer",0
2006-2007_Portsmouth_Chelsea,2006-2007,29,Portsmouth,Chelsea,A,2,18.0,12.0,2.0,0.0,2.0,"Disciplined, LowTempoController",0
2006-2007_Sheffield United_Everton,2006-2007,29,Sheffield United,Everton,D,2,15.0,11.0,5.0,0.0,5.0,"LowTempoController, ChaosInducer",0
2006-2007_Watford_Charlton,2006-2007,29,Watford,Charlton,D,4,27.0,9.0,4.0,0.0,4.0,"RiskTaker, ChaosInducer",1
2006-2007_Bolton_Blackburn,2006-2007,29,Bolton,Blackburn,A,3,25.0,8.0,1.0,0.0,1.0,"Disciplined, HighPressure",0
2006-2007_West Ham_Tottenham,2006-2007,29,West Ham,Tottenham,A,7,24.0,9.0,7.0,0.0,7.0,"AggressiveTackler, RiskTaker, ChaosInducer",1
2006-2007_Aston Villa_Arsenal,2006-2007,29,Aston Villa,Arsenal,A,1,21.0,10.0,2.0,0.0,2.0,"Disciplined, ChaosInducer",0
2006-2007_Man City_Chelsea,2006-2007,29,Man City,Chelsea,A,1,13.0,9.0,5.0,0.0,5.0,"LowTempoController, DirectPlay",0
2006-2007_Blackburn_West Ham,2006-2007,30,Blackburn,West Ham,A,3,19.0,19.0,8.0,1.0,10.0,"AggressiveTackler, HighPressure, ChaosInducer, LowTempoController",1
2006-2007_Chelsea_Sheffield United,2006-2007,30,Chelsea,Sheffield United,H,3,20.0,6.0,0.0,0.0,0.0,"Disciplined, LowTempoController",0
2006-2007_Man United_Bolton,2006-2007,30,Man United,Bolton,H,5,22.0,6.0,3.0,0.0,3.0,"RiskTaker, ChaosInducer",1
2006-2007_Middlesbrough_Man City,2006-2007,30,Middlesbrough,Man City,A,2,25.0,13.0,3.0,0.0,3.0,"HighPressure, LowTempoController",0
2006-2007_Reading_Portsmouth,2006-2007,30,Reading,Portsmouth,D,0,15.0,14.0,2.0,0.0,2.0,"Disciplined, LowTempoController",0
2006-2007_Tottenham_Watford,2006-2007,30,Tottenham,Watford,H,4,19.0,9.0,0.0,0.0,0.0,"Disciplined, AggressiveTackler",0
2006-2007_Wigan_Fulham,2006-2007,30,Wigan,Fulham,D,0,9.0,8.0,1.0,0.0,1.0,"Disciplined, LowTempoController",0
2006-2007_Aston Villa_Liverpool,2006-2007,30,Aston Villa,Liverpool,D,0,16.0,8.0,5.0,0.0,5.0,"LowTempoController, LowTempoController",0
2006-2007_Charlton_Newcastle,2006-2007,30,Charlton,Newcastle,H,2,22.0,10.0,3.0,0.0,3.0,"Opportunistic, LowTempoController",0
2006-2007_Everton_Arsenal,2006-2007,30,Everton,Arsenal,H,1,29.0,9.0,6.0,0.0,6.0,"AggressiveTackler, Opportunistic",0
2006-2007_Bolton_Sheffield United,2006-2007,31,Bolton,Sheffield United,H,1,26.0,15.0,4.0,0.0,4.0,"HighPressure, LowTempoController",0
2006-2007_Charlton_Wigan,2006-2007,31,Charlton,Wigan,H,1,10.0,13.0,4.0,0.0,4.0,"LowTempoController, HighPressure",0
2006-2007_Fulham_Portsmouth,2006-2007,31,Fulham,Portsmouth,D,2,23.0,10.0,1.0,0.0,1.0,"Disciplined, LowTempoController",0
2006-2007_Liverpool_Arsenal,2006-2007,31,Liverpool,Arsenal,H,5,23.0,9.0,4.0,0.0,4.0,"RiskTaker, ChaosInducer",1
2006-2007_Man United_Blackburn,2006-2007,31,Man United,Blackburn,H,5,33.0,9.0,4.0,0.0,4.0,"RiskTaker, HighPressure, ChaosInducer",1
2006-2007_Newcastle_Man City,2006-2007,31,Newcastle,Man City,A,1,22.0,9.0,4.0,0.0,4.0,"AggressiveTackler, RiskTaker",1
2006-2007_Watford_Chelsea,2006-2007,31,Watford,Chelsea,A,1,25.0,15.0,4.0,0.0,4.0,"HighPressure, LowTempoController",0
2006-2007_West Ham_Middlesbrough,2006-2007,31,West Ham,Middlesbrough,H,2,19.0,7.0,1.0,0.0,1.0,"Disciplined, DirectPlay",0
2006-2007_Tottenham_Reading,2006-2007,31,Tottenham,Reading,H,1,24.0,12.0,1.0,0.0,1.0,"Disciplined, HighPressure",0
2006-2007_Aston Villa_Everton,2006-2007,31,Aston Villa,Everton,D,2,35.0,11.0,6.0,0.0,6.0,"AggressiveTackler, HighPressure, Opportunistic",1
2006-2007_Everton_Fulham,2006-2007,32,Everton,Fulham,H,5,29.0,14.0,0.0,0.0,0.0,"RiskTaker, HighPressure, Disciplined",0
2006-2007_Man City_Charlton,2006-2007,32,Man City,Charlton,D,0,16.0,21.0,0.0,0.0,0.0,"HighPressure, Disciplined, LowTempoController",0
2006-2007_Arsenal_West Ham,2006-2007,32,Arsenal,West Ham,A,1,35.0,15.0,1.0,0.0,1.0,"HighPressure, Disciplined, Opportunistic",0
2006-2007_Blackburn_Aston Villa,2006-2007,32,Blackburn,Aston Villa,A,3,19.0,14.0,3.0,0.0,3.0,"LowTempoController, Opportunistic",0
2006-2007_Chelsea_Tottenham,2006-2007,32,Chelsea,Tottenham,H,1,17.0,18.0,3.0,0.0,3.0,"HighPressure, LowTempoController",0
2006-2007_Middlesbrough_Watford,2006-2007,32,Middlesbrough,Watford,H,5,30.0,12.0,0.0,0.0,0.0,"RiskTaker, HighPressure, Disciplined",0
2006-2007_Portsmouth_Man United,2006-2007,32,Portsmouth,Man United,H,3,29.0,15.0,4.0,0.0,4.0,"RiskTaker, HighPressure",1
2006-2007_Reading_Liverpool,2006-2007,32,Reading,Liverpool,A,3,12.0,13.0,3.0,0.0,3.0,"LowTempoController, RiskTaker",0
2006-2007_Sheffield United_Newcastle,2006-2007,32,Sheffield United,Newcastle,A,3,27.0,9.0,2.0,0.0,2.0,"RiskTaker, Disciplined",0
2006-2007_Wigan_Bolton,2006-2007,32,Wigan,Bolton,A,4,27.0,14.0,3.0,0.0,3.0,"RiskTaker, HighPressure",0
2006-2007_Aston Villa_Wigan,2006-2007,33,Aston Villa,Wigan,D,2,15.0,14.0,5.0,1.0,7.0,"AggressiveTackler, ChaosInducer, LowTempoController",0
2006-2007_Bolton_Everton,2006-2007,33,Bolton,Everton,D,2,16.0,14.0,4.0,0.0,4.0,"LowTempoController, HighPressure",0
2006-2007_Charlton_Reading,2006-2007,33,Charlton,Reading,D,0,22.0,12.0,1.0,0.0,1.0,"Disciplined, LowTempoController",0
2006-2007_Fulham_Man City,2006-2007,33,Fulham,Man City,A,4,19.0,11.0,4.0,0.0,4.0,"ChaosInducer, LowTempoController",0
2006-2007_Newcastle_Arsenal,2006-2007,33,Newcastle,Arsenal,D,0,14.0,9.0,3.0,0.0,3.0,"LowTempoController, Disciplined",0
2006-2007_Watford_Portsmouth,2006-2007,33,Watford,Portsmouth,H,6,25.0,8.0,0.0,0.0,0.0,"RiskTaker, Disciplined",0
2006-2007_Arsenal_Bolton,2006-2007,34,Arsenal,Bolton,H,3,25.0,7.0,5.0,1.0,7.0,"AggressiveTackler, ChaosInducer",1
2006-2007_Man City_Liverpool,2006-2007,34,Man City,Liverpool,D,0,18.0,8.0,3.0,0.0,3.0,"ChaosInducer, Disciplined",0
2006-2007_Middlesbrough_Aston Villa,2006-2007,34,Middlesbrough,Aston Villa,A,4,22.0,6.0,3.0,0.0,3.0,"LowTempoController, RiskTaker",0
2006-2007_Portsmouth_Newcastle,2006-2007,34,Portsmouth,Newcastle,H,3,28.0,15.0,2.0,0.0,2.0,"RiskTaker, HighPressure, Disciplined",0
2006-2007_Reading_Fulham,2006-2007,34,Reading,Fulham,H,1,25.0,16.0,3.0,0.0,3.0,"HighPressure, LowTempoController",0
2006-2007_Sheffield United_West Ham,2006-2007,34,Sheffield United,West Ham,H,3,17.0,6.0,5.0,0.0,5.0,"ChaosInducer, LowTempoController",0
2006-2007_Everton_Charlton,2006-2007,34,Everton,Charlton,H,3,25.0,11.0,3.0,0.0,3.0,"ChaosInducer, HighPressure",1
2006-2007_Wigan_Tottenham,2006-2007,34,Wigan,Tottenham,D,6,31.0,10.0,3.0,0.0,3.0,"RiskTaker, HighPressure, ChaosInducer",1
2006-2007_Arsenal_Man City,2006-2007,35,Arsenal,Man City,H,4,21.0,10.0,0.0,0.0,0.0,"Disciplined, ChaosInducer",0
2006-2007_Man United_Sheffield United,2006-2007,35,Man United,Sheffield United,H,2,23.0,5.0,8.0,0.0,8.0,"AggressiveTackler, ChaosInducer",1
2006-2007_Blackburn_Watford,2006-2007,35,Blackburn,Watford,H,4,22.0,9.0,0.0,0.0,0.0,"Disciplined, AggressiveTackler",0
2006-2007_Liverpool_Middlesbrough,2006-2007,35,Liverpool,Middlesbrough,H,2,23.0,10.0,1.0,0.0,1.0,"Disciplined, ChaosInducer",0
2006-2007_West Ham_Chelsea,2006-2007,35,West Ham,Chelsea,A,5,28.0,14.0,7.0,0.0,7.0,"AggressiveTackler, RiskTaker, HighPressure, ChaosInducer",1
2006-2007_Bolton_Reading,2006-2007,36,Bolton,Reading,A,4,28.0,11.0,2.0,0.0,2.0,"RiskTaker, HighPressure, Disciplined",0
2006-2007_Charlton_Sheffield United,2006-2007,36,Charlton,Sheffield United,D,2,25.0,11.0,8.0,0.0,8.0,"AggressiveTackler, ChaosInducer",1
2006-2007_Fulham_Blackburn,2006-2007,36,Fulham,Blackburn,D,2,31.0,18.0,2.0,0.0,2.0,"HighPressure, Disciplined, LowTempoController, Opportunistic",0
2006-2007_Liverpool_Wigan,2006-2007,36,Liverpool,Wigan,H,2,27.0,15.0,4.0,0.0,4.0,"HighPressure, LowTempoController, Opportunistic",0
2006-2007_Man United_Middlesbrough,2006-2007,36,Man United,Middlesbrough,D,2,31.0,13.0,7.0,0.0,7.0,"AggressiveTackler, HighPressure, ChaosInducer, Opportunistic",1
2006-2007_Tottenham_Arsenal,2006-2007,36,Tottenham,Arsenal,D,4,24.0,10.0,4.0,0.0,4.0,"RiskTaker, ChaosInducer",1
2006-2007_Watford_Man City,2006-2007,36,Watford,Man City,D,2,8.0,8.0,2.0,0.0,2.0,"Disciplined, LowTempoController",0
2006-2007_West Ham_Everton,2006-2007,36,West Ham,Everton,H,1,25.0,12.0,3.0,0.0,3.0,"AggressiveTackler, ChaosInducer",1
2006-2007_Aston Villa_Portsmouth,2006-2007,36,Aston Villa,Portsmouth,D,0,22.0,18.0,1.0,0.0,1.0,"HighPressure, Disciplined, LowTempoController",0
2006-2007_Newcastle_Chelsea,2006-2007,36,Newcastle,Chelsea,D,0,23.0,6.0,3.0,0.0,3.0,"DirectPlay, AggressiveTackler",0
2006-2007_Blackburn_Charlton,2006-2007,37,Blackburn,Charlton,H,5,24.0,9.0,2.0,1.0,4.0,"RiskTaker, ChaosInducer",1
2006-2007_Chelsea_Bolton,2006-2007,37,Chelsea,Bolton,D,4,17.0,13.0,3.0,0.0,3.0,"LowTempoController, RiskTaker",0
2006-2007_Everton_Man United,2006-2007,37,Everton,Man United,A,6,26.0,13.0,2.0,0.0,2.0,"RiskTaker, HighPressure, ChaosInducer, Disciplined",1
2006-2007_Man City_Aston Villa,2006-2007,37,Man City,Aston Villa,A,2,29.0,11.0,1.0,0.0,1.0,"HighPressure, Disciplined, Opportunistic",0
2006-2007_Middlesbrough_Tottenham,2006-2007,37,Middlesbrough,Tottenham,A,5,27.0,10.0,2.0,0.0,2.0,"RiskTaker, Disciplined",0
2006-2007_Portsmouth_Liverpool,2006-2007,37,Portsmouth,Liverpool,H,3,20.0,13.0,2.0,0.0,2.0,"Disciplined, LowTempoController",0
2006-2007_Sheffield United_Watford,2006-2007,37,Sheffield United,Watford,H,1,24.0,12.0,5.0,0.0,5.0,"LowTempoController, Opportunistic",0
2006-2007_Wigan_West Ham,2006-2007,37,Wigan,West Ham,A,3,21.0,6.0,3.0,0.0,3.0,"LowTempoController, Disciplined",0
2006-2007_Arsenal_Fulham,2006-2007,37,Arsenal,Fulham,H,4,17.0,13.0,6.0,0.0,6.0,"AggressiveTackler, ChaosInducer, LowTempoController",0
2006-2007_Reading_Newcastle,2006-2007,37,Reading,Newcastle,H,1,31.0,18.0,2.0,0.0,2.0,"HighPressure, Disciplined, LowTempoController, Opportunistic",0
2006-2007_Aston Villa_Sheffield United,2006-2007,38,Aston Villa,Sheffield United,H,3,28.0,18.0,4.0,0.0,4.0,"RiskTaker, HighPressure, LowTempoController",0
2006-2007_Everton_Portsmouth,2006-2007,38,Everton,Portsmouth,H,3,25.0,17.0,6.0,0.0,6.0,"AggressiveTackler, HighPressure, ChaosInducer, LowTempoController",1
2006-2007_Fulham_Liverpool,2006-2007,38,Fulham,Liverpool,H,1,16.0,18.0,4.0,1.0,6.0,"AggressiveTackler, HighPressure, LowTempoController",0
2006-2007_Man City_Man United,2006-2007,38,Man City,Man United,A,1,10.0,8.0,4.0,0.0,4.0,"LowTempoController, LowTempoController",0
2006-2007_Newcastle_Blackburn,2006-2007,38,Newcastle,Blackburn,A,2,22.0,7.0,4.0,0.0,4.0,"HighPressure, DirectPlay",0
2006-2007_Reading_Watford,2006-2007,38,Reading,Watford,A,2,19.0,16.0,2.0,0.0,2.0,"HighPressure, Disciplined, LowTempoController",0
2006-2007_West Ham_Bolton,2006-2007,38,West Ham,Bolton,H,4,17.0,8.0,7.0,0.0,7.0,"AggressiveTackler, ChaosInducer",1
2006-2007_Wigan_Middlesbrough,2006-2007,38,Wigan,Middlesbrough,A,1,22.0,8.0,3.0,0.0,3.0,"ChaosInducer, Disciplined",0
2006-2007_Arsenal_Chelsea,2006-2007,38,Arsenal,Chelsea,D,2,16.0,10.0,3.0,1.0,5.0,"LowTempoController, HighPressure",0
2006-2007_Charlton_Tottenham,2006-2007,38,Charlton,Tottenham,A,2,16.0,16.0,0.0,0.0,0.0,"Disciplined, LowTempoController",0
2006-2007_Chelsea_Man United,2006-2007,38,Chelsea,Man United,D,0,20.0,9.0,7.0,0.0,7.0,"AggressiveTackler, HighPressure",0
2006-2007_Tottenham_Blackburn,2006-2007,38,Tottenham,Blackburn,D,2,25.0,12.0,3.0,1.0,5.0,"AggressiveTackler, LowTempoController",0
2006-2007_Blackburn_Reading,2006-2007,39,Blackburn,Reading,D,6,27.0,15.0,2.0,0.0,2.0,"RiskTaker, HighPressure, ChaosInducer, Disciplined, LowTempoController",0
2006-2007_Bolton_Aston Villa,2006-2007,39,Bolton,Aston Villa,D,4,18.0,13.0,3.0,0.0,3.0,"LowTempoController, RiskTaker",0
2006-2007_Chelsea_Everton,2006-2007,39,Chelsea,Everton,D,2,22.0,11.0,3.0,0.0,3.0,"Opportunistic, RiskTaker",0
2006-2007_Liverpool_Charlton,2006-2007,39,Liverpool,Charlton,D,4,30.0,11.0,0.0,0.0,0.0,"RiskTaker, HighPressure, Disciplined",0
2006-2007_Man United_West Ham,2006-2007,39,Man United,West Ham,A,1,34.0,17.0,2.0,0.0,2.0,"HighPressure, Disciplined, Opportunistic",0
2006-2007_Middlesbrough_Fulham,2006-2007,39,Middlesbrough,Fulham,H,4,29.0,13.0,1.0,0.0,1.0,"RiskTaker, HighPressure, Disciplined",0
2006-2007_Portsmouth_Arsenal,2006-2007,39,Portsmouth,Arsenal,D,0,23.0,8.0,0.0,0.0,0.0,"Disciplined, Disciplined",0
2006-2007_Sheffield United_Wigan,2006-2007,39,Sheffield United,Wigan,A,3,18.0,13.0,8.0,1.0,10.0,"AggressiveTackler, ChaosInducer, LowTempoController",0
2006-2007_Tottenham_Man City,2006-2007,39,Tottenham,Man City,H,3,18.0,12.0,2.0,0.0,2.0,"Disciplined, LowTempoController",0
2006-2007_Watford_Newcastle,2006-2007,39,Watford,Newcastle,D,2,12.0,13.0,6.0,0.0,6.0,"AggressiveTackler, LowTempoController",0
2007-2008_Aston Villa_Liverpool,2007-2008,1,Aston Villa,Liverpool,A,3,27.0,6.0,6.0,0.0,6.0,"AggressiveTackler, RiskTaker, ChaosInducer",1
2007-2008_Bolton_Newcastle,2007-2008,1,Bolton,Newcastle,A,4,20.0,7.0,2.0,0.0,2.0,"Disciplined, DirectPlay",0
2007-2008_Derby_Portsmouth,2007-2008,1,Derby,Portsmouth,D,4,24.0,12.0,3.0,0.0,3.0,"RiskTaker, RiskTaker",0
2007-2008_Everton_Wigan,2007-2008,1,Everton,Wigan,H,3,26.0,8.0,0.0,0.0,0.0,"Disciplined, ChaosInducer",0
2007-2008_Middlesbrough_Blackburn,2007-2008,1,Middlesbrough,Blackburn,A,3,14.0,16.0,7.0,0.0,7.0,"AggressiveTackler, ChaosInducer, LowTempoController",0
2007-2008_Sunderland_Tottenham,2007-2008,1,Sunderland,Tottenham,H,1,15.0,9.0,2.0,0.0,2.0,"Disciplined, LowTempoController",0
2007-2008_West Ham_Man City,2007-2008,1,West Ham,Man City,A,2,23.0,8.0,4.0,0.0,4.0,"RiskTaker, Disciplined",0
2007-2008_Arsenal_Fulham,2007-2008,1,Arsenal,Fulham,H,3,31.0,18.0,6.0,0.0,6.0,"AggressiveTackler, RiskTaker, HighPressure, ChaosInducer, LowTempoController",1
2007-2008_Chelsea_Birmingham,2007-2008,1,Chelsea,Birmingham,H,5,25.0,8.0,3.0,0.0,3.0,"RiskTaker, ChaosInducer",1
2007-2008_Man United_Reading,2007-2008,1,Man United,Reading,D,0,25.0,15.0,2.0,1.0,4.0,"HighPressure, LowTempoController",0
2007-2008_Tottenham_Everton,2007-2008,2,Tottenham,Everton,A,4,30.0,13.0,2.0,0.0,2.0,"RiskTaker, HighPressure, Disciplined",0
2007-2008_Birmingham_Sunderland,2007-2008,2,Birmingham,Sunderland,D,4,14.0,9.0,2.0,0.0,2.0,"Disciplined, LowTempoController",0
2007-2008_Fulham_Bolton,2007-2008,2,Fulham,Bolton,H,3,22.0,17.0,3.0,0.0,3.0,"HighPressure, LowTempoController",0
2007-2008_Man City_Derby,2007-2008,2,Man City,Derby,H,1,14.0,8.0,4.0,0.0,4.0,"LowTempoController, Opportunistic",0
2007-2008_Portsmouth_Man United,2007-2008,2,Portsmouth,Man United,D,2,27.0,18.0,3.0,2.0,7.0,"AggressiveTackler, HighPressure, ChaosInducer, LowTempoController, Opportunistic",1
2007-2008_Reading_Chelsea,2007-2008,2,Reading,Chelsea,A,3,30.0,15.0,9.0,1.0,11.0,"AggressiveTackler, RiskTaker, HighPressure, ChaosInducer",1
2007-2008_Wigan_Middlesbrough,2007-2008,2,Wigan,Middlesbrough,H,1,19.0,8.0,4.0,0.0,4.0,"RiskTaker, ChaosInducer",1
2007-2008_Birmingham_West Ham,2007-2008,3,Birmingham,West Ham,A,1,19.0,14.0,6.0,0.0,6.0,"AggressiveTackler, LowTempoController",0
2007-2008_Fulham_Middlesbrough,2007-2008,3,Fulham,Middlesbrough,A,3,22.0,15.0,4.0,0.0,4.0,"HighPressure, LowTempoController",0
2007-2008_Newcastle_Aston Villa,2007-2008,3,Newcastle,Aston Villa,D,0,17.0,14.0,2.0,0.0,2.0,"Disciplined, LowTempoController",0
2007-2008_Portsmouth_Bolton,2007-2008,3,Portsmouth,Bolton,H,4,19.0,16.0,2.0,0.0,2.0,"HighPressure, Disciplined, LowTempoController",0
2007-2008_Reading_Everton,2007-2008,3,Reading,Everton,H,1,23.0,16.0,4.0,0.0,4.0,"HighPressure, LowTempoController",0
2007-2008_Tottenham_Derby,2007-2008,3,Tottenham,Derby,H,4,29.0,12.0,4.0,0.0,4.0,"RiskTaker, HighPressure, ChaosInducer",1
2007-2008_Wigan_Sunderland,2007-2008,3,Wigan,Sunderland,H,3,18.0,14.0,2.0,0.0,2.0,"Disciplined, LowTempoController",0
2007-2008_Blackburn_Arsenal,2007-2008,3,Blackburn,Arsenal,D,2,19.0,9.0,8.0,1.0,10.0,"AggressiveTackler, ChaosInducer",1
2007-2008_Liverpool_Chelsea,2007-2008,3,Liverpool,Chelsea,D,2,24.0,7.0,9.0,0.0,9.0,"AggressiveTackler, ChaosInducer",1
2007-2008_Man City_Man United,2007-2008,3,Man City,Man United,H,1,21.0,11.0,4.0,0.0,4.0,"LowTempoController, AggressiveTackler",0
2007-2008_Arsenal_Man City,2007-2008,4,Arsenal,Man City,H,1,24.0,10.0,1.0,0.0,1.0,"Disciplined, DirectPlay",0
2007-2008_Aston Villa_Fulham,2007-2008,4,Aston Villa,Fulham,H,3,33.0,15.0,3.0,1.0,5.0,"RiskTaker, HighPressure, ChaosInducer",1
2007-2008_Bolton_Reading,2007-2008,4,Bolton,Reading,H,3,23.0,17.0,3.0,0.0,3.0,"HighPressure, LowTempoController",0
2007-2008_Chelsea_Portsmouth,2007-2008,4,Chelsea,Portsmouth,H,1,36.0,10.0,2.0,0.0,2.0,"HighPressure, Disciplined, Opportunistic",0
2007-2008_Derby_Birmingham,2007-2008,4,Derby,Birmingham,A,3,27.0,8.0,1.0,0.0,1.0,"RiskTaker, Disciplined",0
2007-2008_Everton_Blackburn,2007-2008,4,Everton,Blackburn,D,2,23.0,12.0,2.0,0.0,2.0,"Disciplined, Disciplined",0
2007-2008_Sunderland_Liverpool,2007-2008,4,Sunderland,Liverpool,A,2,24.0,10.0,2.0,0.0,2.0,"Disciplined, AggressiveTackler",0
2007-2008_West Ham_Wigan,2007-2008,4,West Ham,Wigan,D,2,25.0,7.0,3.0,0.0,3.0,"AggressiveTackler, AggressiveTackler",1
2007-2008_Man United_Tottenham,2007-2008,4,Man United,Tottenham,H,1,24.0,8.0,5.0,0.0,5.0,"HighPressure, DirectPlay",0
2007-2008_Middlesbrough_Newcastle,2007-2008,4,Middlesbrough,Newcastle,D,4,16.0,7.0,9.0,0.0,9.0,"AggressiveTackler, ChaosInducer",1
2007-2008_Bolton_Everton,2007-2008,5,Bolton,Everton,A,3,28.0,17.0,4.0,0.0,4.0,"RiskTaker, HighPressure, LowTempoController",0
2007-2008_Fulham_Tottenham,2007-2008,5,Fulham,Tottenham,D,6,26.0,20.0,1.0,0.0,1.0,"RiskTaker, HighPressure, Disciplined, LowTempoController",0
2007-2008_Liverpool_Derby,2007-2008,5,Liverpool,Derby,H,6,28.0,6.0,1.0,0.0,1.0,"RiskTaker, Disciplined",0
2007-2008_Man United_Sunderland,2007-2008,5,Man United,Sunderland,H,1,21.0,6.0,3.0,0.0,3.0,"Opportunistic, LowTempoController",0
2007-2008_Middlesbrough_Birmingham,2007-2008,5,Middlesbrough,Birmingham,H,2,22.0,16.0,4.0,0.0,4.0,"HighPressure, LowTempoController",0
2007-2008_Newcastle_Wigan,2007-2008,5,Newcastle,Wigan,H,1,27.0,10.0,6.0,1.0,8.0,"AggressiveTackler, ChaosInducer, Opportunistic",1
2007-2008_Reading_West Ham,2007-2008,5,Reading,West Ham,A,3,22.0,18.0,1.0,0.0,1.0,"HighPressure, Disciplined, LowTempoController",0
2007-2008_Arsenal_Portsmouth,2007-2008,5,Arsenal,Portsmouth,H,4,25.0,13.0,3.0,1.0,5.0,"RiskTaker, HighPressure, ChaosInducer",1
2007-2008_Aston Villa_Chelsea,2007-2008,5,Aston Villa,Chelsea,H,2,29.0,15.0,5.0,0.0,5.0,"HighPressure, Opportunistic",0
2007-2008_Blackburn_Man City,2007-2008,5,Blackburn,Man City,H,1,23.0,9.0,6.0,2.0,10.0,"AggressiveTackler, ChaosInducer",1
2007-2008_Birmingham_Bolton,2007-2008,6,Birmingham,Bolton,H,1,18.0,11.0,4.0,0.0,4.0,"LowTempoController, DirectPlay",0
2007-2008_Chelsea_Blackburn,2007-2008,6,Chelsea,Blackburn,D,0,21.0,11.0,4.0,0.0,4.0,"LowTempoController, HighPressure",0
2007-2008_Everton_Man United,2007-2008,6,Everton,Man United,A,1,24.0,9.0,4.0,0.0,4.0,"LowTempoController, DirectPlay",0
2007-2008_Portsmouth_Liverpool,2007-2008,6,Portsmouth,Liverpool,D,0,21.0,9.0,5.0,0.0,5.0,"AggressiveTackler, Disciplined",0
2007-2008_Sunderland_Reading,2007-2008,6,Sunderland,Reading,H,3,24.0,18.0,3.0,0.0,3.0,"HighPressure, LowTempoController",0
2007-2008_Tottenham_Arsenal,2007-2008,6,Tottenham,Arsenal,A,4,30.0,12.0,4.0,0.0,4.0,"RiskTaker, HighPressure, ChaosInducer",1
2007-2008_West Ham_Middlesbrough,2007-2008,6,West Ham,Middlesbrough,H,3,29.0,13.0,3.0,0.0,3.0,"RiskTaker, HighPressure",0
2007-2008_Wigan_Fulham,2007-2008,6,Wigan,Fulham,D,2,24.0,13.0,1.0,0.0,1.0,"HighPressure, Disciplined, LowTempoController",0
2007-2008_Man City_Aston Villa,2007-2008,6,Man City,Aston Villa,H,1,23.0,14.0,2.0,0.0,2.0,"HighPressure, Disciplined, LowTempoController",0
2007-2008_Derby_Newcastle,2007-2008,6,Derby,Newcastle,H,1,18.0,10.0,5.0,0.0,5.0,"LowTempoController, LowTempoController",0
2007-2008_Arsenal_Derby,2007-2008,7,Arsenal,Derby,H,5,19.0,9.0,2.0,0.0,2.0,"Disciplined, ChaosInducer",0
2007-2008_Fulham_Man City,2007-2008,7,Fulham,Man City,D,6,24.0,8.0,5.0,0.0,5.0,"RiskTaker, ChaosInducer",1
2007-2008_Liverpool_Birmingham,2007-2008,7,Liverpool,Birmingham,D,0,23.0,13.0,2.0,0.0,2.0,"Disciplined, LowTempoController",0
2007-2008_Middlesbrough_Sunderland,2007-2008,7,Middlesbrough,Sunderland,D,4,27.0,9.0,7.0,0.0,7.0,"AggressiveTackler, RiskTaker, ChaosInducer",1
2007-2008_Reading_Wigan,2007-2008,7,Reading,Wigan,H,3,24.0,13.0,5.0,0.0,5.0,"HighPressure, ChaosInducer, LowTempoController",0
2007-2008_Aston Villa_Everton,2007-2008,7,Aston Villa,Everton,H,2,16.0,9.0,1.0,0.0,1.0,"Disciplined, LowTempoController",0
2007-2008_Blackburn_Portsmouth,2007-2008,7,Blackburn,Portsmouth,A,1,22.0,11.0,3.0,0.0,3.0,"ChaosInducer, RiskTaker",1
2007-2008_Bolton_Tottenham,2007-2008,7,Bolton,Tottenham,D,2,15.0,15.0,2.0,0.0,2.0,"Disciplined, LowTempoController",0
2007-2008_Man United_Chelsea,2007-2008,7,Man United,Chelsea,H,2,21.0,11.0,4.0,1.0,6.0,"AggressiveTackler, LowTempoController",0
2007-2008_Newcastle_West Ham,2007-2008,7,Newcastle,West Ham,H,4,25.0,6.0,4.0,0.0,4.0,"RiskTaker, ChaosInducer",1
2007-2008_Birmingham_Man United,2007-2008,8,Birmingham,Man United,A,1,28.0,8.0,4.0,0.0,4.0,"Opportunistic, LowTempoController",0
2007-2008_Chelsea_Fulham,2007-2008,8,Chelsea,Fulham,D,0,22.0,13.0,2.0,1.0,4.0,"LowTempoController, Disciplined",0
2007-2008_Derby_Bolton,2007-2008,8,Derby,Bolton,D,2,22.0,15.0,5.0,0.0,5.0,"HighPressure, LowTempoController",0
2007-2008_Man City_Newcastle,2007-2008,8,Man City,Newcastle,H,4,28.0,12.0,0.0,0.0,0.0,"RiskTaker, HighPressure, Disciplined",0
2007-2008_Portsmouth_Reading,2007-2008,8,Portsmouth,Reading,H,11,38.0,12.0,2.0,0.0,2.0,"RiskTaker, HighPressure, ChaosInducer, Disciplined",1
2007-2008_Sunderland_Blackburn,2007-2008,8,Sunderland,Blackburn,A,3,28.0,12.0,1.0,0.0,1.0,"RiskTaker, HighPressure, Disciplined",0
2007-2008_West Ham_Arsenal,2007-2008,8,West Ham,Arsenal,A,1,25.0,17.0,4.0,0.0,4.0,"HighPressure, LowTempoController",0
2007-2008_Wigan_Liverpool,2007-2008,8,Wigan,Liverpool,A,1,23.0,11.0,3.0,0.0,3.0,"Opportunistic, HighPressure",0
2007-2008_Everton_Middlesbrough,2007-2008,8,Everton,Middlesbrough,H,2,26.0,8.0,4.0,0.0,4.0,"AggressiveTackler, RiskTaker",0
2007-2008_Tottenham_Aston Villa,2007-2008,8,Tottenham,Aston Villa,D,8,26.0,16.0,5.0,0.0,5.0,"RiskTaker, HighPressure, ChaosInducer, LowTempoController",1
2007-2008_Aston Villa_West Ham,2007-2008,9,Aston Villa,West Ham,H,1,13.0,11.0,5.0,0.0,5.0,"LowTempoController, ChaosInducer",0
2007-2008_Man United_Wigan,2007-2008,9,Man United,Wigan,H,4,23.0,14.0,2.0,0.0,2.0,"HighPressure, Disciplined, LowTempoController",0
2007-2008_Arsenal_Sunderland,2007-2008,9,Arsenal,Sunderland,H,5,29.0,10.0,2.0,1.0,4.0,"RiskTaker, HighPressure, ChaosInducer",1
2007-2008_Blackburn_Birmingham,2007-2008,9,Blackburn,Birmingham,H,3,23.0,13.0,4.0,0.0,4.0,"LowTempoController, HighPressure",0
2007-2008_Bolton_Chelsea,2007-2008,9,Bolton,Chelsea,A,1,28.0,10.0,6.0,0.0,6.0,"AggressiveTackler, Opportunistic",0
2007-2008_Fulham_Portsmouth,2007-2008,9,Fulham,Portsmouth,A,2,27.0,13.0,1.0,0.0,1.0,"HighPressure, Disciplined, Opportunistic",0
2007-2008_Liverpool_Tottenham,2007-2008,9,Liverpool,Tottenham,D,4,32.0,8.0,1.0,0.0,1.0,"RiskTaker, HighPressure, Disciplined",0
2007-2008_Man City_Middlesbrough,2007-2008,9,Man City,Middlesbrough,H,4,35.0,16.0,5.0,0.0,5.0,"RiskTaker, HighPressure, ChaosInducer",1
2007-2008_Newcastle_Everton,2007-2008,9,Newcastle,Everton,H,5,26.0,10.0,3.0,0.0,3.0,"RiskTaker, ChaosInducer",1
2007-2008_Reading_Derby,2007-2008,9,Reading,Derby,H,1,18.0,6.0,2.0,0.0,2.0,"Disciplined, HighPressure",0
2007-2008_Arsenal_Bolton,2007-2008,10,Arsenal,Bolton,H,2,20.0,8.0,6.0,0.0,6.0,"AggressiveTackler, AggressiveTackler",1
2007-2008_Aston Villa_Man United,2007-2008,10,Aston Villa,Man United,A,5,32.0,12.0,4.0,2.0,8.0,"AggressiveTackler, RiskTaker, HighPressure, ChaosInducer",1
2007-2008_Blackburn_Reading,2007-2008,10,Blackburn,Reading,H,6,24.0,13.0,0.0,0.0,0.0,"RiskTaker, HighPressure, Disciplined, LowTempoController",0
2007-2008_Everton_Liverpool,2007-2008,10,Everton,Liverpool,A,3,23.0,15.0,3.0,2.0,7.0,"AggressiveTackler, HighPressure, ChaosInducer, LowTempoController",1
2007-2008_Fulham_Derby,2007-2008,10,Fulham,Derby,D,0,26.0,14.0,2.0,1.0,4.0,"HighPressure, LowTempoController",0
2007-2008_Man City_Birmingham,2007-2008,10,Man City,Birmingham,H,1,25.0,13.0,5.0,0.0,5.0,"HighPressure, Opportunistic",0
2007-2008_Middlesbrough_Chelsea,2007-2008,10,Middlesbrough,Chelsea,A,2,16.0,12.0,2.0,0.0,2.0,"Disciplined, LowTempoController",0
2007-2008_Wigan_Portsmouth,2007-2008,10,Wigan,Portsmouth,A,2,22.0,5.0,5.0,0.0,5.0,"Opportunistic, LowTempoController",0
2007-2008_West Ham_Sunderland,2007-2008,10,West Ham,Sunderland,H,4,28.0,13.0,5.0,0.0,5.0,"RiskTaker, HighPressure, ChaosInducer",1
2007-2008_Newcastle_Tottenham,2007-2008,10,Newcastle,Tottenham,H,4,26.0,10.0,4.0,0.0,4.0,"RiskTaker, ChaosInducer",1
2007-2008_Birmingham_Wigan,2007-2008,11,Birmingham,Wigan,H,5,24.0,11.0,1.0,0.0,1.0,"RiskTaker, Disciplined",0
2007-2008_Chelsea_Man City,2007-2008,11,Chelsea,Man City,H,6,23.0,12.0,4.0,0.0,4.0,"RiskTaker, ChaosInducer",1
2007-2008_Man United_Middlesbrough,2007-2008,11,Man United,Middlesbrough,H,5,25.0,6.0,2.0,0.0,2.0,"RiskTaker, Disciplined",0
2007-2008_Portsmouth_West Ham,2007-2008,11,Portsmouth,West Ham,D,0,20.0,16.0,6.0,0.0,6.0,"AggressiveTackler, HighPressure, LowTempoController",0
2007-2008_Reading_Newcastle,2007-2008,11,Reading,Newcastle,H,3,18.0,13.0,1.0,0.0,1.0,"Disciplined, LowTempoController",0
2007-2008_Sunderland_Fulham,2007-2008,11,Sunderland,Fulham,D,2,16.0,10.0,5.0,1.0,7.0,"AggressiveTackler, ChaosInducer, LowTempoController",0
2007-2008_Bolton_Aston Villa,2007-2008,11,Bolton,Aston Villa,D,2,21.0,10.0,3.0,0.0,3.0,"ChaosInducer, Opportunistic",0
2007-2008_Derby_Everton,2007-2008,11,Derby,Everton,A,2,12.0,2.0,2.0,0.0,2.0,"Disciplined, Disciplined",0
2007-2008_Liverpool_Arsenal,2007-2008,11,Liverpool,Arsenal,D,2,22.0,5.0,6.0,0.0,6.0,"AggressiveTackler, Opportunistic",0
2007-2008_Tottenham_Blackburn,2007-2008,11,Tottenham,Blackburn,A,3,18.0,12.0,7.0,0.0,7.0,"AggressiveTackler, ChaosInducer, LowTempoController",1
2007-2008_Arsenal_Man United,2007-2008,12,Arsenal,Man United,D,4,26.0,7.0,3.0,0.0,3.0,"RiskTaker, HighPressure",1
2007-2008_Aston Villa_Derby,2007-2008,12,Aston Villa,Derby,H,2,23.0,11.0,3.0,0.0,3.0,"AggressiveTackler, Disciplined",0
2007-2008_Blackburn_Liverpool,2007-2008,12,Blackburn,Liverpool,D,0,26.0,9.0,1.0,0.0,1.0,"Disciplined, LowTempoController",0
2007-2008_Everton_Birmingham,2007-2008,12,Everton,Birmingham,H,4,23.0,11.0,1.0,0.0,1.0,"Disciplined, ChaosInducer",0
2007-2008_Fulham_Reading,2007-2008,12,Fulham,Reading,H,4,22.0,17.0,3.0,1.0,5.0,"HighPressure, ChaosInducer, LowTempoController",0
2007-2008_Middlesbrough_Tottenham,2007-2008,12,Middlesbrough,Tottenham,D,2,14.0,13.0,1.0,0.0,1.0,"Disciplined, LowTempoController",0
2007-2008_Newcastle_Portsmouth,2007-2008,12,Newcastle,Portsmouth,A,5,24.0,9.0,4.0,0.0,4.0,"RiskTaker, ChaosInducer",1
2007-2008_Wigan_Chelsea,2007-2008,12,Wigan,Chelsea,A,2,23.0,7.0,3.0,0.0,3.0,"LowTempoController, HighPressure",0
2007-2008_West Ham_Bolton,2007-2008,12,West Ham,Bolton,D,2,20.0,11.0,3.0,0.0,3.0,"LowTempoController, Disciplined",0
2007-2008_Man City_Sunderland,2007-2008,12,Man City,Sunderland,H,1,15.0,5.0,1.0,0.0,1.0,"Disciplined, Disciplined",0
2007-2008_Derby_West Ham,2007-2008,13,Derby,West Ham,A,5,25.0,9.0,4.0,0.0,4.0,"RiskTaker, ChaosInducer",1
2007-2008_Liverpool_Fulham,2007-2008,13,Liverpool,Fulham,H,2,25.0,10.0,2.0,0.0,2.0,"Disciplined, Disciplined",0
2007-2008_Sunderland_Newcastle,2007-2008,13,Sunderland,Newcastle,D,2,28.0,11.0,3.0,0.0,3.0,"HighPressure, Opportunistic",0
2007-2008_Birmingham_Aston Villa,2007-2008,13,Birmingham,Aston Villa,A,3,26.0,13.0,5.0,0.0,5.0,"HighPressure, ChaosInducer",1
2007-2008_Bolton_Middlesbrough,2007-2008,13,Bolton,Middlesbrough,D,0,23.0,13.0,3.0,0.0,3.0,"LowTempoController, HighPressure",0
2007-2008_Chelsea_Everton,2007-2008,13,Chelsea,Everton,D,2,21.0,10.0,4.0,0.0,4.0,"HighPressure, LowTempoController",0
2007-2008_Man United_Blackburn,2007-2008,13,Man United,Blackburn,H,2,34.0,13.0,5.0,1.0,7.0,"AggressiveTackler, HighPressure, ChaosInducer, Opportunistic",1
2007-2008_Portsmouth_Man City,2007-2008,13,Portsmouth,Man City,D,0,30.0,10.0,2.0,0.0,2.0,"HighPressure, Disciplined, Opportunistic",0
2007-2008_Tottenham_Wigan,2007-2008,13,Tottenham,Wigan,H,4,25.0,7.0,2.0,0.0,2.0,"RiskTaker, Disciplined",0
2007-2008_Reading_Arsenal,2007-2008,13,Reading,Arsenal,A,4,24.0,6.0,2.0,0.0,2.0,"RiskTaker, Disciplined",0
2007-2008_Arsenal_Wigan,2007-2008,14,Arsenal,Wigan,H,2,20.0,10.0,5.0,0.0,5.0,"RiskTaker, LowTempoController",0
2007-2008_Birmingham_Portsmouth,2007-2008,14,Birmingham,Portsmouth,A,2,19.0,7.0,5.0,0.0,5.0,"ChaosInducer, AggressiveTackler",0
2007-2008_Bolton_Man United,2007-2008,14,Bolton,Man United,H,1,19.0,10.0,3.0,0.0,3.0,"LowTempoController, Disciplined",0
2007-2008_Derby_Chelsea,2007-2008,14,Derby,Chelsea,A,2,18.0,5.0,1.0,1.0,3.0,"RiskTaker, AggressiveTackler",0
2007-2008_Everton_Sunderland,2007-2008,14,Everton,Sunderland,H,8,37.0,8.0,1.0,0.0,1.0,"RiskTaker, HighPressure, ChaosInducer, Disciplined",1
2007-2008_Man City_Reading,2007-2008,14,Man City,Reading,H,3,18.0,9.0,2.0,0.0,2.0,"Disciplined, RiskTaker",0
2007-2008_Middlesbrough_Aston Villa,2007-2008,14,Middlesbrough,Aston Villa,A,3,26.0,17.0,3.0,0.0,3.0,"HighPressure, LowTempoController",0
2007-2008_Newcastle_Liverpool,2007-2008,14,Newcastle,Liverpool,A,3,23.0,8.0,4.0,0.0,4.0,"Opportunistic, Opportunistic",0
2007-2008_Fulham_Blackburn,2007-2008,14,Fulham,Blackburn,D,4,17.0,9.0,3.0,0.0,3.0,"LowTempoController, DirectPlay",0
2007-2008_West Ham_Tottenham,2007-2008,14,West Ham,Tottenham,D,2,23.0,15.0,7.0,0.0,7.0,"AggressiveTackler, HighPressure, ChaosInducer, LowTempoController",1
2007-2008_Blackburn_Aston Villa,2007-2008,14,Blackburn,Aston Villa,A,4,23.0,13.0,1.0,1.0,3.0,"LowTempoController, Opportunistic",0
2007-2008_Aston Villa_Arsenal,2007-2008,15,Aston Villa,Arsenal,A,3,25.0,11.0,5.0,0.0,5.0,"ChaosInducer, LowTempoController",0
2007-2008_Blackburn_Newcastle,2007-2008,15,Blackburn,Newcastle,H,4,33.0,2.0,5.0,0.0,5.0,"RiskTaker, ChaosInducer",1
2007-2008_Chelsea_West Ham,2007-2008,15,Chelsea,West Ham,H,1,18.0,7.0,8.0,0.0,8.0,"AggressiveTackler, ChaosInducer",1
2007-2008_Portsmouth_Everton,2007-2008,15,Portsmouth,Everton,D,0,24.0,9.0,3.0,0.0,3.0,"Opportunistic, HighPressure",0
2007-2008_Reading_Middlesbrough,2007-2008,15,Reading,Middlesbrough,D,2,28.0,9.0,3.0,0.0,3.0,"Opportunistic, Disciplined",0
2007-2008_Sunderland_Derby,2007-2008,15,Sunderland,Derby,H,1,32.0,8.0,2.0,0.0,2.0,"HighPressure, Disciplined, Opportunistic",0
2007-2008_Wigan_Man City,2007-2008,15,Wigan,Man City,D,2,9.0,6.0,4.0,1.0,6.0,"AggressiveTackler, LowTempoController",0
2007-2008_Liverpool_Bolton,2007-2008,15,Liverpool,Bolton,H,4,29.0,10.0,3.0,0.0,3.0,"RiskTaker, HighPressure",0
2007-2008_Tottenham_Birmingham,2007-2008,15,Tottenham,Birmingham,A,5,24.0,15.0,1.0,1.0,3.0,"RiskTaker, HighPressure, ChaosInducer, LowTempoController",1
2007-2008_Man United_Fulham,2007-2008,15,Man United,Fulham,H,2,27.0,10.0,3.0,0.0,3.0,"Opportunistic, LowTempoController",0
2007-2008_Newcastle_Arsenal,2007-2008,15,Newcastle,Arsenal,D,2,18.0,12.0,5.0,0.0,5.0,"LowTempoController, AggressiveTackler",0
2007-2008_Aston Villa_Portsmouth,2007-2008,16,Aston Villa,Portsmouth,A,4,26.0,12.0,7.0,0.0,7.0,"AggressiveTackler, RiskTaker, HighPressure, ChaosInducer",1
2007-2008_Chelsea_Sunderland,2007-2008,16,Chelsea,Sunderland,H,2,20.0,12.0,1.0,1.0,3.0,"LowTempoController, DirectPlay",0
2007-2008_Everton_Fulham,2007-2008,16,Everton,Fulham,H,3,21.0,19.0,2.0,0.0,2.0,"HighPressure, Disciplined, LowTempoController",0
2007-2008_Man United_Derby,2007-2008,16,Man United,Derby,H,5,33.0,12.0,2.0,0.0,2.0,"RiskTaker, HighPressure, Disciplined",0
2007-2008_Newcastle_Birmingham,2007-2008,16,Newcastle,Birmingham,H,3,24.0,11.0,3.0,0.0,3.0,"DirectPlay, DirectPlay",0
2007-2008_Reading_Liverpool,2007-2008,16,Reading,Liverpool,H,4,22.0,14.0,1.0,0.0,1.0,"Disciplined, LowTempoController",0
2007-2008_Blackburn_West Ham,2007-2008,16,Blackburn,West Ham,A,1,26.0,14.0,2.0,0.0,2.0,"HighPressure, Disciplined, LowTempoController",0
2007-2008_Bolton_Wigan,2007-2008,16,Bolton,Wigan,H,5,19.0,16.0,3.0,0.0,3.0,"HighPressure, ChaosInducer, LowTempoController",0
2007-2008_Middlesbrough_Arsenal,2007-2008,16,Middlesbrough,Arsenal,H,3,20.0,9.0,4.0,0.0,4.0,"AggressiveTackler, AggressiveTackler",0
2007-2008_Tottenham_Man City,2007-2008,16,Tottenham,Man City,H,3,19.0,8.0,5.0,1.0,7.0,"AggressiveTackler, ChaosInducer",1
2007-2008_Birmingham_Reading,2007-2008,17,Birmingham,Reading,D,2,25.0,12.0,3.0,0.0,3.0,"AggressiveTackler, AggressiveTackler",1
2007-2008_Derby_Middlesbrough,2007-2008,17,Derby,Middlesbrough,A,1,20.0,8.0,0.0,0.0,0.0,"Disciplined, DirectPlay",0
2007-2008_Fulham_Newcastle,2007-2008,17,Fulham,Newcastle,A,1,16.0,13.0,1.0,0.0,1.0,"Disciplined, LowTempoController",0
2007-2008_Man City_Bolton,2007-2008,17,Man City,Bolton,H,6,24.0,10.0,2.0,0.0,2.0,"RiskTaker, ChaosInducer, Disciplined",0
2007-2008_Portsmouth_Tottenham,2007-2008,17,Portsmouth,Tottenham,A,1,21.0,8.0,5.0,0.0,5.0,"DirectPlay, RiskTaker",0
2007-2008_Sunderland_Aston Villa,2007-2008,17,Sunderland,Aston Villa,D,2,23.0,18.0,4.0,0.0,4.0,"HighPressure, LowTempoController",0
2007-2008_West Ham_Everton,2007-2008,17,West Ham,Everton,A,2,23.0,11.0,3.0,0.0,3.0,"LowTempoController, Disciplined",0
2007-2008_Wigan_Blackburn,2007-2008,17,Wigan,Blackburn,H,8,18.0,10.0,8.0,1.0,10.0,"AggressiveTackler, RiskTaker, ChaosInducer, LowTempoController",1
2007-2008_Arsenal_Chelsea,2007-2008,17,Arsenal,Chelsea,H,1,21.0,8.0,10.0,0.0,10.0,"AggressiveTackler, ChaosInducer",1
2007-2008_Liverpool_Man United,2007-2008,17,Liverpool,Man United,A,1,24.0,6.0,5.0,0.0,5.0,"Opportunistic, Opportunistic",0
2007-2008_Arsenal_Tottenham,2007-2008,18,Arsenal,Tottenham,H,3,19.0,6.0,4.0,0.0,4.0,"HighPressure, DirectPlay",0
2007-2008_Aston Villa_Man City,2007-2008,18,Aston Villa,Man City,D,2,15.0,11.0,6.0,0.0,6.0,"AggressiveTackler, LowTempoController",0
2007-2008_Bolton_Birmingham,2007-2008,18,Bolton,Birmingham,H,3,14.0,9.0,5.0,0.0,5.0,"ChaosInducer, LowTempoController",0
2007-2008_Fulham_Wigan,2007-2008,18,Fulham,Wigan,D,2,19.0,12.0,0.0,0.0,0.0,"Disciplined, LowTempoController",0
2007-2008_Liverpool_Portsmouth,2007-2008,18,Liverpool,Portsmouth,H,5,23.0,4.0,3.0,0.0,3.0,"RiskTaker, ChaosInducer",1
2007-2008_Middlesbrough_West Ham,2007-2008,18,Middlesbrough,West Ham,A,3,15.0,11.0,5.0,0.0,5.0,"ChaosInducer, LowTempoController",0
2007-2008_Reading_Sunderland,2007-2008,18,Reading,Sunderland,H,3,25.0,9.0,4.0,0.0,4.0,"HighPressure, LowTempoController",0
2007-2008_Blackburn_Chelsea,2007-2008,18,Blackburn,Chelsea,A,1,26.0,18.0,3.0,0.0,3.0,"HighPressure, LowTempoController",0
2007-2008_Man United_Everton,2007-2008,18,Man United,Everton,H,3,22.0,10.0,6.0,0.0,6.0,"AggressiveTackler, ChaosInducer",1
2007-2008_Newcastle_Derby,2007-2008,18,Newcastle,Derby,D,4,32.0,11.0,4.0,0.0,4.0,"RiskTaker, HighPressure, ChaosInducer",1
2007-2008_Birmingham_Middlesbrough,2007-2008,19,Birmingham,Middlesbrough,H,3,31.0,21.0,3.0,0.0,3.0,"RiskTaker, HighPressure, LowTempoController",0
2007-2008_Chelsea_Aston Villa,2007-2008,19,Chelsea,Aston Villa,D,8,23.0,10.0,5.0,3.0,11.0,"AggressiveTackler, RiskTaker, ChaosInducer",1
2007-2008_Derby_Liverpool,2007-2008,19,Derby,Liverpool,A,3,31.0,9.0,1.0,0.0,1.0,"RiskTaker, HighPressure, Disciplined",0
2007-2008_Everton_Bolton,2007-2008,19,Everton,Bolton,H,2,27.0,11.0,3.0,0.0,3.0,"Opportunistic, LowTempoController",0
2007-2008_Portsmouth_Arsenal,2007-2008,19,Portsmouth,Arsenal,D,0,21.0,11.0,3.0,0.0,3.0,"LowTempoController, HighPressure",0
2007-2008_Sunderland_Man United,2007-2008,19,Sunderland,Man United,A,4,27.0,7.0,3.0,0.0,3.0,"RiskTaker, DirectPlay",0
2007-2008_Tottenham_Fulham,2007-2008,19,Tottenham,Fulham,H,6,21.0,8.0,5.0,1.0,7.0,"AggressiveTackler, RiskTaker, ChaosInducer",1
2007-2008_West Ham_Reading,2007-2008,19,West Ham,Reading,D,2,31.0,16.0,4.0,1.0,6.0,"AggressiveTackler, HighPressure, Opportunistic",1
2007-2008_Wigan_Newcastle,2007-2008,19,Wigan,Newcastle,H,1,15.0,5.0,5.0,0.0,5.0,"HighPressure, Opportunistic",0
2007-2008_Man City_Blackburn,2007-2008,19,Man City,Blackburn,D,4,12.0,6.0,2.0,0.0,2.0,"Disciplined, LowTempoController",0
2007-2008_Birmingham_Fulham,2007-2008,20,Birmingham,Fulham,D,2,25.0,14.0,3.0,1.0,5.0,"HighPressure, LowTempoController",0
2007-2008_Chelsea_Newcastle,2007-2008,20,Chelsea,Newcastle,H,3,19.0,15.0,3.0,0.0,3.0,"LowTempoController, RiskTaker",0
2007-2008_Everton_Arsenal,2007-2008,20,Everton,Arsenal,A,5,20.0,12.0,5.0,2.0,9.0,"AggressiveTackler, RiskTaker, ChaosInducer, LowTempoController",1
2007-2008_Portsmouth_Middlesbrough,2007-2008,20,Portsmouth,Middlesbrough,A,1,31.0,8.0,5.0,0.0,5.0,"Opportunistic, Opportunistic",0
2007-2008_Sunderland_Bolton,2007-2008,20,Sunderland,Bolton,H,4,10.0,8.0,3.0,0.0,3.0,"LowTempoController, ChaosInducer",0
2007-2008_Tottenham_Reading,2007-2008,20,Tottenham,Reading,H,10,25.0,9.0,3.0,0.0,3.0,"RiskTaker, ChaosInducer",1
2007-2008_West Ham_Man United,2007-2008,20,West Ham,Man United,H,3,18.0,9.0,2.0,0.0,2.0,"Disciplined, DirectPlay",0
2007-2008_Wigan_Aston Villa,2007-2008,20,Wigan,Aston Villa,A,3,8.0,11.0,2.0,0.0,2.0,"Disciplined, LowTempoController",0
2007-2008_Derby_Blackburn,2007-2008,20,Derby,Blackburn,A,3,36.0,16.0,4.0,0.0,4.0,"RiskTaker, HighPressure",1
2007-2008_Man City_Liverpool,2007-2008,20,Man City,Liverpool,D,0,23.0,11.0,1.0,0.0,1.0,"Disciplined, DirectPlay",0
2007-2008_Arsenal_West Ham,2007-2008,21,Arsenal,West Ham,H,2,36.0,12.0,3.0,0.0,3.0,"HighPressure, Opportunistic",0
2007-2008_Aston Villa_Tottenham,2007-2008,21,Aston Villa,Tottenham,H,3,23.0,10.0,3.0,0.0,3.0,"Disciplined, AggressiveTackler",0
2007-2008_Fulham_Chelsea,2007-2008,21,Fulham,Chelsea,A,3,16.0,12.0,1.0,0.0,1.0,"Disciplined, LowTempoController",0
2007-2008_Man United_Birmingham,2007-2008,21,Man United,Birmingham,H,1,29.0,2.0,5.0,0.0,5.0,"Opportunistic, ChaosInducer",0
2007-2008_Middlesbrough_Everton,2007-2008,21,Middlesbrough,Everton,A,2,12.0,11.0,1.0,0.0,1.0,"Disciplined, LowTempoController",0
2007-2008_Reading_Portsmouth,2007-2008,21,Reading,Portsmouth,A,2,27.0,9.0,4.0,1.0,6.0,"AggressiveTackler, Opportunistic",0
2007-2008_Blackburn_Sunderland,2007-2008,21,Blackburn,Sunderland,H,1,15.0,10.0,7.0,1.0,9.0,"AggressiveTackler, ChaosInducer, LowTempoController",0
2007-2008_Bolton_Derby,2007-2008,21,Bolton,Derby,H,1,21.0,18.0,5.0,0.0,5.0,"HighPressure, LowTempoController",0
2007-2008_Liverpool_Wigan,2007-2008,21,Liverpool,Wigan,D,2,21.0,5.0,3.0,0.0,3.0,"LowTempoController, DirectPlay",0
2007-2008_Newcastle_Man City,2007-2008,21,Newcastle,Man City,A,2,28.0,15.0,3.0,0.0,3.0,"HighPressure, Opportunistic",0
2007-2008_Arsenal_Birmingham,2007-2008,22,Arsenal,Birmingham,D,2,18.0,17.0,3.0,0.0,3.0,"HighPressure, LowTempoController",0
2007-2008_Aston Villa_Reading,2007-2008,22,Aston Villa,Reading,H,4,20.0,20.0,2.0,0.0,2.0,"HighPressure, Disciplined, LowTempoController",0
2007-2008_Chelsea_Tottenham,2007-2008,22,Chelsea,Tottenham,H,2,14.0,11.0,6.0,0.0,6.0,"AggressiveTackler, LowTempoController",0
2007-2008_Derby_Wigan,2007-2008,22,Derby,Wigan,A,1,14.0,7.0,3.0,1.0,5.0,"LowTempoController, HighPressure",0
2007-2008_Everton_Man City,2007-2008,22,Everton,Man City,H,1,15.0,8.0,3.0,0.0,3.0,"LowTempoController, ChaosInducer",0
2007-2008_Man United_Newcastle,2007-2008,22,Man United,Newcastle,H,6,37.0,17.0,2.0,1.0,4.0,"RiskTaker, HighPressure, ChaosInducer",1
2007-2008_Middlesbrough_Liverpool,2007-2008,22,Middlesbrough,Liverpool,D,2,22.0,12.0,2.0,0.0,2.0,"Disciplined, LowTempoController",0
2007-2008_West Ham_Fulham,2007-2008,22,West Ham,Fulham,H,3,21.0,15.0,1.0,0.0,1.0,"HighPressure, Disciplined, LowTempoController",0
2007-2008_Bolton_Blackburn,2007-2008,22,Bolton,Blackburn,A,3,22.0,8.0,3.0,0.0,3.0,"Disciplined, LowTempoController",0
2007-2008_Sunderland_Portsmouth,2007-2008,22,Sunderland,Portsmouth,H,2,21.0,12.0,4.0,0.0,4.0,"LowTempoController, AggressiveTackler",0
2007-2008_Birmingham_Chelsea,2007-2008,23,Birmingham,Chelsea,A,1,27.0,16.0,2.0,0.0,2.0,"HighPressure, Disciplined, LowTempoController, Opportunistic",0
2007-2008_Blackburn_Middlesbrough,2007-2008,23,Blackburn,Middlesbrough,D,2,24.0,9.0,4.0,0.0,4.0,"AggressiveTackler, Disciplined",0
2007-2008_Fulham_Arsenal,2007-2008,23,Fulham,Arsenal,A,3,16.0,7.0,1.0,0.0,1.0,"Disciplined, Disciplined",0
2007-2008_Newcastle_Bolton,2007-2008,23,Newcastle,Bolton,D,0,20.0,15.0,3.0,0.0,3.0,"LowTempoController, HighPressure",0
2007-2008_Portsmouth_Derby,2007-2008,23,Portsmouth,Derby,H,4,26.0,8.0,3.0,0.0,3.0,"RiskTaker, DirectPlay",0
2007-2008_Reading_Man United,2007-2008,23,Reading,Man United,A,2,30.0,14.0,2.0,0.0,2.0,"HighPressure, Disciplined, Opportunistic",0
2007-2008_Tottenham_Sunderland,2007-2008,23,Tottenham,Sunderland,H,2,31.0,13.0,4.0,0.0,4.0,"HighPressure, Opportunistic",0
2007-2008_Man City_West Ham,2007-2008,23,Man City,West Ham,D,2,22.0,15.0,6.0,0.0,6.0,"AggressiveTackler, HighPressure, LowTempoController",0
2007-2008_Wigan_Everton,2007-2008,23,Wigan,Everton,A,3,25.0,10.0,3.0,0.0,3.0,"AggressiveTackler, LowTempoController",0
2007-2008_Liverpool_Aston Villa,2007-2008,23,Liverpool,Aston Villa,D,4,21.0,10.0,4.0,0.0,4.0,"ChaosInducer, ChaosInducer",1
2007-2008_Aston Villa_Blackburn,2007-2008,23,Aston Villa,Blackburn,D,2,14.0,9.0,2.0,0.0,2.0,"Disciplined, LowTempoController",0
2007-2008_Arsenal_Newcastle,2007-2008,24,Arsenal,Newcastle,H,3,17.0,6.0,4.0,0.0,4.0,"LowTempoController, RiskTaker",0
2007-2008_Bolton_Fulham,2007-2008,24,Bolton,Fulham,D,0,22.0,6.0,0.0,0.0,0.0,"Disciplined, RiskTaker",0
2007-2008_Middlesbrough_Wigan,2007-2008,24,Middlesbrough,Wigan,H,1,17.0,13.0,1.0,0.0,1.0,"Disciplined, LowTempoController",0
2007-2008_Sunderland_Birmingham,2007-2008,24,Sunderland,Birmingham,H,2,14.0,12.0,4.0,0.0,4.0,"LowTempoController, Disciplined",0
2007-2008_Chelsea_Reading,2007-2008,24,Chelsea,Reading,H,1,23.0,19.0,0.0,0.0,0.0,"HighPressure, Disciplined, LowTempoController",0
2007-2008_Derby_Man City,2007-2008,24,Derby,Man City,D,2,22.0,11.0,2.0,0.0,2.0,"Disciplined, HighPressure",0
2007-2008_Everton_Tottenham,2007-2008,24,Everton,Tottenham,D,0,16.0,9.0,2.0,0.0,2.0,"Disciplined, LowTempoController",0
2007-2008_Man United_Portsmouth,2007-2008,24,Man United,Portsmouth,H,2,28.0,8.0,1.0,0.0,1.0,"Disciplined, Opportunistic",0
2007-2008_West Ham_Liverpool,2007-2008,24,West Ham,Liverpool,H,1,21.0,10.0,3.0,0.0,3.0,"RiskTaker, AggressiveTackler",0
2007-2008_Birmingham_Derby,2007-2008,25,Birmingham,Derby,D,2,17.0,10.0,6.0,0.0,6.0,"AggressiveTackler, LowTempoController",0
2007-2008_Blackburn_Everton,2007-2008,25,Blackburn,Everton,D,0,23.0,12.0,6.0,0.0,6.0,"AggressiveTackler, LowTempoController",0
2007-2008_Liverpool_Sunderland,2007-2008,25,Liverpool,Sunderland,H,3,20.0,5.0,3.0,0.0,3.0,"LowTempoController, Disciplined",0
2007-2008_Man City_Arsenal,2007-2008,25,Man City,Arsenal,A,4,19.0,10.0,2.0,0.0,2.0,"Disciplined, LowTempoController",0
2007-2008_Portsmouth_Chelsea,2007-2008,25,Portsmouth,Chelsea,D,2,37.0,12.0,2.0,0.0,2.0,"HighPressure, Disciplined, Opportunistic",0
2007-2008_Reading_Bolton,2007-2008,25,Reading,Bolton,A,2,17.0,16.0,4.0,0.0,4.0,"LowTempoController, DirectPlay",0
2007-2008_Tottenham_Man United,2007-2008,25,Tottenham,Man United,D,2,26.0,17.0,10.0,0.0,10.0,"AggressiveTackler, HighPressure, ChaosInducer, LowTempoController",1
2007-2008_Wigan_West Ham,2007-2008,25,Wigan,West Ham,H,1,15.0,9.0,4.0,0.0,4.0,"LowTempoController, DirectPlay",0
2007-2008_Fulham_Aston Villa,2007-2008,25,Fulham,Aston Villa,H,3,22.0,13.0,3.0,0.0,3.0,"LowTempoController, ChaosInducer",0
2007-2008_Newcastle_Middlesbrough,2007-2008,25,Newcastle,Middlesbrough,D,2,29.0,17.0,5.0,0.0,5.0,"HighPressure, LowTempoController, Opportunistic",0
2007-2008_Aston Villa_Newcastle,2007-2008,26,Aston Villa,Newcastle,H,5,18.0,12.0,3.0,0.0,3.0,"ChaosInducer, LowTempoController",0
2007-2008_Bolton_Portsmouth,2007-2008,26,Bolton,Portsmouth,A,1,26.0,7.0,2.0,0.0,2.0,"Disciplined, Disciplined",0
2007-2008_Derby_Tottenham,2007-2008,26,Derby,Tottenham,A,3,23.0,16.0,4.0,0.0,4.0,"HighPressure, LowTempoController",0
2007-2008_Everton_Reading,2007-2008,26,Everton,Reading,H,1,25.0,16.0,0.0,0.0,0.0,"HighPressure, Disciplined, LowTempoController",0
2007-2008_Middlesbrough_Fulham,2007-2008,26,Middlesbrough,Fulham,H,1,21.0,10.0,3.0,0.0,3.0,"Opportunistic, ChaosInducer",0
2007-2008_Sunderland_Wigan,2007-2008,26,Sunderland,Wigan,H,2,30.0,10.0,1.0,0.0,1.0,"HighPressure, Disciplined, Opportunistic",0
2007-2008_West Ham_Birmingham,2007-2008,26,West Ham,Birmingham,D,2,23.0,11.0,5.0,1.0,7.0,"AggressiveTackler, ChaosInducer",1
2007-2008_Chelsea_Liverpool,2007-2008,26,Chelsea,Liverpool,D,0,15.0,10.0,5.0,0.0,5.0,"LowTempoController, Opportunistic",0
2007-2008_Man United_Man City,2007-2008,26,Man United,Man City,A,3,28.0,15.0,1.0,0.0,1.0,"RiskTaker, HighPressure, Disciplined",0
2007-2008_Arsenal_Blackburn,2007-2008,26,Arsenal,Blackburn,H,2,19.0,12.0,1.0,0.0,1.0,"Disciplined, LowTempoController",0
2007-2008_Birmingham_Arsenal,2007-2008,27,Birmingham,Arsenal,D,4,28.0,8.0,2.0,1.0,4.0,"RiskTaker, ChaosInducer",1
2007-2008_Fulham_West Ham,2007-2008,27,Fulham,West Ham,A,1,30.0,13.0,3.0,1.0,5.0,"HighPressure, Opportunistic",0
2007-2008_Liverpool_Middlesbrough,2007-2008,27,Liverpool,Middlesbrough,H,5,19.0,8.0,7.0,1.0,9.0,"AggressiveTackler, ChaosInducer",1
2007-2008_Newcastle_Man United,2007-2008,27,Newcastle,Man United,A,6,26.0,11.0,4.0,0.0,4.0,"RiskTaker, ChaosInducer",1
2007-2008_Portsmouth_Sunderland,2007-2008,27,Portsmouth,Sunderland,H,1,22.0,8.0,3.0,0.0,3.0,"DirectPlay, Disciplined",0
2007-2008_Wigan_Derby,2007-2008,27,Wigan,Derby,H,2,27.0,16.0,1.0,0.0,1.0,"HighPressure, Disciplined, LowTempoController, Opportunistic",0
2007-2008_Blackburn_Bolton,2007-2008,27,Blackburn,Bolton,H,5,26.0,9.0,6.0,0.0,6.0,"AggressiveTackler, RiskTaker, ChaosInducer",1
2007-2008_Reading_Aston Villa,2007-2008,27,Reading,Aston Villa,A,3,28.0,18.0,3.0,0.0,3.0,"RiskTaker, HighPressure, LowTempoController",0
2007-2008_Man City_Everton,2007-2008,27,Man City,Everton,A,2,33.0,11.0,1.0,1.0,3.0,"HighPressure, Opportunistic",0
2007-2008_Arsenal_Aston Villa,2007-2008,28,Arsenal,Aston Villa,D,2,21.0,15.0,3.0,0.0,3.0,"HighPressure, LowTempoController",0
2007-2008_Birmingham_Tottenham,2007-2008,28,Birmingham,Tottenham,H,5,32.0,11.0,1.0,0.0,1.0,"RiskTaker, HighPressure, Disciplined",0
2007-2008_Derby_Sunderland,2007-2008,28,Derby,Sunderland,D,0,21.0,9.0,6.0,0.0,6.0,"AggressiveTackler, Opportunistic",0
2007-2008_Fulham_Man United,2007-2008,28,Fulham,Man United,A,3,29.0,9.0,0.0,0.0,0.0,"RiskTaker, Disciplined",0
2007-2008_Man City_Wigan,2007-2008,28,Man City,Wigan,D,0,20.0,5.0,1.0,0.0,1.0,"Disciplined, Disciplined",0
2007-2008_Middlesbrough_Reading,2007-2008,28,Middlesbrough,Reading,A,1,16.0,9.0,9.0,0.0,9.0,"AggressiveTackler, ChaosInducer, LowTempoController",0
2007-2008_Newcastle_Blackburn,2007-2008,28,Newcastle,Blackburn,A,1,31.0,21.0,3.0,0.0,3.0,"HighPressure, LowTempoController, Opportunistic",0
2007-2008_West Ham_Chelsea,2007-2008,28,West Ham,Chelsea,A,4,22.0,7.0,2.0,1.0,4.0,"ChaosInducer, Disciplined",0
2007-2008_Bolton_Liverpool,2007-2008,28,Bolton,Liverpool,A,4,19.0,13.0,3.0,0.0,3.0,"LowTempoController, DirectPlay",0
2007-2008_Everton_Portsmouth,2007-2008,28,Everton,Portsmouth,H,4,22.0,13.0,2.0,0.0,2.0,"Disciplined, LowTempoController",0
2007-2008_Liverpool_West Ham,2007-2008,28,Liverpool,West Ham,H,4,22.0,19.0,3.0,0.0,3.0,"HighPressure, LowTempoController",0
2007-2008_Blackburn_Fulham,2007-2008,29,Blackburn,Fulham,D,2,22.0,14.0,4.0,0.0,4.0,"LowTempoController, ChaosInducer",0
2007-2008_Liverpool_Newcastle,2007-2008,29,Liverpool,Newcastle,H,3,21.0,20.0,1.0,0.0,1.0,"HighPressure, Disciplined, LowTempoController",0
2007-2008_Reading_Man City,2007-2008,29,Reading,Man City,H,2,25.0,12.0,2.0,0.0,2.0,"Disciplined, ChaosInducer",0
2007-2008_Sunderland_Everton,2007-2008,29,Sunderland,Everton,A,1,16.0,7.0,3.0,0.0,3.0,"Disciplined, RiskTaker",0
2007-2008_Tottenham_West Ham,2007-2008,29,Tottenham,West Ham,H,4,26.0,12.0,2.0,1.0,4.0,"RiskTaker, HighPressure, ChaosInducer",1
2007-2008_Wigan_Arsenal,2007-2008,29,Wigan,Arsenal,D,0,16.0,13.0,4.0,0.0,4.0,"LowTempoController, HighPressure",0
2007-2008_Aston Villa_Middlesbrough,2007-2008,29,Aston Villa,Middlesbrough,D,2,15.0,8.0,4.0,0.0,4.0,"LowTempoController, DirectPlay",0
2007-2008_Chelsea_Derby,2007-2008,29,Chelsea,Derby,H,7,18.0,7.0,1.0,0.0,1.0,"RiskTaker, ChaosInducer, Disciplined",1
2007-2008_Portsmouth_Birmingham,2007-2008,29,Portsmouth,Birmingham,H,6,20.0,7.0,1.0,0.0,1.0,"RiskTaker, Disciplined",0
2007-2008_Arsenal_Middlesbrough,2007-2008,30,Arsenal,Middlesbrough,D,2,21.0,12.0,2.0,1.0,4.0,"LowTempoController, HighPressure",0
2007-2008_Derby_Man United,2007-2008,30,Derby,Man United,A,1,27.0,16.0,5.0,0.0,5.0,"HighPressure, LowTempoController, Opportunistic",0
2007-2008_Liverpool_Reading,2007-2008,30,Liverpool,Reading,H,3,26.0,9.0,5.0,0.0,5.0,"ChaosInducer, HighPressure",1
2007-2008_Portsmouth_Aston Villa,2007-2008,30,Portsmouth,Aston Villa,H,2,29.0,9.0,4.0,2.0,8.0,"AggressiveTackler, ChaosInducer, Opportunistic",1
2007-2008_Sunderland_Chelsea,2007-2008,30,Sunderland,Chelsea,A,1,22.0,14.0,3.0,0.0,3.0,"LowTempoController, ChaosInducer",0
2007-2008_West Ham_Blackburn,2007-2008,30,West Ham,Blackburn,H,3,21.0,18.0,4.0,0.0,4.0,"HighPressure, LowTempoController",0
2007-2008_Fulham_Everton,2007-2008,30,Fulham,Everton,H,1,17.0,6.0,1.0,0.0,1.0,"Disciplined, ChaosInducer",0
2007-2008_Man City_Tottenham,2007-2008,30,Man City,Tottenham,H,3,25.0,10.0,0.0,0.0,0.0,"Disciplined, RiskTaker",0
2007-2008_Wigan_Bolton,2007-2008,30,Wigan,Bolton,H,1,22.0,13.0,5.0,1.0,7.0,"AggressiveTackler, LowTempoController",0
2007-2008_Birmingham_Newcastle,2007-2008,30,Birmingham,Newcastle,D,2,25.0,11.0,4.0,0.0,4.0,"HighPressure, HighPressure",0
2007-2008_Man United_Bolton,2007-2008,30,Man United,Bolton,H,2,35.0,9.0,2.0,0.0,2.0,"HighPressure, Disciplined, Opportunistic",0
2007-2008_Tottenham_Chelsea,2007-2008,30,Tottenham,Chelsea,D,8,20.0,12.0,4.0,0.0,4.0,"RiskTaker, ChaosInducer, LowTempoController",1
2007-2008_Aston Villa_Sunderland,2007-2008,31,Aston Villa,Sunderland,A,1,21.0,8.0,2.0,0.0,2.0,"Disciplined, Disciplined",0
2007-2008_Blackburn_Wigan,2007-2008,31,Blackburn,Wigan,H,4,25.0,10.0,4.0,2.0,8.0,"AggressiveTackler, RiskTaker, ChaosInducer",1
2007-2008_Bolton_Man City,2007-2008,31,Bolton,Man City,D,0,24.0,24.0,1.0,0.0,1.0,"HighPressure, Disciplined, LowTempoController",0
2007-2008_Everton_West Ham,2007-2008,31,Everton,West Ham,D,2,27.0,8.0,0.0,0.0,0.0,"Disciplined, Opportunistic",0
2007-2008_Middlesbrough_Derby,2007-2008,31,Middlesbrough,Derby,H,1,11.0,11.0,3.0,0.0,3.0,"LowTempoController, ChaosInducer",0
2007-2008_Newcastle_Fulham,2007-2008,31,Newcastle,Fulham,H,2,24.0,10.0,1.0,0.0,1.0,"Disciplined, HighPressure",0
2007-2008_Reading_Birmingham,2007-2008,31,Reading,Birmingham,H,3,26.0,15.0,1.0,0.0,1.0,"HighPressure, Disciplined, LowTempoController",0
2007-2008_Tottenham_Portsmouth,2007-2008,31,Tottenham,Portsmouth,H,2,21.0,9.0,1.0,0.0,1.0,"Disciplined, LowTempoController",0
2007-2008_Chelsea_Arsenal,2007-2008,31,Chelsea,Arsenal,H,3,18.0,6.0,4.0,0.0,4.0,"RiskTaker, Opportunistic",0
2007-2008_Man United_Liverpool,2007-2008,31,Man United,Liverpool,H,3,30.0,6.0,4.0,1.0,6.0,"AggressiveTackler, RiskTaker, ChaosInducer",1
2007-2008_Birmingham_Man City,2007-2008,32,Birmingham,Man City,H,4,18.0,7.0,2.0,1.0,4.0,"ChaosInducer, LowTempoController",0
2007-2008_Bolton_Arsenal,2007-2008,32,Bolton,Arsenal,A,5,30.0,14.0,4.0,1.0,6.0,"AggressiveTackler, RiskTaker, HighPressure, ChaosInducer",1
2007-2008_Derby_Fulham,2007-2008,32,Derby,Fulham,D,4,28.0,9.0,6.0,0.0,6.0,"AggressiveTackler, RiskTaker, ChaosInducer",1
2007-2008_Man United_Aston Villa,2007-2008,32,Man United,Aston Villa,H,4,27.0,11.0,2.0,0.0,2.0,"RiskTaker, Disciplined",0
2007-2008_Portsmouth_Wigan,2007-2008,32,Portsmouth,Wigan,H,2,29.0,9.0,3.0,0.0,3.0,"Opportunistic, LowTempoController",0
2007-2008_Reading_Blackburn,2007-2008,32,Reading,Blackburn,D,0,17.0,13.0,8.0,1.0,10.0,"AggressiveTackler, ChaosInducer, LowTempoController",0
2007-2008_Sunderland_West Ham,2007-2008,32,Sunderland,West Ham,H,3,32.0,17.0,3.0,0.0,3.0,"RiskTaker, HighPressure",1
2007-2008_Chelsea_Middlesbrough,2007-2008,32,Chelsea,Middlesbrough,H,1,23.0,11.0,2.0,0.0,2.0,"Disciplined, Opportunistic",0
2007-2008_Liverpool_Everton,2007-2008,32,Liverpool,Everton,H,1,18.0,15.0,5.0,0.0,5.0,"LowTempoController, DirectPlay",0
2007-2008_Tottenham_Newcastle,2007-2008,32,Tottenham,Newcastle,A,5,35.0,13.0,2.0,0.0,2.0,"RiskTaker, HighPressure, Disciplined",0
2007-2008_Arsenal_Liverpool,2007-2008,33,Arsenal,Liverpool,D,2,19.0,8.0,3.0,0.0,3.0,"DirectPlay, RiskTaker",0
2007-2008_Aston Villa_Bolton,2007-2008,33,Aston Villa,Bolton,H,4,16.0,9.0,3.0,0.0,3.0,"LowTempoController, LowTempoController",0
2007-2008_Blackburn_Tottenham,2007-2008,33,Blackburn,Tottenham,D,2,23.0,2.0,4.0,0.0,4.0,"HighPressure, ChaosInducer",0
2007-2008_Fulham_Sunderland,2007-2008,33,Fulham,Sunderland,A,4,23.0,13.0,2.0,0.0,2.0,"Disciplined, LowTempoController",0
2007-2008_Man City_Chelsea,2007-2008,33,Man City,Chelsea,A,2,24.0,12.0,1.0,0.0,1.0,"Disciplined, RiskTaker",0
2007-2008_Newcastle_Reading,2007-2008,33,Newcastle,Reading,H,3,22.0,16.0,1.0,0.0,1.0,"HighPressure, Disciplined, LowTempoController",0
2007-2008_Wigan_Birmingham,2007-2008,33,Wigan,Birmingham,H,2,20.0,4.0,3.0,1.0,5.0,"Disciplined, Opportunistic",0
2007-2008_Everton_Derby,2007-2008,33,Everton,Derby,H,1,18.0,17.0,4.0,0.0,4.0,"HighPressure, LowTempoController",0
2007-2008_Middlesbrough_Man United,2007-2008,33,Middlesbrough,Man United,D,4,27.0,14.0,4.0,0.0,4.0,"RiskTaker, HighPressure, ChaosInducer",1
2007-2008_West Ham_Portsmouth,2007-2008,33,West Ham,Portsmouth,A,1,28.0,11.0,0.0,0.0,0.0,"HighPressure, Disciplined, Opportunistic",0
2007-2008_Birmingham_Everton,2007-2008,34,Birmingham,Everton,D,2,27.0,12.0,2.0,0.0,2.0,"HighPressure, Disciplined, Opportunistic",0
2007-2008_Bolton_West Ham,2007-2008,34,Bolton,West Ham,H,1,23.0,17.0,2.0,0.0,2.0,"HighPressure, Disciplined, LowTempoController",0
2007-2008_Derby_Aston Villa,2007-2008,34,Derby,Aston Villa,A,6,24.0,5.0,0.0,0.0,0.0,"RiskTaker, Disciplined",0
2007-2008_Portsmouth_Newcastle,2007-2008,34,Portsmouth,Newcastle,D,0,31.0,13.0,2.0,0.0,2.0,"HighPressure, Disciplined, Opportunistic",0
2007-2008_Reading_Fulham,2007-2008,34,Reading,Fulham,A,2,20.0,11.0,1.0,0.0,1.0,"Disciplined, LowTempoController",0
2007-2008_Sunderland_Man City,2007-2008,34,Sunderland,Man City,A,3,19.0,8.0,5.0,0.0,5.0,"ChaosInducer, LowTempoController",0
2007-2008_Tottenham_Middlesbrough,2007-2008,34,Tottenham,Middlesbrough,D,2,25.0,9.0,3.0,0.0,3.0,"RiskTaker, AggressiveTackler",0
2007-2008_Liverpool_Blackburn,2007-2008,34,Liverpool,Blackburn,H,4,24.0,6.0,1.0,0.0,1.0,"RiskTaker, Disciplined",0
2007-2008_Man United_Arsenal,2007-2008,34,Man United,Arsenal,H,3,31.0,11.0,8.0,0.0,8.0,"AggressiveTackler, RiskTaker, HighPressure, ChaosInducer",1
2007-2008_Chelsea_Wigan,2007-2008,34,Chelsea,Wigan,D,2,25.0,12.0,2.0,0.0,2.0,"Disciplined, AggressiveTackler",0
2007-2008_Everton_Chelsea,2007-2008,34,Everton,Chelsea,A,1,15.0,10.0,2.0,0.0,2.0,"Disciplined, LowTempoController",0
2007-2008_Arsenal_Reading,2007-2008,35,Arsenal,Reading,H,2,23.0,16.0,3.0,0.0,3.0,"HighPressure, LowTempoController",0
2007-2008_Blackburn_Man United,2007-2008,35,Blackburn,Man United,D,2,17.0,11.0,2.0,0.0,2.0,"Disciplined, LowTempoController",0
2007-2008_Fulham_Liverpool,2007-2008,35,Fulham,Liverpool,A,2,26.0,6.0,1.0,0.0,1.0,"Disciplined, DirectPlay",0
2007-2008_Middlesbrough_Bolton,2007-2008,35,Middlesbrough,Bolton,A,1,28.0,11.0,2.0,0.0,2.0,"HighPressure, Disciplined, Opportunistic",0
2007-2008_West Ham_Derby,2007-2008,35,West Ham,Derby,H,3,24.0,16.0,3.0,0.0,3.0,"HighPressure, LowTempoController",0
2007-2008_Wigan_Tottenham,2007-2008,35,Wigan,Tottenham,D,2,28.0,8.0,3.0,0.0,3.0,"Opportunistic, Opportunistic",0
2007-2008_Aston Villa_Birmingham,2007-2008,35,Aston Villa,Birmingham,H,6,27.0,15.0,1.0,0.0,1.0,"RiskTaker, HighPressure, Disciplined, LowTempoController",0
2007-2008_Man City_Portsmouth,2007-2008,35,Man City,Portsmouth,H,4,28.0,9.0,2.0,1.0,4.0,"RiskTaker, ChaosInducer",1
2007-2008_Newcastle_Sunderland,2007-2008,35,Newcastle,Sunderland,H,2,20.0,8.0,5.0,0.0,5.0,"ChaosInducer, HighPressure",1
2007-2008_Birmingham_Liverpool,2007-2008,36,Birmingham,Liverpool,D,4,17.0,8.0,3.0,0.0,3.0,"ChaosInducer, ChaosInducer",1
2007-2008_Chelsea_Man United,2007-2008,36,Chelsea,Man United,H,3,20.0,11.0,7.0,0.0,7.0,"AggressiveTackler, ChaosInducer, LowTempoController",1
2007-2008_Man City_Fulham,2007-2008,36,Man City,Fulham,A,5,28.0,7.0,1.0,0.0,1.0,"RiskTaker, Disciplined",0
2007-2008_Sunderland_Middlesbrough,2007-2008,36,Sunderland,Middlesbrough,H,5,20.0,8.0,5.0,0.0,5.0,"RiskTaker, ChaosInducer",1
2007-2008_Tottenham_Bolton,2007-2008,36,Tottenham,Bolton,D,2,33.0,15.0,4.0,0.0,4.0,"HighPressure, Opportunistic",0
2007-2008_West Ham_Newcastle,2007-2008,36,West Ham,Newcastle,D,4,22.0,7.0,5.0,0.0,5.0,"ChaosInducer, ChaosInducer",1
2007-2008_Wigan_Reading,2007-2008,36,Wigan,Reading,D,0,19.0,11.0,6.0,0.0,6.0,"AggressiveTackler, LowTempoController",0
2007-2008_Everton_Aston Villa,2007-2008,36,Everton,Aston Villa,D,4,19.0,15.0,6.0,0.0,6.0,"AggressiveTackler, ChaosInducer, LowTempoController",0
2007-2008_Portsmouth_Blackburn,2007-2008,36,Portsmouth,Blackburn,A,1,27.0,15.0,4.0,0.0,4.0,"HighPressure, LowTempoController, Opportunistic",0
2007-2008_Derby_Arsenal,2007-2008,36,Derby,Arsenal,A,8,32.0,11.0,0.0,0.0,0.0,"RiskTaker, HighPressure, ChaosInducer, Disciplined",1
2007-2008_Aston Villa_Wigan,2007-2008,37,Aston Villa,Wigan,A,2,23.0,10.0,1.0,0.0,1.0,"Disciplined, Opportunistic",0
2007-2008_Blackburn_Derby,2007-2008,37,Blackburn,Derby,H,4,31.0,11.0,0.0,0.0,0.0,"RiskTaker, HighPressure, Disciplined",0
2007-2008_Bolton_Sunderland,2007-2008,37,Bolton,Sunderland,H,2,9.0,4.0,1.0,0.0,1.0,"Disciplined, LowTempoController",0
2007-2008_Fulham_Birmingham,2007-2008,37,Fulham,Birmingham,H,2,11.0,10.0,7.0,0.0,7.0,"AggressiveTackler, ChaosInducer, LowTempoController",0
2007-2008_Man United_West Ham,2007-2008,37,Man United,West Ham,H,5,17.0,6.0,4.0,1.0,6.0,"AggressiveTackler, ChaosInducer",1
2007-2008_Middlesbrough_Portsmouth,2007-2008,37,Middlesbrough,Portsmouth,H,2,24.0,12.0,2.0,0.0,2.0,"Disciplined, ChaosInducer",0
2007-2008_Reading_Tottenham,2007-2008,37,Reading,Tottenham,A,1,26.0,11.0,1.0,0.0,1.0,"Disciplined, Disciplined",0
2007-2008_Arsenal_Everton,2007-2008,37,Arsenal,Everton,H,1,19.0,11.0,1.0,0.0,1.0,"Disciplined, LowTempoController",0
2007-2008_Liverpool_Man City,2007-2008,37,Liverpool,Man City,H,1,27.0,17.0,0.0,0.0,0.0,"HighPressure, Disciplined, LowTempoController, Opportunistic",0
2007-2008_Newcastle_Chelsea,2007-2008,37,Newcastle,Chelsea,A,2,31.0,7.0,4.0,0.0,4.0,"Opportunistic, Opportunistic",0
2007-2008_Birmingham_Blackburn,2007-2008,38,Birmingham,Blackburn,H,5,29.0,7.0,5.0,0.0,5.0,"RiskTaker, ChaosInducer",1
2007-2008_Chelsea_Bolton,2007-2008,38,Chelsea,Bolton,D,2,25.0,11.0,4.0,0.0,4.0,"Disciplined, Opportunistic",0
2007-2008_Derby_Reading,2007-2008,38,Derby,Reading,A,4,17.0,2.0,1.0,0.0,1.0,"Disciplined, DirectPlay",0
2007-2008_Everton_Newcastle,2007-2008,38,Everton,Newcastle,H,4,23.0,8.0,2.0,0.0,2.0,"Disciplined, RiskTaker",0
2007-2008_Middlesbrough_Man City,2007-2008,38,Middlesbrough,Man City,H,9,27.0,7.0,3.0,1.0,5.0,"RiskTaker, ChaosInducer",1
2007-2008_Portsmouth_Fulham,2007-2008,38,Portsmouth,Fulham,A,1,22.0,11.0,0.0,0.0,0.0,"Disciplined, AggressiveTackler",0
2007-2008_Sunderland_Arsenal,2007-2008,38,Sunderland,Arsenal,A,1,25.0,7.0,2.0,0.0,2.0,"Disciplined, ChaosInducer",0
2007-2008_Tottenham_Liverpool,2007-2008,38,Tottenham,Liverpool,A,2,24.0,12.0,2.0,0.0,2.0,"Disciplined, DirectPlay",0
2007-2008_West Ham_Aston Villa,2007-2008,38,West Ham,Aston Villa,D,4,29.0,15.0,4.0,0.0,4.0,"RiskTaker, HighPressure, ChaosInducer",1
2007-2008_Wigan_Man United,2007-2008,38,Wigan,Man United,A,2,26.0,17.0,5.0,0.0,5.0,"HighPressure, LowTempoController",0
2008-2009_Arsenal_West Brom,2008-2009,1,Arsenal,West Brom,H,1,29.0,12.0,0.0,0.0,0.0,"HighPressure, Disciplined, Opportunistic",0
2008-2009_Bolton_Stoke,2008-2009,1,Bolton,Stoke,H,4,22.0,7.0,3.0,0.0,3.0,"RiskTaker, AggressiveTackler",1
2008-2009_Everton_Blackburn,2008-2009,1,Everton,Blackburn,A,5,25.0,8.0,4.0,0.0,4.0,"RiskTaker, ChaosInducer",1
2008-2009_Hull_Fulham,2008-2009,1,Hull,Fulham,H,3,23.0,11.0,3.0,0.0,3.0,"LowTempoController, HighPressure",0
2008-2009_Middlesbrough_Tottenham,2008-2009,1,Middlesbrough,Tottenham,H,3,22.0,16.0,3.0,0.0,3.0,"HighPressure, LowTempoController",0
2008-2009_Sunderland_Liverpool,2008-2009,1,Sunderland,Liverpool,A,1,20.0,9.0,2.0,0.0,2.0,"Disciplined, Disciplined",0
2008-2009_West Ham_Wigan,2008-2009,1,West Ham,Wigan,H,3,37.0,16.0,3.0,0.0,3.0,"RiskTaker, HighPressure",1
2008-2009_Aston Villa_Man City,2008-2009,1,Aston Villa,Man City,H,6,27.0,15.0,1.0,0.0,1.0,"RiskTaker, HighPressure, Disciplined, LowTempoController",0
2008-2009_Chelsea_Portsmouth,2008-2009,1,Chelsea,Portsmouth,H,4,30.0,11.0,1.0,0.0,1.0,"RiskTaker, HighPressure, Disciplined",0
2008-2009_Man United_Newcastle,2008-2009,1,Man United,Newcastle,D,2,29.0,12.0,3.0,0.0,3.0,"HighPressure, Opportunistic",0
2008-2009_Blackburn_Hull,2008-2009,2,Blackburn,Hull,D,2,19.0,9.0,1.0,0.0,1.0,"Disciplined, LowTempoController",0
2008-2009_Fulham_Arsenal,2008-2009,2,Fulham,Arsenal,H,1,20.0,6.0,2.0,0.0,2.0,"Disciplined, Opportunistic",0
2008-2009_Liverpool_Middlesbrough,2008-2009,2,Liverpool,Middlesbrough,H,3,25.0,17.0,3.0,0.0,3.0,"HighPressure, LowTempoController",0
2008-2009_Newcastle_Bolton,2008-2009,2,Newcastle,Bolton,H,1,19.0,10.0,3.0,0.0,3.0,"LowTempoController, AggressiveTackler",0
2008-2009_Stoke_Aston Villa,2008-2009,2,Stoke,Aston Villa,H,5,13.0,10.0,1.0,0.0,1.0,"Disciplined, LowTempoController",0
2008-2009_Tottenham_Sunderland,2008-2009,2,Tottenham,Sunderland,A,3,30.0,18.0,3.0,0.0,3.0,"RiskTaker, HighPressure, LowTempoController",0
2008-2009_West Brom_Everton,2008-2009,2,West Brom,Everton,A,3,23.0,16.0,4.0,0.0,4.0,"HighPressure, LowTempoController",0
2008-2009_Man City_West Ham,2008-2009,2,Man City,West Ham,H,3,17.0,9.0,2.0,1.0,4.0,"LowTempoController, LowTempoController",0
2008-2009_Wigan_Chelsea,2008-2009,2,Wigan,Chelsea,A,1,17.0,14.0,3.0,0.0,3.0,"LowTempoController, HighPressure",0
2008-2009_Portsmouth_Man United,2008-2009,2,Portsmouth,Man United,A,1,25.0,7.0,4.0,0.0,4.0,"DirectPlay, AggressiveTackler",0
2008-2009_Arsenal_Newcastle,2008-2009,3,Arsenal,Newcastle,H,3,24.0,13.0,4.0,0.0,4.0,"HighPressure, LowTempoController",0
2008-2009_Bolton_West Brom,2008-2009,3,Bolton,West Brom,D,0,30.0,12.0,4.0,0.0,4.0,"HighPressure, Opportunistic",0
2008-2009_Everton_Portsmouth,2008-2009,3,Everton,Portsmouth,A,3,22.0,7.0,1.0,0.0,1.0,"Disciplined, LowTempoController",0
2008-2009_Hull_Wigan,2008-2009,3,Hull,Wigan,A,5,18.0,10.0,1.0,0.0,1.0,"Disciplined, LowTempoController",0
2008-2009_Middlesbrough_Stoke,2008-2009,3,Middlesbrough,Stoke,H,3,28.0,9.0,6.0,1.0,8.0,"AggressiveTackler, RiskTaker, ChaosInducer",1
2008-2009_West Ham_Blackburn,2008-2009,3,West Ham,Blackburn,H,5,23.0,14.0,6.0,0.0,6.0,"AggressiveTackler, RiskTaker, HighPressure, ChaosInducer, LowTempoController",1
2008-2009_Aston Villa_Liverpool,2008-2009,3,Aston Villa,Liverpool,D,0,13.0,13.0,2.0,0.0,2.0,"Disciplined, LowTempoController",0
2008-2009_Chelsea_Tottenham,2008-2009,3,Chelsea,Tottenham,D,2,18.0,13.0,3.0,0.0,3.0,"LowTempoController, Disciplined",0
2008-2009_Sunderland_Man City,2008-2009,3,Sunderland,Man City,A,3,19.0,6.0,6.0,0.0,6.0,"AggressiveTackler, ChaosInducer",1
2008-2009_Blackburn_Arsenal,2008-2009,4,Blackburn,Arsenal,A,4,27.0,10.0,2.0,0.0,2.0,"RiskTaker, Disciplined",0
2008-2009_Fulham_Bolton,2008-2009,4,Fulham,Bolton,H,3,28.0,18.0,2.0,0.0,2.0,"RiskTaker, HighPressure, Disciplined, LowTempoController",0
2008-2009_Liverpool_Man United,2008-2009,4,Liverpool,Man United,H,3,23.0,9.0,3.0,1.0,5.0,"ChaosInducer, Disciplined",0
2008-2009_Man City_Chelsea,2008-2009,4,Man City,Chelsea,A,4,31.0,13.0,1.0,1.0,3.0,"RiskTaker, HighPressure",1
2008-2009_Newcastle_Hull,2008-2009,4,Newcastle,Hull,A,3,21.0,8.0,2.0,1.0,4.0,"RiskTaker, LowTempoController",0
2008-2009_Portsmouth_Middlesbrough,2008-2009,4,Portsmouth,Middlesbrough,H,3,28.0,5.0,3.0,0.0,3.0,"RiskTaker, ChaosInducer",1
2008-2009_West Brom_West Ham,2008-2009,4,West Brom,West Ham,H,5,34.0,16.0,2.0,0.0,2.0,"RiskTaker, HighPressure, Disciplined",0
2008-2009_Wigan_Sunderland,2008-2009,4,Wigan,Sunderland,D,2,18.0,14.0,2.0,1.0,4.0,"LowTempoController, LowTempoController",0
2008-2009_Stoke_Everton,2008-2009,4,Stoke,Everton,A,5,20.0,15.0,3.0,0.0,3.0,"RiskTaker, ChaosInducer, LowTempoController",0
2008-2009_Tottenham_Aston Villa,2008-2009,4,Tottenham,Aston Villa,A,3,34.0,20.0,5.0,0.0,5.0,"RiskTaker, HighPressure, ChaosInducer, LowTempoController",1
2008-2009_Blackburn_Fulham,2008-2009,5,Blackburn,Fulham,H,1,22.0,7.0,2.0,0.0,2.0,"Disciplined, DirectPlay",0
2008-2009_Bolton_Arsenal,2008-2009,5,Bolton,Arsenal,A,4,32.0,24.0,4.0,0.0,4.0,"RiskTaker, HighPressure, ChaosInducer, LowTempoController",1
2008-2009_Liverpool_Stoke,2008-2009,5,Liverpool,Stoke,D,0,30.0,23.0,2.0,0.0,2.0,"HighPressure, Disciplined, LowTempoController, Opportunistic",0
2008-2009_Sunderland_Middlesbrough,2008-2009,5,Sunderland,Middlesbrough,H,2,31.0,15.0,5.0,0.0,5.0,"HighPressure, Opportunistic",0
2008-2009_West Ham_Newcastle,2008-2009,5,West Ham,Newcastle,H,4,23.0,8.0,3.0,0.0,3.0,"AggressiveTackler, AggressiveTackler",0
2008-2009_Chelsea_Man United,2008-2009,5,Chelsea,Man United,D,2,33.0,11.0,8.0,0.0,8.0,"AggressiveTackler, HighPressure, ChaosInducer, Opportunistic",1
2008-2009_Hull_Everton,2008-2009,5,Hull,Everton,D,4,26.0,10.0,1.0,0.0,1.0,"RiskTaker, Disciplined",0
2008-2009_Man City_Portsmouth,2008-2009,5,Man City,Portsmouth,H,6,24.0,13.0,1.0,0.0,1.0,"RiskTaker, HighPressure, Disciplined, LowTempoController",0
2008-2009_Tottenham_Wigan,2008-2009,5,Tottenham,Wigan,D,0,25.0,7.0,4.0,0.0,4.0,"DirectPlay, LowTempoController",0
2008-2009_West Brom_Aston Villa,2008-2009,5,West Brom,Aston Villa,A,3,20.0,11.0,6.0,0.0,6.0,"AggressiveTackler, ChaosInducer, LowTempoController",0
2008-2009_Arsenal_Hull,2008-2009,6,Arsenal,Hull,A,3,25.0,19.0,3.0,0.0,3.0,"HighPressure, LowTempoController",0
2008-2009_Aston Villa_Sunderland,2008-2009,6,Aston Villa,Sunderland,H,3,21.0,10.0,2.0,0.0,2.0,"Disciplined, DirectPlay",0
2008-2009_Everton_Liverpool,2008-2009,6,Everton,Liverpool,A,2,15.0,11.0,6.0,1.0,8.0,"AggressiveTackler, ChaosInducer, LowTempoController",1
2008-2009_Fulham_West Ham,2008-2009,6,Fulham,West Ham,A,3,34.0,6.0,5.0,1.0,7.0,"AggressiveTackler, RiskTaker, ChaosInducer",1
2008-2009_Man United_Bolton,2008-2009,6,Man United,Bolton,H,2,41.0,20.0,3.0,0.0,3.0,"HighPressure, Opportunistic",0
2008-2009_Middlesbrough_West Brom,2008-2009,6,Middlesbrough,West Brom,A,1,36.0,19.0,6.0,0.0,6.0,"AggressiveTackler, HighPressure, Opportunistic",1
2008-2009_Newcastle_Blackburn,2008-2009,6,Newcastle,Blackburn,A,3,13.0,10.0,4.0,0.0,4.0,"LowTempoController, HighPressure",0
2008-2009_Stoke_Chelsea,2008-2009,6,Stoke,Chelsea,A,2,19.0,10.0,3.0,0.0,3.0,"LowTempoController, Opportunistic",0
2008-2009_Portsmouth_Tottenham,2008-2009,6,Portsmouth,Tottenham,H,2,23.0,9.0,7.0,1.0,9.0,"AggressiveTackler, ChaosInducer",1
2008-2009_Wigan_Man City,2008-2009,6,Wigan,Man City,H,3,20.0,8.0,7.0,0.0,7.0,"AggressiveTackler, ChaosInducer",1
2008-2009_Blackburn_Man United,2008-2009,7,Blackburn,Man United,A,2,24.0,7.0,3.0,0.0,3.0,"DirectPlay, Disciplined",0
2008-2009_Sunderland_Arsenal,2008-2009,7,Sunderland,Arsenal,D,2,21.0,8.0,8.0,0.0,8.0,"AggressiveTackler, ChaosInducer",1
2008-2009_West Brom_Fulham,2008-2009,7,West Brom,Fulham,H,1,27.0,14.0,3.0,0.0,3.0,"HighPressure, Opportunistic",0
2008-2009_Wigan_Middlesbrough,2008-2009,7,Wigan,Middlesbrough,A,1,27.0,10.0,3.0,0.0,3.0,"Opportunistic, DirectPlay",0
2008-2009_Chelsea_Aston Villa,2008-2009,7,Chelsea,Aston Villa,H,2,35.0,8.0,3.0,0.0,3.0,"HighPressure, Opportunistic",0
2008-2009_Everton_Newcastle,2008-2009,7,Everton,Newcastle,D,4,24.0,8.0,4.0,0.0,4.0,"RiskTaker, ChaosInducer",1
2008-2009_Man City_Liverpool,2008-2009,7,Man City,Liverpool,A,5,21.0,8.0,2.0,1.0,4.0,"RiskTaker, ChaosInducer",1
2008-2009_Portsmouth_Stoke,2008-2009,7,Portsmouth,Stoke,H,3,25.0,7.0,3.0,0.0,3.0,"AggressiveTackler, Disciplined",0
2008-2009_Tottenham_Hull,2008-2009,7,Tottenham,Hull,A,1,37.0,12.0,6.0,0.0,6.0,"AggressiveTackler, HighPressure, Opportunistic",1
2008-2009_West Ham_Bolton,2008-2009,7,West Ham,Bolton,A,4,25.0,14.0,7.0,0.0,7.0,"AggressiveTackler, RiskTaker, HighPressure, ChaosInducer, LowTempoController",1
2008-2009_Arsenal_Everton,2008-2009,8,Arsenal,Everton,H,4,29.0,11.0,6.0,0.0,6.0,"AggressiveTackler, RiskTaker, HighPressure, ChaosInducer",1
2008-2009_Aston Villa_Portsmouth,2008-2009,8,Aston Villa,Portsmouth,D,0,18.0,13.0,4.0,1.0,6.0,"AggressiveTackler, LowTempoController",0
2008-2009_Bolton_Blackburn,2008-2009,8,Bolton,Blackburn,D,0,18.0,19.0,4.0,0.0,4.0,"HighPressure, LowTempoController",0
2008-2009_Fulham_Sunderland,2008-2009,8,Fulham,Sunderland,D,0,27.0,13.0,2.0,0.0,2.0,"HighPressure, Disciplined, Opportunistic",0
2008-2009_Liverpool_Wigan,2008-2009,8,Liverpool,Wigan,H,5,24.0,7.0,2.0,1.0,4.0,"RiskTaker, ChaosInducer",1
2008-2009_Man United_West Brom,2008-2009,8,Man United,West Brom,H,4,24.0,16.0,1.0,0.0,1.0,"RiskTaker, HighPressure, Disciplined, LowTempoController",0
2008-2009_Middlesbrough_Chelsea,2008-2009,8,Middlesbrough,Chelsea,A,5,28.0,12.0,2.0,0.0,2.0,"RiskTaker, HighPressure, Disciplined",0
2008-2009_Hull_West Ham,2008-2009,8,Hull,West Ham,H,1,26.0,8.0,3.0,0.0,3.0,"AggressiveTackler, RiskTaker",0
2008-2009_Stoke_Tottenham,2008-2009,8,Stoke,Tottenham,H,3,18.0,7.0,3.0,2.0,7.0,"AggressiveTackler, ChaosInducer",1
2008-2009_Newcastle_Man City,2008-2009,8,Newcastle,Man City,D,4,26.0,15.0,2.0,1.0,4.0,"RiskTaker, HighPressure, ChaosInducer, LowTempoController",1
2008-2009_Blackburn_Middlesbrough,2008-2009,9,Blackburn,Middlesbrough,D,2,18.0,11.0,4.0,0.0,4.0,"LowTempoController, ChaosInducer",0
2008-2009_Everton_Man United,2008-2009,9,Everton,Man United,D,2,31.0,14.0,6.0,0.0,6.0,"AggressiveTackler, HighPressure, Opportunistic",1
2008-2009_Sunderland_Newcastle,2008-2009,9,Sunderland,Newcastle,H,3,24.0,6.0,3.0,0.0,3.0,"AggressiveTackler, Disciplined",0
2008-2009_West Brom_Hull,2008-2009,9,West Brom,Hull,A,3,40.0,19.0,3.0,0.0,3.0,"RiskTaker, HighPressure",0
2008-2009_Chelsea_Liverpool,2008-2009,9,Chelsea,Liverpool,A,1,22.0,6.0,6.0,0.0,6.0,"AggressiveTackler, RiskTaker",0
2008-2009_Man City_Stoke,2008-2009,9,Man City,Stoke,H,3,27.0,14.0,1.0,0.0,1.0,"RiskTaker, HighPressure, Disciplined",0
2008-2009_Portsmouth_Fulham,2008-2009,9,Portsmouth,Fulham,D,2,30.0,14.0,0.0,0.0,0.0,"HighPressure, Disciplined, Opportunistic",0
2008-2009_Tottenham_Bolton,2008-2009,9,Tottenham,Bolton,H,2,29.0,7.0,3.0,1.0,5.0,"Opportunistic, AggressiveTackler",0
2008-2009_West Ham_Arsenal,2008-2009,9,West Ham,Arsenal,A,2,27.0,13.0,5.0,1.0,7.0,"AggressiveTackler, HighPressure, ChaosInducer, Opportunistic",1
2008-2009_Wigan_Aston Villa,2008-2009,9,Wigan,Aston Villa,A,4,26.0,13.0,3.0,0.0,3.0,"RiskTaker, HighPressure",1
2008-2009_Newcastle_West Brom,2008-2009,10,Newcastle,West Brom,H,3,24.0,15.0,4.0,0.0,4.0,"HighPressure, LowTempoController",0
2008-2009_Arsenal_Tottenham,2008-2009,10,Arsenal,Tottenham,D,8,29.0,10.0,5.0,0.0,5.0,"RiskTaker, HighPressure, ChaosInducer",1
2008-2009_Aston Villa_Blackburn,2008-2009,10,Aston Villa,Blackburn,H,5,19.0,9.0,1.0,0.0,1.0,"Disciplined, HighPressure",0
2008-2009_Bolton_Everton,2008-2009,10,Bolton,Everton,A,1,29.0,8.0,3.0,0.0,3.0,"Opportunistic, DirectPlay",0
2008-2009_Fulham_Wigan,2008-2009,10,Fulham,Wigan,H,2,12.0,4.0,2.0,0.0,2.0,"Disciplined, ChaosInducer",0
2008-2009_Hull_Chelsea,2008-2009,10,Hull,Chelsea,A,3,37.0,10.0,2.0,0.0,2.0,"RiskTaker, HighPressure, Disciplined",0
2008-2009_Liverpool_Portsmouth,2008-2009,10,Liverpool,Portsmouth,H,1,25.0,8.0,3.0,0.0,3.0,"AggressiveTackler, RiskTaker",0
2008-2009_Man United_West Ham,2008-2009,10,Man United,West Ham,H,2,25.0,4.0,3.0,0.0,3.0,"HighPressure, LowTempoController",0
2008-2009_Middlesbrough_Man City,2008-2009,10,Middlesbrough,Man City,H,2,18.0,6.0,4.0,0.0,4.0,"RiskTaker, DirectPlay",0
2008-2009_Stoke_Sunderland,2008-2009,10,Stoke,Sunderland,H,1,18.0,8.0,3.0,0.0,3.0,"RiskTaker, HighPressure",0
2008-2009_Chelsea_Sunderland,2008-2009,11,Chelsea,Sunderland,H,5,18.0,4.0,1.0,0.0,1.0,"Disciplined, RiskTaker",0
2008-2009_Everton_Fulham,2008-2009,11,Everton,Fulham,H,1,24.0,11.0,0.0,0.0,0.0,"Disciplined, HighPressure",0
2008-2009_Man United_Hull,2008-2009,11,Man United,Hull,H,7,31.0,10.0,4.0,0.0,4.0,"RiskTaker, HighPressure, ChaosInducer",1
2008-2009_Middlesbrough_West Ham,2008-2009,11,Middlesbrough,West Ham,D,2,24.0,9.0,7.0,0.0,7.0,"AggressiveTackler, ChaosInducer",1
2008-2009_Portsmouth_Wigan,2008-2009,11,Portsmouth,Wigan,A,3,28.0,15.0,3.0,0.0,3.0,"RiskTaker, HighPressure",0
2008-2009_Stoke_Arsenal,2008-2009,11,Stoke,Arsenal,H,3,20.0,8.0,6.0,1.0,8.0,"AggressiveTackler, ChaosInducer",1
2008-2009_Tottenham_Liverpool,2008-2009,11,Tottenham,Liverpool,H,3,22.0,8.0,3.0,0.0,3.0,"AggressiveTackler, Opportunistic",0
2008-2009_West Brom_Blackburn,2008-2009,11,West Brom,Blackburn,D,4,24.0,5.0,5.0,1.0,7.0,"AggressiveTackler, RiskTaker, ChaosInducer",1
2008-2009_Bolton_Man City,2008-2009,11,Bolton,Man City,H,2,31.0,7.0,2.0,0.0,2.0,"Disciplined, Opportunistic",0
2008-2009_Newcastle_Aston Villa,2008-2009,11,Newcastle,Aston Villa,H,2,17.0,8.0,7.0,0.0,7.0,"AggressiveTackler, ChaosInducer",0
2008-2009_Arsenal_Man United,2008-2009,12,Arsenal,Man United,H,3,28.0,11.0,5.0,0.0,5.0,"RiskTaker, HighPressure, ChaosInducer",1
2008-2009_Hull_Bolton,2008-2009,12,Hull,Bolton,A,1,26.0,13.0,3.0,0.0,3.0,"HighPressure, HighPressure",0
2008-2009_Liverpool_West Brom,2008-2009,12,Liverpool,West Brom,H,3,15.0,10.0,3.0,0.0,3.0,"LowTempoController, HighPressure",0
2008-2009_Sunderland_Portsmouth,2008-2009,12,Sunderland,Portsmouth,A,3,19.0,11.0,3.0,0.0,3.0,"LowTempoController, ChaosInducer",0
2008-2009_West Ham_Everton,2008-2009,12,West Ham,Everton,A,4,27.0,13.0,2.0,0.0,2.0,"RiskTaker, HighPressure, Disciplined",0
2008-2009_Wigan_Stoke,2008-2009,12,Wigan,Stoke,D,0,24.0,9.0,4.0,0.0,4.0,"HighPressure, HighPressure",0
2008-2009_Aston Villa_Middlesbrough,2008-2009,12,Aston Villa,Middlesbrough,A,3,29.0,11.0,4.0,0.0,4.0,"RiskTaker, HighPressure",1
2008-2009_Blackburn_Chelsea,2008-2009,12,Blackburn,Chelsea,A,2,26.0,14.0,3.0,0.0,3.0,"HighPressure, LowTempoController",0
2008-2009_Fulham_Newcastle,2008-2009,12,Fulham,Newcastle,H,3,24.0,7.0,4.0,0.0,4.0,"LowTempoController, Opportunistic",0
2008-2009_Man City_Tottenham,2008-2009,12,Man City,Tottenham,A,3,23.0,9.0,3.0,3.0,9.0,"AggressiveTackler, ChaosInducer",1
2008-2009_Arsenal_Aston Villa,2008-2009,13,Arsenal,Aston Villa,A,2,20.0,13.0,6.0,0.0,6.0,"AggressiveTackler, LowTempoController",0
2008-2009_Blackburn_Sunderland,2008-2009,13,Blackburn,Sunderland,A,3,26.0,20.0,7.0,0.0,7.0,"AggressiveTackler, HighPressure, ChaosInducer, LowTempoController",1
2008-2009_Bolton_Liverpool,2008-2009,13,Bolton,Liverpool,A,2,30.0,10.0,2.0,0.0,2.0,"HighPressure, Disciplined, Opportunistic",0
2008-2009_Fulham_Tottenham,2008-2009,13,Fulham,Tottenham,H,3,23.0,13.0,1.0,0.0,1.0,"Disciplined, LowTempoController",0
2008-2009_Man United_Stoke,2008-2009,13,Man United,Stoke,H,5,24.0,3.0,3.0,0.0,3.0,"RiskTaker, ChaosInducer",1
2008-2009_Newcastle_Wigan,2008-2009,13,Newcastle,Wigan,D,4,29.0,14.0,4.0,1.0,6.0,"AggressiveTackler, RiskTaker, HighPressure, ChaosInducer",1
2008-2009_West Brom_Chelsea,2008-2009,13,West Brom,Chelsea,A,3,28.0,13.0,3.0,0.0,3.0,"RiskTaker, HighPressure",0
2008-2009_West Ham_Portsmouth,2008-2009,13,West Ham,Portsmouth,D,0,22.0,15.0,1.0,0.0,1.0,"HighPressure, Disciplined, LowTempoController",0
2008-2009_Everton_Middlesbrough,2008-2009,13,Everton,Middlesbrough,D,2,26.0,12.0,2.0,0.0,2.0,"HighPressure, Disciplined",0
2008-2009_Hull_Man City,2008-2009,13,Hull,Man City,D,4,23.0,9.0,5.0,0.0,5.0,"ChaosInducer, AggressiveTackler",0
2008-2009_Aston Villa_Man United,2008-2009,14,Aston Villa,Man United,D,0,22.0,9.0,1.0,0.0,1.0,"Disciplined, DirectPlay",0
2008-2009_Chelsea_Newcastle,2008-2009,14,Chelsea,Newcastle,D,0,27.0,9.0,2.0,0.0,2.0,"Disciplined, Opportunistic",0
2008-2009_Liverpool_Fulham,2008-2009,14,Liverpool,Fulham,D,0,24.0,12.0,0.0,0.0,0.0,"Disciplined, ChaosInducer",0
2008-2009_Man City_Arsenal,2008-2009,14,Man City,Arsenal,H,3,23.0,6.0,1.0,0.0,1.0,"Disciplined, LowTempoController",0
2008-2009_Middlesbrough_Bolton,2008-2009,14,Middlesbrough,Bolton,A,4,29.0,8.0,7.0,0.0,7.0,"AggressiveTackler, RiskTaker, ChaosInducer",1
2008-2009_Portsmouth_Hull,2008-2009,14,Portsmouth,Hull,D,4,27.0,14.0,3.0,0.0,3.0,"RiskTaker, HighPressure",1
2008-2009_Stoke_West Brom,2008-2009,14,Stoke,West Brom,H,1,17.0,5.0,1.0,0.0,1.0,"Disciplined, Disciplined",0
2008-2009_Sunderland_West Ham,2008-2009,14,Sunderland,West Ham,A,1,27.0,6.0,3.0,0.0,3.0,"Opportunistic, Opportunistic",0
2008-2009_Tottenham_Blackburn,2008-2009,14,Tottenham,Blackburn,H,1,25.0,12.0,5.0,1.0,7.0,"AggressiveTackler, AggressiveTackler",0
2008-2009_Wigan_Everton,2008-2009,14,Wigan,Everton,H,1,19.0,6.0,0.0,0.0,0.0,"Disciplined, AggressiveTackler",0
2008-2009_Aston Villa_Fulham,2008-2009,15,Aston Villa,Fulham,D,0,17.0,15.0,2.0,0.0,2.0,"Disciplined, LowTempoController",0
2008-2009_Middlesbrough_Newcastle,2008-2009,15,Middlesbrough,Newcastle,D,0,24.0,9.0,2.0,0.0,2.0,"Disciplined, Disciplined",0
2008-2009_Stoke_Hull,2008-2009,15,Stoke,Hull,D,2,16.0,8.0,5.0,0.0,5.0,"LowTempoController, DirectPlay",0
2008-2009_Sunderland_Bolton,2008-2009,15,Sunderland,Bolton,A,5,25.0,11.0,4.0,0.0,4.0,"RiskTaker, ChaosInducer",1
2008-2009_Wigan_West Brom,2008-2009,15,Wigan,West Brom,H,3,34.0,14.0,2.0,0.0,2.0,"RiskTaker, HighPressure, Disciplined",0
2008-2009_Chelsea_Arsenal,2008-2009,15,Chelsea,Arsenal,A,3,21.0,5.0,2.0,0.0,2.0,"Disciplined, HighPressure",0
2008-2009_Man City_Man United,2008-2009,15,Man City,Man United,A,1,22.0,11.0,7.0,1.0,9.0,"AggressiveTackler, ChaosInducer",1
2008-2009_Portsmouth_Blackburn,2008-2009,15,Portsmouth,Blackburn,H,5,19.0,18.0,1.0,0.0,1.0,"HighPressure, Disciplined, LowTempoController",0
2008-2009_Tottenham_Everton,2008-2009,15,Tottenham,Everton,A,1,22.0,6.0,4.0,0.0,4.0,"LowTempoController, RiskTaker",0
2008-2009_Liverpool_West Ham,2008-2009,15,Liverpool,West Ham,D,0,28.0,22.0,2.0,0.0,2.0,"HighPressure, Disciplined, LowTempoController, Opportunistic",0
2008-2009_Arsenal_Wigan,2008-2009,16,Arsenal,Wigan,H,1,21.0,11.0,3.0,0.0,3.0,"LowTempoController, ChaosInducer",0
2008-2009_Blackburn_Liverpool,2008-2009,16,Blackburn,Liverpool,A,4,17.0,11.0,4.0,0.0,4.0,"ChaosInducer, LowTempoController",0
2008-2009_Bolton_Chelsea,2008-2009,16,Bolton,Chelsea,A,2,32.0,12.0,3.0,0.0,3.0,"HighPressure, Opportunistic",0
2008-2009_Fulham_Man City,2008-2009,16,Fulham,Man City,D,2,27.0,16.0,3.0,0.0,3.0,"HighPressure, LowTempoController, Opportunistic",0
2008-2009_Hull_Middlesbrough,2008-2009,16,Hull,Middlesbrough,H,3,26.0,14.0,2.0,1.0,4.0,"HighPressure, LowTempoController",0
2008-2009_Man United_Sunderland,2008-2009,16,Man United,Sunderland,H,1,29.0,11.0,1.0,0.0,1.0,"HighPressure, Disciplined, Opportunistic",0
2008-2009_Newcastle_Stoke,2008-2009,16,Newcastle,Stoke,D,4,21.0,9.0,1.0,0.0,1.0,"Disciplined, RiskTaker",0
2008-2009_Everton_Aston Villa,2008-2009,16,Everton,Aston Villa,A,5,17.0,16.0,3.0,0.0,3.0,"ChaosInducer, LowTempoController",0
2008-2009_West Brom_Portsmouth,2008-2009,16,West Brom,Portsmouth,D,2,20.0,8.0,3.0,0.0,3.0,"Disciplined, AggressiveTackler",0
2008-2009_West Ham_Tottenham,2008-2009,16,West Ham,Tottenham,A,2,28.0,12.0,2.0,0.0,2.0,"HighPressure, Disciplined, Opportunistic",0
2008-2009_Aston Villa_Bolton,2008-2009,17,Aston Villa,Bolton,H,6,25.0,13.0,1.0,0.0,1.0,"RiskTaker, HighPressure, Disciplined",0
2008-2009_Liverpool_Hull,2008-2009,17,Liverpool,Hull,D,4,31.0,12.0,6.0,0.0,6.0,"AggressiveTackler, RiskTaker, HighPressure, ChaosInducer",1
2008-2009_Man City_Everton,2008-2009,17,Man City,Everton,A,1,18.0,12.0,1.0,0.0,1.0,"Disciplined, LowTempoController",0
2008-2009_Middlesbrough_Arsenal,2008-2009,17,Middlesbrough,Arsenal,D,2,25.0,15.0,1.0,0.0,1.0,"HighPressure, Disciplined, LowTempoController",0
2008-2009_Stoke_Fulham,2008-2009,17,Stoke,Fulham,D,0,15.0,11.0,2.0,0.0,2.0,"Disciplined, LowTempoController",0
2008-2009_Sunderland_West Brom,2008-2009,17,Sunderland,West Brom,H,4,30.0,12.0,3.0,0.0,3.0,"RiskTaker, HighPressure",0
2008-2009_Tottenham_Man United,2008-2009,17,Tottenham,Man United,D,0,26.0,18.0,2.0,0.0,2.0,"HighPressure, Disciplined, LowTempoController",0
2008-2009_Wigan_Blackburn,2008-2009,17,Wigan,Blackburn,H,3,21.0,15.0,2.0,0.0,2.0,"HighPressure, Disciplined, LowTempoController",0
2008-2009_Chelsea_West Ham,2008-2009,17,Chelsea,West Ham,D,2,23.0,13.0,5.0,0.0,5.0,"LowTempoController, DirectPlay",0
2008-2009_Portsmouth_Newcastle,2008-2009,17,Portsmouth,Newcastle,A,3,28.0,13.0,5.0,0.0,5.0,"RiskTaker, HighPressure, ChaosInducer",1
2008-2009_Blackburn_Stoke,2008-2009,18,Blackburn,Stoke,H,3,24.0,10.0,2.0,0.0,2.0,"Disciplined, AggressiveTackler",0
2008-2009_Bolton_Portsmouth,2008-2009,18,Bolton,Portsmouth,H,3,27.0,9.0,2.0,0.0,2.0,"RiskTaker, Disciplined",0
2008-2009_Fulham_Middlesbrough,2008-2009,18,Fulham,Middlesbrough,H,3,31.0,10.0,2.0,0.0,2.0,"RiskTaker, HighPressure, Disciplined",0
2008-2009_Hull_Sunderland,2008-2009,18,Hull,Sunderland,A,5,29.0,12.0,4.0,1.0,6.0,"AggressiveTackler, RiskTaker, HighPressure, ChaosInducer",1
2008-2009_West Ham_Aston Villa,2008-2009,18,West Ham,Aston Villa,A,1,27.0,13.0,3.0,0.0,3.0,"HighPressure, Opportunistic",0
2008-2009_Arsenal_Liverpool,2008-2009,18,Arsenal,Liverpool,D,2,16.0,3.0,6.0,1.0,8.0,"AggressiveTackler, ChaosInducer",0
2008-2009_Newcastle_Tottenham,2008-2009,18,Newcastle,Tottenham,H,3,18.0,11.0,5.0,0.0,5.0,"ChaosInducer, LowTempoController",0
2008-2009_West Brom_Man City,2008-2009,18,West Brom,Man City,H,3,23.0,12.0,3.0,0.0,3.0,"ChaosInducer, AggressiveTackler",1
2008-2009_Everton_Chelsea,2008-2009,18,Everton,Chelsea,D,0,16.0,11.0,3.0,1.0,5.0,"LowTempoController, AggressiveTackler",0
2008-2009_Aston Villa_Arsenal,2008-2009,19,Aston Villa,Arsenal,D,4,21.0,13.0,8.0,0.0,8.0,"AggressiveTackler, ChaosInducer, LowTempoController",1
2008-2009_Chelsea_West Brom,2008-2009,19,Chelsea,West Brom,H,2,29.0,12.0,1.0,0.0,1.0,"HighPressure, Disciplined, Opportunistic",0
2008-2009_Liverpool_Bolton,2008-2009,19,Liverpool,Bolton,H,3,22.0,19.0,4.0,0.0,4.0,"HighPressure, LowTempoController",0
2008-2009_Man City_Hull,2008-2009,19,Man City,Hull,H,6,38.0,18.0,4.0,0.0,4.0,"RiskTaker, HighPressure, ChaosInducer",1
2008-2009_Middlesbrough_Everton,2008-2009,19,Middlesbrough,Everton,A,1,18.0,13.0,6.0,0.0,6.0,"AggressiveTackler, LowTempoController",0
2008-2009_Portsmouth_West Ham,2008-2009,19,Portsmouth,West Ham,A,5,37.0,14.0,4.0,0.0,4.0,"RiskTaker, HighPressure, ChaosInducer",1
2008-2009_Stoke_Man United,2008-2009,19,Stoke,Man United,A,1,23.0,15.0,6.0,1.0,8.0,"AggressiveTackler, HighPressure, ChaosInducer, LowTempoController",1
2008-2009_Sunderland_Blackburn,2008-2009,19,Sunderland,Blackburn,D,0,20.0,7.0,3.0,0.0,3.0,"ChaosInducer, LowTempoController",0
2008-2009_Tottenham_Fulham,2008-2009,19,Tottenham,Fulham,D,0,24.0,6.0,1.0,0.0,1.0,"Disciplined, LowTempoController",0
2008-2009_Wigan_Newcastle,2008-2009,19,Wigan,Newcastle,H,3,16.0,11.0,5.0,1.0,7.0,"AggressiveTackler, ChaosInducer, LowTempoController",0
2008-2009_Arsenal_Portsmouth,2008-2009,20,Arsenal,Portsmouth,H,1,15.0,13.0,1.0,0.0,1.0,"Disciplined, LowTempoController",0
2008-2009_Blackburn_Man City,2008-2009,20,Blackburn,Man City,D,4,24.0,7.0,3.0,0.0,3.0,"RiskTaker, ChaosInducer",1
2008-2009_Bolton_Wigan,2008-2009,20,Bolton,Wigan,A,1,24.0,15.0,5.0,0.0,5.0,"HighPressure, LowTempoController",0
2008-2009_Everton_Sunderland,2008-2009,20,Everton,Sunderland,H,3,18.0,10.0,5.0,0.0,5.0,"ChaosInducer, LowTempoController",0
2008-2009_Fulham_Chelsea,2008-2009,20,Fulham,Chelsea,D,4,24.0,8.0,3.0,0.0,3.0,"RiskTaker, DirectPlay",0
2008-2009_Newcastle_Liverpool,2008-2009,20,Newcastle,Liverpool,A,6,27.0,13.0,3.0,0.0,3.0,"RiskTaker, HighPressure, ChaosInducer",1
2008-2009_West Brom_Tottenham,2008-2009,20,West Brom,Tottenham,H,2,21.0,12.0,5.0,1.0,7.0,"AggressiveTackler, ChaosInducer, LowTempoController",0
2008-2009_West Ham_Stoke,2008-2009,20,West Ham,Stoke,H,3,23.0,12.0,6.0,1.0,8.0,"AggressiveTackler, ChaosInducer",1
2008-2009_Man United_Middlesbrough,2008-2009,20,Man United,Middlesbrough,H,1,35.0,12.0,2.0,0.0,2.0,"HighPressure, Disciplined, Opportunistic",0
2008-2009_Hull_Aston Villa,2008-2009,20,Hull,Aston Villa,A,1,15.0,14.0,3.0,0.0,3.0,"LowTempoController, Disciplined",0
2008-2009_Arsenal_Bolton,2008-2009,21,Arsenal,Bolton,H,1,16.0,5.0,4.0,0.0,4.0,"Opportunistic, AggressiveTackler",0
2008-2009_Aston Villa_West Brom,2008-2009,21,Aston Villa,West Brom,H,3,30.0,17.0,2.0,0.0,2.0,"RiskTaker, HighPressure, Disciplined, LowTempoController",0
2008-2009_Everton_Hull,2008-2009,21,Everton,Hull,H,2,13.0,8.0,7.0,0.0,7.0,"AggressiveTackler, ChaosInducer, LowTempoController",0
2008-2009_Middlesbrough_Sunderland,2008-2009,21,Middlesbrough,Sunderland,D,2,19.0,9.0,4.0,0.0,4.0,"DirectPlay, AggressiveTackler",0
2008-2009_Newcastle_West Ham,2008-2009,21,Newcastle,West Ham,D,4,33.0,11.0,1.0,0.0,1.0,"RiskTaker, HighPressure, Disciplined",0
2008-2009_Stoke_Liverpool,2008-2009,21,Stoke,Liverpool,D,0,12.0,9.0,4.0,0.0,4.0,"LowTempoController, Opportunistic",0
2008-2009_Man United_Chelsea,2008-2009,21,Man United,Chelsea,H,3,24.0,9.0,8.0,0.0,8.0,"AggressiveTackler, ChaosInducer",1
2008-2009_Wigan_Tottenham,2008-2009,21,Wigan,Tottenham,H,1,19.0,11.0,6.0,0.0,6.0,"AggressiveTackler, LowTempoController",0
2008-2009_Man United_Wigan,2008-2009,21,Man United,Wigan,H,1,22.0,10.0,3.0,0.0,3.0,"Disciplined, LowTempoController",0
2008-2009_Blackburn_Newcastle,2008-2009,22,Blackburn,Newcastle,H,3,19.0,7.0,5.0,1.0,7.0,"AggressiveTackler, ChaosInducer",1
2008-2009_Bolton_Man United,2008-2009,22,Bolton,Man United,A,1,23.0,9.0,2.0,0.0,2.0,"Disciplined, DirectPlay",0
2008-2009_Chelsea_Stoke,2008-2009,22,Chelsea,Stoke,H,3,41.0,14.0,3.0,0.0,3.0,"RiskTaker, HighPressure",1
2008-2009_Hull_Arsenal,2008-2009,22,Hull,Arsenal,A,4,17.0,8.0,2.0,0.0,2.0,"Disciplined, HighPressure",0
2008-2009_Man City_Wigan,2008-2009,22,Man City,Wigan,H,1,25.0,13.0,5.0,1.0,7.0,"AggressiveTackler, HighPressure",1
2008-2009_Sunderland_Aston Villa,2008-2009,22,Sunderland,Aston Villa,A,3,13.0,14.0,6.0,1.0,8.0,"AggressiveTackler, ChaosInducer, LowTempoController",0
2008-2009_West Brom_Middlesbrough,2008-2009,22,West Brom,Middlesbrough,H,3,21.0,8.0,2.0,1.0,4.0,"HighPressure, Opportunistic",0
2008-2009_Tottenham_Portsmouth,2008-2009,22,Tottenham,Portsmouth,D,2,37.0,12.0,2.0,0.0,2.0,"HighPressure, Disciplined, Opportunistic",0
2008-2009_West Ham_Fulham,2008-2009,22,West Ham,Fulham,H,4,20.0,6.0,4.0,0.0,4.0,"ChaosInducer, HighPressure",1
2008-2009_Liverpool_Everton,2008-2009,22,Liverpool,Everton,D,2,16.0,8.0,2.0,0.0,2.0,"Disciplined, LowTempoController",0
2008-2009_Portsmouth_Aston Villa,2008-2009,23,Portsmouth,Aston Villa,A,1,26.0,22.0,4.0,1.0,6.0,"AggressiveTackler, HighPressure, LowTempoController",1
2008-2009_Sunderland_Fulham,2008-2009,23,Sunderland,Fulham,H,1,31.0,4.0,0.0,0.0,0.0,"Disciplined, Opportunistic",0
2008-2009_Tottenham_Stoke,2008-2009,23,Tottenham,Stoke,H,4,28.0,11.0,5.0,0.0,5.0,"RiskTaker, HighPressure, ChaosInducer",1
2008-2009_West Brom_Man United,2008-2009,23,West Brom,Man United,A,5,27.0,9.0,7.0,1.0,9.0,"AggressiveTackler, RiskTaker, ChaosInducer",1
2008-2009_Blackburn_Bolton,2008-2009,23,Blackburn,Bolton,D,4,24.0,10.0,7.0,0.0,7.0,"AggressiveTackler, RiskTaker, ChaosInducer",1
2008-2009_Chelsea_Middlesbrough,2008-2009,23,Chelsea,Middlesbrough,H,2,30.0,11.0,2.0,0.0,2.0,"HighPressure, Disciplined, Opportunistic",0
2008-2009_Everton_Arsenal,2008-2009,23,Everton,Arsenal,D,2,14.0,13.0,4.0,0.0,4.0,"LowTempoController, LowTempoController",0
2008-2009_Man City_Newcastle,2008-2009,23,Man City,Newcastle,H,3,16.0,7.0,3.0,0.0,3.0,"Opportunistic, LowTempoController",0
2008-2009_West Ham_Hull,2008-2009,23,West Ham,Hull,H,2,40.0,16.0,1.0,0.0,1.0,"HighPressure, Disciplined, Opportunistic",0
2008-2009_Wigan_Liverpool,2008-2009,23,Wigan,Liverpool,D,2,13.0,4.0,1.0,0.0,1.0,"Disciplined, Disciplined",0
2008-2009_Arsenal_West Ham,2008-2009,24,Arsenal,West Ham,D,0,17.0,16.0,4.0,0.0,4.0,"LowTempoController, AggressiveTackler",0
2008-2009_Aston Villa_Wigan,2008-2009,24,Aston Villa,Wigan,D,0,25.0,8.0,2.0,0.0,2.0,"Disciplined, Disciplined",0
2008-2009_Bolton_Tottenham,2008-2009,24,Bolton,Tottenham,H,5,26.0,10.0,1.0,0.0,1.0,"RiskTaker, Disciplined",0
2008-2009_Fulham_Portsmouth,2008-2009,24,Fulham,Portsmouth,H,4,18.0,13.0,1.0,0.0,1.0,"Disciplined, LowTempoController",0
2008-2009_Hull_West Brom,2008-2009,24,Hull,West Brom,D,4,29.0,14.0,6.0,0.0,6.0,"AggressiveTackler, RiskTaker, HighPressure, ChaosInducer",1
2008-2009_Man United_Everton,2008-2009,24,Man United,Everton,H,1,24.0,8.0,0.0,0.0,0.0,"Disciplined, Disciplined",0
2008-2009_Middlesbrough_Blackburn,2008-2009,24,Middlesbrough,Blackburn,D,0,22.0,12.0,4.0,0.0,4.0,"LowTempoController, LowTempoController",0
2008-2009_Stoke_Man City,2008-2009,24,Stoke,Man City,H,1,24.0,13.0,2.0,1.0,4.0,"HighPressure, LowTempoController",0
2008-2009_Liverpool_Chelsea,2008-2009,24,Liverpool,Chelsea,H,2,25.0,13.0,7.0,1.0,9.0,"AggressiveTackler, HighPressure, ChaosInducer",1
2008-2009_Newcastle_Sunderland,2008-2009,24,Newcastle,Sunderland,D,2,31.0,7.0,6.0,0.0,6.0,"AggressiveTackler, Opportunistic",0
2008-2009_Blackburn_Aston Villa,2008-2009,25,Blackburn,Aston Villa,A,2,32.0,17.0,2.0,0.0,2.0,"HighPressure, Disciplined, Opportunistic",0
2008-2009_Chelsea_Hull,2008-2009,25,Chelsea,Hull,D,0,25.0,16.0,3.0,0.0,3.0,"HighPressure, LowTempoController",0
2008-2009_Everton_Bolton,2008-2009,25,Everton,Bolton,H,3,27.0,12.0,2.0,0.0,2.0,"RiskTaker, HighPressure, Disciplined",0
2008-2009_Man City_Middlesbrough,2008-2009,25,Man City,Middlesbrough,H,1,27.0,16.0,1.0,0.0,1.0,"HighPressure, Disciplined, LowTempoController, Opportunistic",0
2008-2009_Portsmouth_Liverpool,2008-2009,25,Portsmouth,Liverpool,A,5,23.0,6.0,1.0,0.0,1.0,"RiskTaker, Disciplined",0
2008-2009_Sunderland_Stoke,2008-2009,25,Sunderland,Stoke,H,2,17.0,6.0,3.0,1.0,5.0,"Opportunistic, Opportunistic",0
2008-2009_West Brom_Newcastle,2008-2009,25,West Brom,Newcastle,A,5,23.0,7.0,4.0,0.0,4.0,"RiskTaker, ChaosInducer",1
2008-2009_Wigan_Fulham,2008-2009,25,Wigan,Fulham,D,0,18.0,12.0,3.0,0.0,3.0,"LowTempoController, HighPressure",0
2008-2009_Tottenham_Arsenal,2008-2009,25,Tottenham,Arsenal,D,0,20.0,10.0,3.0,1.0,5.0,"RiskTaker, AggressiveTackler",0
2008-2009_West Ham_Man United,2008-2009,25,West Ham,Man United,A,1,20.0,16.0,2.0,0.0,2.0,"HighPressure, Disciplined, LowTempoController",0
2008-2009_Portsmouth_Man City,2008-2009,25,Portsmouth,Man City,H,2,25.0,10.0,4.0,0.0,4.0,"LowTempoController, HighPressure",0
2008-2009_Man United_Fulham,2008-2009,25,Man United,Fulham,H,3,22.0,13.0,2.0,0.0,2.0,"Disciplined, LowTempoController",0
2008-2009_Arsenal_Sunderland,2008-2009,26,Arsenal,Sunderland,D,0,19.0,11.0,4.0,0.0,4.0,"LowTempoController, DirectPlay",0
2008-2009_Aston Villa_Chelsea,2008-2009,26,Aston Villa,Chelsea,A,1,30.0,17.0,4.0,0.0,4.0,"HighPressure, LowTempoController, Opportunistic",0
2008-2009_Bolton_West Ham,2008-2009,26,Bolton,West Ham,H,3,29.0,17.0,2.0,0.0,2.0,"RiskTaker, HighPressure, Disciplined, LowTempoController",0
2008-2009_Man United_Blackburn,2008-2009,26,Man United,Blackburn,H,3,27.0,11.0,4.0,0.0,4.0,"RiskTaker, RiskTaker",1
2008-2009_Middlesbrough_Wigan,2008-2009,26,Middlesbrough,Wigan,D,0,18.0,6.0,6.0,0.0,6.0,"AggressiveTackler, RiskTaker",0
2008-2009_Stoke_Portsmouth,2008-2009,26,Stoke,Portsmouth,D,4,12.0,5.0,4.0,0.0,4.0,"ChaosInducer, LowTempoController",0
2008-2009_Fulham_West Brom,2008-2009,26,Fulham,West Brom,H,2,27.0,16.0,1.0,0.0,1.0,"HighPressure, Disciplined, LowTempoController, Opportunistic",0
2008-2009_Liverpool_Man City,2008-2009,26,Liverpool,Man City,D,2,28.0,10.0,3.0,0.0,3.0,"Opportunistic, ChaosInducer",0
2008-2009_Newcastle_Everton,2008-2009,26,Newcastle,Everton,D,0,19.0,6.0,1.0,1.0,3.0,"AggressiveTackler, RiskTaker",1
2008-2009_Hull_Tottenham,2008-2009,26,Hull,Tottenham,A,3,21.0,24.0,3.0,0.0,3.0,"HighPressure, LowTempoController",0
2008-2009_Arsenal_Fulham,2008-2009,27,Arsenal,Fulham,D,0,28.0,17.0,0.0,0.0,0.0,"HighPressure, Disciplined, LowTempoController, Opportunistic",0
2008-2009_Chelsea_Wigan,2008-2009,27,Chelsea,Wigan,H,3,30.0,20.0,5.0,0.0,5.0,"RiskTaker, HighPressure, ChaosInducer, LowTempoController",1
2008-2009_Everton_West Brom,2008-2009,27,Everton,West Brom,H,2,28.0,9.0,2.0,0.0,2.0,"Disciplined, Opportunistic",0
2008-2009_Middlesbrough_Liverpool,2008-2009,27,Middlesbrough,Liverpool,H,2,21.0,11.0,2.0,0.0,2.0,"Disciplined, LowTempoController",0
2008-2009_Aston Villa_Stoke,2008-2009,27,Aston Villa,Stoke,D,4,18.0,12.0,2.0,0.0,2.0,"Disciplined, LowTempoController",0
2008-2009_Bolton_Newcastle,2008-2009,27,Bolton,Newcastle,H,1,29.0,11.0,5.0,0.0,5.0,"HighPressure, Opportunistic",0
2008-2009_Hull_Blackburn,2008-2009,27,Hull,Blackburn,A,3,17.0,10.0,5.0,2.0,9.0,"AggressiveTackler, ChaosInducer, LowTempoController",0
2008-2009_West Ham_Man City,2008-2009,27,West Ham,Man City,H,1,22.0,11.0,4.0,0.0,4.0,"LowTempoController, LowTempoController",0
2008-2009_Liverpool_Sunderland,2008-2009,28,Liverpool,Sunderland,H,2,27.0,8.0,2.0,0.0,2.0,"Disciplined, Opportunistic",0
2008-2009_Portsmouth_Chelsea,2008-2009,28,Portsmouth,Chelsea,A,1,33.0,11.0,0.0,0.0,0.0,"HighPressure, Disciplined, Opportunistic",0
2008-2009_West Brom_Arsenal,2008-2009,28,West Brom,Arsenal,A,4,24.0,7.0,4.0,0.0,4.0,"RiskTaker, ChaosInducer",1
2008-2009_Blackburn_Everton,2008-2009,28,Blackburn,Everton,D,0,17.0,6.0,1.0,0.0,1.0,"Disciplined, HighPressure",0
2008-2009_Fulham_Hull,2008-2009,28,Fulham,Hull,A,1,27.0,18.0,4.0,0.0,4.0,"HighPressure, LowTempoController, Opportunistic",0
2008-2009_Man City_Aston Villa,2008-2009,28,Man City,Aston Villa,H,2,22.0,11.0,3.0,0.0,3.0,"DirectPlay, ChaosInducer",0
2008-2009_Newcastle_Man United,2008-2009,28,Newcastle,Man United,A,3,20.0,13.0,4.0,0.0,4.0,"LowTempoController, AggressiveTackler",0
2008-2009_Stoke_Bolton,2008-2009,28,Stoke,Bolton,H,2,23.0,13.0,3.0,0.0,3.0,"LowTempoController, Opportunistic",0
2008-2009_Tottenham_Middlesbrough,2008-2009,28,Tottenham,Middlesbrough,H,4,27.0,12.0,1.0,0.0,1.0,"RiskTaker, HighPressure, Disciplined",0
2008-2009_Wigan_West Ham,2008-2009,28,Wigan,West Ham,A,1,28.0,9.0,7.0,2.0,11.0,"AggressiveTackler, ChaosInducer, Opportunistic",1
2008-2009_Sunderland_Tottenham,2008-2009,28,Sunderland,Tottenham,D,2,21.0,5.0,5.0,0.0,5.0,"Disciplined, DirectPlay",0
2008-2009_Fulham_Blackburn,2008-2009,28,Fulham,Blackburn,A,3,26.0,18.0,2.0,0.0,2.0,"HighPressure, Disciplined, LowTempoController",0
2008-2009_Arsenal_Blackburn,2008-2009,29,Arsenal,Blackburn,H,4,25.0,11.0,4.0,0.0,4.0,"RiskTaker, ChaosInducer",1
2008-2009_Bolton_Fulham,2008-2009,29,Bolton,Fulham,A,4,28.0,9.0,0.0,0.0,0.0,"RiskTaker, Disciplined",0
2008-2009_Everton_Stoke,2008-2009,29,Everton,Stoke,H,4,27.0,13.0,1.0,0.0,1.0,"RiskTaker, HighPressure, Disciplined",0
2008-2009_Hull_Newcastle,2008-2009,29,Hull,Newcastle,D,2,18.0,6.0,6.0,0.0,6.0,"AggressiveTackler, DirectPlay",0
2008-2009_Man United_Liverpool,2008-2009,29,Man United,Liverpool,A,5,23.0,13.0,5.0,1.0,7.0,"AggressiveTackler, RiskTaker, ChaosInducer, LowTempoController",1
2008-2009_Middlesbrough_Portsmouth,2008-2009,29,Middlesbrough,Portsmouth,D,2,24.0,16.0,4.0,1.0,6.0,"AggressiveTackler, HighPressure, LowTempoController",0
2008-2009_Sunderland_Wigan,2008-2009,29,Sunderland,Wigan,A,3,16.0,8.0,1.0,0.0,1.0,"Disciplined, LowTempoController",0
2008-2009_Aston Villa_Tottenham,2008-2009,29,Aston Villa,Tottenham,A,3,21.0,14.0,4.0,0.0,4.0,"LowTempoController, HighPressure",0
2008-2009_Chelsea_Man City,2008-2009,29,Chelsea,Man City,H,1,24.0,7.0,2.0,0.0,2.0,"Disciplined, Opportunistic",0
2008-2009_West Ham_West Brom,2008-2009,29,West Ham,West Brom,D,0,17.0,7.0,2.0,0.0,2.0,"Disciplined, RiskTaker",0
2008-2009_Blackburn_West Ham,2008-2009,30,Blackburn,West Ham,D,2,21.0,7.0,3.0,0.0,3.0,"RiskTaker, HighPressure",0
2008-2009_Fulham_Man United,2008-2009,30,Fulham,Man United,H,2,28.0,7.0,6.0,2.0,10.0,"AggressiveTackler, ChaosInducer, Opportunistic",1
2008-2009_Newcastle_Arsenal,2008-2009,30,Newcastle,Arsenal,A,4,26.0,12.0,1.0,0.0,1.0,"RiskTaker, HighPressure, Disciplined",0
2008-2009_Portsmouth_Everton,2008-2009,30,Portsmouth,Everton,H,3,21.0,11.0,3.0,0.0,3.0,"LowTempoController, LowTempoController",0
2008-2009_Stoke_Middlesbrough,2008-2009,30,Stoke,Middlesbrough,H,1,27.0,9.0,5.0,0.0,5.0,"Opportunistic, RiskTaker",0
2008-2009_Tottenham_Chelsea,2008-2009,30,Tottenham,Chelsea,H,1,23.0,15.0,4.0,0.0,4.0,"HighPressure, LowTempoController",0
2008-2009_West Brom_Bolton,2008-2009,30,West Brom,Bolton,D,2,25.0,12.0,3.0,0.0,3.0,"ChaosInducer, AggressiveTackler",1
2008-2009_Liverpool_Aston Villa,2008-2009,30,Liverpool,Aston Villa,H,5,20.0,10.0,4.0,1.0,6.0,"AggressiveTackler, RiskTaker, ChaosInducer",1
2008-2009_Man City_Sunderland,2008-2009,30,Man City,Sunderland,H,1,24.0,14.0,9.0,1.0,11.0,"AggressiveTackler, HighPressure, ChaosInducer, LowTempoController",1
2008-2009_Wigan_Hull,2008-2009,30,Wigan,Hull,H,1,24.0,9.0,4.0,0.0,4.0,"DirectPlay, DirectPlay",0
2008-2009_Arsenal_Man City,2008-2009,31,Arsenal,Man City,H,2,26.0,9.0,4.0,0.0,4.0,"ChaosInducer, Opportunistic",0
2008-2009_Blackburn_Tottenham,2008-2009,31,Blackburn,Tottenham,H,3,20.0,11.0,2.0,1.0,4.0,"LowTempoController, RiskTaker",0
2008-2009_Bolton_Middlesbrough,2008-2009,31,Bolton,Middlesbrough,H,5,35.0,12.0,3.0,0.0,3.0,"RiskTaker, HighPressure, ChaosInducer",1
2008-2009_Fulham_Liverpool,2008-2009,31,Fulham,Liverpool,A,1,22.0,9.0,4.0,0.0,4.0,"DirectPlay, Disciplined",0
2008-2009_Hull_Portsmouth,2008-2009,31,Hull,Portsmouth,D,0,16.0,5.0,2.0,1.0,4.0,"Opportunistic, AggressiveTackler",0
2008-2009_Newcastle_Chelsea,2008-2009,31,Newcastle,Chelsea,A,2,22.0,10.0,2.0,0.0,2.0,"Disciplined, AggressiveTackler",0
2008-2009_West Brom_Stoke,2008-2009,31,West Brom,Stoke,A,2,21.0,9.0,3.0,0.0,3.0,"DirectPlay, HighPressure",0
2008-2009_West Ham_Sunderland,2008-2009,31,West Ham,Sunderland,H,2,30.0,19.0,2.0,0.0,2.0,"HighPressure, Disciplined, LowTempoController, Opportunistic",0
2008-2009_Everton_Wigan,2008-2009,31,Everton,Wigan,H,4,28.0,5.0,3.0,0.0,3.0,"RiskTaker, Opportunistic",0
2008-2009_Man United_Aston Villa,2008-2009,31,Man United,Aston Villa,H,5,22.0,12.0,3.0,0.0,3.0,"RiskTaker, ChaosInducer, LowTempoController",1
2008-2009_Chelsea_Bolton,2008-2009,32,Chelsea,Bolton,H,7,34.0,12.0,0.0,0.0,0.0,"RiskTaker, HighPressure, ChaosInducer, Disciplined",1
2008-2009_Liverpool_Blackburn,2008-2009,32,Liverpool,Blackburn,H,4,29.0,9.0,3.0,0.0,3.0,"RiskTaker, DirectPlay",0
2008-2009_Middlesbrough_Hull,2008-2009,32,Middlesbrough,Hull,H,4,27.0,6.0,6.0,0.0,6.0,"AggressiveTackler, RiskTaker, ChaosInducer",1
2008-2009_Portsmouth_West Brom,2008-2009,32,Portsmouth,West Brom,D,4,26.0,6.0,4.0,0.0,4.0,"RiskTaker, ChaosInducer",1
2008-2009_Stoke_Newcastle,2008-2009,32,Stoke,Newcastle,D,2,25.0,12.0,6.0,0.0,6.0,"AggressiveTackler, HighPressure",1
2008-2009_Sunderland_Man United,2008-2009,32,Sunderland,Man United,A,3,30.0,9.0,3.0,0.0,3.0,"RiskTaker, DirectPlay",0
2008-2009_Tottenham_West Ham,2008-2009,32,Tottenham,West Ham,H,1,22.0,11.0,5.0,0.0,5.0,"Disciplined, Opportunistic",0
2008-2009_Wigan_Arsenal,2008-2009,32,Wigan,Arsenal,A,5,26.0,11.0,6.0,0.0,6.0,"AggressiveTackler, RiskTaker, ChaosInducer",1
2008-2009_Aston Villa_Everton,2008-2009,32,Aston Villa,Everton,D,6,25.0,18.0,2.0,0.0,2.0,"RiskTaker, HighPressure, ChaosInducer, Disciplined, LowTempoController",1
2008-2009_Man City_Fulham,2008-2009,32,Man City,Fulham,A,4,28.0,11.0,1.0,0.0,1.0,"RiskTaker, HighPressure, Disciplined",0
2008-2009_Aston Villa_West Ham,2008-2009,33,Aston Villa,West Ham,D,2,35.0,23.0,5.0,0.0,5.0,"HighPressure, LowTempoController, Opportunistic",0
2008-2009_Middlesbrough_Fulham,2008-2009,33,Middlesbrough,Fulham,D,0,29.0,10.0,4.0,0.0,4.0,"HighPressure, Opportunistic",0
2008-2009_Portsmouth_Bolton,2008-2009,33,Portsmouth,Bolton,H,1,25.0,11.0,6.0,0.0,6.0,"AggressiveTackler, LowTempoController",0
2008-2009_Stoke_Blackburn,2008-2009,33,Stoke,Blackburn,H,1,9.0,10.0,4.0,0.0,4.0,"LowTempoController, AggressiveTackler",0
2008-2009_Sunderland_Hull,2008-2009,33,Sunderland,Hull,H,1,21.0,12.0,5.0,0.0,5.0,"LowTempoController, DirectPlay",0
2008-2009_Man City_West Brom,2008-2009,33,Man City,West Brom,H,6,44.0,12.0,3.0,0.0,3.0,"RiskTaker, HighPressure, ChaosInducer",1
2008-2009_Tottenham_Newcastle,2008-2009,33,Tottenham,Newcastle,H,1,30.0,11.0,3.0,0.0,3.0,"HighPressure, Opportunistic",0
2008-2009_Liverpool_Arsenal,2008-2009,34,Liverpool,Arsenal,D,8,30.0,12.0,1.0,0.0,1.0,"RiskTaker, HighPressure, ChaosInducer, Disciplined",1
2008-2009_Chelsea_Everton,2008-2009,34,Chelsea,Everton,D,0,32.0,10.0,1.0,0.0,1.0,"HighPressure, Disciplined, Opportunistic",0
2008-2009_Man United_Portsmouth,2008-2009,34,Man United,Portsmouth,H,2,25.0,8.0,1.0,0.0,1.0,"Disciplined, Disciplined",0
2008-2009_Bolton_Aston Villa,2008-2009,35,Bolton,Aston Villa,D,2,23.0,9.0,1.0,0.0,1.0,"Disciplined, HighPressure",0
2008-2009_Everton_Man City,2008-2009,35,Everton,Man City,A,3,28.0,8.0,4.0,0.0,4.0,"RiskTaker, HighPressure",1
2008-2009_Fulham_Stoke,2008-2009,35,Fulham,Stoke,H,1,19.0,12.0,3.0,0.0,3.0,"LowTempoController, AggressiveTackler",0
2008-2009_Hull_Liverpool,2008-2009,35,Hull,Liverpool,A,4,28.0,11.0,4.0,1.0,6.0,"AggressiveTackler, RiskTaker, HighPressure, ChaosInducer",1
2008-2009_Man United_Tottenham,2008-2009,35,Man United,Tottenham,H,7,27.0,8.0,6.0,0.0,6.0,"AggressiveTackler, RiskTaker, ChaosInducer",1
2008-2009_West Brom_Sunderland,2008-2009,35,West Brom,Sunderland,H,3,24.0,9.0,1.0,0.0,1.0,"Disciplined, ChaosInducer",0
2008-2009_West Ham_Chelsea,2008-2009,35,West Ham,Chelsea,A,1,28.0,8.0,1.0,0.0,1.0,"Disciplined, Opportunistic",0
2008-2009_Arsenal_Middlesbrough,2008-2009,35,Arsenal,Middlesbrough,H,2,20.0,9.0,0.0,0.0,0.0,"Disciplined, DirectPlay",0
2008-2009_Blackburn_Wigan,2008-2009,35,Blackburn,Wigan,H,2,31.0,12.0,0.0,0.0,0.0,"HighPressure, Disciplined, Opportunistic",0
2008-2009_Newcastle_Portsmouth,2008-2009,35,Newcastle,Portsmouth,D,0,28.0,17.0,4.0,0.0,4.0,"HighPressure, LowTempoController, Opportunistic",0
2008-2009_Chelsea_Fulham,2008-2009,36,Chelsea,Fulham,H,4,21.0,9.0,1.0,0.0,1.0,"Disciplined, Opportunistic",0
2008-2009_Man City_Blackburn,2008-2009,36,Man City,Blackburn,H,4,25.0,13.0,5.0,0.0,5.0,"RiskTaker, HighPressure, ChaosInducer",1
2008-2009_Middlesbrough_Man United,2008-2009,36,Middlesbrough,Man United,A,2,24.0,6.0,2.0,0.0,2.0,"Disciplined, RiskTaker",0
2008-2009_Portsmouth_Arsenal,2008-2009,36,Portsmouth,Arsenal,A,3,27.0,16.0,4.0,1.0,6.0,"AggressiveTackler, RiskTaker, HighPressure, ChaosInducer, LowTempoController",1
2008-2009_Stoke_West Ham,2008-2009,36,Stoke,West Ham,A,1,20.0,7.0,5.0,0.0,5.0,"HighPressure, Opportunistic",0
2008-2009_Tottenham_West Brom,2008-2009,36,Tottenham,West Brom,H,1,26.0,16.0,2.0,0.0,2.0,"HighPressure, Disciplined, LowTempoController",0
2008-2009_Wigan_Bolton,2008-2009,36,Wigan,Bolton,D,0,26.0,15.0,5.0,0.0,5.0,"HighPressure, LowTempoController",0
2008-2009_Liverpool_Newcastle,2008-2009,36,Liverpool,Newcastle,H,3,28.0,8.0,2.0,1.0,4.0,"RiskTaker, Opportunistic",0
2008-2009_Sunderland_Everton,2008-2009,36,Sunderland,Everton,A,2,18.0,12.0,7.0,0.0,7.0,"AggressiveTackler, ChaosInducer, LowTempoController",0
2008-2009_Aston Villa_Hull,2008-2009,36,Aston Villa,Hull,H,1,21.0,20.0,2.0,0.0,2.0,"HighPressure, Disciplined, LowTempoController",0
2008-2009_Blackburn_Portsmouth,2008-2009,37,Blackburn,Portsmouth,H,2,15.0,7.0,3.0,0.0,3.0,"LowTempoController, Opportunistic",0
2008-2009_Bolton_Sunderland,2008-2009,37,Bolton,Sunderland,D,0,23.0,13.0,2.0,0.0,2.0,"Disciplined, LowTempoController",0
2008-2009_Everton_Tottenham,2008-2009,37,Everton,Tottenham,D,0,17.0,9.0,5.0,0.0,5.0,"LowTempoController, Opportunistic",0
2008-2009_Fulham_Aston Villa,2008-2009,37,Fulham,Aston Villa,H,4,22.0,12.0,1.0,0.0,1.0,"Disciplined, LowTempoController",0
2008-2009_Hull_Stoke,2008-2009,37,Hull,Stoke,A,3,24.0,8.0,1.0,0.0,1.0,"Disciplined, LowTempoController",0
2008-2009_West Brom_Wigan,2008-2009,37,West Brom,Wigan,H,4,23.0,8.0,2.0,0.0,2.0,"Disciplined, HighPressure",0
2008-2009_West Ham_Liverpool,2008-2009,37,West Ham,Liverpool,A,3,24.0,6.0,5.0,0.0,5.0,"ChaosInducer, Opportunistic",0
2008-2009_Arsenal_Chelsea,2008-2009,37,Arsenal,Chelsea,A,5,31.0,8.0,1.0,0.0,1.0,"RiskTaker, Disciplined",0
2008-2009_Man United_Man City,2008-2009,37,Man United,Man City,H,2,26.0,15.0,2.0,0.0,2.0,"HighPressure, Disciplined, LowTempoController",0
2008-2009_Newcastle_Middlesbrough,2008-2009,37,Newcastle,Middlesbrough,H,4,30.0,12.0,4.0,0.0,4.0,"RiskTaker, HighPressure, ChaosInducer",1
2008-2009_Wigan_Man United,2008-2009,37,Wigan,Man United,A,3,31.0,9.0,0.0,0.0,0.0,"RiskTaker, HighPressure, Disciplined",0
2008-2009_Bolton_Hull,2008-2009,38,Bolton,Hull,D,2,36.0,12.0,3.0,0.0,3.0,"HighPressure, Opportunistic",0
2008-2009_Everton_West Ham,2008-2009,38,Everton,West Ham,H,4,26.0,9.0,3.0,1.0,5.0,"RiskTaker, ChaosInducer",1
2008-2009_Man United_Arsenal,2008-2009,38,Man United,Arsenal,D,0,25.0,8.0,5.0,0.0,5.0,"ChaosInducer, ChaosInducer",1
2008-2009_Middlesbrough_Aston Villa,2008-2009,38,Middlesbrough,Aston Villa,D,2,18.0,14.0,2.0,0.0,2.0,"Disciplined, LowTempoController",0
2008-2009_Newcastle_Fulham,2008-2009,38,Newcastle,Fulham,A,1,24.0,8.0,3.0,1.0,5.0,"Disciplined, LowTempoController",0
2008-2009_Stoke_Wigan,2008-2009,38,Stoke,Wigan,H,2,21.0,9.0,0.0,0.0,0.0,"Disciplined, Disciplined",0
2008-2009_Tottenham_Man City,2008-2009,38,Tottenham,Man City,H,3,20.0,11.0,1.0,0.0,1.0,"Disciplined, LowTempoController",0
2008-2009_Chelsea_Blackburn,2008-2009,38,Chelsea,Blackburn,H,2,29.0,5.0,3.0,0.0,3.0,"Opportunistic, LowTempoController",0
2008-2009_West Brom_Liverpool,2008-2009,38,West Brom,Liverpool,A,2,28.0,16.0,2.0,0.0,2.0,"HighPressure, Disciplined, LowTempoController, Opportunistic",0
2008-2009_Portsmouth_Sunderland,2008-2009,38,Portsmouth,Sunderland,H,4,29.0,11.0,1.0,0.0,1.0,"RiskTaker, HighPressure, Disciplined",0
2008-2009_Arsenal_Stoke,2008-2009,39,Arsenal,Stoke,H,5,27.0,6.0,1.0,0.0,1.0,"RiskTaker, Disciplined",0
2008-2009_Aston Villa_Newcastle,2008-2009,39,Aston Villa,Newcastle,H,1,23.0,8.0,2.0,1.0,4.0,"DirectPlay, DirectPlay",0
2008-2009_Blackburn_West Brom,2008-2009,39,Blackburn,West Brom,D,0,23.0,13.0,1.0,1.0,3.0,"LowTempoController, Opportunistic",0
2008-2009_Fulham_Everton,2008-2009,39,Fulham,Everton,A,2,23.0,4.0,0.0,0.0,0.0,"Disciplined, RiskTaker",0
2008-2009_Hull_Man United,2008-2009,39,Hull,Man United,A,1,24.0,11.0,3.0,0.0,3.0,"DirectPlay, RiskTaker",0
2008-2009_Liverpool_Tottenham,2008-2009,39,Liverpool,Tottenham,H,4,28.0,11.0,1.0,0.0,1.0,"RiskTaker, HighPressure, Disciplined",0
2008-2009_Man City_Bolton,2008-2009,39,Man City,Bolton,H,1,28.0,24.0,0.0,0.0,0.0,"HighPressure, Disciplined, LowTempoController, Opportunistic",0
2008-2009_Sunderland_Chelsea,2008-2009,39,Sunderland,Chelsea,A,5,22.0,13.0,2.0,0.0,2.0,"RiskTaker, Disciplined, LowTempoController",0
2008-2009_West Ham_Middlesbrough,2008-2009,39,West Ham,Middlesbrough,H,3,31.0,9.0,1.0,0.0,1.0,"RiskTaker, HighPressure, Disciplined",0
2008-2009_Wigan_Portsmouth,2008-2009,39,Wigan,Portsmouth,H,1,28.0,10.0,4.0,0.0,4.0,"Opportunistic, DirectPlay",0
2009-2010_Aston Villa_Wigan,2009-2010,1,Aston Villa,Wigan,A,2,25.0,10.0,4.0,0.0,4.0,"AggressiveTackler, DirectPlay",0
2009-2010_Blackburn_Man City,2009-2010,1,Blackburn,Man City,A,2,25.0,9.0,3.0,0.0,3.0,"Disciplined, HighPressure",0
2009-2010_Bolton_Sunderland,2009-2010,1,Bolton,Sunderland,A,1,31.0,11.0,3.0,0.0,3.0,"HighPressure, Opportunistic",0
2009-2010_Chelsea_Hull,2009-2010,1,Chelsea,Hull,H,3,33.0,16.0,3.0,0.0,3.0,"RiskTaker, HighPressure",0
2009-2010_Everton_Arsenal,2009-2010,1,Everton,Arsenal,A,7,23.0,13.0,0.0,0.0,0.0,"RiskTaker, ChaosInducer, Disciplined, LowTempoController",0
2009-2010_Portsmouth_Fulham,2009-2010,1,Portsmouth,Fulham,A,1,25.0,10.0,5.0,0.0,5.0,"Opportunistic, Disciplined",0
2009-2010_Stoke_Burnley,2009-2010,1,Stoke,Burnley,H,2,21.0,9.0,4.0,0.0,4.0,"HighPressure, ChaosInducer",0
2009-2010_Wolves_West Ham,2009-2010,1,Wolves,West Ham,A,2,35.0,14.0,0.0,0.0,0.0,"HighPressure, Disciplined, Opportunistic",0
2009-2010_Man United_Birmingham,2009-2010,1,Man United,Birmingham,H,1,32.0,15.0,2.0,0.0,2.0,"HighPressure, Disciplined, Opportunistic",0
2009-2010_Tottenham_Liverpool,2009-2010,1,Tottenham,Liverpool,H,3,23.0,11.0,6.0,0.0,6.0,"AggressiveTackler, ChaosInducer",1
2009-2010_Sunderland_Chelsea,2009-2010,2,Sunderland,Chelsea,A,4,24.0,15.0,4.0,0.0,4.0,"RiskTaker, HighPressure, ChaosInducer, LowTempoController",1
2009-2010_Wigan_Wolves,2009-2010,2,Wigan,Wolves,A,1,27.0,8.0,3.0,0.0,3.0,"Opportunistic, Disciplined",0
2009-2010_Birmingham_Portsmouth,2009-2010,2,Birmingham,Portsmouth,H,1,18.0,9.0,5.0,0.0,5.0,"ChaosInducer, RiskTaker",1
2009-2010_Burnley_Man United,2009-2010,2,Burnley,Man United,H,1,26.0,13.0,3.0,0.0,3.0,"HighPressure, RiskTaker",1
2009-2010_Hull_Tottenham,2009-2010,2,Hull,Tottenham,A,6,27.0,11.0,5.0,0.0,5.0,"RiskTaker, ChaosInducer",1
2009-2010_Liverpool_Stoke,2009-2010,2,Liverpool,Stoke,H,4,24.0,16.0,1.0,0.0,1.0,"RiskTaker, HighPressure, Disciplined, LowTempoController",0
2009-2010_Arsenal_Portsmouth,2009-2010,3,Arsenal,Portsmouth,H,5,28.0,12.0,1.0,0.0,1.0,"RiskTaker, HighPressure, Disciplined",0
2009-2010_Birmingham_Stoke,2009-2010,3,Birmingham,Stoke,D,0,21.0,6.0,3.0,0.0,3.0,"AggressiveTackler, DirectPlay",0
2009-2010_Hull_Bolton,2009-2010,3,Hull,Bolton,H,1,32.0,16.0,5.0,0.0,5.0,"HighPressure, Opportunistic",0
2009-2010_Man City_Wolves,2009-2010,3,Man City,Wolves,H,1,26.0,11.0,1.0,0.0,1.0,"Disciplined, Disciplined",0
2009-2010_Sunderland_Blackburn,2009-2010,3,Sunderland,Blackburn,H,3,26.0,10.0,3.0,0.0,3.0,"ChaosInducer, HighPressure",0
2009-2010_Wigan_Man United,2009-2010,3,Wigan,Man United,A,5,32.0,8.0,4.0,0.0,4.0,"RiskTaker, HighPressure, ChaosInducer",1
2009-2010_Burnley_Everton,2009-2010,3,Burnley,Everton,H,1,25.0,10.0,1.0,0.0,1.0,"Disciplined, RiskTaker",0
2009-2010_Fulham_Chelsea,2009-2010,3,Fulham,Chelsea,A,2,16.0,11.0,0.0,0.0,0.0,"Disciplined, LowTempoController",0
2009-2010_West Ham_Tottenham,2009-2010,3,West Ham,Tottenham,A,3,34.0,12.0,3.0,0.0,3.0,"RiskTaker, HighPressure",1
2009-2010_Liverpool_Aston Villa,2009-2010,3,Liverpool,Aston Villa,A,4,28.0,14.0,5.0,0.0,5.0,"RiskTaker, HighPressure, ChaosInducer",1
2009-2010_Blackburn_West Ham,2009-2010,4,Blackburn,West Ham,D,0,30.0,7.0,4.0,0.0,4.0,"Opportunistic, DirectPlay",0
2009-2010_Bolton_Liverpool,2009-2010,4,Bolton,Liverpool,A,5,34.0,16.0,4.0,1.0,6.0,"AggressiveTackler, RiskTaker, HighPressure, ChaosInducer",1
2009-2010_Chelsea_Burnley,2009-2010,4,Chelsea,Burnley,H,3,30.0,11.0,1.0,0.0,1.0,"RiskTaker, HighPressure, Disciplined",0
2009-2010_Man United_Arsenal,2009-2010,4,Man United,Arsenal,H,3,19.0,11.0,9.0,0.0,9.0,"AggressiveTackler, ChaosInducer, LowTempoController",0
2009-2010_Stoke_Sunderland,2009-2010,4,Stoke,Sunderland,H,1,22.0,20.0,2.0,0.0,2.0,"HighPressure, Disciplined, LowTempoController",0
2009-2010_Tottenham_Birmingham,2009-2010,4,Tottenham,Birmingham,H,3,31.0,10.0,4.0,0.0,4.0,"RiskTaker, HighPressure",0
2009-2010_Wolves_Hull,2009-2010,4,Wolves,Hull,D,2,29.0,10.0,2.0,0.0,2.0,"HighPressure, Disciplined, Opportunistic",0
2009-2010_Aston Villa_Fulham,2009-2010,4,Aston Villa,Fulham,H,2,15.0,13.0,3.0,0.0,3.0,"LowTempoController, RiskTaker",0
2009-2010_Everton_Wigan,2009-2010,4,Everton,Wigan,H,3,38.0,17.0,6.0,0.0,6.0,"AggressiveTackler, RiskTaker, HighPressure, ChaosInducer",1
2009-2010_Portsmouth_Man City,2009-2010,4,Portsmouth,Man City,A,1,23.0,14.0,3.0,0.0,3.0,"HighPressure, LowTempoController",0
2009-2010_Blackburn_Wolves,2009-2010,5,Blackburn,Wolves,H,4,22.0,16.0,3.0,0.0,3.0,"HighPressure, LowTempoController",0
2009-2010_Liverpool_Burnley,2009-2010,5,Liverpool,Burnley,H,4,33.0,12.0,2.0,0.0,2.0,"RiskTaker, HighPressure, Disciplined",0
2009-2010_Man City_Arsenal,2009-2010,5,Man City,Arsenal,H,6,29.0,15.0,5.0,0.0,5.0,"RiskTaker, HighPressure, ChaosInducer",1
2009-2010_Portsmouth_Bolton,2009-2010,5,Portsmouth,Bolton,A,5,35.0,12.0,2.0,0.0,2.0,"RiskTaker, HighPressure, Disciplined",0
2009-2010_Stoke_Chelsea,2009-2010,5,Stoke,Chelsea,A,3,22.0,18.0,6.0,0.0,6.0,"AggressiveTackler, HighPressure, ChaosInducer, LowTempoController",1
2009-2010_Sunderland_Hull,2009-2010,5,Sunderland,Hull,H,5,13.0,15.0,4.0,0.0,4.0,"ChaosInducer, LowTempoController",0
2009-2010_Tottenham_Man United,2009-2010,5,Tottenham,Man United,A,4,28.0,12.0,5.0,1.0,7.0,"AggressiveTackler, RiskTaker, HighPressure, ChaosInducer",1
2009-2010_Wigan_West Ham,2009-2010,5,Wigan,West Ham,H,1,24.0,13.0,3.0,0.0,3.0,"HighPressure, LowTempoController",0
2009-2010_Birmingham_Aston Villa,2009-2010,5,Birmingham,Aston Villa,A,1,23.0,8.0,3.0,0.0,3.0,"HighPressure, DirectPlay",0
2009-2010_Fulham_Everton,2009-2010,5,Fulham,Everton,H,3,20.0,8.0,1.0,0.0,1.0,"Disciplined, DirectPlay",0
2009-2010_Arsenal_Wigan,2009-2010,6,Arsenal,Wigan,H,4,31.0,10.0,4.0,0.0,4.0,"RiskTaker, HighPressure, ChaosInducer",1
2009-2010_Aston Villa_Portsmouth,2009-2010,6,Aston Villa,Portsmouth,H,2,24.0,12.0,2.0,0.0,2.0,"Disciplined, ChaosInducer",0
2009-2010_Bolton_Stoke,2009-2010,6,Bolton,Stoke,D,2,21.0,10.0,4.0,0.0,4.0,"ChaosInducer, Disciplined",0
2009-2010_Burnley_Sunderland,2009-2010,6,Burnley,Sunderland,H,4,18.0,8.0,3.0,0.0,3.0,"Disciplined, LowTempoController",0
2009-2010_Hull_Birmingham,2009-2010,6,Hull,Birmingham,A,1,30.0,18.0,2.0,0.0,2.0,"HighPressure, Disciplined, LowTempoController, Opportunistic",0
2009-2010_West Ham_Liverpool,2009-2010,6,West Ham,Liverpool,A,5,27.0,8.0,6.0,0.0,6.0,"AggressiveTackler, RiskTaker, ChaosInducer",1
2009-2010_Chelsea_Tottenham,2009-2010,6,Chelsea,Tottenham,H,3,34.0,14.0,2.0,0.0,2.0,"RiskTaker, HighPressure, Disciplined",0
2009-2010_Everton_Blackburn,2009-2010,6,Everton,Blackburn,H,3,25.0,8.0,3.0,0.0,3.0,"Opportunistic, LowTempoController",0
2009-2010_Man United_Man City,2009-2010,6,Man United,Man City,H,7,31.0,12.0,4.0,0.0,4.0,"RiskTaker, HighPressure, ChaosInducer",1
2009-2010_Wolves_Fulham,2009-2010,6,Wolves,Fulham,H,3,15.0,6.0,2.0,0.0,2.0,"Disciplined, AggressiveTackler",0
2009-2010_Birmingham_Bolton,2009-2010,7,Birmingham,Bolton,A,3,22.0,12.0,3.0,0.0,3.0,"LowTempoController, RiskTaker",0
2009-2010_Blackburn_Aston Villa,2009-2010,7,Blackburn,Aston Villa,H,3,25.0,11.0,5.0,1.0,7.0,"AggressiveTackler, ChaosInducer",1
2009-2010_Fulham_Arsenal,2009-2010,7,Fulham,Arsenal,A,1,32.0,10.0,4.0,0.0,4.0,"HighPressure, Opportunistic",0
2009-2010_Liverpool_Hull,2009-2010,7,Liverpool,Hull,H,7,29.0,15.0,5.0,0.0,5.0,"RiskTaker, HighPressure, ChaosInducer",1
2009-2010_Portsmouth_Everton,2009-2010,7,Portsmouth,Everton,A,1,28.0,11.0,3.0,0.0,3.0,"HighPressure, Opportunistic",0
2009-2010_Stoke_Man United,2009-2010,7,Stoke,Man United,A,2,15.0,9.0,2.0,0.0,2.0,"Disciplined, LowTempoController",0
2009-2010_Tottenham_Burnley,2009-2010,7,Tottenham,Burnley,H,5,28.0,9.0,2.0,0.0,2.0,"RiskTaker, Disciplined",0
2009-2010_Wigan_Chelsea,2009-2010,7,Wigan,Chelsea,H,4,29.0,11.0,3.0,1.0,5.0,"RiskTaker, HighPressure, ChaosInducer",1
2009-2010_Sunderland_Wolves,2009-2010,7,Sunderland,Wolves,H,7,25.0,15.0,4.0,0.0,4.0,"RiskTaker, HighPressure, ChaosInducer, LowTempoController",1
2009-2010_Man City_West Ham,2009-2010,7,Man City,West Ham,H,4,32.0,16.0,2.0,0.0,2.0,"RiskTaker, HighPressure, Disciplined",0
2009-2010_Bolton_Tottenham,2009-2010,8,Bolton,Tottenham,D,4,29.0,11.0,3.0,0.0,3.0,"RiskTaker, HighPressure",0
2009-2010_Burnley_Birmingham,2009-2010,8,Burnley,Birmingham,H,3,25.0,12.0,3.0,0.0,3.0,"Disciplined, ChaosInducer",0
2009-2010_Hull_Wigan,2009-2010,8,Hull,Wigan,H,3,24.0,6.0,2.0,0.0,2.0,"Disciplined, HighPressure",0
2009-2010_Man United_Sunderland,2009-2010,8,Man United,Sunderland,D,4,21.0,15.0,5.0,1.0,7.0,"AggressiveTackler, HighPressure, ChaosInducer, LowTempoController",1
2009-2010_Wolves_Portsmouth,2009-2010,8,Wolves,Portsmouth,A,1,23.0,14.0,3.0,0.0,3.0,"HighPressure, LowTempoController",0
2009-2010_Arsenal_Blackburn,2009-2010,8,Arsenal,Blackburn,H,8,31.0,9.0,2.0,0.0,2.0,"RiskTaker, HighPressure, ChaosInducer, Disciplined",1
2009-2010_Chelsea_Liverpool,2009-2010,8,Chelsea,Liverpool,H,2,24.0,13.0,2.0,0.0,2.0,"HighPressure, Disciplined, LowTempoController",0
2009-2010_Everton_Stoke,2009-2010,8,Everton,Stoke,D,2,32.0,15.0,4.0,0.0,4.0,"HighPressure, Opportunistic",0
2009-2010_West Ham_Fulham,2009-2010,8,West Ham,Fulham,D,4,30.0,12.0,5.0,1.0,7.0,"AggressiveTackler, RiskTaker, HighPressure, ChaosInducer",1
2009-2010_Aston Villa_Man City,2009-2010,8,Aston Villa,Man City,D,2,21.0,12.0,3.0,0.0,3.0,"LowTempoController, ChaosInducer",0
2009-2010_Arsenal_Birmingham,2009-2010,9,Arsenal,Birmingham,H,4,23.0,10.0,3.0,0.0,3.0,"RiskTaker, LowTempoController",0
2009-2010_Aston Villa_Chelsea,2009-2010,9,Aston Villa,Chelsea,H,3,28.0,15.0,3.0,0.0,3.0,"RiskTaker, HighPressure",1
2009-2010_Everton_Wolves,2009-2010,9,Everton,Wolves,D,2,25.0,11.0,4.0,1.0,6.0,"AggressiveTackler, ChaosInducer",1
2009-2010_Man United_Bolton,2009-2010,9,Man United,Bolton,H,3,28.0,14.0,1.0,0.0,1.0,"RiskTaker, HighPressure, Disciplined",0
2009-2010_Portsmouth_Tottenham,2009-2010,9,Portsmouth,Tottenham,A,3,32.0,19.0,6.0,2.0,10.0,"AggressiveTackler, RiskTaker, HighPressure, ChaosInducer, LowTempoController",1
2009-2010_Stoke_West Ham,2009-2010,9,Stoke,West Ham,H,3,23.0,11.0,6.0,0.0,6.0,"AggressiveTackler, ChaosInducer",1
2009-2010_Sunderland_Liverpool,2009-2010,9,Sunderland,Liverpool,H,1,28.0,8.0,3.0,0.0,3.0,"Opportunistic, Opportunistic",0
2009-2010_Blackburn_Burnley,2009-2010,9,Blackburn,Burnley,H,5,21.0,5.0,6.0,0.0,6.0,"AggressiveTackler, RiskTaker, ChaosInducer",1
2009-2010_Wigan_Man City,2009-2010,9,Wigan,Man City,D,2,18.0,12.0,3.0,1.0,5.0,"LowTempoController, AggressiveTackler",0
2009-2010_Fulham_Hull,2009-2010,9,Fulham,Hull,H,2,22.0,11.0,2.0,0.0,2.0,"Disciplined, RiskTaker",0
2009-2010_Birmingham_Sunderland,2009-2010,10,Birmingham,Sunderland,H,3,33.0,14.0,4.0,0.0,4.0,"RiskTaker, HighPressure",1
2009-2010_Burnley_Wigan,2009-2010,10,Burnley,Wigan,A,4,25.0,11.0,2.0,0.0,2.0,"RiskTaker, Disciplined",0
2009-2010_Chelsea_Blackburn,2009-2010,10,Chelsea,Blackburn,H,5,31.0,8.0,1.0,0.0,1.0,"RiskTaker, Disciplined",0
2009-2010_Hull_Portsmouth,2009-2010,10,Hull,Portsmouth,D,0,15.0,12.0,3.0,0.0,3.0,"LowTempoController, LowTempoController",0
2009-2010_Tottenham_Stoke,2009-2010,10,Tottenham,Stoke,A,1,30.0,8.0,3.0,0.0,3.0,"Opportunistic, Opportunistic",0
2009-2010_Wolves_Aston Villa,2009-2010,10,Wolves,Aston Villa,D,2,20.0,11.0,3.0,0.0,3.0,"LowTempoController, HighPressure",0
2009-2010_Bolton_Everton,2009-2010,10,Bolton,Everton,H,5,29.0,8.0,4.0,0.0,4.0,"RiskTaker, ChaosInducer",1
2009-2010_Liverpool_Man United,2009-2010,10,Liverpool,Man United,H,2,18.0,6.0,5.0,2.0,9.0,"AggressiveTackler, ChaosInducer",1
2009-2010_Man City_Fulham,2009-2010,10,Man City,Fulham,D,4,31.0,16.0,2.0,0.0,2.0,"RiskTaker, HighPressure, Disciplined",0
2009-2010_West Ham_Arsenal,2009-2010,10,West Ham,Arsenal,D,4,30.0,14.0,5.0,1.0,7.0,"AggressiveTackler, RiskTaker, HighPressure, ChaosInducer",1
2009-2010_Arsenal_Tottenham,2009-2010,11,Arsenal,Tottenham,H,3,25.0,8.0,2.0,0.0,2.0,"Disciplined, LowTempoController",0
2009-2010_Bolton_Chelsea,2009-2010,11,Bolton,Chelsea,A,4,42.0,18.0,2.0,1.0,4.0,"RiskTaker, HighPressure, ChaosInducer",1
2009-2010_Burnley_Hull,2009-2010,11,Burnley,Hull,H,2,19.0,9.0,5.0,1.0,7.0,"AggressiveTackler, ChaosInducer",1
2009-2010_Everton_Aston Villa,2009-2010,11,Everton,Aston Villa,D,2,22.0,7.0,4.0,2.0,8.0,"AggressiveTackler, ChaosInducer",1
2009-2010_Fulham_Liverpool,2009-2010,11,Fulham,Liverpool,H,4,16.0,4.0,1.0,2.0,5.0,"ChaosInducer, DirectPlay",0
2009-2010_Man United_Blackburn,2009-2010,11,Man United,Blackburn,H,2,22.0,9.0,2.0,0.0,2.0,"Disciplined, Opportunistic",0
2009-2010_Portsmouth_Wigan,2009-2010,11,Portsmouth,Wigan,H,4,29.0,11.0,1.0,0.0,1.0,"RiskTaker, HighPressure, Disciplined",0
2009-2010_Stoke_Wolves,2009-2010,11,Stoke,Wolves,D,4,21.0,7.0,3.0,0.0,3.0,"Opportunistic, AggressiveTackler",0
2009-2010_Sunderland_West Ham,2009-2010,11,Sunderland,West Ham,D,4,32.0,10.0,6.0,2.0,10.0,"AggressiveTackler, RiskTaker, HighPressure, ChaosInducer",1
2009-2010_Birmingham_Man City,2009-2010,11,Birmingham,Man City,D,0,21.0,12.0,4.0,1.0,6.0,"AggressiveTackler, LowTempoController",0
2009-2010_West Ham_Aston Villa,2009-2010,11,West Ham,Aston Villa,H,3,27.0,20.0,6.0,1.0,8.0,"AggressiveTackler, RiskTaker, HighPressure, ChaosInducer, LowTempoController",1
2009-2010_Aston Villa_Bolton,2009-2010,12,Aston Villa,Bolton,H,6,32.0,9.0,5.0,0.0,5.0,"RiskTaker, HighPressure, ChaosInducer",1
2009-2010_Blackburn_Portsmouth,2009-2010,12,Blackburn,Portsmouth,H,4,19.0,13.0,6.0,0.0,6.0,"AggressiveTackler, ChaosInducer, LowTempoController",0
2009-2010_Man City_Burnley,2009-2010,12,Man City,Burnley,D,6,19.0,11.0,4.0,0.0,4.0,"RiskTaker, ChaosInducer, LowTempoController",1
2009-2010_Tottenham_Sunderland,2009-2010,12,Tottenham,Sunderland,H,2,24.0,8.0,3.0,0.0,3.0,"RiskTaker, HighPressure",0
2009-2010_Wolves_Arsenal,2009-2010,12,Wolves,Arsenal,A,5,19.0,8.0,5.0,0.0,5.0,"ChaosInducer, AggressiveTackler",1
2009-2010_Chelsea_Man United,2009-2010,12,Chelsea,Man United,H,1,33.0,7.0,6.0,0.0,6.0,"AggressiveTackler, Opportunistic",0
2009-2010_Hull_Stoke,2009-2010,12,Hull,Stoke,H,3,23.0,6.0,5.0,1.0,7.0,"AggressiveTackler, ChaosInducer",1
2009-2010_West Ham_Everton,2009-2010,12,West Ham,Everton,A,3,25.0,9.0,5.0,0.0,5.0,"ChaosInducer, LowTempoController",0
2009-2010_Wigan_Fulham,2009-2010,12,Wigan,Fulham,D,2,26.0,16.0,3.0,0.0,3.0,"HighPressure, LowTempoController",0
2009-2010_Liverpool_Birmingham,2009-2010,12,Liverpool,Birmingham,D,4,32.0,12.0,3.0,0.0,3.0,"RiskTaker, HighPressure",0
2009-2010_Birmingham_Fulham,2009-2010,13,Birmingham,Fulham,H,1,15.0,7.0,1.0,0.0,1.0,"Disciplined, AggressiveTackler",0
2009-2010_Burnley_Aston Villa,2009-2010,13,Burnley,Aston Villa,D,2,21.0,14.0,3.0,0.0,3.0,"LowTempoController, Opportunistic",0
2009-2010_Chelsea_Wolves,2009-2010,13,Chelsea,Wolves,H,4,27.0,11.0,2.0,0.0,2.0,"RiskTaker, Disciplined",0
2009-2010_Hull_West Ham,2009-2010,13,Hull,West Ham,D,6,28.0,8.0,4.0,1.0,6.0,"AggressiveTackler, RiskTaker, ChaosInducer",1
2009-2010_Liverpool_Man City,2009-2010,13,Liverpool,Man City,D,4,19.0,10.0,2.0,0.0,2.0,"Disciplined, LowTempoController",0
2009-2010_Man United_Everton,2009-2010,13,Man United,Everton,H,3,29.0,17.0,4.0,0.0,4.0,"RiskTaker, HighPressure, LowTempoController",0
2009-2010_Sunderland_Arsenal,2009-2010,13,Sunderland,Arsenal,H,1,14.0,8.0,3.0,0.0,3.0,"LowTempoController, RiskTaker",0
2009-2010_Bolton_Blackburn,2009-2010,13,Bolton,Blackburn,A,2,30.0,14.0,4.0,0.0,4.0,"HighPressure, Opportunistic",0
2009-2010_Stoke_Portsmouth,2009-2010,13,Stoke,Portsmouth,H,1,23.0,8.0,3.0,0.0,3.0,"Disciplined, AggressiveTackler",0
2009-2010_Tottenham_Wigan,2009-2010,13,Tottenham,Wigan,H,10,39.0,15.0,1.0,0.0,1.0,"RiskTaker, HighPressure, ChaosInducer, Disciplined",1
2009-2010_Fulham_Blackburn,2009-2010,13,Fulham,Blackburn,H,3,15.0,6.0,0.0,0.0,0.0,"Disciplined, DirectPlay",0
2009-2010_Hull_Everton,2009-2010,13,Hull,Everton,H,5,13.0,7.0,5.0,0.0,5.0,"ChaosInducer, LowTempoController",0
2009-2010_Aston Villa_Tottenham,2009-2010,14,Aston Villa,Tottenham,D,2,35.0,16.0,1.0,0.0,1.0,"HighPressure, Disciplined, Opportunistic",0
2009-2010_Blackburn_Stoke,2009-2010,14,Blackburn,Stoke,D,0,18.0,11.0,3.0,0.0,3.0,"LowTempoController, AggressiveTackler",0
2009-2010_Fulham_Bolton,2009-2010,14,Fulham,Bolton,D,2,16.0,13.0,7.0,0.0,7.0,"AggressiveTackler, ChaosInducer, LowTempoController",0
2009-2010_Man City_Hull,2009-2010,14,Man City,Hull,D,2,25.0,10.0,4.0,0.0,4.0,"LowTempoController, LowTempoController",0
2009-2010_Portsmouth_Man United,2009-2010,14,Portsmouth,Man United,A,5,32.0,12.0,7.0,0.0,7.0,"AggressiveTackler, RiskTaker, HighPressure, ChaosInducer",1
2009-2010_West Ham_Burnley,2009-2010,14,West Ham,Burnley,H,8,25.0,8.0,3.0,1.0,5.0,"RiskTaker, ChaosInducer",1
2009-2010_Wigan_Sunderland,2009-2010,14,Wigan,Sunderland,H,1,25.0,13.0,3.0,0.0,3.0,"HighPressure, HighPressure",0
2009-2010_Arsenal_Chelsea,2009-2010,14,Arsenal,Chelsea,A,3,12.0,7.0,4.0,0.0,4.0,"LowTempoController, LowTempoController",0
2009-2010_Everton_Liverpool,2009-2010,14,Everton,Liverpool,A,2,21.0,10.0,1.0,0.0,1.0,"Disciplined, ChaosInducer",0
2009-2010_Wolves_Birmingham,2009-2010,14,Wolves,Birmingham,A,1,21.0,11.0,3.0,0.0,3.0,"LowTempoController, RiskTaker",0
2009-2010_Arsenal_Stoke,2009-2010,15,Arsenal,Stoke,H,2,17.0,12.0,0.0,0.0,0.0,"Disciplined, LowTempoController",0
2009-2010_Aston Villa_Hull,2009-2010,15,Aston Villa,Hull,H,3,18.0,12.0,7.0,0.0,7.0,"AggressiveTackler, ChaosInducer, LowTempoController",0
2009-2010_Blackburn_Liverpool,2009-2010,15,Blackburn,Liverpool,D,0,24.0,9.0,1.0,0.0,1.0,"Disciplined, RiskTaker",0
2009-2010_Man City_Chelsea,2009-2010,15,Man City,Chelsea,H,3,23.0,15.0,7.0,0.0,7.0,"AggressiveTackler, HighPressure, ChaosInducer, LowTempoController",1
2009-2010_Portsmouth_Burnley,2009-2010,15,Portsmouth,Burnley,H,2,23.0,10.0,6.0,0.0,6.0,"AggressiveTackler, Disciplined",0
2009-2010_West Ham_Man United,2009-2010,15,West Ham,Man United,A,4,29.0,10.0,1.0,0.0,1.0,"RiskTaker, HighPressure, Disciplined",0
2009-2010_Wigan_Birmingham,2009-2010,15,Wigan,Birmingham,A,5,28.0,4.0,2.0,0.0,2.0,"RiskTaker, Disciplined",0
2009-2010_Wolves_Bolton,2009-2010,15,Wolves,Bolton,H,3,29.0,21.0,3.0,0.0,3.0,"RiskTaker, HighPressure, LowTempoController",0
2009-2010_Everton_Tottenham,2009-2010,15,Everton,Tottenham,D,4,34.0,7.0,8.0,0.0,8.0,"AggressiveTackler, RiskTaker, HighPressure, ChaosInducer",1
2009-2010_Fulham_Sunderland,2009-2010,15,Fulham,Sunderland,H,1,24.0,12.0,3.0,0.0,3.0,"Disciplined, RiskTaker",0
2009-2010_Birmingham_West Ham,2009-2010,16,Birmingham,West Ham,H,1,30.0,18.0,7.0,1.0,9.0,"AggressiveTackler, HighPressure, ChaosInducer, LowTempoController, Opportunistic",1
2009-2010_Bolton_Man City,2009-2010,16,Bolton,Man City,D,6,26.0,14.0,6.0,1.0,8.0,"AggressiveTackler, RiskTaker, HighPressure, ChaosInducer, LowTempoController",1
2009-2010_Burnley_Fulham,2009-2010,16,Burnley,Fulham,D,2,22.0,11.0,2.0,0.0,2.0,"Disciplined, DirectPlay",0
2009-2010_Chelsea_Everton,2009-2010,16,Chelsea,Everton,D,6,35.0,8.0,1.0,0.0,1.0,"RiskTaker, HighPressure, Disciplined",0
2009-2010_Hull_Blackburn,2009-2010,16,Hull,Blackburn,D,0,23.0,7.0,3.0,0.0,3.0,"Disciplined, HighPressure",0
2009-2010_Man United_Aston Villa,2009-2010,16,Man United,Aston Villa,A,1,24.0,13.0,2.0,0.0,2.0,"HighPressure, Disciplined, LowTempoController",0
2009-2010_Stoke_Wigan,2009-2010,16,Stoke,Wigan,D,4,25.0,8.0,6.0,0.0,6.0,"AggressiveTackler, RiskTaker, ChaosInducer",1
2009-2010_Sunderland_Portsmouth,2009-2010,16,Sunderland,Portsmouth,D,2,25.0,15.0,7.0,1.0,9.0,"AggressiveTackler, HighPressure, ChaosInducer, LowTempoController",1
2009-2010_Tottenham_Wolves,2009-2010,16,Tottenham,Wolves,A,1,21.0,6.0,5.0,0.0,5.0,"LowTempoController, RiskTaker",0
2009-2010_Liverpool_Arsenal,2009-2010,16,Liverpool,Arsenal,A,3,13.0,7.0,6.0,0.0,6.0,"AggressiveTackler, ChaosInducer, LowTempoController",0
2009-2010_Birmingham_Blackburn,2009-2010,17,Birmingham,Blackburn,H,3,21.0,13.0,4.0,0.0,4.0,"LowTempoController, Opportunistic",0
2009-2010_Bolton_West Ham,2009-2010,17,Bolton,West Ham,H,4,32.0,12.0,5.0,0.0,5.0,"RiskTaker, HighPressure, ChaosInducer",1
2009-2010_Man United_Wolves,2009-2010,17,Man United,Wolves,H,3,16.0,11.0,2.0,0.0,2.0,"Disciplined, LowTempoController",0
2009-2010_Sunderland_Aston Villa,2009-2010,17,Sunderland,Aston Villa,A,2,26.0,8.0,4.0,1.0,6.0,"AggressiveTackler, Disciplined",0
2009-2010_Burnley_Arsenal,2009-2010,17,Burnley,Arsenal,D,2,25.0,9.0,2.0,0.0,2.0,"Disciplined, RiskTaker",0
2009-2010_Chelsea_Portsmouth,2009-2010,17,Chelsea,Portsmouth,H,3,28.0,13.0,0.0,0.0,0.0,"RiskTaker, HighPressure, Disciplined",0
2009-2010_Liverpool_Wigan,2009-2010,17,Liverpool,Wigan,H,3,20.0,13.0,2.0,0.0,2.0,"Disciplined, LowTempoController",0
2009-2010_Tottenham_Man City,2009-2010,17,Tottenham,Man City,H,3,28.0,11.0,5.0,0.0,5.0,"RiskTaker, HighPressure, ChaosInducer",1
2009-2010_Arsenal_Hull,2009-2010,18,Arsenal,Hull,H,3,24.0,8.0,6.0,0.0,6.0,"AggressiveTackler, ChaosInducer",1
2009-2010_Aston Villa_Stoke,2009-2010,18,Aston Villa,Stoke,H,1,30.0,7.0,1.0,0.0,1.0,"Disciplined, Opportunistic",0
2009-2010_Blackburn_Tottenham,2009-2010,18,Blackburn,Tottenham,A,2,20.0,5.0,1.0,0.0,1.0,"Disciplined, ChaosInducer",0
2009-2010_Fulham_Man United,2009-2010,18,Fulham,Man United,H,3,26.0,7.0,1.0,0.0,1.0,"Disciplined, AggressiveTackler",0
2009-2010_Man City_Sunderland,2009-2010,18,Man City,Sunderland,H,7,18.0,10.0,4.0,1.0,6.0,"AggressiveTackler, RiskTaker, ChaosInducer, LowTempoController",1
2009-2010_Portsmouth_Liverpool,2009-2010,18,Portsmouth,Liverpool,H,2,21.0,18.0,6.0,1.0,8.0,"AggressiveTackler, HighPressure, ChaosInducer, LowTempoController",1
2009-2010_Everton_Birmingham,2009-2010,18,Everton,Birmingham,D,2,21.0,10.0,3.0,0.0,3.0,"LowTempoController, RiskTaker",0
2009-2010_West Ham_Chelsea,2009-2010,18,West Ham,Chelsea,D,2,26.0,10.0,7.0,0.0,7.0,"AggressiveTackler, ChaosInducer",1
2009-2010_Wolves_Burnley,2009-2010,18,Wolves,Burnley,H,2,22.0,10.0,3.0,0.0,3.0,"AggressiveTackler, Disciplined",0
2009-2010_Birmingham_Chelsea,2009-2010,19,Birmingham,Chelsea,D,0,38.0,18.0,3.0,1.0,5.0,"HighPressure, Opportunistic",0
2009-2010_Burnley_Bolton,2009-2010,19,Burnley,Bolton,D,2,26.0,10.0,0.0,0.0,0.0,"Disciplined, AggressiveTackler",0
2009-2010_Fulham_Tottenham,2009-2010,19,Fulham,Tottenham,D,0,21.0,6.0,1.0,0.0,1.0,"Disciplined, LowTempoController",0
2009-2010_Liverpool_Wolves,2009-2010,19,Liverpool,Wolves,H,2,20.0,8.0,1.0,1.0,3.0,"RiskTaker, ChaosInducer",1
2009-2010_Man City_Stoke,2009-2010,19,Man City,Stoke,H,2,19.0,13.0,2.0,0.0,2.0,"Disciplined, LowTempoController",0
2009-2010_Sunderland_Everton,2009-2010,19,Sunderland,Everton,D,2,22.0,16.0,4.0,0.0,4.0,"HighPressure, LowTempoController",0
2009-2010_West Ham_Portsmouth,2009-2010,19,West Ham,Portsmouth,H,2,24.0,10.0,3.0,0.0,3.0,"DirectPlay, Disciplined",0
2009-2010_Wigan_Blackburn,2009-2010,19,Wigan,Blackburn,D,2,22.0,8.0,5.0,0.0,5.0,"RiskTaker, LowTempoController",0
2009-2010_Arsenal_Aston Villa,2009-2010,19,Arsenal,Aston Villa,H,3,26.0,14.0,4.0,0.0,4.0,"HighPressure, LowTempoController",0
2009-2010_Hull_Man United,2009-2010,19,Hull,Man United,A,4,31.0,11.0,2.0,0.0,2.0,"RiskTaker, HighPressure, Disciplined",0
2009-2010_Blackburn_Sunderland,2009-2010,19,Blackburn,Sunderland,D,4,34.0,8.0,5.0,0.0,5.0,"RiskTaker, HighPressure, ChaosInducer",1
2009-2010_Chelsea_Fulham,2009-2010,19,Chelsea,Fulham,H,3,21.0,16.0,2.0,0.0,2.0,"HighPressure, Disciplined, LowTempoController",0
2009-2010_Everton_Burnley,2009-2010,19,Everton,Burnley,H,2,36.0,16.0,6.0,1.0,8.0,"AggressiveTackler, HighPressure, ChaosInducer, Opportunistic",1
2009-2010_Stoke_Birmingham,2009-2010,19,Stoke,Birmingham,A,1,21.0,17.0,5.0,0.0,5.0,"HighPressure, LowTempoController",0
2009-2010_Tottenham_West Ham,2009-2010,19,Tottenham,West Ham,H,2,24.0,12.0,5.0,0.0,5.0,"Disciplined, HighPressure",0
2009-2010_Wolves_Man City,2009-2010,19,Wolves,Man City,A,3,23.0,11.0,5.0,0.0,5.0,"ChaosInducer, AggressiveTackler",1
2009-2010_Aston Villa_Liverpool,2009-2010,19,Aston Villa,Liverpool,A,1,23.0,18.0,2.0,0.0,2.0,"HighPressure, Disciplined, LowTempoController",0
2009-2010_Bolton_Hull,2009-2010,19,Bolton,Hull,D,4,28.0,16.0,3.0,0.0,3.0,"RiskTaker, HighPressure, LowTempoController",0
2009-2010_Man United_Wigan,2009-2010,19,Man United,Wigan,H,5,34.0,10.0,1.0,0.0,1.0,"RiskTaker, HighPressure, Disciplined",0
2009-2010_Portsmouth_Arsenal,2009-2010,19,Portsmouth,Arsenal,A,5,24.0,12.0,2.0,0.0,2.0,"RiskTaker, Disciplined",0
2009-2010_Stoke_Fulham,2009-2010,19,Stoke,Fulham,H,5,25.0,18.0,1.0,0.0,1.0,"RiskTaker, HighPressure, Disciplined, LowTempoController",0
2009-2010_Arsenal_Everton,2009-2010,19,Arsenal,Everton,D,4,15.0,14.0,2.0,0.0,2.0,"Disciplined, LowTempoController",0
2009-2010_Birmingham_Man United,2009-2010,19,Birmingham,Man United,D,2,20.0,14.0,3.0,1.0,5.0,"LowTempoController, DirectPlay",0
2009-2010_Man City_Blackburn,2009-2010,19,Man City,Blackburn,H,5,20.0,7.0,2.0,0.0,2.0,"RiskTaker, Disciplined",0
2009-2010_Chelsea_Sunderland,2009-2010,20,Chelsea,Sunderland,H,9,30.0,16.0,1.0,0.0,1.0,"RiskTaker, HighPressure, ChaosInducer, Disciplined",1
2009-2010_Everton_Man City,2009-2010,20,Everton,Man City,H,2,21.0,14.0,0.0,0.0,0.0,"Disciplined, LowTempoController",0
2009-2010_Man United_Burnley,2009-2010,20,Man United,Burnley,H,3,35.0,8.0,0.0,0.0,0.0,"RiskTaker, HighPressure, Disciplined",0
2009-2010_Stoke_Liverpool,2009-2010,20,Stoke,Liverpool,D,2,10.0,10.0,3.0,0.0,3.0,"LowTempoController, LowTempoController",0
2009-2010_Tottenham_Hull,2009-2010,20,Tottenham,Hull,D,0,33.0,15.0,6.0,0.0,6.0,"AggressiveTackler, HighPressure, Opportunistic",1
2009-2010_Wolves_Wigan,2009-2010,20,Wolves,Wigan,A,2,29.0,7.0,7.0,2.0,11.0,"AggressiveTackler, ChaosInducer, Opportunistic",1
2009-2010_Aston Villa_West Ham,2009-2010,20,Aston Villa,West Ham,D,0,25.0,20.0,4.0,0.0,4.0,"HighPressure, LowTempoController",0
2009-2010_Blackburn_Fulham,2009-2010,20,Blackburn,Fulham,H,2,25.0,9.0,4.0,0.0,4.0,"HighPressure, Opportunistic",0
2009-2010_Bolton_Arsenal,2009-2010,20,Bolton,Arsenal,A,2,26.0,6.0,3.0,0.0,3.0,"RiskTaker, ChaosInducer",1
2009-2010_Arsenal_Bolton,2009-2010,20,Arsenal,Bolton,H,6,27.0,12.0,3.0,0.0,3.0,"RiskTaker, HighPressure, ChaosInducer",1
2009-2010_Liverpool_Tottenham,2009-2010,20,Liverpool,Tottenham,H,2,20.0,5.0,5.0,0.0,5.0,"Disciplined, AggressiveTackler",0
2009-2010_Man United_Hull,2009-2010,20,Man United,Hull,H,4,33.0,20.0,2.0,0.0,2.0,"RiskTaker, HighPressure, Disciplined, LowTempoController",0
2009-2010_Bolton_Burnley,2009-2010,21,Bolton,Burnley,H,1,24.0,11.0,5.0,0.0,5.0,"Disciplined, DirectPlay",0
2009-2010_Portsmouth_West Ham,2009-2010,21,Portsmouth,West Ham,D,2,26.0,10.0,4.0,0.0,4.0,"RiskTaker, Disciplined",0
2009-2010_Tottenham_Fulham,2009-2010,21,Tottenham,Fulham,H,2,22.0,14.0,2.0,0.0,2.0,"Disciplined, LowTempoController",0
2009-2010_Wolves_Liverpool,2009-2010,21,Wolves,Liverpool,D,0,12.0,7.0,1.0,0.0,1.0,"Disciplined, LowTempoController",0
2009-2010_Aston Villa_Arsenal,2009-2010,21,Aston Villa,Arsenal,D,0,20.0,14.0,4.0,0.0,4.0,"LowTempoController, AggressiveTackler",0
2009-2010_Blackburn_Wigan,2009-2010,21,Blackburn,Wigan,H,3,26.0,11.0,4.0,0.0,4.0,"RiskTaker, Disciplined",0
2009-2010_Chelsea_Birmingham,2009-2010,21,Chelsea,Birmingham,H,3,30.0,11.0,0.0,0.0,0.0,"RiskTaker, HighPressure, Disciplined",0
2009-2010_Everton_Sunderland,2009-2010,21,Everton,Sunderland,H,2,16.0,11.0,1.0,0.0,1.0,"Disciplined, LowTempoController",0
2009-2010_Birmingham_Tottenham,2009-2010,22,Birmingham,Tottenham,D,2,33.0,13.0,6.0,0.0,6.0,"AggressiveTackler, HighPressure, Opportunistic",1
2009-2010_Burnley_Chelsea,2009-2010,22,Burnley,Chelsea,A,3,21.0,11.0,2.0,0.0,2.0,"Disciplined, LowTempoController",0
2009-2010_Fulham_Aston Villa,2009-2010,22,Fulham,Aston Villa,A,2,24.0,12.0,2.0,0.0,2.0,"Disciplined, ChaosInducer",0
2009-2010_Hull_Wolves,2009-2010,22,Hull,Wolves,D,4,21.0,11.0,2.0,0.0,2.0,"Disciplined, LowTempoController",0
2009-2010_Liverpool_Bolton,2009-2010,22,Liverpool,Bolton,H,2,17.0,14.0,4.0,0.0,4.0,"LowTempoController, LowTempoController",0
2009-2010_West Ham_Blackburn,2009-2010,22,West Ham,Blackburn,D,0,15.0,17.0,1.0,0.0,1.0,"Disciplined, LowTempoController",0
2009-2010_Wigan_Everton,2009-2010,22,Wigan,Everton,A,1,20.0,11.0,2.0,0.0,2.0,"Disciplined, LowTempoController",0
2009-2010_Arsenal_Man United,2009-2010,22,Arsenal,Man United,A,4,29.0,13.0,1.0,0.0,1.0,"RiskTaker, HighPressure, Disciplined",0
2009-2010_Man City_Portsmouth,2009-2010,22,Man City,Portsmouth,H,2,23.0,17.0,4.0,0.0,4.0,"HighPressure, LowTempoController",0
2009-2010_Sunderland_Stoke,2009-2010,22,Sunderland,Stoke,D,0,10.0,10.0,5.0,0.0,5.0,"LowTempoController, RiskTaker",0
2009-2010_Hull_Chelsea,2009-2010,22,Hull,Chelsea,D,2,28.0,14.0,4.0,0.0,4.0,"HighPressure, Opportunistic",0
2009-2010_Fulham_Portsmouth,2009-2010,22,Fulham,Portsmouth,H,1,26.0,10.0,1.0,0.0,1.0,"Disciplined, LowTempoController",0
2009-2010_Bolton_Fulham,2009-2010,23,Bolton,Fulham,D,0,23.0,7.0,0.0,0.0,0.0,"Disciplined, Opportunistic",0
2009-2010_Burnley_West Ham,2009-2010,23,Burnley,West Ham,H,3,28.0,8.0,3.0,0.0,3.0,"RiskTaker, RiskTaker",0
2009-2010_Hull_Man City,2009-2010,23,Hull,Man City,H,3,25.0,12.0,6.0,0.0,6.0,"AggressiveTackler, ChaosInducer",1
2009-2010_Liverpool_Everton,2009-2010,23,Liverpool,Everton,H,1,15.0,16.0,6.0,2.0,10.0,"AggressiveTackler, ChaosInducer, LowTempoController",0
2009-2010_Man United_Portsmouth,2009-2010,23,Man United,Portsmouth,H,5,28.0,13.0,5.0,0.0,5.0,"RiskTaker, HighPressure, ChaosInducer",1
2009-2010_Stoke_Blackburn,2009-2010,23,Stoke,Blackburn,H,3,24.0,19.0,5.0,1.0,7.0,"AggressiveTackler, HighPressure, ChaosInducer, LowTempoController",1
2009-2010_Sunderland_Wigan,2009-2010,23,Sunderland,Wigan,D,2,25.0,5.0,9.0,0.0,9.0,"AggressiveTackler, ChaosInducer",1
2009-2010_Tottenham_Aston Villa,2009-2010,23,Tottenham,Aston Villa,D,0,38.0,16.0,0.0,0.0,0.0,"HighPressure, Disciplined, Opportunistic",0
2009-2010_Birmingham_Wolves,2009-2010,23,Birmingham,Wolves,H,3,27.0,15.0,8.0,0.0,8.0,"AggressiveTackler, RiskTaker, HighPressure, ChaosInducer, LowTempoController",1
2009-2010_Chelsea_Arsenal,2009-2010,23,Chelsea,Arsenal,H,2,23.0,12.0,4.0,0.0,4.0,"ChaosInducer, LowTempoController",0
2009-2010_Fulham_Burnley,2009-2010,24,Fulham,Burnley,H,3,26.0,8.0,1.0,0.0,1.0,"Disciplined, HighPressure",0
2009-2010_Man City_Bolton,2009-2010,24,Man City,Bolton,H,2,19.0,9.0,2.0,0.0,2.0,"Disciplined, AggressiveTackler",0
2009-2010_Portsmouth_Sunderland,2009-2010,24,Portsmouth,Sunderland,D,2,19.0,12.0,4.0,3.0,10.0,"AggressiveTackler, ChaosInducer, LowTempoController",1
2009-2010_Wigan_Stoke,2009-2010,24,Wigan,Stoke,D,2,26.0,14.0,5.0,0.0,5.0,"HighPressure, LowTempoController",0
2009-2010_Arsenal_Liverpool,2009-2010,24,Arsenal,Liverpool,H,1,20.0,9.0,5.0,0.0,5.0,"HighPressure, Disciplined",0
2009-2010_Aston Villa_Man United,2009-2010,24,Aston Villa,Man United,D,2,22.0,8.0,1.0,1.0,3.0,"ChaosInducer, HighPressure",0
2009-2010_Blackburn_Hull,2009-2010,24,Blackburn,Hull,H,1,27.0,12.0,4.0,1.0,6.0,"AggressiveTackler, HighPressure, Opportunistic",1
2009-2010_Everton_Chelsea,2009-2010,24,Everton,Chelsea,H,3,21.0,11.0,3.0,0.0,3.0,"LowTempoController, RiskTaker",0
2009-2010_West Ham_Birmingham,2009-2010,24,West Ham,Birmingham,H,2,22.0,9.0,3.0,0.0,3.0,"Disciplined, Disciplined",0
2009-2010_Wolves_Tottenham,2009-2010,24,Wolves,Tottenham,H,1,18.0,12.0,3.0,0.0,3.0,"LowTempoController, HighPressure",0
2009-2010_Stoke_Man City,2009-2010,24,Stoke,Man City,D,2,17.0,6.0,6.0,1.0,8.0,"AggressiveTackler, ChaosInducer",0
2009-2010_Wigan_Bolton,2009-2010,24,Wigan,Bolton,D,0,18.0,13.0,1.0,0.0,1.0,"Disciplined, LowTempoController",0
2009-2010_Arsenal_Sunderland,2009-2010,25,Arsenal,Sunderland,H,2,22.0,8.0,6.0,0.0,6.0,"AggressiveTackler, Opportunistic",0
2009-2010_Everton_Man United,2009-2010,25,Everton,Man United,H,4,22.0,16.0,6.0,0.0,6.0,"AggressiveTackler, HighPressure, ChaosInducer, LowTempoController",1
2009-2010_Portsmouth_Stoke,2009-2010,25,Portsmouth,Stoke,A,3,29.0,14.0,3.0,1.0,5.0,"RiskTaker, HighPressure, ChaosInducer",1
2009-2010_West Ham_Hull,2009-2010,25,West Ham,Hull,H,3,27.0,11.0,2.0,1.0,4.0,"RiskTaker, HighPressure",0
2009-2010_Wolves_Chelsea,2009-2010,25,Wolves,Chelsea,A,2,18.0,6.0,1.0,0.0,1.0,"Disciplined, Opportunistic",0
2009-2010_Aston Villa_Burnley,2009-2010,25,Aston Villa,Burnley,H,7,28.0,14.0,3.0,0.0,3.0,"RiskTaker, HighPressure, ChaosInducer",1
2009-2010_Blackburn_Bolton,2009-2010,25,Blackburn,Bolton,H,3,22.0,11.0,1.0,0.0,1.0,"Disciplined, ChaosInducer",0
2009-2010_Fulham_Birmingham,2009-2010,25,Fulham,Birmingham,H,3,20.0,4.0,2.0,0.0,2.0,"Disciplined, AggressiveTackler",0
2009-2010_Man City_Liverpool,2009-2010,25,Man City,Liverpool,D,0,10.0,13.0,7.0,0.0,7.0,"AggressiveTackler, LowTempoController",0
2009-2010_Wigan_Tottenham,2009-2010,25,Wigan,Tottenham,A,3,21.0,5.0,7.0,0.0,7.0,"AggressiveTackler, ChaosInducer",1
2009-2010_Man United_West Ham,2009-2010,25,Man United,West Ham,H,3,22.0,13.0,1.0,0.0,1.0,"Disciplined, LowTempoController",0
2009-2010_Birmingham_Wigan,2009-2010,26,Birmingham,Wigan,H,1,21.0,9.0,4.0,0.0,4.0,"HighPressure, DirectPlay",0
2009-2010_Bolton_Wolves,2009-2010,26,Bolton,Wolves,H,1,22.0,18.0,2.0,0.0,2.0,"HighPressure, Disciplined, LowTempoController",0
2009-2010_Burnley_Portsmouth,2009-2010,26,Burnley,Portsmouth,A,3,27.0,7.0,3.0,1.0,5.0,"RiskTaker, ChaosInducer",1
2009-2010_Chelsea_Man City,2009-2010,26,Chelsea,Man City,A,6,31.0,5.0,4.0,2.0,8.0,"AggressiveTackler, RiskTaker, ChaosInducer",1
2009-2010_Stoke_Arsenal,2009-2010,26,Stoke,Arsenal,A,4,21.0,9.0,1.0,1.0,3.0,"Opportunistic, HighPressure",0
2009-2010_Liverpool_Blackburn,2009-2010,26,Liverpool,Blackburn,H,3,24.0,9.0,6.0,0.0,6.0,"AggressiveTackler, ChaosInducer",1
2009-2010_Sunderland_Fulham,2009-2010,26,Sunderland,Fulham,D,0,15.0,4.0,6.0,0.0,6.0,"AggressiveTackler, LowTempoController",0
2009-2010_Tottenham_Everton,2009-2010,26,Tottenham,Everton,H,3,27.0,15.0,5.0,0.0,5.0,"RiskTaker, HighPressure, ChaosInducer, LowTempoController",1
2009-2010_Arsenal_Burnley,2009-2010,27,Arsenal,Burnley,H,4,28.0,10.0,4.0,0.0,4.0,"RiskTaker, ChaosInducer",1
2009-2010_West Ham_Bolton,2009-2010,27,West Ham,Bolton,A,3,33.0,9.0,7.0,1.0,9.0,"AggressiveTackler, RiskTaker, HighPressure, ChaosInducer",1
2009-2010_Wolves_Man United,2009-2010,27,Wolves,Man United,A,1,27.0,6.0,3.0,0.0,3.0,"Opportunistic, RiskTaker",0
2009-2010_Everton_Hull,2009-2010,27,Everton,Hull,H,6,25.0,5.0,1.0,0.0,1.0,"RiskTaker, Disciplined",0
2009-2010_Wigan_Liverpool,2009-2010,27,Wigan,Liverpool,H,1,23.0,11.0,6.0,0.0,6.0,"AggressiveTackler, DirectPlay",0
2009-2010_Portsmouth_Birmingham,2009-2010,27,Portsmouth,Birmingham,A,3,21.0,11.0,3.0,0.0,3.0,"LowTempoController, DirectPlay",0
2009-2010_Sunderland_Bolton,2009-2010,27,Sunderland,Bolton,H,4,19.0,9.0,4.0,1.0,6.0,"AggressiveTackler, ChaosInducer",1
2009-2010_Burnley_Stoke,2009-2010,27,Burnley,Stoke,D,2,18.0,8.0,2.0,0.0,2.0,"Disciplined, Opportunistic",0
2009-2010_Birmingham_Everton,2009-2010,28,Birmingham,Everton,D,4,20.0,9.0,2.0,0.0,2.0,"Disciplined, LowTempoController",0
2009-2010_Bolton_Wigan,2009-2010,28,Bolton,Wigan,H,4,21.0,9.0,3.0,0.0,3.0,"LowTempoController, Disciplined",0
2009-2010_Burnley_Wolves,2009-2010,28,Burnley,Wolves,A,3,29.0,17.0,5.0,0.0,5.0,"RiskTaker, HighPressure, ChaosInducer, LowTempoController",1
2009-2010_Chelsea_West Ham,2009-2010,28,Chelsea,West Ham,H,5,26.0,12.0,1.0,0.0,1.0,"RiskTaker, HighPressure, Disciplined",0
2009-2010_Hull_Arsenal,2009-2010,28,Hull,Arsenal,A,3,25.0,10.0,4.0,1.0,6.0,"AggressiveTackler, ChaosInducer",1
2009-2010_Stoke_Aston Villa,2009-2010,28,Stoke,Aston Villa,D,0,23.0,14.0,4.0,0.0,4.0,"HighPressure, LowTempoController",0
2009-2010_Tottenham_Blackburn,2009-2010,28,Tottenham,Blackburn,H,4,24.0,11.0,0.0,0.0,0.0,"RiskTaker, Disciplined",0
2009-2010_Man United_Fulham,2009-2010,28,Man United,Fulham,H,3,41.0,12.0,2.0,0.0,2.0,"RiskTaker, HighPressure, Disciplined",0
2009-2010_Sunderland_Man City,2009-2010,28,Sunderland,Man City,D,2,25.0,10.0,6.0,0.0,6.0,"AggressiveTackler, Opportunistic",0
2009-2010_Liverpool_Portsmouth,2009-2010,28,Liverpool,Portsmouth,H,5,30.0,12.0,2.0,0.0,2.0,"RiskTaker, HighPressure, Disciplined",0
2009-2010_Wigan_Aston Villa,2009-2010,28,Wigan,Aston Villa,A,3,28.0,15.0,3.0,0.0,3.0,"RiskTaker, HighPressure",1
2009-2010_Arsenal_West Ham,2009-2010,29,Arsenal,West Ham,H,2,17.0,6.0,5.0,1.0,7.0,"AggressiveTackler, ChaosInducer",1
2009-2010_Aston Villa_Wolves,2009-2010,29,Aston Villa,Wolves,D,4,18.0,12.0,3.0,0.0,3.0,"LowTempoController, AggressiveTackler",0
2009-2010_Everton_Bolton,2009-2010,29,Everton,Bolton,H,2,24.0,9.0,2.0,1.0,4.0,"RiskTaker, ChaosInducer",1
2009-2010_Portsmouth_Hull,2009-2010,29,Portsmouth,Hull,H,5,27.0,12.0,1.0,0.0,1.0,"RiskTaker, HighPressure, Disciplined",0
2009-2010_Stoke_Tottenham,2009-2010,29,Stoke,Tottenham,A,3,24.0,13.0,4.0,1.0,6.0,"AggressiveTackler, HighPressure, ChaosInducer, LowTempoController",1
2009-2010_Sunderland_Birmingham,2009-2010,29,Sunderland,Birmingham,H,4,32.0,17.0,1.0,0.0,1.0,"RiskTaker, HighPressure, Disciplined",0
2009-2010_Wigan_Burnley,2009-2010,29,Wigan,Burnley,H,1,34.0,8.0,4.0,0.0,4.0,"HighPressure, Opportunistic",0
2009-2010_Blackburn_Chelsea,2009-2010,29,Blackburn,Chelsea,D,2,22.0,14.0,1.0,0.0,1.0,"Disciplined, LowTempoController",0
2009-2010_Fulham_Man City,2009-2010,29,Fulham,Man City,A,3,24.0,6.0,0.0,0.0,0.0,"Disciplined, DirectPlay",0
2009-2010_Man United_Liverpool,2009-2010,29,Man United,Liverpool,H,3,14.0,3.0,5.0,0.0,5.0,"ChaosInducer, ChaosInducer",1
2009-2010_West Ham_Wolves,2009-2010,30,West Ham,Wolves,A,4,22.0,13.0,2.0,0.0,2.0,"Disciplined, LowTempoController",0
2009-2010_Aston Villa_Sunderland,2009-2010,30,Aston Villa,Sunderland,D,2,21.0,13.0,0.0,0.0,0.0,"Disciplined, LowTempoController",0
2009-2010_Blackburn_Birmingham,2009-2010,30,Blackburn,Birmingham,H,3,17.0,11.0,3.0,0.0,3.0,"LowTempoController, HighPressure",0
2009-2010_Man City_Everton,2009-2010,30,Man City,Everton,A,2,22.0,11.0,5.0,0.0,5.0,"HighPressure, ChaosInducer",1
2009-2010_Portsmouth_Chelsea,2009-2010,30,Portsmouth,Chelsea,A,5,30.0,7.0,5.0,0.0,5.0,"RiskTaker, ChaosInducer",1
2009-2010_Birmingham_Arsenal,2009-2010,31,Birmingham,Arsenal,D,2,20.0,9.0,5.0,0.0,5.0,"HighPressure, AggressiveTackler",1
2009-2010_Bolton_Man United,2009-2010,31,Bolton,Man United,A,4,27.0,17.0,0.0,0.0,0.0,"RiskTaker, HighPressure, Disciplined, LowTempoController",0
2009-2010_Chelsea_Aston Villa,2009-2010,31,Chelsea,Aston Villa,H,8,20.0,14.0,5.0,0.0,5.0,"RiskTaker, ChaosInducer, LowTempoController",1
2009-2010_Hull_Fulham,2009-2010,31,Hull,Fulham,H,2,19.0,14.0,6.0,0.0,6.0,"AggressiveTackler, LowTempoController",0
2009-2010_Tottenham_Portsmouth,2009-2010,31,Tottenham,Portsmouth,H,2,24.0,13.0,1.0,0.0,1.0,"HighPressure, Disciplined, LowTempoController",0
2009-2010_West Ham_Stoke,2009-2010,31,West Ham,Stoke,A,1,29.0,13.0,2.0,0.0,2.0,"HighPressure, Disciplined, Opportunistic",0
2009-2010_Wolves_Everton,2009-2010,31,Wolves,Everton,D,0,31.0,10.0,2.0,0.0,2.0,"HighPressure, Disciplined, Opportunistic",0
2009-2010_Burnley_Blackburn,2009-2010,31,Burnley,Blackburn,A,1,19.0,9.0,5.0,0.0,5.0,"LowTempoController, HighPressure",0
2009-2010_Liverpool_Sunderland,2009-2010,31,Liverpool,Sunderland,H,3,32.0,11.0,1.0,0.0,1.0,"RiskTaker, HighPressure, Disciplined",0
2009-2010_Man City_Wigan,2009-2010,31,Man City,Wigan,H,3,19.0,7.0,5.0,1.0,7.0,"AggressiveTackler, ChaosInducer",1
2009-2010_Arsenal_Wolves,2009-2010,32,Arsenal,Wolves,H,1,26.0,14.0,2.0,1.0,4.0,"HighPressure, LowTempoController",0
2009-2010_Bolton_Aston Villa,2009-2010,32,Bolton,Aston Villa,A,1,27.0,14.0,2.0,0.0,2.0,"HighPressure, Disciplined, Opportunistic",0
2009-2010_Burnley_Man City,2009-2010,32,Burnley,Man City,A,7,34.0,13.0,0.0,0.0,0.0,"RiskTaker, HighPressure, ChaosInducer, Disciplined",1
2009-2010_Man United_Chelsea,2009-2010,32,Man United,Chelsea,A,3,20.0,6.0,4.0,0.0,4.0,"Disciplined, HighPressure",0
2009-2010_Portsmouth_Blackburn,2009-2010,32,Portsmouth,Blackburn,D,0,22.0,10.0,3.0,1.0,5.0,"RiskTaker, AggressiveTackler",0
2009-2010_Stoke_Hull,2009-2010,32,Stoke,Hull,H,2,14.0,5.0,5.0,0.0,5.0,"RiskTaker, RiskTaker",0
2009-2010_Sunderland_Tottenham,2009-2010,32,Sunderland,Tottenham,H,4,23.0,12.0,2.0,0.0,2.0,"Disciplined, Disciplined",0
2009-2010_Birmingham_Liverpool,2009-2010,32,Birmingham,Liverpool,D,2,24.0,9.0,3.0,0.0,3.0,"AggressiveTackler, AggressiveTackler",0
2009-2010_Everton_West Ham,2009-2010,32,Everton,West Ham,D,4,20.0,10.0,5.0,0.0,5.0,"ChaosInducer, Opportunistic",1
2009-2010_Fulham_Wigan,2009-2010,32,Fulham,Wigan,H,3,19.0,9.0,3.0,0.0,3.0,"AggressiveTackler, AggressiveTackler",1
2009-2010_Hull_Burnley,2009-2010,33,Hull,Burnley,A,5,20.0,7.0,6.0,0.0,6.0,"AggressiveTackler, RiskTaker, ChaosInducer",1
2009-2010_West Ham_Sunderland,2009-2010,33,West Ham,Sunderland,H,1,19.0,9.0,4.0,0.0,4.0,"AggressiveTackler, Disciplined",0
2009-2010_Blackburn_Man United,2009-2010,33,Blackburn,Man United,D,0,21.0,8.0,3.0,0.0,3.0,"HighPressure, Opportunistic",0
2009-2010_Liverpool_Fulham,2009-2010,33,Liverpool,Fulham,D,0,20.0,11.0,4.0,0.0,4.0,"LowTempoController, RiskTaker",0
2009-2010_Man City_Birmingham,2009-2010,33,Man City,Birmingham,H,6,22.0,12.0,3.0,0.0,3.0,"RiskTaker, ChaosInducer, LowTempoController",1
2009-2010_Wolves_Stoke,2009-2010,33,Wolves,Stoke,D,0,19.0,13.0,0.0,0.0,0.0,"Disciplined, LowTempoController",0
2009-2010_Chelsea_Bolton,2009-2010,34,Chelsea,Bolton,H,1,25.0,7.0,5.0,0.0,5.0,"AggressiveTackler, DirectPlay",0
2009-2010_Aston Villa_Everton,2009-2010,34,Aston Villa,Everton,D,4,23.0,13.0,4.0,0.0,4.0,"ChaosInducer, LowTempoController",0
2009-2010_Tottenham_Arsenal,2009-2010,34,Tottenham,Arsenal,H,3,32.0,10.0,4.0,0.0,4.0,"RiskTaker, HighPressure",0
2009-2010_Wigan_Portsmouth,2009-2010,34,Wigan,Portsmouth,D,0,30.0,13.0,3.0,0.0,3.0,"HighPressure, Opportunistic",0
2009-2010_Birmingham_Hull,2009-2010,35,Birmingham,Hull,D,0,21.0,9.0,0.0,0.0,0.0,"Disciplined, HighPressure",0
2009-2010_Blackburn_Everton,2009-2010,35,Blackburn,Everton,A,5,26.0,6.0,5.0,0.0,5.0,"RiskTaker, ChaosInducer",1
2009-2010_Fulham_Wolves,2009-2010,35,Fulham,Wolves,D,0,16.0,14.0,1.0,0.0,1.0,"Disciplined, LowTempoController",0
2009-2010_Man City_Man United,2009-2010,35,Man City,Man United,A,1,21.0,12.0,3.0,0.0,3.0,"LowTempoController, HighPressure",0
2009-2010_Stoke_Bolton,2009-2010,35,Stoke,Bolton,A,3,24.0,6.0,3.0,0.0,3.0,"RiskTaker, Disciplined",0
2009-2010_Sunderland_Burnley,2009-2010,35,Sunderland,Burnley,H,3,25.0,6.0,5.0,0.0,5.0,"ChaosInducer, ChaosInducer",1
2009-2010_Tottenham_Chelsea,2009-2010,35,Tottenham,Chelsea,H,3,29.0,17.0,6.0,1.0,8.0,"AggressiveTackler, RiskTaker, HighPressure, ChaosInducer, LowTempoController",1
2009-2010_Portsmouth_Aston Villa,2009-2010,35,Portsmouth,Aston Villa,A,3,28.0,13.0,0.0,0.0,0.0,"RiskTaker, HighPressure, Disciplined",0
2009-2010_Wigan_Arsenal,2009-2010,35,Wigan,Arsenal,H,5,27.0,11.0,3.0,0.0,3.0,"RiskTaker, ChaosInducer",1
2009-2010_Liverpool_West Ham,2009-2010,35,Liverpool,West Ham,H,3,23.0,11.0,2.0,0.0,2.0,"Disciplined, ChaosInducer",0
2009-2010_Hull_Aston Villa,2009-2010,35,Hull,Aston Villa,A,2,25.0,20.0,4.0,0.0,4.0,"HighPressure, LowTempoController",0
2009-2010_Arsenal_Man City,2009-2010,36,Arsenal,Man City,D,0,12.0,6.0,6.0,0.0,6.0,"AggressiveTackler, LowTempoController",0
2009-2010_Bolton_Portsmouth,2009-2010,36,Bolton,Portsmouth,D,4,27.0,17.0,2.0,0.0,2.0,"RiskTaker, HighPressure, Disciplined, LowTempoController",0
2009-2010_Hull_Sunderland,2009-2010,36,Hull,Sunderland,A,1,24.0,9.0,4.0,2.0,8.0,"AggressiveTackler, ChaosInducer",1
2009-2010_Man United_Tottenham,2009-2010,36,Man United,Tottenham,H,4,24.0,8.0,1.0,0.0,1.0,"RiskTaker, Disciplined",0
2009-2010_West Ham_Wigan,2009-2010,36,West Ham,Wigan,H,5,21.0,9.0,3.0,0.0,3.0,"RiskTaker, ChaosInducer",1
2009-2010_Wolves_Blackburn,2009-2010,36,Wolves,Blackburn,D,2,26.0,8.0,1.0,0.0,1.0,"Disciplined, HighPressure",0
2009-2010_Aston Villa_Birmingham,2009-2010,36,Aston Villa,Birmingham,H,1,26.0,12.0,5.0,0.0,5.0,"HighPressure, LowTempoController",0
2009-2010_Burnley_Liverpool,2009-2010,36,Burnley,Liverpool,A,4,24.0,9.0,3.0,0.0,3.0,"RiskTaker, LowTempoController",0
2009-2010_Chelsea_Stoke,2009-2010,36,Chelsea,Stoke,H,7,32.0,7.0,3.0,0.0,3.0,"RiskTaker, ChaosInducer",1
2009-2010_Everton_Fulham,2009-2010,36,Everton,Fulham,H,3,23.0,12.0,1.0,0.0,1.0,"Disciplined, RiskTaker",0
2009-2010_Birmingham_Burnley,2009-2010,37,Birmingham,Burnley,H,3,25.0,14.0,3.0,0.0,3.0,"HighPressure, LowTempoController",0
2009-2010_Man City_Aston Villa,2009-2010,37,Man City,Aston Villa,H,4,27.0,18.0,3.0,0.0,3.0,"RiskTaker, HighPressure, LowTempoController",0
2009-2010_Portsmouth_Wolves,2009-2010,37,Portsmouth,Wolves,H,4,30.0,16.0,1.0,0.0,1.0,"RiskTaker, HighPressure, Disciplined",0
2009-2010_Stoke_Everton,2009-2010,37,Stoke,Everton,D,0,23.0,11.0,0.0,0.0,0.0,"Disciplined, ChaosInducer",0
2009-2010_Tottenham_Bolton,2009-2010,37,Tottenham,Bolton,H,1,36.0,18.0,3.0,0.0,3.0,"HighPressure, Opportunistic",0
2009-2010_Fulham_West Ham,2009-2010,37,Fulham,West Ham,H,5,12.0,12.0,0.0,0.0,0.0,"Disciplined, LowTempoController",0
2009-2010_Liverpool_Chelsea,2009-2010,37,Liverpool,Chelsea,A,2,22.0,14.0,3.0,0.0,3.0,"LowTempoController, HighPressure",0
2009-2010_Sunderland_Man United,2009-2010,37,Sunderland,Man United,A,1,24.0,13.0,5.0,0.0,5.0,"HighPressure, LowTempoController",0
2009-2010_Blackburn_Arsenal,2009-2010,37,Blackburn,Arsenal,H,3,17.0,13.0,4.0,0.0,4.0,"LowTempoController, Disciplined",0
2009-2010_Wigan_Hull,2009-2010,37,Wigan,Hull,D,4,19.0,9.0,2.0,0.0,2.0,"Disciplined, ChaosInducer",0
2009-2010_Fulham_Stoke,2009-2010,37,Fulham,Stoke,A,1,17.0,11.0,4.0,0.0,4.0,"LowTempoController, HighPressure",0
2009-2010_Man City_Tottenham,2009-2010,37,Man City,Tottenham,A,1,20.0,16.0,3.0,0.0,3.0,"HighPressure, LowTempoController",0
2009-2010_Arsenal_Fulham,2009-2010,38,Arsenal,Fulham,H,4,21.0,7.0,4.0,0.0,4.0,"ChaosInducer, HighPressure",0
2009-2010_Aston Villa_Blackburn,2009-2010,38,Aston Villa,Blackburn,A,1,25.0,16.0,3.0,0.0,3.0,"HighPressure, LowTempoController",0
2009-2010_Bolton_Birmingham,2009-2010,38,Bolton,Birmingham,H,3,24.0,9.0,7.0,0.0,7.0,"AggressiveTackler, ChaosInducer",1
2009-2010_Burnley_Tottenham,2009-2010,38,Burnley,Tottenham,H,6,32.0,11.0,0.0,0.0,0.0,"RiskTaker, HighPressure, Disciplined",0
2009-2010_Chelsea_Wigan,2009-2010,38,Chelsea,Wigan,H,8,21.0,5.0,4.0,1.0,6.0,"AggressiveTackler, RiskTaker, ChaosInducer",1
2009-2010_Everton_Portsmouth,2009-2010,38,Everton,Portsmouth,H,1,31.0,15.0,0.0,0.0,0.0,"HighPressure, Disciplined, Opportunistic",0
2009-2010_Hull_Liverpool,2009-2010,38,Hull,Liverpool,D,0,30.0,8.0,1.0,0.0,1.0,"Disciplined, Opportunistic",0
2009-2010_Man United_Stoke,2009-2010,38,Man United,Stoke,H,4,22.0,12.0,2.0,0.0,2.0,"Disciplined, LowTempoController",0
2009-2010_West Ham_Man City,2009-2010,38,West Ham,Man City,D,2,29.0,7.0,2.0,0.0,2.0,"Disciplined, Opportunistic",0
2009-2010_Wolves_Sunderland,2009-2010,38,Wolves,Sunderland,H,3,25.0,5.0,3.0,2.0,7.0,"AggressiveTackler, ChaosInducer",1
2010-2011_Aston Villa_West Ham,2010-2011,1,Aston Villa,West Ham,H,3,35.0,23.0,3.0,0.0,3.0,"RiskTaker, HighPressure, LowTempoController",0
2010-2011_Blackburn_Everton,2010-2011,1,Blackburn,Everton,H,1,24.0,4.0,3.0,0.0,3.0,"AggressiveTackler, Disciplined",0
2010-2011_Bolton_Fulham,2010-2011,1,Bolton,Fulham,D,0,25.0,12.0,4.0,0.0,4.0,"AggressiveTackler, RiskTaker",0
2010-2011_Chelsea_West Brom,2010-2011,1,Chelsea,West Brom,H,6,28.0,4.0,1.0,0.0,1.0,"RiskTaker, Disciplined",0
2010-2011_Sunderland_Birmingham,2010-2011,1,Sunderland,Birmingham,D,4,19.0,9.0,6.0,1.0,8.0,"AggressiveTackler, ChaosInducer",1
2010-2011_Tottenham_Man City,2010-2011,1,Tottenham,Man City,D,0,33.0,13.0,2.0,0.0,2.0,"HighPressure, Disciplined, Opportunistic",0
2010-2011_Wigan_Blackpool,2010-2011,1,Wigan,Blackpool,A,4,20.0,10.0,2.0,0.0,2.0,"Disciplined, AggressiveTackler",0
2010-2011_Wolves_Stoke,2010-2011,1,Wolves,Stoke,H,3,23.0,10.0,2.0,0.0,2.0,"Disciplined, DirectPlay",0
2010-2011_Liverpool_Arsenal,2010-2011,1,Liverpool,Arsenal,D,2,21.0,20.0,4.0,2.0,8.0,"AggressiveTackler, HighPressure, ChaosInducer, LowTempoController",1
2010-2011_Man United_Newcastle,2010-2011,1,Man United,Newcastle,H,3,25.0,8.0,4.0,0.0,4.0,"AggressiveTackler, DirectPlay",0
2010-2011_Arsenal_Blackpool,2010-2011,2,Arsenal,Blackpool,H,6,29.0,10.0,0.0,1.0,2.0,"RiskTaker, HighPressure, ChaosInducer, Disciplined",1
2010-2011_Birmingham_Blackburn,2010-2011,2,Birmingham,Blackburn,H,3,17.0,16.0,5.0,0.0,5.0,"ChaosInducer, LowTempoController",0
2010-2011_Everton_Wolves,2010-2011,2,Everton,Wolves,D,2,23.0,6.0,3.0,0.0,3.0,"ChaosInducer, LowTempoController",0
2010-2011_Stoke_Tottenham,2010-2011,2,Stoke,Tottenham,A,3,22.0,8.0,4.0,0.0,4.0,"Opportunistic, Opportunistic",0
2010-2011_West Brom_Sunderland,2010-2011,2,West Brom,Sunderland,H,1,21.0,10.0,4.0,0.0,4.0,"HighPressure, Opportunistic",0
2010-2011_West Ham_Bolton,2010-2011,2,West Ham,Bolton,A,4,29.0,13.0,6.0,0.0,6.0,"AggressiveTackler, RiskTaker, HighPressure, ChaosInducer",1
2010-2011_Wigan_Chelsea,2010-2011,2,Wigan,Chelsea,A,6,27.0,0.0,3.0,0.0,3.0,"RiskTaker, ChaosInducer",1
2010-2011_Fulham_Man United,2010-2011,2,Fulham,Man United,D,4,30.0,16.0,4.0,0.0,4.0,"RiskTaker, HighPressure, ChaosInducer",1
2010-2011_Newcastle_Aston Villa,2010-2011,2,Newcastle,Aston Villa,H,6,23.0,12.0,4.0,0.0,4.0,"RiskTaker, ChaosInducer",1
2010-2011_Man City_Liverpool,2010-2011,2,Man City,Liverpool,H,3,21.0,9.0,2.0,0.0,2.0,"Disciplined, DirectPlay",0
2010-2011_Blackburn_Arsenal,2010-2011,3,Blackburn,Arsenal,A,3,29.0,12.0,1.0,0.0,1.0,"RiskTaker, HighPressure, Disciplined",0
2010-2011_Blackpool_Fulham,2010-2011,3,Blackpool,Fulham,D,4,26.0,9.0,1.0,0.0,1.0,"RiskTaker, Disciplined",0
2010-2011_Chelsea_Stoke,2010-2011,3,Chelsea,Stoke,H,2,24.0,7.0,2.0,0.0,2.0,"Disciplined, Disciplined",0
2010-2011_Man United_West Ham,2010-2011,3,Man United,West Ham,H,3,25.0,12.0,3.0,0.0,3.0,"AggressiveTackler, DirectPlay",0
2010-2011_Tottenham_Wigan,2010-2011,3,Tottenham,Wigan,A,1,25.0,23.0,5.0,0.0,5.0,"HighPressure, LowTempoController",0
2010-2011_Wolves_Newcastle,2010-2011,3,Wolves,Newcastle,D,2,16.0,8.0,11.0,0.0,11.0,"AggressiveTackler, ChaosInducer, LowTempoController",0
2010-2011_Aston Villa_Everton,2010-2011,3,Aston Villa,Everton,H,1,27.0,20.0,4.0,0.0,4.0,"HighPressure, LowTempoController, Opportunistic",0
2010-2011_Bolton_Birmingham,2010-2011,3,Bolton,Birmingham,D,4,20.0,7.0,5.0,1.0,7.0,"AggressiveTackler, ChaosInducer",0
2010-2011_Liverpool_West Brom,2010-2011,3,Liverpool,West Brom,H,1,25.0,13.0,0.0,1.0,2.0,"HighPressure, Disciplined",0
2010-2011_Sunderland_Man City,2010-2011,3,Sunderland,Man City,H,1,21.0,10.0,3.0,0.0,3.0,"Disciplined, LowTempoController",0
2010-2011_Arsenal_Bolton,2010-2011,4,Arsenal,Bolton,H,5,30.0,15.0,4.0,1.0,6.0,"AggressiveTackler, RiskTaker, HighPressure, ChaosInducer",1
2010-2011_Everton_Man United,2010-2011,4,Everton,Man United,D,6,36.0,12.0,2.0,0.0,2.0,"RiskTaker, HighPressure, ChaosInducer, Disciplined",1
2010-2011_Fulham_Wolves,2010-2011,4,Fulham,Wolves,H,3,17.0,12.0,9.0,1.0,11.0,"AggressiveTackler, ChaosInducer, LowTempoController",1
2010-2011_Man City_Blackburn,2010-2011,4,Man City,Blackburn,D,2,24.0,16.0,3.0,0.0,3.0,"HighPressure, LowTempoController",0
2010-2011_Newcastle_Blackpool,2010-2011,4,Newcastle,Blackpool,A,2,23.0,5.0,5.0,0.0,5.0,"Opportunistic, LowTempoController",0
2010-2011_West Brom_Tottenham,2010-2011,4,West Brom,Tottenham,D,2,31.0,13.0,3.0,0.0,3.0,"HighPressure, Opportunistic",0
2010-2011_West Ham_Chelsea,2010-2011,4,West Ham,Chelsea,A,4,30.0,6.0,4.0,0.0,4.0,"RiskTaker, ChaosInducer",1
2010-2011_Wigan_Sunderland,2010-2011,4,Wigan,Sunderland,D,2,21.0,6.0,6.0,1.0,8.0,"AggressiveTackler, ChaosInducer",1
2010-2011_Birmingham_Liverpool,2010-2011,4,Birmingham,Liverpool,D,0,29.0,7.0,1.0,0.0,1.0,"Disciplined, Opportunistic",0
2010-2011_Stoke_Aston Villa,2010-2011,4,Stoke,Aston Villa,H,3,30.0,15.0,3.0,0.0,3.0,"RiskTaker, HighPressure",0
2010-2011_Aston Villa_Bolton,2010-2011,5,Aston Villa,Bolton,D,2,26.0,12.0,3.0,0.0,3.0,"HighPressure, Opportunistic",0
2010-2011_Blackburn_Fulham,2010-2011,5,Blackburn,Fulham,D,2,18.0,6.0,1.0,0.0,1.0,"Disciplined, AggressiveTackler",0
2010-2011_Everton_Newcastle,2010-2011,5,Everton,Newcastle,A,1,15.0,9.0,5.0,0.0,5.0,"LowTempoController, RiskTaker",0
2010-2011_Stoke_West Ham,2010-2011,5,Stoke,West Ham,D,2,22.0,9.0,5.0,0.0,5.0,"AggressiveTackler, ChaosInducer",1
2010-2011_Sunderland_Arsenal,2010-2011,5,Sunderland,Arsenal,D,2,32.0,14.0,4.0,1.0,6.0,"AggressiveTackler, HighPressure, Opportunistic",1
2010-2011_Tottenham_Wolves,2010-2011,5,Tottenham,Wolves,H,4,25.0,9.0,6.0,0.0,6.0,"AggressiveTackler, RiskTaker, ChaosInducer",1
2010-2011_West Brom_Birmingham,2010-2011,5,West Brom,Birmingham,H,4,22.0,5.0,2.0,0.0,2.0,"Disciplined, DirectPlay",0
2010-2011_Chelsea_Blackpool,2010-2011,5,Chelsea,Blackpool,H,4,38.0,15.0,3.0,0.0,3.0,"RiskTaker, HighPressure",0
2010-2011_Man United_Liverpool,2010-2011,5,Man United,Liverpool,H,5,23.0,7.0,5.0,0.0,5.0,"RiskTaker, ChaosInducer",1
2010-2011_Wigan_Man City,2010-2011,5,Wigan,Man City,A,2,20.0,4.0,3.0,0.0,3.0,"HighPressure, RiskTaker",0
2010-2011_Arsenal_West Brom,2010-2011,6,Arsenal,West Brom,A,5,31.0,20.0,7.0,0.0,7.0,"AggressiveTackler, RiskTaker, HighPressure, ChaosInducer, LowTempoController",1
2010-2011_Birmingham_Wigan,2010-2011,6,Birmingham,Wigan,D,0,27.0,10.0,5.0,1.0,7.0,"AggressiveTackler, Opportunistic",0
2010-2011_Blackpool_Blackburn,2010-2011,6,Blackpool,Blackburn,A,3,24.0,16.0,3.0,0.0,3.0,"HighPressure, LowTempoController",0
2010-2011_Fulham_Everton,2010-2011,6,Fulham,Everton,D,0,27.0,9.0,3.0,0.0,3.0,"Opportunistic, AggressiveTackler",0
2010-2011_Liverpool_Sunderland,2010-2011,6,Liverpool,Sunderland,D,4,23.0,6.0,4.0,0.0,4.0,"ChaosInducer, Disciplined",0
2010-2011_Man City_Chelsea,2010-2011,6,Man City,Chelsea,H,1,23.0,7.0,5.0,0.0,5.0,"RiskTaker, DirectPlay",0
2010-2011_West Ham_Tottenham,2010-2011,6,West Ham,Tottenham,H,1,39.0,21.0,2.0,0.0,2.0,"HighPressure, Disciplined, Opportunistic",0
2010-2011_Bolton_Man United,2010-2011,6,Bolton,Man United,D,4,27.0,19.0,3.0,0.0,3.0,"RiskTaker, HighPressure, LowTempoController",0
2010-2011_Newcastle_Stoke,2010-2011,6,Newcastle,Stoke,A,3,19.0,7.0,1.0,0.0,1.0,"Disciplined, Opportunistic",0
2010-2011_Wolves_Aston Villa,2010-2011,6,Wolves,Aston Villa,A,3,24.0,9.0,3.0,0.0,3.0,"RiskTaker, Opportunistic",0
2010-2011_Birmingham_Everton,2010-2011,7,Birmingham,Everton,A,2,17.0,11.0,0.0,0.0,0.0,"Disciplined, LowTempoController",0
2010-2011_Stoke_Blackburn,2010-2011,7,Stoke,Blackburn,H,1,25.0,14.0,5.0,0.0,5.0,"HighPressure, LowTempoController",0
2010-2011_Sunderland_Man United,2010-2011,7,Sunderland,Man United,D,0,24.0,14.0,3.0,0.0,3.0,"HighPressure, LowTempoController",0
2010-2011_Tottenham_Aston Villa,2010-2011,7,Tottenham,Aston Villa,H,3,32.0,14.0,4.0,0.0,4.0,"RiskTaker, HighPressure",0
2010-2011_West Brom_Bolton,2010-2011,7,West Brom,Bolton,D,2,27.0,11.0,5.0,0.0,5.0,"Opportunistic, DirectPlay",0
2010-2011_West Ham_Fulham,2010-2011,7,West Ham,Fulham,D,2,29.0,5.0,4.0,0.0,4.0,"Opportunistic, AggressiveTackler",0
2010-2011_Wigan_Wolves,2010-2011,7,Wigan,Wolves,H,2,26.0,6.0,3.0,1.0,5.0,"DirectPlay, RiskTaker",0
2010-2011_Chelsea_Arsenal,2010-2011,7,Chelsea,Arsenal,H,2,24.0,20.0,2.0,0.0,2.0,"HighPressure, Disciplined, LowTempoController",0
2010-2011_Liverpool_Blackpool,2010-2011,7,Liverpool,Blackpool,A,3,30.0,7.0,3.0,0.0,3.0,"RiskTaker, Disciplined",0
2010-2011_Man City_Newcastle,2010-2011,7,Man City,Newcastle,H,3,17.0,8.0,5.0,0.0,5.0,"ChaosInducer, LowTempoController",0
2010-2011_Arsenal_Birmingham,2010-2011,8,Arsenal,Birmingham,H,3,24.0,10.0,4.0,1.0,6.0,"AggressiveTackler, ChaosInducer",1
2010-2011_Aston Villa_Chelsea,2010-2011,8,Aston Villa,Chelsea,D,0,24.0,14.0,7.0,0.0,7.0,"AggressiveTackler, HighPressure, LowTempoController",0
2010-2011_Bolton_Stoke,2010-2011,8,Bolton,Stoke,H,3,19.0,11.0,4.0,1.0,6.0,"AggressiveTackler, ChaosInducer, LowTempoController",0
2010-2011_Fulham_Tottenham,2010-2011,8,Fulham,Tottenham,A,3,25.0,15.0,2.0,0.0,2.0,"HighPressure, Disciplined, LowTempoController",0
2010-2011_Man United_West Brom,2010-2011,8,Man United,West Brom,D,4,23.0,5.0,3.0,0.0,3.0,"RiskTaker, DirectPlay",0
2010-2011_Newcastle_Wigan,2010-2011,8,Newcastle,Wigan,D,4,17.0,9.0,3.0,0.0,3.0,"LowTempoController, LowTempoController",0
2010-2011_Wolves_West Ham,2010-2011,8,Wolves,West Ham,D,2,18.0,11.0,1.0,0.0,1.0,"Disciplined, LowTempoController",0
2010-2011_Blackpool_Man City,2010-2011,8,Blackpool,Man City,A,5,29.0,12.0,2.0,0.0,2.0,"RiskTaker, HighPressure, Disciplined",0
2010-2011_Everton_Liverpool,2010-2011,8,Everton,Liverpool,H,2,24.0,15.0,4.0,0.0,4.0,"HighPressure, LowTempoController",0
2010-2011_Blackburn_Sunderland,2010-2011,8,Blackburn,Sunderland,D,0,25.0,8.0,3.0,1.0,5.0,"DirectPlay, Disciplined",0
2010-2011_Birmingham_Blackpool,2010-2011,9,Birmingham,Blackpool,H,2,31.0,19.0,2.0,0.0,2.0,"HighPressure, Disciplined, LowTempoController, Opportunistic",0
2010-2011_Chelsea_Wolves,2010-2011,9,Chelsea,Wolves,H,2,29.0,16.0,3.0,0.0,3.0,"HighPressure, LowTempoController, Opportunistic",0
2010-2011_Sunderland_Aston Villa,2010-2011,9,Sunderland,Aston Villa,H,1,24.0,15.0,3.0,0.0,3.0,"HighPressure, LowTempoController",0
2010-2011_Tottenham_Everton,2010-2011,9,Tottenham,Everton,D,2,20.0,8.0,4.0,0.0,4.0,"DirectPlay, AggressiveTackler",0
2010-2011_West Brom_Fulham,2010-2011,9,West Brom,Fulham,H,3,23.0,12.0,0.0,0.0,0.0,"Disciplined, HighPressure",0
2010-2011_West Ham_Newcastle,2010-2011,9,West Ham,Newcastle,A,3,18.0,8.0,0.0,0.0,0.0,"Disciplined, Opportunistic",0
2010-2011_Wigan_Bolton,2010-2011,9,Wigan,Bolton,D,2,24.0,5.0,2.0,0.0,2.0,"Disciplined, Opportunistic",0
2010-2011_Liverpool_Blackburn,2010-2011,9,Liverpool,Blackburn,H,3,21.0,19.0,5.0,0.0,5.0,"HighPressure, ChaosInducer, LowTempoController",0
2010-2011_Man City_Arsenal,2010-2011,9,Man City,Arsenal,A,3,21.0,13.0,6.0,1.0,8.0,"AggressiveTackler, ChaosInducer, LowTempoController",1
2010-2011_Stoke_Man United,2010-2011,9,Stoke,Man United,A,3,18.0,11.0,4.0,0.0,4.0,"LowTempoController, RiskTaker",0
2010-2011_Arsenal_West Ham,2010-2011,10,Arsenal,West Ham,H,1,26.0,11.0,4.0,0.0,4.0,"HighPressure, DirectPlay",0
2010-2011_Blackburn_Chelsea,2010-2011,10,Blackburn,Chelsea,A,3,29.0,9.0,4.0,0.0,4.0,"RiskTaker, Disciplined",0
2010-2011_Everton_Stoke,2010-2011,10,Everton,Stoke,H,1,27.0,8.0,2.0,0.0,2.0,"Disciplined, Opportunistic",0
2010-2011_Fulham_Wigan,2010-2011,10,Fulham,Wigan,H,2,23.0,8.0,0.0,0.0,0.0,"Disciplined, RiskTaker",0
2010-2011_Man United_Tottenham,2010-2011,10,Man United,Tottenham,H,2,29.0,5.0,3.0,0.0,3.0,"Opportunistic, DirectPlay",0
2010-2011_Wolves_Man City,2010-2011,10,Wolves,Man City,H,3,27.0,12.0,3.0,0.0,3.0,"RiskTaker, HighPressure",0
2010-2011_Aston Villa_Birmingham,2010-2011,10,Aston Villa,Birmingham,D,0,17.0,5.0,5.0,0.0,5.0,"LowTempoController, ChaosInducer",0
2010-2011_Bolton_Liverpool,2010-2011,10,Bolton,Liverpool,A,1,24.0,5.0,4.0,0.0,4.0,"DirectPlay, HighPressure",0
2010-2011_Newcastle_Sunderland,2010-2011,10,Newcastle,Sunderland,H,6,27.0,14.0,9.0,1.0,11.0,"AggressiveTackler, RiskTaker, HighPressure, ChaosInducer",1
2010-2011_Blackpool_West Brom,2010-2011,10,Blackpool,West Brom,H,3,33.0,10.0,5.0,2.0,9.0,"AggressiveTackler, RiskTaker, HighPressure, ChaosInducer",1
2010-2011_Birmingham_West Ham,2010-2011,11,Birmingham,West Ham,D,4,24.0,7.0,1.0,0.0,1.0,"RiskTaker, Disciplined",0
2010-2011_Blackburn_Wigan,2010-2011,11,Blackburn,Wigan,H,3,26.0,9.0,2.0,0.0,2.0,"Disciplined, RiskTaker",0
2010-2011_Blackpool_Everton,2010-2011,11,Blackpool,Everton,D,4,31.0,10.0,3.0,0.0,3.0,"RiskTaker, HighPressure",0
2010-2011_Bolton_Tottenham,2010-2011,11,Bolton,Tottenham,H,6,29.0,13.0,1.0,0.0,1.0,"RiskTaker, HighPressure, Disciplined",0
2010-2011_Fulham_Aston Villa,2010-2011,11,Fulham,Aston Villa,D,2,29.0,6.0,1.0,0.0,1.0,"Disciplined, Opportunistic",0
2010-2011_Man United_Wolves,2010-2011,11,Man United,Wolves,H,3,22.0,5.0,1.0,0.0,1.0,"Disciplined, HighPressure",0
2010-2011_Sunderland_Stoke,2010-2011,11,Sunderland,Stoke,H,2,25.0,15.0,5.0,0.0,5.0,"HighPressure, LowTempoController",0
2010-2011_Arsenal_Newcastle,2010-2011,11,Arsenal,Newcastle,A,1,18.0,14.0,4.0,1.0,6.0,"AggressiveTackler, LowTempoController",0
2010-2011_Liverpool_Chelsea,2010-2011,11,Liverpool,Chelsea,H,2,20.0,7.0,2.0,0.0,2.0,"Disciplined, RiskTaker",0
2010-2011_West Brom_Man City,2010-2011,11,West Brom,Man City,A,2,22.0,7.0,7.0,2.0,11.0,"AggressiveTackler, ChaosInducer",1
2010-2011_Stoke_Birmingham,2010-2011,12,Stoke,Birmingham,H,5,33.0,14.0,0.0,0.0,0.0,"RiskTaker, HighPressure, Disciplined",0
2010-2011_Tottenham_Sunderland,2010-2011,12,Tottenham,Sunderland,D,2,28.0,20.0,3.0,0.0,3.0,"HighPressure, LowTempoController, Opportunistic",0
2010-2011_Aston Villa_Blackpool,2010-2011,12,Aston Villa,Blackpool,H,5,31.0,19.0,5.0,0.0,5.0,"RiskTaker, HighPressure, ChaosInducer, LowTempoController",1
2010-2011_Chelsea_Fulham,2010-2011,12,Chelsea,Fulham,H,1,24.0,8.0,2.0,1.0,4.0,"DirectPlay, AggressiveTackler",0
2010-2011_Everton_Bolton,2010-2011,12,Everton,Bolton,D,2,33.0,25.0,3.0,1.0,5.0,"HighPressure, LowTempoController, Opportunistic",0
2010-2011_Man City_Man United,2010-2011,12,Man City,Man United,D,0,13.0,13.0,2.0,0.0,2.0,"Disciplined, LowTempoController",0
2010-2011_Newcastle_Blackburn,2010-2011,12,Newcastle,Blackburn,A,3,16.0,5.0,7.0,0.0,7.0,"AggressiveTackler, ChaosInducer",1
2010-2011_West Ham_West Brom,2010-2011,12,West Ham,West Brom,D,4,22.0,13.0,3.0,0.0,3.0,"LowTempoController, LowTempoController",0
2010-2011_Wigan_Liverpool,2010-2011,12,Wigan,Liverpool,D,2,18.0,9.0,2.0,0.0,2.0,"Disciplined, DirectPlay",0
2010-2011_Wolves_Arsenal,2010-2011,12,Wolves,Arsenal,A,2,26.0,7.0,3.0,0.0,3.0,"Opportunistic, HighPressure",0
2010-2011_Aston Villa_Man United,2010-2011,13,Aston Villa,Man United,D,4,28.0,16.0,7.0,0.0,7.0,"AggressiveTackler, RiskTaker, HighPressure, ChaosInducer, LowTempoController",1
2010-2011_Man City_Birmingham,2010-2011,13,Man City,Birmingham,D,0,26.0,10.0,2.0,0.0,2.0,"Disciplined, ChaosInducer",0
2010-2011_Newcastle_Fulham,2010-2011,13,Newcastle,Fulham,D,0,23.0,10.0,4.0,0.0,4.0,"ChaosInducer, Disciplined",0
2010-2011_Stoke_Liverpool,2010-2011,13,Stoke,Liverpool,H,2,24.0,7.0,5.0,1.0,7.0,"AggressiveTackler, ChaosInducer",1
2010-2011_Tottenham_Blackburn,2010-2011,13,Tottenham,Blackburn,H,6,32.0,18.0,4.0,0.0,4.0,"RiskTaker, HighPressure, ChaosInducer, LowTempoController",1
2010-2011_West Ham_Blackpool,2010-2011,13,West Ham,Blackpool,D,0,33.0,15.0,1.0,0.0,1.0,"HighPressure, Disciplined, Opportunistic",0
2010-2011_Wigan_West Brom,2010-2011,13,Wigan,West Brom,H,1,25.0,10.0,2.0,0.0,2.0,"Disciplined, RiskTaker",0
2010-2011_Wolves_Bolton,2010-2011,13,Wolves,Bolton,A,5,23.0,15.0,1.0,0.0,1.0,"RiskTaker, HighPressure, Disciplined, LowTempoController",0
2010-2011_Chelsea_Sunderland,2010-2011,13,Chelsea,Sunderland,A,3,33.0,9.0,3.0,0.0,3.0,"RiskTaker, HighPressure",0
2010-2011_Everton_Arsenal,2010-2011,13,Everton,Arsenal,A,3,27.0,11.0,4.0,0.0,4.0,"RiskTaker, HighPressure",0
2010-2011_Arsenal_Tottenham,2010-2011,14,Arsenal,Tottenham,A,5,22.0,8.0,4.0,0.0,4.0,"RiskTaker, ChaosInducer",1
2010-2011_Birmingham_Chelsea,2010-2011,14,Birmingham,Chelsea,H,1,25.0,18.0,2.0,0.0,2.0,"HighPressure, Disciplined, LowTempoController",0
2010-2011_Blackpool_Wolves,2010-2011,14,Blackpool,Wolves,H,3,32.0,15.0,2.0,0.0,2.0,"RiskTaker, HighPressure, Disciplined",0
2010-2011_Bolton_Newcastle,2010-2011,14,Bolton,Newcastle,H,6,24.0,5.0,2.0,1.0,4.0,"RiskTaker, ChaosInducer",1
2010-2011_Liverpool_West Ham,2010-2011,14,Liverpool,West Ham,H,3,25.0,12.0,1.0,0.0,1.0,"Disciplined, Disciplined",0
2010-2011_Man United_Wigan,2010-2011,14,Man United,Wigan,H,2,27.0,12.0,2.0,2.0,6.0,"AggressiveTackler, HighPressure, Opportunistic",1
2010-2011_West Brom_Stoke,2010-2011,14,West Brom,Stoke,A,3,21.0,11.0,0.0,0.0,0.0,"Disciplined, LowTempoController",0
2010-2011_Blackburn_Aston Villa,2010-2011,14,Blackburn,Aston Villa,H,2,30.0,13.0,1.0,0.0,1.0,"HighPressure, Disciplined, Opportunistic",0
2010-2011_Fulham_Man City,2010-2011,14,Fulham,Man City,A,5,20.0,14.0,3.0,0.0,3.0,"RiskTaker, ChaosInducer, LowTempoController",1
2010-2011_Sunderland_Everton,2010-2011,14,Sunderland,Everton,D,4,23.0,8.0,2.0,0.0,2.0,"Disciplined, HighPressure",0
2010-2011_Aston Villa_Arsenal,2010-2011,15,Aston Villa,Arsenal,A,6,23.0,11.0,2.0,0.0,2.0,"RiskTaker, ChaosInducer, Disciplined",0
2010-2011_Bolton_Blackpool,2010-2011,15,Bolton,Blackpool,D,4,40.0,8.0,4.0,0.0,4.0,"RiskTaker, HighPressure, ChaosInducer",1
2010-2011_Everton_West Brom,2010-2011,15,Everton,West Brom,A,5,19.0,4.0,4.0,2.0,8.0,"AggressiveTackler, ChaosInducer",1
2010-2011_Fulham_Birmingham,2010-2011,15,Fulham,Birmingham,D,2,18.0,11.0,1.0,0.0,1.0,"Disciplined, LowTempoController",0
2010-2011_Man United_Blackburn,2010-2011,15,Man United,Blackburn,H,8,18.0,7.0,2.0,0.0,2.0,"RiskTaker, ChaosInducer, Disciplined",0
2010-2011_Stoke_Man City,2010-2011,15,Stoke,Man City,D,2,25.0,8.0,4.0,0.0,4.0,"Opportunistic, RiskTaker",0
2010-2011_West Ham_Wigan,2010-2011,15,West Ham,Wigan,H,4,25.0,9.0,0.0,0.0,0.0,"RiskTaker, Disciplined",0
2010-2011_Wolves_Sunderland,2010-2011,15,Wolves,Sunderland,H,5,29.0,16.0,5.0,0.0,5.0,"RiskTaker, HighPressure, ChaosInducer, LowTempoController",1
2010-2011_Newcastle_Chelsea,2010-2011,15,Newcastle,Chelsea,D,2,22.0,13.0,3.0,0.0,3.0,"LowTempoController, DirectPlay",0
2010-2011_Tottenham_Liverpool,2010-2011,15,Tottenham,Liverpool,H,3,32.0,13.0,5.0,0.0,5.0,"RiskTaker, HighPressure, ChaosInducer",1
2010-2011_Arsenal_Fulham,2010-2011,16,Arsenal,Fulham,H,3,26.0,10.0,0.0,0.0,0.0,"Disciplined, DirectPlay",0
2010-2011_Birmingham_Tottenham,2010-2011,16,Birmingham,Tottenham,D,2,23.0,17.0,2.0,0.0,2.0,"HighPressure, Disciplined, LowTempoController",0
2010-2011_Blackburn_Wolves,2010-2011,16,Blackburn,Wolves,H,3,20.0,19.0,2.0,0.0,2.0,"HighPressure, Disciplined, LowTempoController",0
2010-2011_Chelsea_Everton,2010-2011,16,Chelsea,Everton,D,2,28.0,9.0,5.0,0.0,5.0,"Opportunistic, ChaosInducer",0
2010-2011_Man City_Bolton,2010-2011,16,Man City,Bolton,H,1,26.0,16.0,5.0,1.0,7.0,"AggressiveTackler, HighPressure, LowTempoController",0
2010-2011_Wigan_Stoke,2010-2011,16,Wigan,Stoke,D,4,26.0,9.0,5.0,0.0,5.0,"RiskTaker, ChaosInducer",1
2010-2011_Sunderland_West Ham,2010-2011,16,Sunderland,West Ham,H,1,25.0,12.0,4.0,0.0,4.0,"DirectPlay, DirectPlay",0
2010-2011_West Brom_Newcastle,2010-2011,16,West Brom,Newcastle,H,4,31.0,10.0,5.0,0.0,5.0,"RiskTaker, HighPressure, ChaosInducer",1
2010-2011_Liverpool_Aston Villa,2010-2011,16,Liverpool,Aston Villa,H,3,17.0,7.0,1.0,0.0,1.0,"Disciplined, Opportunistic",0
2010-2011_Aston Villa_West Brom,2010-2011,17,Aston Villa,West Brom,H,3,17.0,19.0,2.0,0.0,2.0,"HighPressure, Disciplined, LowTempoController",0
2010-2011_Everton_Wigan,2010-2011,17,Everton,Wigan,D,0,21.0,13.0,6.0,0.0,6.0,"AggressiveTackler, LowTempoController",0
2010-2011_Fulham_Sunderland,2010-2011,17,Fulham,Sunderland,D,0,25.0,7.0,1.0,0.0,1.0,"Disciplined, AggressiveTackler",0
2010-2011_Newcastle_Liverpool,2010-2011,17,Newcastle,Liverpool,H,4,24.0,7.0,3.0,0.0,3.0,"RiskTaker, ChaosInducer",1
2010-2011_Stoke_Blackpool,2010-2011,17,Stoke,Blackpool,A,1,26.0,14.0,2.0,0.0,2.0,"HighPressure, Disciplined, LowTempoController",0
2010-2011_West Ham_Man City,2010-2011,17,West Ham,Man City,A,4,25.0,8.0,4.0,0.0,4.0,"RiskTaker, ChaosInducer",1
2010-2011_Bolton_Blackburn,2010-2011,17,Bolton,Blackburn,H,3,28.0,13.0,7.0,1.0,9.0,"AggressiveTackler, RiskTaker, HighPressure, ChaosInducer",1
2010-2011_Tottenham_Chelsea,2010-2011,17,Tottenham,Chelsea,D,2,23.0,8.0,4.0,0.0,4.0,"Disciplined, LowTempoController",0
2010-2011_Wolves_Birmingham,2010-2011,17,Wolves,Birmingham,H,1,17.0,9.0,6.0,0.0,6.0,"AggressiveTackler, LowTempoController",0
2010-2011_Man United_Arsenal,2010-2011,17,Man United,Arsenal,H,1,25.0,9.0,4.0,0.0,4.0,"AggressiveTackler, Disciplined",0
2010-2011_Blackburn_West Ham,2010-2011,17,Blackburn,West Ham,D,2,24.0,13.0,5.0,0.0,5.0,"HighPressure, LowTempoController",0
2010-2011_Sunderland_Bolton,2010-2011,17,Sunderland,Bolton,H,1,25.0,7.0,4.0,0.0,4.0,"RiskTaker, AggressiveTackler",0
2010-2011_Man City_Everton,2010-2011,17,Man City,Everton,A,3,29.0,11.0,5.0,2.0,9.0,"AggressiveTackler, RiskTaker, HighPressure, ChaosInducer",1
2010-2011_Aston Villa_Tottenham,2010-2011,18,Aston Villa,Tottenham,A,3,39.0,12.0,6.0,1.0,8.0,"AggressiveTackler, RiskTaker, HighPressure, ChaosInducer",1
2010-2011_Blackburn_Stoke,2010-2011,18,Blackburn,Stoke,A,2,23.0,8.0,5.0,0.0,5.0,"Opportunistic, Disciplined",0
2010-2011_Bolton_West Brom,2010-2011,18,Bolton,West Brom,H,2,27.0,12.0,2.0,0.0,2.0,"HighPressure, Disciplined, Opportunistic",0
2010-2011_Fulham_West Ham,2010-2011,18,Fulham,West Ham,A,4,23.0,12.0,2.0,0.0,2.0,"Disciplined, RiskTaker",0
2010-2011_Man United_Sunderland,2010-2011,18,Man United,Sunderland,H,2,20.0,8.0,2.0,0.0,2.0,"Disciplined, ChaosInducer",0
2010-2011_Newcastle_Man City,2010-2011,18,Newcastle,Man City,A,4,29.0,9.0,6.0,0.0,6.0,"AggressiveTackler, RiskTaker, ChaosInducer",1
2010-2011_Wolves_Wigan,2010-2011,18,Wolves,Wigan,A,3,21.0,10.0,4.0,0.0,4.0,"LowTempoController, RiskTaker",0
2010-2011_Arsenal_Chelsea,2010-2011,18,Arsenal,Chelsea,H,4,20.0,10.0,5.0,0.0,5.0,"ChaosInducer, DirectPlay",0
2010-2011_Birmingham_Man United,2010-2011,18,Birmingham,Man United,D,2,18.0,8.0,6.0,0.0,6.0,"AggressiveTackler, HighPressure",1
2010-2011_Man City_Aston Villa,2010-2011,18,Man City,Aston Villa,H,4,20.0,14.0,3.0,0.0,3.0,"LowTempoController, RiskTaker",0
2010-2011_Stoke_Fulham,2010-2011,18,Stoke,Fulham,A,2,18.0,11.0,3.0,0.0,3.0,"LowTempoController, RiskTaker",0
2010-2011_Sunderland_Blackpool,2010-2011,18,Sunderland,Blackpool,A,2,41.0,11.0,2.0,0.0,2.0,"HighPressure, Disciplined, Opportunistic",0
2010-2011_Tottenham_Newcastle,2010-2011,18,Tottenham,Newcastle,H,2,25.0,16.0,6.0,1.0,8.0,"AggressiveTackler, HighPressure, ChaosInducer, LowTempoController",1
2010-2011_West Brom_Blackburn,2010-2011,18,West Brom,Blackburn,A,4,27.0,13.0,4.0,2.0,8.0,"AggressiveTackler, RiskTaker, HighPressure, ChaosInducer",1
2010-2011_West Ham_Everton,2010-2011,18,West Ham,Everton,D,2,24.0,11.0,1.0,0.0,1.0,"Disciplined, LowTempoController",0
2010-2011_Chelsea_Bolton,2010-2011,18,Chelsea,Bolton,H,1,18.0,9.0,2.0,0.0,2.0,"Disciplined, HighPressure",0
2010-2011_Liverpool_Wolves,2010-2011,18,Liverpool,Wolves,A,1,16.0,10.0,2.0,0.0,2.0,"Disciplined, LowTempoController",0
2010-2011_Wigan_Arsenal,2010-2011,18,Wigan,Arsenal,D,4,22.0,7.0,1.0,1.0,3.0,"DirectPlay, Disciplined",0
2010-2011_Birmingham_Arsenal,2010-2011,19,Birmingham,Arsenal,A,3,20.0,9.0,4.0,0.0,4.0,"Disciplined, RiskTaker",0
2010-2011_Liverpool_Bolton,2010-2011,19,Liverpool,Bolton,H,3,26.0,11.0,4.0,0.0,4.0,"Opportunistic, Opportunistic",0
2010-2011_Man City_Blackpool,2010-2011,19,Man City,Blackpool,H,1,23.0,14.0,0.0,0.0,0.0,"HighPressure, Disciplined, LowTempoController",0
2010-2011_Stoke_Everton,2010-2011,19,Stoke,Everton,H,2,22.0,6.0,5.0,0.0,5.0,"HighPressure, HighPressure",0
2010-2011_Sunderland_Blackburn,2010-2011,19,Sunderland,Blackburn,H,3,24.0,5.0,3.0,0.0,3.0,"DirectPlay, LowTempoController",0
2010-2011_Tottenham_Fulham,2010-2011,19,Tottenham,Fulham,H,1,25.0,6.0,3.0,0.0,3.0,"ChaosInducer, Disciplined",0
2010-2011_West Brom_Man United,2010-2011,19,West Brom,Man United,A,3,22.0,9.0,4.0,0.0,4.0,"LowTempoController, AggressiveTackler",0
2010-2011_West Ham_Wolves,2010-2011,19,West Ham,Wolves,H,2,26.0,15.0,1.0,0.0,1.0,"HighPressure, Disciplined, LowTempoController",0
2010-2011_Chelsea_Aston Villa,2010-2011,19,Chelsea,Aston Villa,D,6,31.0,15.0,9.0,0.0,9.0,"AggressiveTackler, RiskTaker, HighPressure, ChaosInducer",1
2010-2011_Wigan_Newcastle,2010-2011,19,Wigan,Newcastle,A,1,22.0,6.0,4.0,0.0,4.0,"Disciplined, LowTempoController",0
2010-2011_Blackpool_Birmingham,2010-2011,20,Blackpool,Birmingham,A,3,30.0,10.0,1.0,0.0,1.0,"RiskTaker, HighPressure, Disciplined",0
2010-2011_Fulham_West Brom,2010-2011,20,Fulham,West Brom,H,3,24.0,11.0,1.0,0.0,1.0,"Disciplined, Disciplined",0
2010-2011_Man United_Stoke,2010-2011,20,Man United,Stoke,H,3,23.0,7.0,0.0,0.0,0.0,"Disciplined, ChaosInducer",0
2010-2011_Arsenal_Man City,2010-2011,20,Arsenal,Man City,D,0,18.0,9.0,2.0,2.0,6.0,"AggressiveTackler, AggressiveTackler",1
2010-2011_Aston Villa_Sunderland,2010-2011,20,Aston Villa,Sunderland,A,1,19.0,14.0,6.0,2.0,10.0,"AggressiveTackler, ChaosInducer, LowTempoController",1
2010-2011_Blackburn_Liverpool,2010-2011,20,Blackburn,Liverpool,H,4,23.0,7.0,2.0,0.0,2.0,"Disciplined, Opportunistic",0
2010-2011_Bolton_Wigan,2010-2011,20,Bolton,Wigan,D,2,24.0,12.0,4.0,0.0,4.0,"Opportunistic, ChaosInducer",0
2010-2011_Everton_Tottenham,2010-2011,20,Everton,Tottenham,H,3,32.0,7.0,1.0,0.0,1.0,"RiskTaker, Disciplined",0
2010-2011_Newcastle_West Ham,2010-2011,20,Newcastle,West Ham,H,5,24.0,7.0,4.0,0.0,4.0,"RiskTaker, ChaosInducer",1
2010-2011_Wolves_Chelsea,2010-2011,20,Wolves,Chelsea,H,1,20.0,13.0,1.0,0.0,1.0,"Disciplined, LowTempoController",0
2010-2011_Blackpool_Liverpool,2010-2011,20,Blackpool,Liverpool,H,3,23.0,6.0,4.0,0.0,4.0,"DirectPlay, AggressiveTackler",0
2010-2011_Chelsea_Blackburn,2010-2011,21,Chelsea,Blackburn,H,2,30.0,15.0,1.0,0.0,1.0,"HighPressure, Disciplined, Opportunistic",0
2010-2011_Man City_Wolves,2010-2011,21,Man City,Wolves,H,7,25.0,19.0,0.0,0.0,0.0,"RiskTaker, HighPressure, ChaosInducer, Disciplined, LowTempoController",0
2010-2011_Stoke_Bolton,2010-2011,21,Stoke,Bolton,H,2,25.0,10.0,2.0,0.0,2.0,"Disciplined, RiskTaker",0
2010-2011_West Brom_Blackpool,2010-2011,21,West Brom,Blackpool,H,5,27.0,8.0,3.0,0.0,3.0,"RiskTaker, ChaosInducer",1
2010-2011_West Ham_Arsenal,2010-2011,21,West Ham,Arsenal,A,3,26.0,14.0,1.0,0.0,1.0,"HighPressure, Disciplined, LowTempoController",0
2010-2011_Wigan_Fulham,2010-2011,21,Wigan,Fulham,D,2,22.0,14.0,6.0,0.0,6.0,"AggressiveTackler, LowTempoController",0
2010-2011_Birmingham_Aston Villa,2010-2011,21,Birmingham,Aston Villa,D,2,27.0,12.0,3.0,0.0,3.0,"HighPressure, Opportunistic",0
2010-2011_Liverpool_Everton,2010-2011,21,Liverpool,Everton,D,4,29.0,16.0,3.0,0.0,3.0,"RiskTaker, HighPressure, LowTempoController",0
2010-2011_Sunderland_Newcastle,2010-2011,21,Sunderland,Newcastle,D,2,19.0,10.0,2.0,0.0,2.0,"Disciplined, LowTempoController",0
2010-2011_Tottenham_Man United,2010-2011,21,Tottenham,Man United,D,0,23.0,10.0,6.0,1.0,8.0,"AggressiveTackler, LowTempoController",0
2010-2011_Arsenal_Wigan,2010-2011,22,Arsenal,Wigan,H,3,26.0,9.0,1.0,1.0,3.0,"AggressiveTackler, DirectPlay",0
2010-2011_Aston Villa_Man City,2010-2011,22,Aston Villa,Man City,H,1,34.0,15.0,2.0,0.0,2.0,"HighPressure, Disciplined, Opportunistic",0
2010-2011_Blackpool_Sunderland,2010-2011,22,Blackpool,Sunderland,A,3,24.0,14.0,2.0,0.0,2.0,"HighPressure, Disciplined, LowTempoController",0
2010-2011_Everton_West Ham,2010-2011,22,Everton,West Ham,D,4,24.0,14.0,3.0,1.0,5.0,"RiskTaker, HighPressure, ChaosInducer, LowTempoController",1
2010-2011_Fulham_Stoke,2010-2011,22,Fulham,Stoke,H,2,19.0,5.0,2.0,1.0,4.0,"DirectPlay, ChaosInducer",0
2010-2011_Man United_Birmingham,2010-2011,22,Man United,Birmingham,H,5,29.0,13.0,0.0,0.0,0.0,"RiskTaker, HighPressure, Disciplined",0
2010-2011_Newcastle_Tottenham,2010-2011,22,Newcastle,Tottenham,D,2,27.0,5.0,0.0,0.0,0.0,"Disciplined, Opportunistic",0
2010-2011_Wolves_Liverpool,2010-2011,22,Wolves,Liverpool,A,3,26.0,9.0,3.0,0.0,3.0,"Disciplined, AggressiveTackler",0
2010-2011_Blackburn_West Brom,2010-2011,22,Blackburn,West Brom,H,2,41.0,18.0,1.0,0.0,1.0,"HighPressure, Disciplined, Opportunistic",0
2010-2011_Bolton_Chelsea,2010-2011,22,Bolton,Chelsea,A,4,25.0,7.0,0.0,0.0,0.0,"RiskTaker, Disciplined",0
2010-2011_Blackpool_Man United,2010-2011,22,Blackpool,Man United,A,5,23.0,13.0,3.0,0.0,3.0,"RiskTaker, ChaosInducer, LowTempoController",1
2010-2011_Wigan_Aston Villa,2010-2011,22,Wigan,Aston Villa,A,3,30.0,11.0,5.0,0.0,5.0,"RiskTaker, HighPressure, ChaosInducer",1
2010-2011_Liverpool_Fulham,2010-2011,22,Liverpool,Fulham,H,1,23.0,8.0,0.0,0.0,0.0,"Disciplined, LowTempoController",0
2010-2011_Arsenal_Everton,2010-2011,23,Arsenal,Everton,H,3,23.0,12.0,8.0,0.0,8.0,"AggressiveTackler, ChaosInducer",1
2010-2011_Man United_Aston Villa,2010-2011,23,Man United,Aston Villa,H,4,27.0,10.0,0.0,0.0,0.0,"RiskTaker, Disciplined",0
2010-2011_Sunderland_Chelsea,2010-2011,23,Sunderland,Chelsea,A,6,25.0,6.0,3.0,0.0,3.0,"RiskTaker, ChaosInducer",1
2010-2011_West Brom_Wigan,2010-2011,23,West Brom,Wigan,D,4,32.0,13.0,9.0,0.0,9.0,"AggressiveTackler, RiskTaker, HighPressure, ChaosInducer",1
2010-2011_Birmingham_Man City,2010-2011,23,Birmingham,Man City,D,4,26.0,10.0,2.0,0.0,2.0,"RiskTaker, Disciplined",0
2010-2011_Blackburn_Tottenham,2010-2011,23,Blackburn,Tottenham,A,1,23.0,8.0,3.0,0.0,3.0,"AggressiveTackler, HighPressure",0
2010-2011_Blackpool_West Ham,2010-2011,23,Blackpool,West Ham,A,4,25.0,17.0,1.0,0.0,1.0,"RiskTaker, HighPressure, Disciplined, LowTempoController",0
2010-2011_Bolton_Wolves,2010-2011,23,Bolton,Wolves,H,1,24.0,11.0,4.0,0.0,4.0,"Disciplined, LowTempoController",0
2010-2011_Fulham_Newcastle,2010-2011,23,Fulham,Newcastle,H,1,15.0,11.0,3.0,0.0,3.0,"LowTempoController, Opportunistic",0
2010-2011_Liverpool_Stoke,2010-2011,23,Liverpool,Stoke,H,2,19.0,7.0,5.0,0.0,5.0,"LowTempoController, RiskTaker",0
2010-2011_Aston Villa_Fulham,2010-2011,24,Aston Villa,Fulham,D,4,23.0,9.0,5.0,0.0,5.0,"ChaosInducer, ChaosInducer",1
2010-2011_Everton_Blackpool,2010-2011,24,Everton,Blackpool,H,8,34.0,14.0,1.0,0.0,1.0,"RiskTaker, HighPressure, ChaosInducer, Disciplined",1
2010-2011_Man City_West Brom,2010-2011,24,Man City,West Brom,H,3,30.0,16.0,3.0,0.0,3.0,"RiskTaker, HighPressure",0
2010-2011_Newcastle_Arsenal,2010-2011,24,Newcastle,Arsenal,D,8,29.0,18.0,5.0,1.0,7.0,"AggressiveTackler, RiskTaker, HighPressure, ChaosInducer, LowTempoController",1
2010-2011_Stoke_Sunderland,2010-2011,24,Stoke,Sunderland,H,5,29.0,16.0,4.0,0.0,4.0,"RiskTaker, HighPressure, ChaosInducer, LowTempoController",1
2010-2011_Tottenham_Bolton,2010-2011,24,Tottenham,Bolton,H,3,21.0,13.0,4.0,0.0,4.0,"LowTempoController, RiskTaker",0
2010-2011_Wigan_Blackburn,2010-2011,24,Wigan,Blackburn,H,7,20.0,13.0,3.0,0.0,3.0,"RiskTaker, ChaosInducer, LowTempoController",1
2010-2011_Wolves_Man United,2010-2011,24,Wolves,Man United,H,3,20.0,10.0,4.0,0.0,4.0,"LowTempoController, Disciplined",0
2010-2011_Chelsea_Liverpool,2010-2011,24,Chelsea,Liverpool,A,1,21.0,7.0,2.0,0.0,2.0,"Disciplined, AggressiveTackler",0
2010-2011_West Ham_Birmingham,2010-2011,24,West Ham,Birmingham,A,1,25.0,10.0,4.0,0.0,4.0,"Opportunistic, AggressiveTackler",0
2010-2011_Arsenal_Wolves,2010-2011,25,Arsenal,Wolves,H,2,19.0,9.0,1.0,0.0,1.0,"Disciplined, Disciplined",0
2010-2011_Birmingham_Stoke,2010-2011,25,Birmingham,Stoke,H,1,25.0,8.0,1.0,0.0,1.0,"Disciplined, LowTempoController",0
2010-2011_Blackburn_Newcastle,2010-2011,25,Blackburn,Newcastle,D,0,16.0,13.0,4.0,0.0,4.0,"LowTempoController, DirectPlay",0
2010-2011_Blackpool_Aston Villa,2010-2011,25,Blackpool,Aston Villa,D,2,21.0,12.0,3.0,1.0,5.0,"LowTempoController, AggressiveTackler",0
2010-2011_Liverpool_Wigan,2010-2011,25,Liverpool,Wigan,D,2,21.0,13.0,4.0,0.0,4.0,"LowTempoController, DirectPlay",0
2010-2011_Man United_Man City,2010-2011,25,Man United,Man City,H,3,24.0,11.0,4.0,0.0,4.0,"AggressiveTackler, AggressiveTackler",0
2010-2011_Sunderland_Tottenham,2010-2011,25,Sunderland,Tottenham,A,3,27.0,5.0,6.0,0.0,6.0,"AggressiveTackler, RiskTaker, ChaosInducer",1
2010-2011_West Brom_West Ham,2010-2011,25,West Brom,West Ham,D,6,33.0,13.0,5.0,0.0,5.0,"RiskTaker, HighPressure, ChaosInducer",1
2010-2011_Bolton_Everton,2010-2011,25,Bolton,Everton,H,2,20.0,8.0,1.0,0.0,1.0,"Disciplined, Opportunistic",0
2010-2011_Fulham_Chelsea,2010-2011,25,Fulham,Chelsea,D,0,35.0,10.0,3.0,0.0,3.0,"HighPressure, Opportunistic",0
2010-2011_Birmingham_Newcastle,2010-2011,25,Birmingham,Newcastle,A,2,21.0,10.0,4.0,0.0,4.0,"ChaosInducer, ChaosInducer",1
2010-2011_West Brom_Wolves,2010-2011,25,West Brom,Wolves,D,2,25.0,13.0,0.0,0.0,0.0,"HighPressure, Disciplined",0
2010-2011_Blackpool_Tottenham,2010-2011,25,Blackpool,Tottenham,H,4,33.0,8.0,2.0,0.0,2.0,"RiskTaker, HighPressure, Disciplined",0
2010-2011_Arsenal_Stoke,2010-2011,25,Arsenal,Stoke,H,1,16.0,8.0,3.0,0.0,3.0,"LowTempoController, HighPressure",0
2010-2011_Aston Villa_Blackburn,2010-2011,26,Aston Villa,Blackburn,H,5,22.0,12.0,3.0,1.0,5.0,"RiskTaker, ChaosInducer, LowTempoController",1
2010-2011_Everton_Sunderland,2010-2011,26,Everton,Sunderland,H,2,29.0,5.0,0.0,0.0,0.0,"Disciplined, Opportunistic",0
2010-2011_Newcastle_Bolton,2010-2011,26,Newcastle,Bolton,D,2,30.0,9.0,2.0,1.0,4.0,"Opportunistic, RiskTaker",0
2010-2011_Wigan_Man United,2010-2011,26,Wigan,Man United,A,4,24.0,12.0,1.0,0.0,1.0,"RiskTaker, Disciplined",0
2010-2011_Wolves_Blackpool,2010-2011,26,Wolves,Blackpool,H,4,17.0,15.0,2.0,1.0,4.0,"ChaosInducer, LowTempoController",0
2010-2011_Man City_Fulham,2010-2011,26,Man City,Fulham,D,2,25.0,11.0,3.0,0.0,3.0,"Disciplined, Disciplined",0
2010-2011_West Ham_Liverpool,2010-2011,26,West Ham,Liverpool,H,4,29.0,14.0,1.0,0.0,1.0,"RiskTaker, HighPressure, Disciplined",0
2010-2011_Stoke_West Brom,2010-2011,26,Stoke,West Brom,D,2,22.0,4.0,4.0,0.0,4.0,"Disciplined, HighPressure",0
2010-2011_Chelsea_Man United,2010-2011,26,Chelsea,Man United,H,3,29.0,12.0,5.0,1.0,7.0,"AggressiveTackler, RiskTaker, HighPressure, ChaosInducer",1
2010-2011_Arsenal_Sunderland,2010-2011,27,Arsenal,Sunderland,D,0,20.0,11.0,6.0,0.0,6.0,"AggressiveTackler, LowTempoController",0
2010-2011_Birmingham_West Brom,2010-2011,27,Birmingham,West Brom,A,4,18.0,10.0,4.0,0.0,4.0,"ChaosInducer, LowTempoController",0
2010-2011_Bolton_Aston Villa,2010-2011,27,Bolton,Aston Villa,H,5,25.0,13.0,7.0,0.0,7.0,"AggressiveTackler, RiskTaker, HighPressure, ChaosInducer",1
2010-2011_Fulham_Blackburn,2010-2011,27,Fulham,Blackburn,H,5,27.0,16.0,5.0,0.0,5.0,"RiskTaker, HighPressure, ChaosInducer, LowTempoController",1
2010-2011_Man City_Wigan,2010-2011,27,Man City,Wigan,H,1,19.0,10.0,4.0,0.0,4.0,"LowTempoController, ChaosInducer",0
2010-2011_Newcastle_Everton,2010-2011,27,Newcastle,Everton,A,3,23.0,9.0,6.0,0.0,6.0,"AggressiveTackler, ChaosInducer",1
2010-2011_West Ham_Stoke,2010-2011,27,West Ham,Stoke,H,3,22.0,10.0,3.0,0.0,3.0,"LowTempoController, DirectPlay",0
2010-2011_Liverpool_Man United,2010-2011,27,Liverpool,Man United,H,4,29.0,10.0,5.0,0.0,5.0,"RiskTaker, HighPressure, ChaosInducer",1
2010-2011_Wolves_Tottenham,2010-2011,27,Wolves,Tottenham,D,6,28.0,11.0,3.0,0.0,3.0,"RiskTaker, HighPressure, ChaosInducer",1
2010-2011_Blackpool_Chelsea,2010-2011,27,Blackpool,Chelsea,A,4,32.0,16.0,0.0,0.0,0.0,"RiskTaker, HighPressure, Disciplined",0
2010-2011_Everton_Birmingham,2010-2011,27,Everton,Birmingham,D,2,22.0,10.0,4.0,0.0,4.0,"Opportunistic, DirectPlay",0
2010-2011_Aston Villa_Wolves,2010-2011,28,Aston Villa,Wolves,A,1,19.0,11.0,4.0,0.0,4.0,"LowTempoController, LowTempoController",0
2010-2011_Blackburn_Blackpool,2010-2011,28,Blackburn,Blackpool,D,4,32.0,11.0,2.0,0.0,2.0,"RiskTaker, HighPressure, Disciplined",0
2010-2011_Everton_Fulham,2010-2011,28,Everton,Fulham,H,3,28.0,12.0,2.0,0.0,2.0,"RiskTaker, HighPressure, Disciplined",0
2010-2011_Man United_Bolton,2010-2011,28,Man United,Bolton,H,1,25.0,17.0,0.0,1.0,2.0,"HighPressure, Disciplined, LowTempoController",0
2010-2011_Stoke_Newcastle,2010-2011,28,Stoke,Newcastle,H,4,22.0,10.0,2.0,0.0,2.0,"Disciplined, Opportunistic",0
2010-2011_Tottenham_West Ham,2010-2011,28,Tottenham,West Ham,D,0,37.0,8.0,4.0,0.0,4.0,"HighPressure, Opportunistic",0
2010-2011_West Brom_Arsenal,2010-2011,28,West Brom,Arsenal,D,4,22.0,9.0,4.0,0.0,4.0,"ChaosInducer, HighPressure",1
2010-2011_Wigan_Birmingham,2010-2011,28,Wigan,Birmingham,H,3,23.0,13.0,4.0,0.0,4.0,"LowTempoController, LowTempoController",0
2010-2011_Chelsea_Man City,2010-2011,28,Chelsea,Man City,H,2,21.0,6.0,7.0,0.0,7.0,"AggressiveTackler, ChaosInducer",1
2010-2011_Sunderland_Liverpool,2010-2011,28,Sunderland,Liverpool,A,2,13.0,9.0,6.0,1.0,8.0,"AggressiveTackler, ChaosInducer, LowTempoController",0
2010-2011_Arsenal_Blackburn,2010-2011,29,Arsenal,Blackburn,D,0,26.0,15.0,3.0,1.0,5.0,"HighPressure, LowTempoController",0
2010-2011_Birmingham_Bolton,2010-2011,29,Birmingham,Bolton,H,3,28.0,17.0,2.0,0.0,2.0,"RiskTaker, HighPressure, Disciplined, LowTempoController",0
2010-2011_Everton_Aston Villa,2010-2011,29,Everton,Aston Villa,D,4,21.0,12.0,5.0,0.0,5.0,"ChaosInducer, LowTempoController",0
2010-2011_Newcastle_Wolves,2010-2011,29,Newcastle,Wolves,H,5,30.0,9.0,8.0,0.0,8.0,"AggressiveTackler, RiskTaker, ChaosInducer",1
2010-2011_Stoke_Chelsea,2010-2011,29,Stoke,Chelsea,D,2,33.0,17.0,3.0,0.0,3.0,"HighPressure, Opportunistic",0
2010-2011_West Brom_Liverpool,2010-2011,29,West Brom,Liverpool,H,3,30.0,5.0,5.0,0.0,5.0,"RiskTaker, ChaosInducer",1
2010-2011_West Ham_Man United,2010-2011,29,West Ham,Man United,A,6,24.0,16.0,3.0,0.0,3.0,"RiskTaker, HighPressure, ChaosInducer, LowTempoController",1
2010-2011_Wigan_Tottenham,2010-2011,29,Wigan,Tottenham,D,0,24.0,10.0,2.0,0.0,2.0,"Disciplined, Disciplined",0
2010-2011_Fulham_Blackpool,2010-2011,29,Fulham,Blackpool,H,3,23.0,11.0,3.0,0.0,3.0,"RiskTaker, AggressiveTackler",1
2010-2011_Man City_Sunderland,2010-2011,29,Man City,Sunderland,H,5,22.0,11.0,5.0,0.0,5.0,"RiskTaker, ChaosInducer",1
2010-2011_Blackburn_Birmingham,2010-2011,30,Blackburn,Birmingham,D,2,21.0,10.0,5.0,0.0,5.0,"DirectPlay, ChaosInducer",0
2010-2011_Bolton_West Ham,2010-2011,30,Bolton,West Ham,H,3,37.0,15.0,1.0,0.0,1.0,"RiskTaker, HighPressure, Disciplined",0
2010-2011_Chelsea_Wigan,2010-2011,30,Chelsea,Wigan,H,1,32.0,15.0,3.0,0.0,3.0,"HighPressure, Opportunistic",0
2010-2011_Man United_Fulham,2010-2011,30,Man United,Fulham,H,2,28.0,11.0,0.0,0.0,0.0,"HighPressure, Disciplined, Opportunistic",0
2010-2011_Sunderland_West Brom,2010-2011,30,Sunderland,West Brom,A,5,19.0,7.0,4.0,0.0,4.0,"ChaosInducer, ChaosInducer",1
2010-2011_Tottenham_Stoke,2010-2011,30,Tottenham,Stoke,H,5,19.0,15.0,4.0,0.0,4.0,"ChaosInducer, LowTempoController",0
2010-2011_Wolves_Everton,2010-2011,30,Wolves,Everton,A,3,20.0,19.0,1.0,0.0,1.0,"HighPressure, Disciplined, LowTempoController",0
2010-2011_Aston Villa_Newcastle,2010-2011,30,Aston Villa,Newcastle,H,1,19.0,11.0,4.0,0.0,4.0,"LowTempoController, HighPressure",0
2010-2011_Blackpool_Arsenal,2010-2011,30,Blackpool,Arsenal,A,4,28.0,10.0,4.0,0.0,4.0,"RiskTaker, ChaosInducer",1
2010-2011_Liverpool_Man City,2010-2011,30,Liverpool,Man City,H,3,28.0,8.0,1.0,0.0,1.0,"RiskTaker, Disciplined",0
2010-2011_Birmingham_Sunderland,2010-2011,31,Birmingham,Sunderland,H,2,25.0,13.0,0.0,0.0,0.0,"HighPressure, Disciplined",0
2010-2011_Blackpool_Wigan,2010-2011,31,Blackpool,Wigan,A,4,23.0,8.0,4.0,0.0,4.0,"ChaosInducer, Opportunistic",0
2010-2011_Everton_Blackburn,2010-2011,31,Everton,Blackburn,H,2,21.0,11.0,5.0,0.0,5.0,"LowTempoController, ChaosInducer",0
2010-2011_West Brom_Chelsea,2010-2011,31,West Brom,Chelsea,A,4,31.0,8.0,1.0,0.0,1.0,"RiskTaker, Disciplined",0
2010-2011_West Ham_Aston Villa,2010-2011,31,West Ham,Aston Villa,A,3,33.0,16.0,0.0,0.0,0.0,"RiskTaker, HighPressure, Disciplined",0
2010-2011_Arsenal_Liverpool,2010-2011,31,Arsenal,Liverpool,D,2,21.0,13.0,6.0,0.0,6.0,"AggressiveTackler, LowTempoController",0
2010-2011_Newcastle_Man United,2010-2011,32,Newcastle,Man United,D,0,30.0,13.0,4.0,0.0,4.0,"HighPressure, Opportunistic",0
2010-2011_Chelsea_Birmingham,2010-2011,32,Chelsea,Birmingham,H,4,23.0,11.0,1.0,0.0,1.0,"Disciplined, Disciplined",0
2010-2011_Tottenham_Arsenal,2010-2011,32,Tottenham,Arsenal,D,6,29.0,13.0,3.0,0.0,3.0,"RiskTaker, HighPressure, ChaosInducer",1
2010-2011_Aston Villa_Stoke,2010-2011,33,Aston Villa,Stoke,D,2,11.0,15.0,3.0,0.0,3.0,"LowTempoController, DirectPlay",0
2010-2011_Blackpool_Newcastle,2010-2011,33,Blackpool,Newcastle,D,2,27.0,8.0,2.0,0.0,2.0,"Disciplined, Opportunistic",0
2010-2011_Chelsea_West Ham,2010-2011,33,Chelsea,West Ham,H,3,28.0,12.0,3.0,0.0,3.0,"RiskTaker, HighPressure",0
2010-2011_Liverpool_Birmingham,2010-2011,33,Liverpool,Birmingham,H,5,27.0,7.0,1.0,0.0,1.0,"RiskTaker, Disciplined",0
2010-2011_Man United_Everton,2010-2011,33,Man United,Everton,H,1,26.0,14.0,3.0,0.0,3.0,"HighPressure, LowTempoController",0
2010-2011_Sunderland_Wigan,2010-2011,33,Sunderland,Wigan,H,6,22.0,10.0,3.0,0.0,3.0,"RiskTaker, ChaosInducer",1
2010-2011_Tottenham_West Brom,2010-2011,33,Tottenham,West Brom,D,4,29.0,12.0,2.0,0.0,2.0,"RiskTaker, HighPressure, Disciplined",0
2010-2011_Wolves_Fulham,2010-2011,33,Wolves,Fulham,D,2,27.0,8.0,4.0,0.0,4.0,"Opportunistic, LowTempoController",0
2010-2011_Bolton_Arsenal,2010-2011,33,Bolton,Arsenal,H,3,28.0,12.0,6.0,0.0,6.0,"AggressiveTackler, RiskTaker, HighPressure, ChaosInducer",1
2010-2011_Blackburn_Man City,2010-2011,33,Blackburn,Man City,A,1,22.0,10.0,5.0,0.0,5.0,"Disciplined, HighPressure",0
2010-2011_Stoke_Wolves,2010-2011,33,Stoke,Wolves,H,3,22.0,18.0,5.0,0.0,5.0,"HighPressure, ChaosInducer, LowTempoController",0
2010-2011_Fulham_Bolton,2010-2011,33,Fulham,Bolton,H,3,32.0,17.0,2.0,0.0,2.0,"RiskTaker, HighPressure, Disciplined",0
2010-2011_Blackburn_Bolton,2010-2011,34,Blackburn,Bolton,H,1,28.0,13.0,3.0,0.0,3.0,"HighPressure, Opportunistic",0
2010-2011_Blackpool_Stoke,2010-2011,34,Blackpool,Stoke,D,0,20.0,12.0,0.0,0.0,0.0,"Disciplined, LowTempoController",0
2010-2011_Chelsea_Tottenham,2010-2011,34,Chelsea,Tottenham,H,3,28.0,11.0,4.0,0.0,4.0,"RiskTaker, HighPressure",1
2010-2011_Sunderland_Fulham,2010-2011,34,Sunderland,Fulham,A,3,20.0,9.0,1.0,0.0,1.0,"Disciplined, Disciplined",0
2010-2011_West Brom_Aston Villa,2010-2011,34,West Brom,Aston Villa,H,3,19.0,10.0,4.0,1.0,6.0,"AggressiveTackler, ChaosInducer, LowTempoController",0
2010-2011_Wigan_Everton,2010-2011,34,Wigan,Everton,D,2,16.0,11.0,4.0,0.0,4.0,"LowTempoController, LowTempoController",0
2010-2011_Arsenal_Man United,2010-2011,34,Arsenal,Man United,H,1,20.0,9.0,5.0,0.0,5.0,"RiskTaker, HighPressure",0
2010-2011_Birmingham_Wolves,2010-2011,34,Birmingham,Wolves,D,2,15.0,2.0,6.0,1.0,8.0,"AggressiveTackler, ChaosInducer",1
2010-2011_Liverpool_Newcastle,2010-2011,34,Liverpool,Newcastle,H,3,16.0,15.0,3.0,0.0,3.0,"LowTempoController, RiskTaker",0
2010-2011_Man City_West Ham,2010-2011,34,Man City,West Ham,H,3,26.0,13.0,4.0,0.0,4.0,"HighPressure, AggressiveTackler",1
2010-2011_Aston Villa_Wigan,2010-2011,35,Aston Villa,Wigan,D,2,17.0,7.0,2.0,0.0,2.0,"Disciplined, RiskTaker",0
2010-2011_Bolton_Sunderland,2010-2011,35,Bolton,Sunderland,A,3,27.0,10.0,1.0,0.0,1.0,"RiskTaker, Disciplined",0
2010-2011_Everton_Man City,2010-2011,35,Everton,Man City,H,3,22.0,17.0,6.0,0.0,6.0,"AggressiveTackler, HighPressure, ChaosInducer, LowTempoController",1
2010-2011_Newcastle_Birmingham,2010-2011,35,Newcastle,Birmingham,H,3,24.0,10.0,5.0,1.0,7.0,"AggressiveTackler, ChaosInducer",0
2010-2011_Tottenham_Blackpool,2010-2011,35,Tottenham,Blackpool,D,2,33.0,13.0,5.0,0.0,5.0,"HighPressure, Opportunistic",0
2010-2011_West Ham_Blackburn,2010-2011,35,West Ham,Blackburn,D,2,32.0,10.0,3.0,0.0,3.0,"HighPressure, Opportunistic",0
2010-2011_Man United_Chelsea,2010-2011,35,Man United,Chelsea,H,3,32.0,9.0,6.0,0.0,6.0,"AggressiveTackler, RiskTaker, HighPressure, ChaosInducer",1
2010-2011_Stoke_Arsenal,2010-2011,35,Stoke,Arsenal,H,4,26.0,7.0,3.0,0.0,3.0,"RiskTaker, AggressiveTackler",0
2010-2011_Wolves_West Brom,2010-2011,35,Wolves,West Brom,H,4,28.0,12.0,4.0,0.0,4.0,"RiskTaker, HighPressure, ChaosInducer",1
2010-2011_Fulham_Liverpool,2010-2011,35,Fulham,Liverpool,A,7,26.0,11.0,7.0,0.0,7.0,"AggressiveTackler, RiskTaker, ChaosInducer",1
2010-2011_Man City_Tottenham,2010-2011,35,Man City,Tottenham,H,1,21.0,10.0,2.0,0.0,2.0,"Disciplined, AggressiveTackler",0
2010-2011_Blackburn_Man United,2010-2011,36,Blackburn,Man United,D,2,15.0,8.0,3.0,0.0,3.0,"LowTempoController, RiskTaker",0
2010-2011_Blackpool_Bolton,2010-2011,36,Blackpool,Bolton,H,7,29.0,11.0,6.0,0.0,6.0,"AggressiveTackler, RiskTaker, HighPressure, ChaosInducer",1
2010-2011_Sunderland_Wolves,2010-2011,36,Sunderland,Wolves,A,4,24.0,10.0,0.0,0.0,0.0,"RiskTaker, Disciplined",0
2010-2011_West Brom_Everton,2010-2011,36,West Brom,Everton,H,1,37.0,14.0,4.0,1.0,6.0,"AggressiveTackler, HighPressure, Opportunistic",1
2010-2011_Arsenal_Aston Villa,2010-2011,36,Arsenal,Aston Villa,A,3,32.0,15.0,5.0,0.0,5.0,"RiskTaker, HighPressure, ChaosInducer",1
2010-2011_Birmingham_Fulham,2010-2011,36,Birmingham,Fulham,A,2,25.0,10.0,5.0,0.0,5.0,"HighPressure, Opportunistic",0
2010-2011_Chelsea_Newcastle,2010-2011,36,Chelsea,Newcastle,D,4,28.0,11.0,6.0,0.0,6.0,"AggressiveTackler, RiskTaker, HighPressure, ChaosInducer",1
2010-2011_Liverpool_Tottenham,2010-2011,36,Liverpool,Tottenham,A,2,18.0,16.0,3.0,0.0,3.0,"LowTempoController, LowTempoController",0
2010-2011_Wigan_West Ham,2010-2011,36,Wigan,West Ham,H,5,32.0,16.0,2.0,0.0,2.0,"RiskTaker, HighPressure, Disciplined",0
2010-2011_Man City_Stoke,2010-2011,36,Man City,Stoke,H,3,20.0,7.0,3.0,0.0,3.0,"Disciplined, Disciplined",0
2010-2011_Aston Villa_Liverpool,2010-2011,37,Aston Villa,Liverpool,H,1,19.0,9.0,4.0,0.0,4.0,"LowTempoController, DirectPlay",0
2010-2011_Bolton_Man City,2010-2011,37,Bolton,Man City,A,2,32.0,11.0,2.0,1.0,4.0,"HighPressure, Opportunistic",0
2010-2011_Everton_Chelsea,2010-2011,37,Everton,Chelsea,H,1,30.0,11.0,5.0,1.0,7.0,"AggressiveTackler, HighPressure, Opportunistic",1
2010-2011_Fulham_Arsenal,2010-2011,37,Fulham,Arsenal,D,4,22.0,8.0,3.0,1.0,5.0,"ChaosInducer, DirectPlay",1
2010-2011_Man United_Blackpool,2010-2011,37,Man United,Blackpool,H,6,32.0,16.0,3.0,0.0,3.0,"RiskTaker, HighPressure, ChaosInducer",1
2010-2011_Newcastle_West Brom,2010-2011,37,Newcastle,West Brom,D,6,28.0,13.0,0.0,0.0,0.0,"RiskTaker, HighPressure, Disciplined",0
2010-2011_Stoke_Wigan,2010-2011,37,Stoke,Wigan,A,1,22.0,8.0,5.0,0.0,5.0,"AggressiveTackler, AggressiveTackler",1
2010-2011_Tottenham_Birmingham,2010-2011,37,Tottenham,Birmingham,H,3,29.0,12.0,3.0,0.0,3.0,"RiskTaker, HighPressure",1
2010-2011_West Ham_Sunderland,2010-2011,37,West Ham,Sunderland,A,3,34.0,10.0,2.0,0.0,2.0,"RiskTaker, HighPressure, Disciplined",0
2010-2011_Wolves_Blackburn,2010-2011,37,Wolves,Blackburn,A,5,25.0,11.0,4.0,0.0,4.0,"RiskTaker, ChaosInducer",1
2011-2012_Blackburn_Wolves,2011-2012,1,Blackburn,Wolves,A,3,29.0,18.0,6.0,0.0,6.0,"AggressiveTackler, RiskTaker, HighPressure, ChaosInducer, LowTempoController",1
2011-2012_Fulham_Aston Villa,2011-2012,1,Fulham,Aston Villa,D,0,20.0,5.0,6.0,0.0,6.0,"AggressiveTackler, HighPressure",1
2011-2012_Liverpool_Sunderland,2011-2012,1,Liverpool,Sunderland,D,2,26.0,9.0,8.0,0.0,8.0,"AggressiveTackler, ChaosInducer",1
2011-2012_Newcastle_Arsenal,2011-2012,1,Newcastle,Arsenal,D,0,15.0,7.0,8.0,1.0,10.0,"AggressiveTackler, ChaosInducer",1
2011-2012_QPR_Bolton,2011-2012,1,QPR,Bolton,A,4,26.0,5.0,3.0,1.0,5.0,"RiskTaker, ChaosInducer",1
2011-2012_Wigan_Norwich,2011-2012,1,Wigan,Norwich,D,2,31.0,10.0,4.0,0.0,4.0,"HighPressure, Opportunistic",1
2011-2012_Stoke_Chelsea,2011-2012,1,Stoke,Chelsea,D,0,26.0,10.0,4.0,0.0,4.0,"ChaosInducer, RiskTaker",1
2011-2012_West Brom_Man United,2011-2012,1,West Brom,Man United,A,3,25.0,11.0,5.0,0.0,5.0,"ChaosInducer, AggressiveTackler",1
2011-2012_Man City_Swansea,2011-2012,1,Man City,Swansea,H,4,34.0,11.0,0.0,0.0,0.0,"RiskTaker, HighPressure, Disciplined",0
2011-2012_Arsenal_Liverpool,2011-2012,2,Arsenal,Liverpool,A,2,23.0,14.0,4.0,1.0,6.0,"AggressiveTackler, HighPressure, LowTempoController",1
2011-2012_Aston Villa_Blackburn,2011-2012,2,Aston Villa,Blackburn,H,4,19.0,9.0,3.0,0.0,3.0,"Disciplined, HighPressure",0
2011-2012_Chelsea_West Brom,2011-2012,2,Chelsea,West Brom,H,3,28.0,11.0,6.0,0.0,6.0,"AggressiveTackler, RiskTaker, HighPressure, ChaosInducer",1
2011-2012_Everton_QPR,2011-2012,2,Everton,QPR,A,1,18.0,3.0,2.0,0.0,2.0,"Disciplined, RiskTaker",0
2011-2012_Sunderland_Newcastle,2011-2012,2,Sunderland,Newcastle,A,1,27.0,13.0,6.0,1.0,8.0,"AggressiveTackler, HighPressure, ChaosInducer, Opportunistic",1
2011-2012_Swansea_Wigan,2011-2012,2,Swansea,Wigan,D,0,22.0,14.0,3.0,0.0,3.0,"LowTempoController, HighPressure",0
2011-2012_Bolton_Man City,2011-2012,2,Bolton,Man City,A,5,23.0,15.0,2.0,0.0,2.0,"RiskTaker, HighPressure, Disciplined, LowTempoController",0
2011-2012_Norwich_Stoke,2011-2012,2,Norwich,Stoke,D,2,24.0,9.0,2.0,1.0,4.0,"RiskTaker, RiskTaker",1
2011-2012_Wolves_Fulham,2011-2012,2,Wolves,Fulham,H,2,25.0,15.0,4.0,0.0,4.0,"HighPressure, LowTempoController",0
2011-2012_Man United_Tottenham,2011-2012,2,Man United,Tottenham,H,3,47.0,14.0,3.0,0.0,3.0,"RiskTaker, HighPressure",0
2011-2012_Aston Villa_Wolves,2011-2012,3,Aston Villa,Wolves,D,0,18.0,19.0,4.0,0.0,4.0,"HighPressure, LowTempoController",0
2011-2012_Blackburn_Everton,2011-2012,3,Blackburn,Everton,A,1,23.0,9.0,7.0,0.0,7.0,"AggressiveTackler, LowTempoController",0
2011-2012_Chelsea_Norwich,2011-2012,3,Chelsea,Norwich,H,4,25.0,14.0,4.0,1.0,6.0,"AggressiveTackler, RiskTaker, HighPressure, ChaosInducer, LowTempoController",1
2011-2012_Liverpool_Bolton,2011-2012,3,Liverpool,Bolton,H,4,24.0,18.0,2.0,0.0,2.0,"RiskTaker, HighPressure, Disciplined, LowTempoController",0
2011-2012_Swansea_Sunderland,2011-2012,3,Swansea,Sunderland,D,0,27.0,11.0,2.0,0.0,2.0,"Disciplined, Opportunistic",0
2011-2012_Wigan_QPR,2011-2012,3,Wigan,QPR,H,2,32.0,15.0,2.0,0.0,2.0,"HighPressure, Disciplined, Opportunistic",0
2011-2012_Man United_Arsenal,2011-2012,3,Man United,Arsenal,H,10,44.0,8.0,5.0,1.0,7.0,"AggressiveTackler, RiskTaker, HighPressure, ChaosInducer",1
2011-2012_Newcastle_Fulham,2011-2012,3,Newcastle,Fulham,H,3,29.0,12.0,3.0,0.0,3.0,"RiskTaker, HighPressure",0
2011-2012_Tottenham_Man City,2011-2012,3,Tottenham,Man City,A,6,37.0,15.0,6.0,0.0,6.0,"AggressiveTackler, RiskTaker, HighPressure, ChaosInducer",1
2011-2012_West Brom_Stoke,2011-2012,3,West Brom,Stoke,A,1,23.0,6.0,0.0,0.0,0.0,"Disciplined, AggressiveTackler",0
2011-2012_Arsenal_Swansea,2011-2012,4,Arsenal,Swansea,H,1,28.0,9.0,5.0,0.0,5.0,"Opportunistic, Opportunistic",0
2011-2012_Bolton_Man United,2011-2012,4,Bolton,Man United,A,5,33.0,12.0,2.0,0.0,2.0,"RiskTaker, HighPressure, Disciplined",0
2011-2012_Everton_Aston Villa,2011-2012,4,Everton,Aston Villa,D,4,24.0,8.0,2.0,0.0,2.0,"RiskTaker, Disciplined",0
2011-2012_Man City_Wigan,2011-2012,4,Man City,Wigan,H,3,32.0,11.0,0.0,0.0,0.0,"RiskTaker, HighPressure, Disciplined",0
2011-2012_Stoke_Liverpool,2011-2012,4,Stoke,Liverpool,H,1,23.0,14.0,1.0,0.0,1.0,"HighPressure, Disciplined, LowTempoController",0
2011-2012_Sunderland_Chelsea,2011-2012,4,Sunderland,Chelsea,A,3,30.0,11.0,2.0,0.0,2.0,"RiskTaker, HighPressure, Disciplined",0
2011-2012_Wolves_Tottenham,2011-2012,4,Wolves,Tottenham,A,2,27.0,14.0,5.0,0.0,5.0,"HighPressure, Opportunistic",0
2011-2012_Fulham_Blackburn,2011-2012,4,Fulham,Blackburn,D,2,23.0,13.0,4.0,0.0,4.0,"LowTempoController, HighPressure",0
2011-2012_Norwich_West Brom,2011-2012,4,Norwich,West Brom,A,1,31.0,4.0,3.0,0.0,3.0,"Opportunistic, Opportunistic",0
2011-2012_QPR_Newcastle,2011-2012,4,QPR,Newcastle,D,0,22.0,10.0,4.0,0.0,4.0,"HighPressure, LowTempoController",0
2011-2012_Aston Villa_Newcastle,2011-2012,5,Aston Villa,Newcastle,D,2,31.0,13.0,2.0,0.0,2.0,"HighPressure, Disciplined, Opportunistic",0
2011-2012_Blackburn_Arsenal,2011-2012,5,Blackburn,Arsenal,H,7,34.0,15.0,3.0,0.0,3.0,"RiskTaker, HighPressure, ChaosInducer",1
2011-2012_Bolton_Norwich,2011-2012,5,Bolton,Norwich,A,3,18.0,15.0,4.0,1.0,6.0,"AggressiveTackler, ChaosInducer, LowTempoController",0
2011-2012_Everton_Wigan,2011-2012,5,Everton,Wigan,H,4,26.0,13.0,3.0,0.0,3.0,"RiskTaker, HighPressure",0
2011-2012_Swansea_West Brom,2011-2012,5,Swansea,West Brom,H,3,20.0,10.0,3.0,0.0,3.0,"Disciplined, Opportunistic",0
2011-2012_Wolves_QPR,2011-2012,5,Wolves,QPR,A,3,30.0,12.0,5.0,0.0,5.0,"RiskTaker, HighPressure, ChaosInducer",1
2011-2012_Fulham_Man City,2011-2012,5,Fulham,Man City,D,4,32.0,15.0,2.0,0.0,2.0,"RiskTaker, HighPressure, Disciplined",0
2011-2012_Man United_Chelsea,2011-2012,5,Man United,Chelsea,H,4,32.0,14.0,5.0,0.0,5.0,"RiskTaker, HighPressure, ChaosInducer",1
2011-2012_Sunderland_Stoke,2011-2012,5,Sunderland,Stoke,H,4,17.0,11.0,3.0,0.0,3.0,"LowTempoController, Disciplined",0
2011-2012_Tottenham_Liverpool,2011-2012,5,Tottenham,Liverpool,H,4,29.0,5.0,5.0,2.0,9.0,"AggressiveTackler, RiskTaker, ChaosInducer",1
2011-2012_Arsenal_Bolton,2011-2012,6,Arsenal,Bolton,H,3,26.0,11.0,1.0,1.0,3.0,"DirectPlay, AggressiveTackler",0
2011-2012_Chelsea_Swansea,2011-2012,6,Chelsea,Swansea,H,5,20.0,7.0,6.0,1.0,8.0,"AggressiveTackler, RiskTaker, ChaosInducer",1
2011-2012_Liverpool_Wolves,2011-2012,6,Liverpool,Wolves,H,3,25.0,9.0,7.0,0.0,7.0,"AggressiveTackler, ChaosInducer",1
2011-2012_Man City_Everton,2011-2012,6,Man City,Everton,H,2,25.0,12.0,6.0,0.0,6.0,"AggressiveTackler, AggressiveTackler",1
2011-2012_Newcastle_Blackburn,2011-2012,6,Newcastle,Blackburn,H,4,23.0,6.0,4.0,1.0,6.0,"AggressiveTackler, ChaosInducer",0
2011-2012_Stoke_Man United,2011-2012,6,Stoke,Man United,D,2,27.0,16.0,1.0,0.0,1.0,"HighPressure, Disciplined, LowTempoController, Opportunistic",0
2011-2012_West Brom_Fulham,2011-2012,6,West Brom,Fulham,D,0,26.0,2.0,3.0,0.0,3.0,"ChaosInducer, LowTempoController",0
2011-2012_Wigan_Tottenham,2011-2012,6,Wigan,Tottenham,A,3,19.0,10.0,4.0,1.0,6.0,"AggressiveTackler, ChaosInducer, LowTempoController",0
2011-2012_QPR_Aston Villa,2011-2012,6,QPR,Aston Villa,D,2,25.0,19.0,7.0,1.0,9.0,"AggressiveTackler, HighPressure, ChaosInducer, LowTempoController",1
2011-2012_Norwich_Sunderland,2011-2012,6,Norwich,Sunderland,H,3,23.0,11.0,3.0,0.0,3.0,"Disciplined, RiskTaker",0
2011-2012_Aston Villa_Wigan,2011-2012,7,Aston Villa,Wigan,H,2,30.0,15.0,1.0,0.0,1.0,"HighPressure, Disciplined, Opportunistic",0
2011-2012_Blackburn_Man City,2011-2012,7,Blackburn,Man City,A,4,24.0,9.0,2.0,0.0,2.0,"RiskTaker, Disciplined",0
2011-2012_Everton_Liverpool,2011-2012,7,Everton,Liverpool,A,2,27.0,14.0,2.0,1.0,4.0,"HighPressure, Opportunistic",0
2011-2012_Man United_Norwich,2011-2012,7,Man United,Norwich,H,2,30.0,13.0,1.0,0.0,1.0,"HighPressure, Disciplined, Opportunistic",0
2011-2012_Sunderland_West Brom,2011-2012,7,Sunderland,West Brom,D,4,19.0,11.0,2.0,0.0,2.0,"Disciplined, LowTempoController",0
2011-2012_Wolves_Newcastle,2011-2012,7,Wolves,Newcastle,A,3,35.0,15.0,3.0,0.0,3.0,"RiskTaker, HighPressure",0
2011-2012_Bolton_Chelsea,2011-2012,7,Bolton,Chelsea,A,6,35.0,9.0,3.0,0.0,3.0,"RiskTaker, HighPressure, ChaosInducer",1
2011-2012_Fulham_QPR,2011-2012,7,Fulham,QPR,H,6,36.0,8.0,5.0,0.0,5.0,"RiskTaker, HighPressure, ChaosInducer",1
2011-2012_Swansea_Stoke,2011-2012,7,Swansea,Stoke,H,2,20.0,11.0,8.0,0.0,8.0,"AggressiveTackler, ChaosInducer, LowTempoController",0
2011-2012_Tottenham_Arsenal,2011-2012,7,Tottenham,Arsenal,H,3,29.0,16.0,3.0,0.0,3.0,"RiskTaker, HighPressure, LowTempoController",0
2011-2012_Chelsea_Everton,2011-2012,8,Chelsea,Everton,H,4,16.0,4.0,4.0,0.0,4.0,"ChaosInducer, HighPressure",1
2011-2012_Liverpool_Man United,2011-2012,8,Liverpool,Man United,D,2,24.0,11.0,4.0,0.0,4.0,"AggressiveTackler, Opportunistic",0
2011-2012_Man City_Aston Villa,2011-2012,8,Man City,Aston Villa,H,5,23.0,6.0,2.0,0.0,2.0,"RiskTaker, Disciplined",0
2011-2012_Norwich_Swansea,2011-2012,8,Norwich,Swansea,H,4,27.0,8.0,1.0,0.0,1.0,"RiskTaker, Disciplined",0
2011-2012_QPR_Blackburn,2011-2012,8,QPR,Blackburn,D,2,22.0,12.0,5.0,0.0,5.0,"LowTempoController, HighPressure",0
2011-2012_Stoke_Fulham,2011-2012,8,Stoke,Fulham,H,2,18.0,7.0,8.0,0.0,8.0,"AggressiveTackler, ChaosInducer",1
2011-2012_Wigan_Bolton,2011-2012,8,Wigan,Bolton,A,4,27.0,9.0,8.0,0.0,8.0,"AggressiveTackler, RiskTaker, ChaosInducer",1
2011-2012_Arsenal_Sunderland,2011-2012,8,Arsenal,Sunderland,H,3,28.0,11.0,6.0,0.0,6.0,"AggressiveTackler, RiskTaker, HighPressure, ChaosInducer",1
2011-2012_Newcastle_Tottenham,2011-2012,8,Newcastle,Tottenham,D,4,23.0,7.0,3.0,0.0,3.0,"HighPressure, ChaosInducer",0
2011-2012_West Brom_Wolves,2011-2012,8,West Brom,Wolves,H,2,30.0,13.0,1.0,0.0,1.0,"HighPressure, Disciplined, Opportunistic",0
2011-2012_Aston Villa_West Brom,2011-2012,9,Aston Villa,West Brom,A,3,11.0,11.0,5.0,1.0,7.0,"AggressiveTackler, ChaosInducer, LowTempoController",0
2011-2012_Bolton_Sunderland,2011-2012,9,Bolton,Sunderland,A,2,33.0,13.0,3.0,0.0,3.0,"HighPressure, Opportunistic",0
2011-2012_Liverpool_Norwich,2011-2012,9,Liverpool,Norwich,D,2,37.0,13.0,1.0,0.0,1.0,"HighPressure, Disciplined, Opportunistic",0
2011-2012_Newcastle_Wigan,2011-2012,9,Newcastle,Wigan,H,1,25.0,10.0,5.0,0.0,5.0,"Disciplined, AggressiveTackler",0
2011-2012_Wolves_Swansea,2011-2012,9,Wolves,Swansea,D,4,36.0,21.0,2.0,0.0,2.0,"RiskTaker, HighPressure, Disciplined, LowTempoController",0
2011-2012_Arsenal_Stoke,2011-2012,9,Arsenal,Stoke,H,4,14.0,11.0,2.0,0.0,2.0,"Disciplined, LowTempoController",0
2011-2012_Blackburn_Tottenham,2011-2012,9,Blackburn,Tottenham,A,3,28.0,13.0,5.0,0.0,5.0,"RiskTaker, HighPressure, ChaosInducer",1
2011-2012_Fulham_Everton,2011-2012,9,Fulham,Everton,A,4,26.0,6.0,4.0,0.0,4.0,"RiskTaker, ChaosInducer",1
2011-2012_Man United_Man City,2011-2012,9,Man United,Man City,A,7,31.0,11.0,8.0,1.0,10.0,"AggressiveTackler, RiskTaker, HighPressure, ChaosInducer",1
2011-2012_QPR_Chelsea,2011-2012,9,QPR,Chelsea,H,1,22.0,6.0,9.0,2.0,13.0,"AggressiveTackler, ChaosInducer",1
2011-2012_Chelsea_Arsenal,2011-2012,10,Chelsea,Arsenal,A,8,25.0,5.0,5.0,0.0,5.0,"RiskTaker, ChaosInducer",1
2011-2012_Everton_Man United,2011-2012,10,Everton,Man United,A,1,25.0,5.0,3.0,0.0,3.0,"HighPressure, AggressiveTackler",0
2011-2012_Man City_Wolves,2011-2012,10,Man City,Wolves,H,4,27.0,9.0,3.0,1.0,5.0,"RiskTaker, ChaosInducer",1
2011-2012_Norwich_Blackburn,2011-2012,10,Norwich,Blackburn,D,6,25.0,8.0,3.0,0.0,3.0,"RiskTaker, ChaosInducer",1
2011-2012_Sunderland_Aston Villa,2011-2012,10,Sunderland,Aston Villa,D,4,23.0,11.0,4.0,0.0,4.0,"ChaosInducer, RiskTaker",1
2011-2012_Swansea_Bolton,2011-2012,10,Swansea,Bolton,H,4,28.0,12.0,7.0,1.0,9.0,"AggressiveTackler, RiskTaker, HighPressure, ChaosInducer",1
2011-2012_West Brom_Liverpool,2011-2012,10,West Brom,Liverpool,A,2,27.0,13.0,1.0,0.0,1.0,"HighPressure, Disciplined, Opportunistic",0
2011-2012_Wigan_Fulham,2011-2012,10,Wigan,Fulham,A,2,25.0,9.0,7.0,0.0,7.0,"AggressiveTackler, ChaosInducer",1
2011-2012_Tottenham_QPR,2011-2012,10,Tottenham,QPR,H,4,34.0,12.0,0.0,0.0,0.0,"RiskTaker, HighPressure, Disciplined",0
2011-2012_Stoke_Newcastle,2011-2012,10,Stoke,Newcastle,A,4,16.0,10.0,1.0,0.0,1.0,"Disciplined, LowTempoController",0
2011-2012_Arsenal_West Brom,2011-2012,11,Arsenal,West Brom,H,3,21.0,5.0,0.0,0.0,0.0,"Disciplined, ChaosInducer",0
2011-2012_Aston Villa_Norwich,2011-2012,11,Aston Villa,Norwich,H,5,21.0,12.0,6.0,0.0,6.0,"AggressiveTackler, RiskTaker, ChaosInducer, LowTempoController",1
2011-2012_Blackburn_Chelsea,2011-2012,11,Blackburn,Chelsea,A,1,25.0,13.0,6.0,0.0,6.0,"AggressiveTackler, HighPressure",0
2011-2012_Liverpool_Swansea,2011-2012,11,Liverpool,Swansea,D,0,27.0,15.0,3.0,0.0,3.0,"HighPressure, LowTempoController, Opportunistic",0
2011-2012_Man United_Sunderland,2011-2012,11,Man United,Sunderland,H,1,24.0,8.0,2.0,0.0,2.0,"Disciplined, RiskTaker",0
2011-2012_Newcastle_Everton,2011-2012,11,Newcastle,Everton,H,3,24.0,8.0,5.0,0.0,5.0,"ChaosInducer, AggressiveTackler",0
2011-2012_QPR_Man City,2011-2012,11,QPR,Man City,A,5,34.0,4.0,2.0,0.0,2.0,"RiskTaker, Disciplined",0
2011-2012_Bolton_Stoke,2011-2012,11,Bolton,Stoke,H,5,29.0,16.0,1.0,0.0,1.0,"RiskTaker, HighPressure, Disciplined, LowTempoController",0
2011-2012_Fulham_Tottenham,2011-2012,11,Fulham,Tottenham,A,4,34.0,12.0,1.0,0.0,1.0,"RiskTaker, HighPressure, Disciplined",0
2011-2012_Wolves_Wigan,2011-2012,11,Wolves,Wigan,H,4,26.0,11.0,3.0,0.0,3.0,"RiskTaker, DirectPlay",0
2011-2012_Everton_Wolves,2011-2012,12,Everton,Wolves,H,3,17.0,10.0,3.0,0.0,3.0,"LowTempoController, Opportunistic",0
2011-2012_Man City_Newcastle,2011-2012,12,Man City,Newcastle,H,4,22.0,9.0,0.0,0.0,0.0,"Disciplined, AggressiveTackler",0
2011-2012_Norwich_Arsenal,2011-2012,12,Norwich,Arsenal,A,3,27.0,7.0,3.0,0.0,3.0,"RiskTaker, Disciplined",0
2011-2012_Stoke_QPR,2011-2012,12,Stoke,QPR,A,5,26.0,14.0,6.0,0.0,6.0,"AggressiveTackler, RiskTaker, HighPressure, ChaosInducer, LowTempoController",1
2011-2012_Sunderland_Fulham,2011-2012,12,Sunderland,Fulham,D,0,26.0,13.0,2.0,0.0,2.0,"HighPressure, Disciplined",0
2011-2012_Swansea_Man United,2011-2012,12,Swansea,Man United,A,1,22.0,8.0,1.0,0.0,1.0,"Disciplined, HighPressure",0
2011-2012_West Brom_Bolton,2011-2012,12,West Brom,Bolton,H,3,24.0,12.0,1.0,0.0,1.0,"Disciplined, HighPressure",0
2011-2012_Wigan_Blackburn,2011-2012,12,Wigan,Blackburn,D,6,27.0,10.0,5.0,1.0,7.0,"AggressiveTackler, RiskTaker, ChaosInducer",1
2011-2012_Chelsea_Liverpool,2011-2012,12,Chelsea,Liverpool,A,3,27.0,11.0,5.0,0.0,5.0,"RiskTaker, ChaosInducer",1
2011-2012_Tottenham_Aston Villa,2011-2012,12,Tottenham,Aston Villa,H,2,25.0,14.0,2.0,0.0,2.0,"HighPressure, Disciplined, LowTempoController",0
2011-2012_Arsenal_Fulham,2011-2012,13,Arsenal,Fulham,D,2,30.0,17.0,4.0,0.0,4.0,"HighPressure, LowTempoController, Opportunistic",0
2011-2012_Bolton_Everton,2011-2012,13,Bolton,Everton,A,2,25.0,6.0,2.0,1.0,4.0,"RiskTaker, Opportunistic",0
2011-2012_Chelsea_Wolves,2011-2012,13,Chelsea,Wolves,H,3,24.0,11.0,3.0,0.0,3.0,"ChaosInducer, DirectPlay",1
2011-2012_Man United_Newcastle,2011-2012,13,Man United,Newcastle,D,2,31.0,14.0,5.0,1.0,7.0,"AggressiveTackler, HighPressure, ChaosInducer, Opportunistic",1
2011-2012_Norwich_QPR,2011-2012,13,Norwich,QPR,H,3,28.0,10.0,1.0,0.0,1.0,"RiskTaker, Disciplined",0
2011-2012_Stoke_Blackburn,2011-2012,13,Stoke,Blackburn,H,4,24.0,8.0,0.0,0.0,0.0,"RiskTaker, Disciplined",0
2011-2012_Sunderland_Wigan,2011-2012,13,Sunderland,Wigan,A,3,24.0,5.0,4.0,0.0,4.0,"LowTempoController, Opportunistic",0
2011-2012_West Brom_Tottenham,2011-2012,13,West Brom,Tottenham,A,4,32.0,11.0,3.0,0.0,3.0,"RiskTaker, HighPressure",0
2011-2012_Liverpool_Man City,2011-2012,13,Liverpool,Man City,D,2,24.0,13.0,5.0,1.0,7.0,"AggressiveTackler, HighPressure, ChaosInducer, LowTempoController",1
2011-2012_Swansea_Aston Villa,2011-2012,13,Swansea,Aston Villa,D,0,15.0,10.0,7.0,0.0,7.0,"AggressiveTackler, LowTempoController",0
2011-2012_Aston Villa_Man United,2011-2012,14,Aston Villa,Man United,A,1,18.0,10.0,0.0,0.0,0.0,"Disciplined, LowTempoController",0
2011-2012_Blackburn_Swansea,2011-2012,14,Blackburn,Swansea,H,6,24.0,7.0,2.0,1.0,4.0,"RiskTaker, ChaosInducer",1
2011-2012_Man City_Norwich,2011-2012,14,Man City,Norwich,H,6,26.0,16.0,1.0,0.0,1.0,"RiskTaker, HighPressure, Disciplined, LowTempoController",0
2011-2012_Newcastle_Chelsea,2011-2012,14,Newcastle,Chelsea,A,3,37.0,11.0,5.0,0.0,5.0,"RiskTaker, HighPressure, ChaosInducer",1
2011-2012_QPR_West Brom,2011-2012,14,QPR,West Brom,D,2,29.0,8.0,3.0,0.0,3.0,"Opportunistic, HighPressure",0
2011-2012_Tottenham_Bolton,2011-2012,14,Tottenham,Bolton,H,3,38.0,13.0,2.0,1.0,4.0,"RiskTaker, HighPressure",0
2011-2012_Wigan_Arsenal,2011-2012,14,Wigan,Arsenal,A,4,23.0,9.0,5.0,0.0,5.0,"ChaosInducer, Disciplined",0
2011-2012_Everton_Stoke,2011-2012,14,Everton,Stoke,A,1,18.0,16.0,1.0,0.0,1.0,"Disciplined, LowTempoController",0
2011-2012_Wolves_Sunderland,2011-2012,14,Wolves,Sunderland,H,3,33.0,11.0,5.0,0.0,5.0,"RiskTaker, HighPressure, ChaosInducer",1
2011-2012_Fulham_Liverpool,2011-2012,14,Fulham,Liverpool,H,1,36.0,12.0,4.0,1.0,6.0,"AggressiveTackler, HighPressure, Opportunistic",1
2011-2012_Arsenal_Everton,2011-2012,15,Arsenal,Everton,H,1,19.0,11.0,4.0,0.0,4.0,"LowTempoController, Opportunistic",0
2011-2012_Bolton_Aston Villa,2011-2012,15,Bolton,Aston Villa,A,3,34.0,16.0,3.0,0.0,3.0,"RiskTaker, HighPressure",0
2011-2012_Liverpool_QPR,2011-2012,15,Liverpool,QPR,H,1,27.0,22.0,2.0,0.0,2.0,"HighPressure, Disciplined, LowTempoController, Opportunistic",0
2011-2012_Man United_Wolves,2011-2012,15,Man United,Wolves,H,5,33.0,10.0,1.0,0.0,1.0,"RiskTaker, HighPressure, Disciplined",0
2011-2012_Norwich_Newcastle,2011-2012,15,Norwich,Newcastle,H,6,24.0,9.0,5.0,1.0,7.0,"AggressiveTackler, RiskTaker, ChaosInducer",1
2011-2012_Swansea_Fulham,2011-2012,15,Swansea,Fulham,H,2,28.0,11.0,2.0,0.0,2.0,"HighPressure, Disciplined, Opportunistic",0
2011-2012_West Brom_Wigan,2011-2012,15,West Brom,Wigan,A,3,20.0,15.0,2.0,0.0,2.0,"Disciplined, LowTempoController",0
2011-2012_Stoke_Tottenham,2011-2012,15,Stoke,Tottenham,H,3,25.0,19.0,4.0,1.0,6.0,"AggressiveTackler, HighPressure, ChaosInducer, LowTempoController",1
2011-2012_Sunderland_Blackburn,2011-2012,15,Sunderland,Blackburn,H,3,25.0,9.0,4.0,0.0,4.0,"RiskTaker, RiskTaker",1
2011-2012_Chelsea_Man City,2011-2012,15,Chelsea,Man City,H,3,20.0,6.0,6.0,1.0,8.0,"AggressiveTackler, ChaosInducer",1
2011-2012_Blackburn_West Brom,2011-2012,16,Blackburn,West Brom,A,3,30.0,10.0,2.0,0.0,2.0,"RiskTaker, HighPressure, Disciplined",0
2011-2012_Everton_Norwich,2011-2012,16,Everton,Norwich,D,2,35.0,13.0,2.0,0.0,2.0,"HighPressure, Disciplined, Opportunistic",0
2011-2012_Fulham_Bolton,2011-2012,16,Fulham,Bolton,H,2,30.0,12.0,4.0,0.0,4.0,"HighPressure, Opportunistic",0
2011-2012_Newcastle_Swansea,2011-2012,16,Newcastle,Swansea,D,0,20.0,10.0,2.0,0.0,2.0,"Disciplined, LowTempoController",0
2011-2012_Wigan_Chelsea,2011-2012,16,Wigan,Chelsea,D,2,25.0,12.0,0.0,0.0,0.0,"Disciplined, Disciplined",0
2011-2012_Wolves_Stoke,2011-2012,16,Wolves,Stoke,A,3,18.0,12.0,6.0,0.0,6.0,"AggressiveTackler, ChaosInducer, LowTempoController",0
2011-2012_Aston Villa_Liverpool,2011-2012,16,Aston Villa,Liverpool,A,2,35.0,14.0,3.0,0.0,3.0,"HighPressure, Opportunistic",0
2011-2012_Man City_Arsenal,2011-2012,16,Man City,Arsenal,H,1,27.0,10.0,5.0,0.0,5.0,"Opportunistic, ChaosInducer",0
2011-2012_QPR_Man United,2011-2012,16,QPR,Man United,A,2,30.0,15.0,3.0,0.0,3.0,"HighPressure, Opportunistic",0
2011-2012_Tottenham_Sunderland,2011-2012,16,Tottenham,Sunderland,H,1,24.0,6.0,3.0,0.0,3.0,"Opportunistic, Disciplined",0
2011-2012_Blackburn_Bolton,2011-2012,17,Blackburn,Bolton,A,3,25.0,14.0,3.0,0.0,3.0,"HighPressure, LowTempoController",0
2011-2012_Wolves_Norwich,2011-2012,17,Wolves,Norwich,D,4,36.0,10.0,4.0,0.0,4.0,"RiskTaker, HighPressure, ChaosInducer",1
2011-2012_Aston Villa_Arsenal,2011-2012,17,Aston Villa,Arsenal,A,3,18.0,22.0,5.0,1.0,7.0,"AggressiveTackler, HighPressure, ChaosInducer, LowTempoController",1
2011-2012_Everton_Swansea,2011-2012,17,Everton,Swansea,H,1,17.0,11.0,3.0,0.0,3.0,"LowTempoController, ChaosInducer",0
2011-2012_Fulham_Man United,2011-2012,17,Fulham,Man United,A,5,27.0,13.0,1.0,0.0,1.0,"RiskTaker, HighPressure, Disciplined",0
2011-2012_Man City_Stoke,2011-2012,17,Man City,Stoke,H,3,22.0,7.0,3.0,0.0,3.0,"Disciplined, Disciplined",0
2011-2012_Newcastle_West Brom,2011-2012,17,Newcastle,West Brom,A,5,35.0,11.0,1.0,0.0,1.0,"RiskTaker, HighPressure, Disciplined",0
2011-2012_QPR_Sunderland,2011-2012,17,QPR,Sunderland,A,5,34.0,19.0,4.0,0.0,4.0,"RiskTaker, HighPressure, ChaosInducer, LowTempoController",1
2011-2012_Wigan_Liverpool,2011-2012,17,Wigan,Liverpool,D,0,33.0,21.0,3.0,0.0,3.0,"HighPressure, LowTempoController, Opportunistic",0
2011-2012_Tottenham_Chelsea,2011-2012,17,Tottenham,Chelsea,D,2,36.0,11.0,4.0,0.0,4.0,"HighPressure, Opportunistic",0
2011-2012_Bolton_Newcastle,2011-2012,18,Bolton,Newcastle,A,2,16.0,8.0,2.0,0.0,2.0,"Disciplined, LowTempoController",0
2011-2012_Chelsea_Fulham,2011-2012,18,Chelsea,Fulham,D,2,33.0,12.0,2.0,0.0,2.0,"HighPressure, Disciplined, Opportunistic",0
2011-2012_Liverpool_Blackburn,2011-2012,18,Liverpool,Blackburn,D,2,33.0,11.0,1.0,0.0,1.0,"HighPressure, Disciplined, Opportunistic",0
2011-2012_Man United_Wigan,2011-2012,18,Man United,Wigan,H,5,26.0,12.0,3.0,1.0,5.0,"RiskTaker, HighPressure, ChaosInducer",1
2011-2012_Stoke_Aston Villa,2011-2012,18,Stoke,Aston Villa,D,0,17.0,14.0,3.0,0.0,3.0,"LowTempoController, AggressiveTackler",0
2011-2012_Sunderland_Everton,2011-2012,18,Sunderland,Everton,D,2,21.0,11.0,1.0,0.0,1.0,"Disciplined, LowTempoController",0
2011-2012_West Brom_Man City,2011-2012,18,West Brom,Man City,D,0,25.0,14.0,1.0,0.0,1.0,"HighPressure, Disciplined, LowTempoController",0
2011-2012_Arsenal_Wolves,2011-2012,18,Arsenal,Wolves,D,2,29.0,16.0,5.0,1.0,7.0,"AggressiveTackler, HighPressure, ChaosInducer, LowTempoController, Opportunistic",1
2011-2012_Norwich_Tottenham,2011-2012,18,Norwich,Tottenham,A,2,27.0,13.0,2.0,0.0,2.0,"HighPressure, Disciplined, Opportunistic",0
2011-2012_Swansea_QPR,2011-2012,18,Swansea,QPR,D,2,19.0,16.0,4.0,0.0,4.0,"HighPressure, LowTempoController",0
2011-2012_Liverpool_Newcastle,2011-2012,19,Liverpool,Newcastle,H,4,20.0,7.0,2.0,0.0,2.0,"Disciplined, RiskTaker",0
2011-2012_Arsenal_QPR,2011-2012,19,Arsenal,QPR,H,1,22.0,16.0,4.0,0.0,4.0,"HighPressure, LowTempoController",0
2011-2012_Bolton_Wolves,2011-2012,19,Bolton,Wolves,D,2,21.0,9.0,0.0,0.0,0.0,"Disciplined, Opportunistic",0
2011-2012_Chelsea_Aston Villa,2011-2012,19,Chelsea,Aston Villa,A,4,28.0,11.0,2.0,0.0,2.0,"RiskTaker, HighPressure, Disciplined",0
2011-2012_Man United_Blackburn,2011-2012,19,Man United,Blackburn,A,5,36.0,20.0,4.0,0.0,4.0,"RiskTaker, HighPressure, ChaosInducer",1
2011-2012_Norwich_Fulham,2011-2012,19,Norwich,Fulham,D,2,29.0,7.0,0.0,0.0,0.0,"Disciplined, Opportunistic",0
2011-2012_Stoke_Wigan,2011-2012,19,Stoke,Wigan,D,4,22.0,13.0,5.0,1.0,7.0,"AggressiveTackler, ChaosInducer, LowTempoController",1
2011-2012_Swansea_Tottenham,2011-2012,19,Swansea,Tottenham,D,2,26.0,15.0,3.0,0.0,3.0,"HighPressure, LowTempoController",0
2011-2012_Sunderland_Man City,2011-2012,19,Sunderland,Man City,H,1,33.0,11.0,2.0,0.0,2.0,"HighPressure, Disciplined, Opportunistic",0
2011-2012_West Brom_Everton,2011-2012,19,West Brom,Everton,A,1,23.0,9.0,2.0,0.0,2.0,"Disciplined, Disciplined",0
2011-2012_Aston Villa_Swansea,2011-2012,19,Aston Villa,Swansea,A,2,18.0,14.0,6.0,0.0,6.0,"AggressiveTackler, LowTempoController",0
2011-2012_Blackburn_Stoke,2011-2012,19,Blackburn,Stoke,A,3,22.0,11.0,3.0,0.0,3.0,"Opportunistic, LowTempoController",0
2011-2012_Fulham_Arsenal,2011-2012,19,Fulham,Arsenal,H,3,38.0,7.0,1.0,1.0,3.0,"RiskTaker, HighPressure",1
2011-2012_QPR_Norwich,2011-2012,19,QPR,Norwich,A,3,22.0,7.0,3.0,1.0,5.0,"ChaosInducer, Disciplined",0
2011-2012_Wolves_Chelsea,2011-2012,19,Wolves,Chelsea,A,3,24.0,5.0,5.0,0.0,5.0,"ChaosInducer, HighPressure",0
2011-2012_Man City_Liverpool,2011-2012,19,Man City,Liverpool,H,3,28.0,11.0,3.0,1.0,5.0,"RiskTaker, HighPressure, ChaosInducer",1
2011-2012_Tottenham_West Brom,2011-2012,19,Tottenham,West Brom,H,1,28.0,21.0,5.0,0.0,5.0,"HighPressure, LowTempoController, Opportunistic",0
2011-2012_Wigan_Sunderland,2011-2012,19,Wigan,Sunderland,A,5,30.0,15.0,1.0,0.0,1.0,"RiskTaker, HighPressure, Disciplined",0
2011-2012_Everton_Bolton,2011-2012,19,Everton,Bolton,A,3,22.0,15.0,4.0,0.0,4.0,"HighPressure, LowTempoController",0
2011-2012_Newcastle_Man United,2011-2012,19,Newcastle,Man United,H,3,16.0,8.0,3.0,0.0,3.0,"LowTempoController, RiskTaker",0
2011-2012_Tottenham_Everton,2011-2012,19,Tottenham,Everton,H,2,25.0,10.0,4.0,0.0,4.0,"HighPressure, Opportunistic",0
2011-2012_Aston Villa_Everton,2011-2012,20,Aston Villa,Everton,D,2,24.0,12.0,2.0,0.0,2.0,"Disciplined, Opportunistic",0
2011-2012_Blackburn_Fulham,2011-2012,20,Blackburn,Fulham,H,4,32.0,9.0,2.0,1.0,4.0,"RiskTaker, HighPressure, ChaosInducer",1
2011-2012_Chelsea_Sunderland,2011-2012,20,Chelsea,Sunderland,H,1,30.0,10.0,4.0,0.0,4.0,"HighPressure, Opportunistic",0
2011-2012_Liverpool_Stoke,2011-2012,20,Liverpool,Stoke,D,0,16.0,12.0,3.0,0.0,3.0,"LowTempoController, RiskTaker",0
2011-2012_Man United_Bolton,2011-2012,20,Man United,Bolton,H,3,30.0,14.0,1.0,0.0,1.0,"RiskTaker, HighPressure, Disciplined",0
2011-2012_Tottenham_Wolves,2011-2012,20,Tottenham,Wolves,D,2,27.0,9.0,4.0,0.0,4.0,"Opportunistic, Opportunistic",0
2011-2012_West Brom_Norwich,2011-2012,20,West Brom,Norwich,A,3,23.0,15.0,1.0,0.0,1.0,"HighPressure, Disciplined, LowTempoController",0
2011-2012_Newcastle_QPR,2011-2012,20,Newcastle,QPR,H,1,24.0,5.0,4.0,0.0,4.0,"HighPressure, Disciplined",0
2011-2012_Swansea_Arsenal,2011-2012,20,Swansea,Arsenal,H,5,23.0,11.0,0.0,0.0,0.0,"RiskTaker, Disciplined",0
2011-2012_Wigan_Man City,2011-2012,20,Wigan,Man City,A,1,19.0,9.0,6.0,0.0,6.0,"AggressiveTackler, Disciplined",0
2011-2012_Bolton_Liverpool,2011-2012,21,Bolton,Liverpool,H,4,26.0,10.0,2.0,0.0,2.0,"RiskTaker, Disciplined",0
2011-2012_Everton_Blackburn,2011-2012,21,Everton,Blackburn,D,2,29.0,13.0,4.0,0.0,4.0,"HighPressure, Opportunistic",0
2011-2012_Fulham_Newcastle,2011-2012,21,Fulham,Newcastle,H,7,25.0,8.0,4.0,0.0,4.0,"RiskTaker, ChaosInducer",1
2011-2012_Norwich_Chelsea,2011-2012,21,Norwich,Chelsea,D,0,24.0,12.0,0.0,0.0,0.0,"Disciplined, AggressiveTackler",0
2011-2012_QPR_Wigan,2011-2012,21,QPR,Wigan,H,4,25.0,8.0,4.0,0.0,4.0,"RiskTaker, ChaosInducer",1
2011-2012_Stoke_West Brom,2011-2012,21,Stoke,West Brom,A,3,25.0,6.0,0.0,0.0,0.0,"Disciplined, LowTempoController",0
2011-2012_Sunderland_Swansea,2011-2012,21,Sunderland,Swansea,H,2,18.0,6.0,0.0,0.0,0.0,"Disciplined, Opportunistic",0
2011-2012_Wolves_Aston Villa,2011-2012,21,Wolves,Aston Villa,A,5,24.0,15.0,1.0,1.0,3.0,"RiskTaker, HighPressure, ChaosInducer, LowTempoController",1
2011-2012_Arsenal_Man United,2011-2012,21,Arsenal,Man United,A,3,21.0,5.0,7.0,0.0,7.0,"AggressiveTackler, ChaosInducer",1
2011-2012_Man City_Tottenham,2011-2012,21,Man City,Tottenham,H,5,25.0,13.0,3.0,0.0,3.0,"RiskTaker, HighPressure, ChaosInducer",1
2011-2012_Everton_Man City,2011-2012,22,Everton,Man City,H,1,26.0,12.0,3.0,0.0,3.0,"HighPressure, HighPressure",0
2011-2012_Man United_Stoke,2011-2012,22,Man United,Stoke,H,2,19.0,11.0,4.0,0.0,4.0,"LowTempoController, Opportunistic",0
2011-2012_Swansea_Chelsea,2011-2012,22,Swansea,Chelsea,D,2,27.0,12.0,5.0,1.0,7.0,"AggressiveTackler, HighPressure, ChaosInducer, Opportunistic",1
2011-2012_Tottenham_Wigan,2011-2012,22,Tottenham,Wigan,H,4,30.0,5.0,1.0,0.0,1.0,"RiskTaker, Disciplined",0
2011-2012_Wolves_Liverpool,2011-2012,22,Wolves,Liverpool,A,3,28.0,9.0,4.0,0.0,4.0,"RiskTaker, Opportunistic",0
2011-2012_Aston Villa_QPR,2011-2012,22,Aston Villa,QPR,D,4,26.0,12.0,1.0,0.0,1.0,"RiskTaker, HighPressure, Disciplined",0
2011-2012_Blackburn_Newcastle,2011-2012,22,Blackburn,Newcastle,A,2,32.0,16.0,3.0,0.0,3.0,"HighPressure, Opportunistic",0
2011-2012_Bolton_Arsenal,2011-2012,22,Bolton,Arsenal,D,0,30.0,12.0,2.0,0.0,2.0,"HighPressure, Disciplined, Opportunistic",0
2011-2012_Fulham_West Brom,2011-2012,22,Fulham,West Brom,D,2,28.0,15.0,1.0,0.0,1.0,"HighPressure, Disciplined, Opportunistic",0
2011-2012_Sunderland_Norwich,2011-2012,22,Sunderland,Norwich,H,3,22.0,9.0,2.0,0.0,2.0,"Disciplined, ChaosInducer",0
2011-2012_Arsenal_Blackburn,2011-2012,23,Arsenal,Blackburn,H,8,23.0,12.0,5.0,1.0,7.0,"AggressiveTackler, RiskTaker, ChaosInducer",1
2011-2012_Man City_Fulham,2011-2012,23,Man City,Fulham,H,3,27.0,10.0,4.0,0.0,4.0,"RiskTaker, AggressiveTackler",0
2011-2012_Norwich_Bolton,2011-2012,23,Norwich,Bolton,H,2,32.0,11.0,0.0,0.0,0.0,"HighPressure, Disciplined, Opportunistic",0
2011-2012_QPR_Wolves,2011-2012,23,QPR,Wolves,A,3,27.0,10.0,3.0,1.0,5.0,"RiskTaker, ChaosInducer",1
2011-2012_Stoke_Sunderland,2011-2012,23,Stoke,Sunderland,A,1,13.0,10.0,1.0,1.0,3.0,"LowTempoController, HighPressure",0
2011-2012_West Brom_Swansea,2011-2012,23,West Brom,Swansea,A,3,33.0,15.0,3.0,0.0,3.0,"RiskTaker, HighPressure",1
2011-2012_Wigan_Everton,2011-2012,23,Wigan,Everton,D,2,10.0,7.0,2.0,0.0,2.0,"Disciplined, LowTempoController",0
2011-2012_Chelsea_Man United,2011-2012,23,Chelsea,Man United,D,6,33.0,12.0,3.0,0.0,3.0,"RiskTaker, HighPressure, ChaosInducer",1
2011-2012_Newcastle_Aston Villa,2011-2012,23,Newcastle,Aston Villa,H,3,29.0,8.0,3.0,0.0,3.0,"RiskTaker, HighPressure",0
2011-2012_Liverpool_Tottenham,2011-2012,23,Liverpool,Tottenham,D,0,24.0,11.0,4.0,0.0,4.0,"Opportunistic, AggressiveTackler",0
2011-2012_Blackburn_QPR,2011-2012,24,Blackburn,QPR,H,5,32.0,11.0,2.0,0.0,2.0,"RiskTaker, HighPressure, Disciplined",0
2011-2012_Bolton_Wigan,2011-2012,24,Bolton,Wigan,A,3,23.0,14.0,5.0,0.0,5.0,"HighPressure, ChaosInducer, LowTempoController",0
2011-2012_Everton_Chelsea,2011-2012,24,Everton,Chelsea,H,2,18.0,6.0,3.0,0.0,3.0,"Disciplined, HighPressure",0
2011-2012_Fulham_Stoke,2011-2012,24,Fulham,Stoke,H,3,23.0,9.0,3.0,0.0,3.0,"Disciplined, AggressiveTackler",0
2011-2012_Man United_Liverpool,2011-2012,24,Man United,Liverpool,H,3,20.0,7.0,2.0,0.0,2.0,"Disciplined, Disciplined",0
2011-2012_Sunderland_Arsenal,2011-2012,24,Sunderland,Arsenal,A,3,18.0,10.0,3.0,0.0,3.0,"LowTempoController, RiskTaker",0
2011-2012_Swansea_Norwich,2011-2012,24,Swansea,Norwich,A,5,34.0,14.0,2.0,0.0,2.0,"RiskTaker, HighPressure, Disciplined",0
2011-2012_Tottenham_Newcastle,2011-2012,24,Tottenham,Newcastle,H,5,25.0,7.0,3.0,0.0,3.0,"RiskTaker, ChaosInducer",1
2011-2012_Aston Villa_Man City,2011-2012,24,Aston Villa,Man City,A,1,26.0,13.0,3.0,0.0,3.0,"HighPressure, ChaosInducer",0
2011-2012_Wolves_West Brom,2011-2012,24,Wolves,West Brom,A,6,36.0,20.0,1.0,0.0,1.0,"RiskTaker, HighPressure, Disciplined",0
2011-2012_Chelsea_Bolton,2011-2012,25,Chelsea,Bolton,H,3,33.0,21.0,1.0,0.0,1.0,"RiskTaker, HighPressure, Disciplined, LowTempoController",0
2011-2012_Man City_Blackburn,2011-2012,25,Man City,Blackburn,H,3,22.0,13.0,2.0,0.0,2.0,"Disciplined, LowTempoController",0
2011-2012_Newcastle_Wolves,2011-2012,25,Newcastle,Wolves,D,4,20.0,6.0,2.0,0.0,2.0,"Disciplined, DirectPlay",0
2011-2012_QPR_Fulham,2011-2012,25,QPR,Fulham,A,1,24.0,11.0,5.0,1.0,7.0,"AggressiveTackler, HighPressure",1
2011-2012_West Brom_Sunderland,2011-2012,25,West Brom,Sunderland,H,4,28.0,7.0,2.0,0.0,2.0,"RiskTaker, Disciplined",0
2011-2012_Wigan_Aston Villa,2011-2012,25,Wigan,Aston Villa,D,0,24.0,21.0,4.0,0.0,4.0,"HighPressure, LowTempoController",0
2011-2012_Arsenal_Tottenham,2011-2012,25,Arsenal,Tottenham,H,7,29.0,12.0,6.0,1.0,8.0,"AggressiveTackler, RiskTaker, HighPressure, ChaosInducer",1
2011-2012_Norwich_Man United,2011-2012,25,Norwich,Man United,A,3,27.0,8.0,3.0,0.0,3.0,"RiskTaker, LowTempoController",0
2011-2012_Stoke_Swansea,2011-2012,25,Stoke,Swansea,H,2,20.0,12.0,1.0,0.0,1.0,"Disciplined, LowTempoController",0
2011-2012_Blackburn_Aston Villa,2011-2012,26,Blackburn,Aston Villa,D,2,32.0,12.0,1.0,0.0,1.0,"HighPressure, Disciplined, Opportunistic",0
2011-2012_Liverpool_Arsenal,2011-2012,26,Liverpool,Arsenal,A,3,22.0,12.0,1.0,0.0,1.0,"Disciplined, LowTempoController",0
2011-2012_Man City_Bolton,2011-2012,26,Man City,Bolton,H,2,31.0,11.0,0.0,0.0,0.0,"HighPressure, Disciplined, Opportunistic",0
2011-2012_QPR_Everton,2011-2012,26,QPR,Everton,D,2,30.0,14.0,3.0,0.0,3.0,"HighPressure, Opportunistic",0
2011-2012_Stoke_Norwich,2011-2012,26,Stoke,Norwich,H,1,18.0,10.0,2.0,0.0,2.0,"Disciplined, LowTempoController",0
2011-2012_West Brom_Chelsea,2011-2012,26,West Brom,Chelsea,H,1,32.0,19.0,4.0,0.0,4.0,"HighPressure, LowTempoController, Opportunistic",0
2011-2012_Wigan_Swansea,2011-2012,26,Wigan,Swansea,A,2,26.0,12.0,4.0,1.0,6.0,"AggressiveTackler, HighPressure",1
2011-2012_Fulham_Wolves,2011-2012,26,Fulham,Wolves,H,5,33.0,14.0,3.0,0.0,3.0,"RiskTaker, HighPressure, ChaosInducer",1
2011-2012_Newcastle_Sunderland,2011-2012,26,Newcastle,Sunderland,D,2,31.0,23.0,8.0,1.0,10.0,"AggressiveTackler, HighPressure, ChaosInducer, LowTempoController, Opportunistic",1
2011-2012_Tottenham_Man United,2011-2012,26,Tottenham,Man United,A,4,24.0,10.0,3.0,0.0,3.0,"RiskTaker, ChaosInducer",1
2011-2012_Aston Villa_Fulham,2011-2012,27,Aston Villa,Fulham,H,1,24.0,14.0,2.0,0.0,2.0,"HighPressure, Disciplined, LowTempoController",0
2011-2012_Bolton_QPR,2011-2012,27,Bolton,QPR,H,3,28.0,16.0,4.0,0.0,4.0,"RiskTaker, HighPressure, LowTempoController",0
2011-2012_Chelsea_Stoke,2011-2012,27,Chelsea,Stoke,H,1,29.0,15.0,3.0,1.0,5.0,"HighPressure, Opportunistic",0
2011-2012_Everton_Tottenham,2011-2012,27,Everton,Tottenham,H,1,30.0,8.0,4.0,0.0,4.0,"Opportunistic, DirectPlay",0
2011-2012_Sunderland_Liverpool,2011-2012,27,Sunderland,Liverpool,H,1,15.0,5.0,2.0,0.0,2.0,"Disciplined, Disciplined",0
2011-2012_Wolves_Blackburn,2011-2012,27,Wolves,Blackburn,A,2,26.0,7.0,3.0,0.0,3.0,"HighPressure, Disciplined",0
2011-2012_Man United_West Brom,2011-2012,27,Man United,West Brom,H,2,26.0,13.0,1.0,1.0,3.0,"HighPressure, RiskTaker",0
2011-2012_Norwich_Wigan,2011-2012,27,Norwich,Wigan,D,2,31.0,8.0,8.0,0.0,8.0,"AggressiveTackler, ChaosInducer, Opportunistic",1
2011-2012_Swansea_Man City,2011-2012,27,Swansea,Man City,H,1,26.0,16.0,2.0,0.0,2.0,"HighPressure, Disciplined, LowTempoController",0
2011-2012_Arsenal_Newcastle,2011-2012,27,Arsenal,Newcastle,H,3,26.0,9.0,5.0,0.0,5.0,"ChaosInducer, AggressiveTackler",1
2011-2012_Liverpool_Everton,2011-2012,27,Liverpool,Everton,H,3,20.0,8.0,5.0,0.0,5.0,"ChaosInducer, HighPressure",0
2011-2012_Fulham_Swansea,2011-2012,28,Fulham,Swansea,A,3,24.0,8.0,0.0,0.0,0.0,"Disciplined, DirectPlay",0
2011-2012_Wigan_West Brom,2011-2012,28,Wigan,West Brom,D,2,28.0,18.0,6.0,0.0,6.0,"AggressiveTackler, HighPressure, LowTempoController, Opportunistic",1
2011-2012_Newcastle_Norwich,2011-2012,28,Newcastle,Norwich,H,1,27.0,9.0,3.0,0.0,3.0,"Opportunistic, DirectPlay",0
2011-2012_Wolves_Man United,2011-2012,28,Wolves,Man United,A,5,29.0,11.0,2.0,1.0,4.0,"RiskTaker, HighPressure, ChaosInducer",1
2011-2012_Blackburn_Sunderland,2011-2012,29,Blackburn,Sunderland,H,2,18.0,15.0,1.0,0.0,1.0,"Disciplined, LowTempoController",0
2011-2012_Everton_Arsenal,2011-2012,29,Everton,Arsenal,A,1,19.0,10.0,3.0,0.0,3.0,"LowTempoController, RiskTaker",0
2011-2012_Man City_Chelsea,2011-2012,29,Man City,Chelsea,H,3,26.0,15.0,3.0,0.0,3.0,"HighPressure, LowTempoController",0
2011-2012_QPR_Liverpool,2011-2012,29,QPR,Liverpool,H,5,28.0,24.0,0.0,0.0,0.0,"RiskTaker, HighPressure, Disciplined, LowTempoController",0
2011-2012_Tottenham_Stoke,2011-2012,29,Tottenham,Stoke,D,2,32.0,14.0,2.0,0.0,2.0,"HighPressure, Disciplined, Opportunistic",0
2011-2012_Arsenal_Aston Villa,2011-2012,30,Arsenal,Aston Villa,H,3,23.0,20.0,5.0,0.0,5.0,"HighPressure, ChaosInducer, LowTempoController",1
2011-2012_Bolton_Blackburn,2011-2012,30,Bolton,Blackburn,H,3,22.0,15.0,2.0,0.0,2.0,"HighPressure, Disciplined, LowTempoController",0
2011-2012_Chelsea_Tottenham,2011-2012,30,Chelsea,Tottenham,D,0,29.0,11.0,3.0,0.0,3.0,"HighPressure, Opportunistic",0
2011-2012_Liverpool_Wigan,2011-2012,30,Liverpool,Wigan,A,3,18.0,6.0,3.0,0.0,3.0,"RiskTaker, Opportunistic",1
2011-2012_Norwich_Wolves,2011-2012,30,Norwich,Wolves,H,3,25.0,10.0,4.0,1.0,6.0,"AggressiveTackler, ChaosInducer",1
2011-2012_Stoke_Man City,2011-2012,30,Stoke,Man City,D,2,26.0,12.0,3.0,0.0,3.0,"HighPressure, HighPressure",0
2011-2012_Sunderland_QPR,2011-2012,30,Sunderland,QPR,H,4,25.0,7.0,5.0,1.0,7.0,"AggressiveTackler, RiskTaker, ChaosInducer",1
2011-2012_Swansea_Everton,2011-2012,30,Swansea,Everton,A,2,25.0,6.0,3.0,0.0,3.0,"Disciplined, LowTempoController",0
2011-2012_West Brom_Newcastle,2011-2012,30,West Brom,Newcastle,A,4,24.0,14.0,1.0,0.0,1.0,"RiskTaker, HighPressure, Disciplined, LowTempoController",0
2011-2012_Man United_Fulham,2011-2012,30,Man United,Fulham,H,1,24.0,8.0,1.0,0.0,1.0,"Disciplined, DirectPlay",0
2011-2012_Aston Villa_Chelsea,2011-2012,31,Aston Villa,Chelsea,A,6,21.0,10.0,1.0,0.0,1.0,"RiskTaker, Disciplined",0
2011-2012_Everton_West Brom,2011-2012,31,Everton,West Brom,H,2,25.0,7.0,3.0,0.0,3.0,"DirectPlay, RiskTaker",0
2011-2012_Fulham_Norwich,2011-2012,31,Fulham,Norwich,H,3,30.0,13.0,3.0,0.0,3.0,"RiskTaker, HighPressure",0
2011-2012_Man City_Sunderland,2011-2012,31,Man City,Sunderland,D,6,27.0,22.0,2.0,0.0,2.0,"RiskTaker, HighPressure, ChaosInducer, Disciplined, LowTempoController",1
2011-2012_QPR_Arsenal,2011-2012,31,QPR,Arsenal,H,3,23.0,10.0,7.0,0.0,7.0,"AggressiveTackler, ChaosInducer",1
2011-2012_Wigan_Stoke,2011-2012,31,Wigan,Stoke,H,2,19.0,9.0,6.0,0.0,6.0,"AggressiveTackler, ChaosInducer",1
2011-2012_Wolves_Bolton,2011-2012,31,Wolves,Bolton,A,5,33.0,17.0,2.0,0.0,2.0,"RiskTaker, HighPressure, Disciplined",0
2011-2012_Newcastle_Liverpool,2011-2012,31,Newcastle,Liverpool,H,2,20.0,9.0,6.0,1.0,8.0,"AggressiveTackler, ChaosInducer",1
2011-2012_Tottenham_Swansea,2011-2012,31,Tottenham,Swansea,H,4,26.0,14.0,0.0,0.0,0.0,"RiskTaker, HighPressure, Disciplined, LowTempoController",0
2011-2012_Blackburn_Man United,2011-2012,31,Blackburn,Man United,A,2,25.0,12.0,2.0,0.0,2.0,"Disciplined, RiskTaker",0
2011-2012_Swansea_Newcastle,2011-2012,32,Swansea,Newcastle,A,2,24.0,7.0,2.0,0.0,2.0,"Disciplined, LowTempoController",0
2011-2012_Bolton_Fulham,2011-2012,32,Bolton,Fulham,A,3,24.0,8.0,1.0,0.0,1.0,"Disciplined, Disciplined",0
2011-2012_Chelsea_Wigan,2011-2012,32,Chelsea,Wigan,H,3,32.0,8.0,4.0,0.0,4.0,"RiskTaker, HighPressure",0
2011-2012_Liverpool_Aston Villa,2011-2012,32,Liverpool,Aston Villa,D,2,26.0,14.0,2.0,0.0,2.0,"HighPressure, Disciplined, LowTempoController",0
2011-2012_Norwich_Everton,2011-2012,32,Norwich,Everton,D,4,23.0,6.0,3.0,0.0,3.0,"Disciplined, ChaosInducer",0
2011-2012_Stoke_Wolves,2011-2012,32,Stoke,Wolves,H,3,23.0,11.0,2.0,0.0,2.0,"Disciplined, DirectPlay",0
2011-2012_Sunderland_Tottenham,2011-2012,32,Sunderland,Tottenham,D,0,27.0,15.0,4.0,0.0,4.0,"HighPressure, LowTempoController, Opportunistic",0
2011-2012_West Brom_Blackburn,2011-2012,32,West Brom,Blackburn,H,3,25.0,12.0,2.0,1.0,4.0,"RiskTaker, Opportunistic",0
2011-2012_Arsenal_Man City,2011-2012,32,Arsenal,Man City,H,1,19.0,13.0,6.0,1.0,8.0,"AggressiveTackler, ChaosInducer, LowTempoController",1
2011-2012_Man United_QPR,2011-2012,32,Man United,QPR,H,2,33.0,16.0,1.0,1.0,3.0,"HighPressure, Opportunistic",0
2011-2012_Aston Villa_Stoke,2011-2012,32,Aston Villa,Stoke,D,2,14.0,9.0,3.0,0.0,3.0,"LowTempoController, Disciplined",0
2011-2012_Everton_Sunderland,2011-2012,32,Everton,Sunderland,H,4,25.0,7.0,2.0,0.0,2.0,"RiskTaker, Disciplined",0
2011-2012_Fulham_Chelsea,2011-2012,32,Fulham,Chelsea,D,2,23.0,18.0,4.0,0.0,4.0,"HighPressure, LowTempoController",0
2011-2012_Newcastle_Bolton,2011-2012,32,Newcastle,Bolton,H,2,17.0,11.0,2.0,0.0,2.0,"Disciplined, LowTempoController",0
2011-2012_Tottenham_Norwich,2011-2012,32,Tottenham,Norwich,A,3,25.0,13.0,3.0,0.0,3.0,"HighPressure, LowTempoController",0
2011-2012_Blackburn_Liverpool,2011-2012,32,Blackburn,Liverpool,A,5,26.0,8.0,9.0,1.0,11.0,"AggressiveTackler, RiskTaker, ChaosInducer",1
2011-2012_Man City_West Brom,2011-2012,32,Man City,West Brom,H,4,21.0,8.0,0.0,0.0,0.0,"Disciplined, HighPressure",0
2011-2012_QPR_Swansea,2011-2012,32,QPR,Swansea,H,3,25.0,15.0,2.0,0.0,2.0,"HighPressure, Disciplined, LowTempoController",0
2011-2012_Wigan_Man United,2011-2012,32,Wigan,Man United,H,1,19.0,10.0,3.0,0.0,3.0,"LowTempoController, AggressiveTackler",0
2011-2012_Wolves_Arsenal,2011-2012,32,Wolves,Arsenal,A,3,19.0,10.0,3.0,1.0,5.0,"ChaosInducer, LowTempoController",0
2011-2012_Norwich_Man City,2011-2012,33,Norwich,Man City,A,7,38.0,8.0,3.0,0.0,3.0,"RiskTaker, HighPressure, ChaosInducer",1
2011-2012_Sunderland_Wolves,2011-2012,33,Sunderland,Wolves,D,0,27.0,12.0,1.0,0.0,1.0,"HighPressure, Disciplined, Opportunistic",0
2011-2012_Swansea_Blackburn,2011-2012,33,Swansea,Blackburn,H,3,23.0,10.0,2.0,0.0,2.0,"Disciplined, AggressiveTackler",0
2011-2012_West Brom_QPR,2011-2012,33,West Brom,QPR,H,1,31.0,14.0,4.0,0.0,4.0,"HighPressure, Opportunistic",0
2011-2012_Man United_Aston Villa,2011-2012,33,Man United,Aston Villa,H,4,34.0,15.0,6.0,0.0,6.0,"AggressiveTackler, RiskTaker, HighPressure, ChaosInducer",1
2011-2012_Arsenal_Wigan,2011-2012,33,Arsenal,Wigan,A,3,30.0,12.0,5.0,0.0,5.0,"RiskTaker, HighPressure, ChaosInducer",1
2011-2012_Arsenal_Chelsea,2011-2012,34,Arsenal,Chelsea,D,0,26.0,14.0,7.0,0.0,7.0,"AggressiveTackler, HighPressure, LowTempoController",0
2011-2012_Aston Villa_Sunderland,2011-2012,34,Aston Villa,Sunderland,D,0,22.0,13.0,2.0,1.0,4.0,"LowTempoController, AggressiveTackler",0
2011-2012_Blackburn_Norwich,2011-2012,34,Blackburn,Norwich,H,2,21.0,16.0,2.0,0.0,2.0,"HighPressure, Disciplined, LowTempoController",0
2011-2012_Bolton_Swansea,2011-2012,34,Bolton,Swansea,D,2,27.0,18.0,3.0,0.0,3.0,"HighPressure, LowTempoController, Opportunistic",0
2011-2012_Fulham_Wigan,2011-2012,34,Fulham,Wigan,H,3,24.0,4.0,3.0,0.0,3.0,"Opportunistic, DirectPlay",0
2011-2012_Newcastle_Stoke,2011-2012,34,Newcastle,Stoke,H,3,23.0,9.0,2.0,0.0,2.0,"Disciplined, RiskTaker",0
2011-2012_QPR_Tottenham,2011-2012,34,QPR,Tottenham,H,1,29.0,17.0,4.0,1.0,6.0,"AggressiveTackler, HighPressure, LowTempoController, Opportunistic",0
2011-2012_Liverpool_West Brom,2011-2012,34,Liverpool,West Brom,A,1,37.0,18.0,2.0,0.0,2.0,"HighPressure, Disciplined, Opportunistic",0
2011-2012_Man United_Everton,2011-2012,34,Man United,Everton,D,8,37.0,7.0,3.0,0.0,3.0,"RiskTaker, HighPressure, ChaosInducer",1
2011-2012_Wolves_Man City,2011-2012,34,Wolves,Man City,A,2,24.0,11.0,1.0,0.0,1.0,"Disciplined, ChaosInducer",0
2011-2012_Aston Villa_Bolton,2011-2012,34,Aston Villa,Bolton,A,3,29.0,15.0,3.0,0.0,3.0,"RiskTaker, HighPressure",1
2011-2012_Everton_Fulham,2011-2012,35,Everton,Fulham,H,4,17.0,8.0,2.0,0.0,2.0,"Disciplined, Opportunistic",0
2011-2012_Norwich_Liverpool,2011-2012,35,Norwich,Liverpool,A,3,23.0,12.0,4.0,0.0,4.0,"Opportunistic, Disciplined",0
2011-2012_Stoke_Arsenal,2011-2012,35,Stoke,Arsenal,D,2,23.0,8.0,3.0,0.0,3.0,"HighPressure, Opportunistic",0
2011-2012_Sunderland_Bolton,2011-2012,35,Sunderland,Bolton,D,4,28.0,12.0,1.0,0.0,1.0,"RiskTaker, HighPressure, Disciplined",0
2011-2012_Swansea_Wolves,2011-2012,35,Swansea,Wolves,D,8,25.0,8.0,3.0,0.0,3.0,"RiskTaker, ChaosInducer",1
2011-2012_West Brom_Aston Villa,2011-2012,35,West Brom,Aston Villa,D,0,21.0,13.0,4.0,0.0,4.0,"LowTempoController, LowTempoController",0
2011-2012_Wigan_Newcastle,2011-2012,35,Wigan,Newcastle,H,4,21.0,5.0,3.0,0.0,3.0,"HighPressure, LowTempoController",0
2011-2012_Chelsea_QPR,2011-2012,35,Chelsea,QPR,H,7,36.0,13.0,1.0,0.0,1.0,"RiskTaker, HighPressure, ChaosInducer, Disciplined",1
2011-2012_Tottenham_Blackburn,2011-2012,35,Tottenham,Blackburn,H,2,19.0,7.0,0.0,0.0,0.0,"Disciplined, DirectPlay",0
2011-2012_Man City_Man United,2011-2012,35,Man City,Man United,H,1,16.0,16.0,5.0,0.0,5.0,"LowTempoController, RiskTaker",0
2011-2012_Liverpool_Fulham,2011-2012,35,Liverpool,Fulham,A,1,25.0,9.0,0.0,0.0,0.0,"Disciplined, AggressiveTackler",0
2011-2012_Stoke_Everton,2011-2012,35,Stoke,Everton,D,2,21.0,10.0,3.0,0.0,3.0,"Opportunistic, RiskTaker",0
2011-2012_Bolton_Tottenham,2011-2012,35,Bolton,Tottenham,A,5,27.0,11.0,3.0,0.0,3.0,"RiskTaker, ChaosInducer",1
2011-2012_Chelsea_Newcastle,2011-2012,35,Chelsea,Newcastle,A,2,29.0,8.0,3.0,0.0,3.0,"Opportunistic, DirectPlay",0
2011-2012_Arsenal_Norwich,2011-2012,36,Arsenal,Norwich,D,6,32.0,7.0,5.0,0.0,5.0,"RiskTaker, ChaosInducer",1
2011-2012_Aston Villa_Tottenham,2011-2012,36,Aston Villa,Tottenham,D,2,25.0,23.0,3.0,1.0,5.0,"HighPressure, LowTempoController",0
2011-2012_Bolton_West Brom,2011-2012,36,Bolton,West Brom,D,4,28.0,8.0,5.0,0.0,5.0,"RiskTaker, ChaosInducer",1
2011-2012_Fulham_Sunderland,2011-2012,36,Fulham,Sunderland,H,3,32.0,10.0,0.0,0.0,0.0,"RiskTaker, HighPressure, Disciplined",0
2011-2012_Man United_Swansea,2011-2012,36,Man United,Swansea,H,2,39.0,19.0,1.0,0.0,1.0,"HighPressure, Disciplined, Opportunistic",0
2011-2012_Newcastle_Man City,2011-2012,36,Newcastle,Man City,A,2,33.0,8.0,7.0,0.0,7.0,"AggressiveTackler, HighPressure, ChaosInducer, Opportunistic",1
2011-2012_QPR_Stoke,2011-2012,36,QPR,Stoke,H,1,29.0,10.0,0.0,0.0,0.0,"HighPressure, Disciplined, Opportunistic",0
2011-2012_Wolves_Everton,2011-2012,36,Wolves,Everton,D,0,25.0,10.0,0.0,0.0,0.0,"Disciplined, ChaosInducer",0
2011-2012_Blackburn_Wigan,2011-2012,36,Blackburn,Wigan,A,1,31.0,11.0,3.0,0.0,3.0,"HighPressure, Opportunistic",0
2011-2012_Liverpool_Chelsea,2011-2012,36,Liverpool,Chelsea,H,5,32.0,11.0,6.0,0.0,6.0,"AggressiveTackler, RiskTaker, HighPressure, ChaosInducer",1
2011-2012_Chelsea_Blackburn,2011-2012,37,Chelsea,Blackburn,H,3,26.0,10.0,1.0,0.0,1.0,"Disciplined, ChaosInducer",0
2011-2012_Everton_Newcastle,2011-2012,37,Everton,Newcastle,H,4,28.0,7.0,3.0,0.0,3.0,"RiskTaker, DirectPlay",0
2011-2012_Man City_QPR,2011-2012,37,Man City,QPR,H,5,38.0,19.0,2.0,1.0,4.0,"RiskTaker, HighPressure, ChaosInducer",1
2011-2012_Norwich_Aston Villa,2011-2012,37,Norwich,Aston Villa,H,2,30.0,15.0,3.0,0.0,3.0,"HighPressure, Opportunistic",0
2011-2012_Stoke_Bolton,2011-2012,37,Stoke,Bolton,D,4,32.0,14.0,2.0,0.0,2.0,"RiskTaker, HighPressure, Disciplined",0
2011-2012_Sunderland_Man United,2011-2012,37,Sunderland,Man United,A,1,23.0,10.0,6.0,0.0,6.0,"AggressiveTackler, LowTempoController",0
2011-2012_Swansea_Liverpool,2011-2012,37,Swansea,Liverpool,H,1,27.0,11.0,2.0,0.0,2.0,"Disciplined, Opportunistic",0
2011-2012_Tottenham_Fulham,2011-2012,37,Tottenham,Fulham,H,2,25.0,12.0,2.0,0.0,2.0,"Disciplined, Disciplined",0
2011-2012_West Brom_Arsenal,2011-2012,37,West Brom,Arsenal,A,5,24.0,14.0,1.0,0.0,1.0,"RiskTaker, HighPressure, Disciplined, LowTempoController",0
2011-2012_Wigan_Wolves,2011-2012,37,Wigan,Wolves,H,5,24.0,11.0,3.0,0.0,3.0,"RiskTaker, ChaosInducer",1
2012-2013_Arsenal_Sunderland,2012-2013,1,Arsenal,Sunderland,D,0,17.0,7.0,0.0,0.0,0.0,"Disciplined, Disciplined",0
2012-2013_Fulham_Norwich,2012-2013,1,Fulham,Norwich,H,5,15.0,9.0,0.0,0.0,0.0,"Disciplined, LowTempoController",0
2012-2013_Newcastle_Tottenham,2012-2013,1,Newcastle,Tottenham,H,3,18.0,8.0,4.0,0.0,4.0,"LowTempoController, ChaosInducer",0
2012-2013_QPR_Swansea,2012-2013,1,QPR,Swansea,A,5,32.0,8.0,4.0,0.0,4.0,"RiskTaker, HighPressure, ChaosInducer",1
2012-2013_Reading_Stoke,2012-2013,1,Reading,Stoke,D,2,15.0,7.0,6.0,1.0,8.0,"AggressiveTackler, ChaosInducer",0
2012-2013_West Brom_Liverpool,2012-2013,1,West Brom,Liverpool,H,3,29.0,10.0,5.0,1.0,7.0,"AggressiveTackler, RiskTaker, HighPressure, ChaosInducer",1
2012-2013_West Ham_Aston Villa,2012-2013,1,West Ham,Aston Villa,H,1,18.0,10.0,1.0,0.0,1.0,"Disciplined, LowTempoController",0
2012-2013_Man City_Southampton,2012-2013,1,Man City,Southampton,H,5,29.0,10.0,3.0,0.0,3.0,"RiskTaker, HighPressure, ChaosInducer",1
2012-2013_Wigan_Chelsea,2012-2013,1,Wigan,Chelsea,A,2,17.0,8.0,4.0,0.0,4.0,"ChaosInducer, Opportunistic",0
2012-2013_Everton_Man United,2012-2013,1,Everton,Man United,H,1,28.0,14.0,3.0,0.0,3.0,"HighPressure, Opportunistic",0
2012-2013_Chelsea_Reading,2012-2013,1,Chelsea,Reading,H,6,30.0,6.0,2.0,0.0,2.0,"RiskTaker, ChaosInducer, Disciplined",0
2012-2013_Aston Villa_Everton,2012-2013,2,Aston Villa,Everton,A,4,26.0,10.0,1.0,1.0,3.0,"RiskTaker, ChaosInducer",1
2012-2013_Chelsea_Newcastle,2012-2013,2,Chelsea,Newcastle,H,2,22.0,5.0,1.0,0.0,1.0,"Disciplined, RiskTaker",0
2012-2013_Man United_Fulham,2012-2013,2,Man United,Fulham,H,5,34.0,16.0,1.0,0.0,1.0,"RiskTaker, HighPressure, Disciplined",0
2012-2013_Norwich_QPR,2012-2013,2,Norwich,QPR,D,2,19.0,8.0,2.0,0.0,2.0,"Disciplined, ChaosInducer",0
2012-2013_Southampton_Wigan,2012-2013,2,Southampton,Wigan,A,2,26.0,13.0,0.0,0.0,0.0,"HighPressure, Disciplined",0
2012-2013_Swansea_West Ham,2012-2013,2,Swansea,West Ham,H,3,17.0,9.0,6.0,0.0,6.0,"AggressiveTackler, ChaosInducer, LowTempoController",0
2012-2013_Tottenham_West Brom,2012-2013,2,Tottenham,West Brom,D,2,28.0,12.0,3.0,0.0,3.0,"HighPressure, Opportunistic",0
2012-2013_Liverpool_Man City,2012-2013,2,Liverpool,Man City,D,4,26.0,8.0,1.0,0.0,1.0,"RiskTaker, Disciplined",0
2012-2013_Stoke_Arsenal,2012-2013,2,Stoke,Arsenal,D,0,23.0,11.0,2.0,0.0,2.0,"Disciplined, HighPressure",0
2012-2013_Man City_QPR,2012-2013,3,Man City,QPR,H,4,28.0,11.0,3.0,0.0,3.0,"RiskTaker, HighPressure",0
2012-2013_Swansea_Sunderland,2012-2013,3,Swansea,Sunderland,D,4,18.0,8.0,2.0,1.0,4.0,"ChaosInducer, Opportunistic",0
2012-2013_Tottenham_Norwich,2012-2013,3,Tottenham,Norwich,D,2,25.0,6.0,1.0,1.0,3.0,"AggressiveTackler, ChaosInducer",0
2012-2013_West Brom_Everton,2012-2013,3,West Brom,Everton,H,2,26.0,9.0,5.0,0.0,5.0,"LowTempoController, AggressiveTackler",0
2012-2013_West Ham_Fulham,2012-2013,3,West Ham,Fulham,H,3,31.0,12.0,0.0,0.0,0.0,"RiskTaker, HighPressure, Disciplined",0
2012-2013_Wigan_Stoke,2012-2013,3,Wigan,Stoke,D,4,25.0,3.0,3.0,0.0,3.0,"RiskTaker, RiskTaker",0
2012-2013_Liverpool_Arsenal,2012-2013,3,Liverpool,Arsenal,A,2,28.0,12.0,4.0,0.0,4.0,"HighPressure, Opportunistic",0
2012-2013_Newcastle_Aston Villa,2012-2013,3,Newcastle,Aston Villa,D,2,29.0,16.0,5.0,0.0,5.0,"HighPressure, LowTempoController, Opportunistic",0
2012-2013_Southampton_Man United,2012-2013,3,Southampton,Man United,A,5,33.0,11.0,1.0,0.0,1.0,"RiskTaker, HighPressure, Disciplined",0
2012-2013_Arsenal_Southampton,2012-2013,4,Arsenal,Southampton,H,7,29.0,11.0,0.0,0.0,0.0,"RiskTaker, HighPressure, ChaosInducer, Disciplined",1
2012-2013_Aston Villa_Swansea,2012-2013,4,Aston Villa,Swansea,H,2,27.0,16.0,4.0,0.0,4.0,"HighPressure, LowTempoController, Opportunistic",0
2012-2013_Fulham_West Brom,2012-2013,4,Fulham,West Brom,H,3,33.0,9.0,0.0,1.0,2.0,"RiskTaker, HighPressure, Disciplined",0
2012-2013_Man United_Wigan,2012-2013,4,Man United,Wigan,H,4,25.0,10.0,4.0,0.0,4.0,"RiskTaker, ChaosInducer",1
2012-2013_Norwich_West Ham,2012-2013,4,Norwich,West Ham,D,0,29.0,13.0,1.0,0.0,1.0,"HighPressure, Disciplined, Opportunistic",0
2012-2013_QPR_Chelsea,2012-2013,4,QPR,Chelsea,D,0,23.0,6.0,2.0,0.0,2.0,"Disciplined, LowTempoController",0
2012-2013_Stoke_Man City,2012-2013,4,Stoke,Man City,D,2,19.0,11.0,1.0,0.0,1.0,"Disciplined, LowTempoController",0
2012-2013_Sunderland_Liverpool,2012-2013,4,Sunderland,Liverpool,D,2,26.0,9.0,3.0,0.0,3.0,"AggressiveTackler, LowTempoController",0
2012-2013_Reading_Tottenham,2012-2013,4,Reading,Tottenham,A,4,26.0,11.0,1.0,0.0,1.0,"RiskTaker, Disciplined",0
2012-2013_Everton_Newcastle,2012-2013,4,Everton,Newcastle,D,4,28.0,6.0,6.0,0.0,6.0,"AggressiveTackler, RiskTaker, ChaosInducer",1
2012-2013_Chelsea_Stoke,2012-2013,5,Chelsea,Stoke,H,1,30.0,16.0,3.0,0.0,3.0,"HighPressure, Opportunistic",0
2012-2013_Southampton_Aston Villa,2012-2013,5,Southampton,Aston Villa,H,5,20.0,5.0,4.0,0.0,4.0,"RiskTaker, ChaosInducer",1
2012-2013_Swansea_Everton,2012-2013,5,Swansea,Everton,A,3,48.0,11.0,5.0,1.0,7.0,"AggressiveTackler, RiskTaker, HighPressure, ChaosInducer",1
2012-2013_West Brom_Reading,2012-2013,5,West Brom,Reading,H,1,17.0,10.0,1.0,0.0,1.0,"Disciplined, LowTempoController",0
2012-2013_West Ham_Sunderland,2012-2013,5,West Ham,Sunderland,D,2,24.0,11.0,3.0,0.0,3.0,"RiskTaker, Opportunistic",0
2012-2013_Wigan_Fulham,2012-2013,5,Wigan,Fulham,A,3,30.0,15.0,3.0,0.0,3.0,"RiskTaker, HighPressure",0
2012-2013_Liverpool_Man United,2012-2013,5,Liverpool,Man United,A,3,21.0,10.0,3.0,1.0,5.0,"ChaosInducer, HighPressure",0
2012-2013_Man City_Arsenal,2012-2013,5,Man City,Arsenal,D,2,24.0,13.0,1.0,0.0,1.0,"HighPressure, Disciplined, LowTempoController",0
2012-2013_Newcastle_Norwich,2012-2013,5,Newcastle,Norwich,H,1,24.0,9.0,2.0,0.0,2.0,"Disciplined, RiskTaker",0
2012-2013_Tottenham_QPR,2012-2013,5,Tottenham,QPR,H,3,27.0,19.0,2.0,0.0,2.0,"RiskTaker, HighPressure, Disciplined, LowTempoController",0
2012-2013_Arsenal_Chelsea,2012-2013,6,Arsenal,Chelsea,A,3,24.0,11.0,5.0,0.0,5.0,"ChaosInducer, RiskTaker",1
2012-2013_Everton_Southampton,2012-2013,6,Everton,Southampton,H,4,25.0,13.0,0.0,0.0,0.0,"RiskTaker, HighPressure, Disciplined",0
2012-2013_Fulham_Man City,2012-2013,6,Fulham,Man City,A,3,28.0,6.0,1.0,0.0,1.0,"RiskTaker, Disciplined",0
2012-2013_Man United_Tottenham,2012-2013,6,Man United,Tottenham,A,5,25.0,14.0,0.0,0.0,0.0,"RiskTaker, HighPressure, Disciplined, LowTempoController",0
2012-2013_Norwich_Liverpool,2012-2013,6,Norwich,Liverpool,A,7,20.0,10.0,1.0,0.0,1.0,"RiskTaker, ChaosInducer, Disciplined",0
2012-2013_Reading_Newcastle,2012-2013,6,Reading,Newcastle,D,4,22.0,9.0,3.0,0.0,3.0,"LowTempoController, Opportunistic",0
2012-2013_Stoke_Swansea,2012-2013,6,Stoke,Swansea,H,2,18.0,14.0,2.0,0.0,2.0,"Disciplined, LowTempoController",0
2012-2013_Sunderland_Wigan,2012-2013,6,Sunderland,Wigan,H,1,19.0,9.0,7.0,1.0,9.0,"AggressiveTackler, ChaosInducer",1
2012-2013_Aston Villa_West Brom,2012-2013,6,Aston Villa,West Brom,D,2,33.0,15.0,2.0,0.0,2.0,"HighPressure, Disciplined, Opportunistic",0
2012-2013_QPR_West Ham,2012-2013,6,QPR,West Ham,A,3,30.0,17.0,9.0,1.0,11.0,"AggressiveTackler, RiskTaker, HighPressure, ChaosInducer, LowTempoController",1
2012-2013_Chelsea_Norwich,2012-2013,7,Chelsea,Norwich,H,5,27.0,12.0,0.0,0.0,0.0,"RiskTaker, HighPressure, Disciplined",0
2012-2013_Man City_Sunderland,2012-2013,7,Man City,Sunderland,H,3,34.0,19.0,3.0,0.0,3.0,"RiskTaker, HighPressure, LowTempoController",0
2012-2013_Swansea_Reading,2012-2013,7,Swansea,Reading,D,4,33.0,14.0,4.0,0.0,4.0,"RiskTaker, HighPressure, ChaosInducer",1
2012-2013_West Brom_QPR,2012-2013,7,West Brom,QPR,H,5,26.0,7.0,4.0,0.0,4.0,"RiskTaker, ChaosInducer",1
2012-2013_West Ham_Arsenal,2012-2013,7,West Ham,Arsenal,A,4,27.0,20.0,5.0,0.0,5.0,"RiskTaker, HighPressure, ChaosInducer, LowTempoController",1
2012-2013_Wigan_Everton,2012-2013,7,Wigan,Everton,D,4,26.0,13.0,7.0,0.0,7.0,"AggressiveTackler, RiskTaker, HighPressure, ChaosInducer",1
2012-2013_Liverpool_Stoke,2012-2013,7,Liverpool,Stoke,D,0,21.0,10.0,6.0,0.0,6.0,"AggressiveTackler, DirectPlay",0
2012-2013_Newcastle_Man United,2012-2013,7,Newcastle,Man United,A,3,25.0,14.0,8.0,0.0,8.0,"AggressiveTackler, HighPressure, ChaosInducer, LowTempoController",1
2012-2013_Southampton_Fulham,2012-2013,7,Southampton,Fulham,D,4,27.0,16.0,4.0,0.0,4.0,"RiskTaker, HighPressure, ChaosInducer, LowTempoController",1
2012-2013_Tottenham_Aston Villa,2012-2013,7,Tottenham,Aston Villa,H,2,31.0,8.0,4.0,0.0,4.0,"Opportunistic, Disciplined",0
2012-2013_Fulham_Aston Villa,2012-2013,8,Fulham,Aston Villa,H,1,26.0,10.0,3.0,0.0,3.0,"ChaosInducer, ChaosInducer",1
2012-2013_Liverpool_Reading,2012-2013,8,Liverpool,Reading,H,1,31.0,11.0,2.0,0.0,2.0,"HighPressure, Disciplined, Opportunistic",0
2012-2013_Man United_Stoke,2012-2013,8,Man United,Stoke,H,6,21.0,6.0,2.0,0.0,2.0,"RiskTaker, ChaosInducer, Disciplined",1
2012-2013_Norwich_Arsenal,2012-2013,8,Norwich,Arsenal,H,1,20.0,12.0,4.0,0.0,4.0,"LowTempoController, HighPressure",0
2012-2013_Swansea_Wigan,2012-2013,8,Swansea,Wigan,H,3,28.0,11.0,5.0,0.0,5.0,"RiskTaker, HighPressure, ChaosInducer",1
2012-2013_Tottenham_Chelsea,2012-2013,8,Tottenham,Chelsea,A,6,34.0,11.0,5.0,0.0,5.0,"RiskTaker, HighPressure, ChaosInducer",1
2012-2013_West Brom_Man City,2012-2013,8,West Brom,Man City,A,3,37.0,15.0,7.0,1.0,9.0,"AggressiveTackler, RiskTaker, HighPressure, ChaosInducer",1
2012-2013_West Ham_Southampton,2012-2013,8,West Ham,Southampton,H,5,20.0,9.0,2.0,0.0,2.0,"RiskTaker, Disciplined",0
2012-2013_QPR_Everton,2012-2013,8,QPR,Everton,D,2,24.0,9.0,3.0,1.0,5.0,"HighPressure, ChaosInducer",0
2012-2013_Sunderland_Newcastle,2012-2013,8,Sunderland,Newcastle,D,2,26.0,12.0,4.0,1.0,6.0,"AggressiveTackler, HighPressure",1
2012-2013_Arsenal_QPR,2012-2013,9,Arsenal,QPR,H,1,25.0,7.0,3.0,1.0,5.0,"Disciplined, ChaosInducer",0
2012-2013_Aston Villa_Norwich,2012-2013,9,Aston Villa,Norwich,D,2,21.0,11.0,2.0,1.0,4.0,"LowTempoController, DirectPlay",0
2012-2013_Man City_Swansea,2012-2013,9,Man City,Swansea,H,1,19.0,3.0,3.0,0.0,3.0,"Disciplined, HighPressure",0
2012-2013_Reading_Fulham,2012-2013,9,Reading,Fulham,D,6,31.0,14.0,2.0,0.0,2.0,"RiskTaker, HighPressure, ChaosInducer, Disciplined",1
2012-2013_Stoke_Sunderland,2012-2013,9,Stoke,Sunderland,D,0,17.0,10.0,4.0,0.0,4.0,"LowTempoController, AggressiveTackler",0
2012-2013_Wigan_West Ham,2012-2013,9,Wigan,West Ham,H,3,32.0,12.0,7.0,0.0,7.0,"AggressiveTackler, RiskTaker, HighPressure, ChaosInducer",1
2012-2013_Chelsea_Man United,2012-2013,9,Chelsea,Man United,A,5,29.0,14.0,4.0,2.0,8.0,"AggressiveTackler, RiskTaker, HighPressure, ChaosInducer",1
2012-2013_Everton_Liverpool,2012-2013,9,Everton,Liverpool,D,4,29.0,14.0,7.0,0.0,7.0,"AggressiveTackler, RiskTaker, HighPressure, ChaosInducer",1
2012-2013_Newcastle_West Brom,2012-2013,9,Newcastle,West Brom,H,3,18.0,10.0,5.0,0.0,5.0,"ChaosInducer, LowTempoController",0
2012-2013_Southampton_Tottenham,2012-2013,9,Southampton,Tottenham,A,3,22.0,5.0,3.0,0.0,3.0,"LowTempoController, DirectPlay",0
2012-2013_Fulham_Everton,2012-2013,10,Fulham,Everton,D,4,34.0,14.0,4.0,0.0,4.0,"RiskTaker, HighPressure, ChaosInducer",1
2012-2013_Man United_Arsenal,2012-2013,10,Man United,Arsenal,H,3,18.0,7.0,8.0,1.0,10.0,"AggressiveTackler, ChaosInducer",1
2012-2013_Norwich_Stoke,2012-2013,10,Norwich,Stoke,H,1,20.0,10.0,6.0,0.0,6.0,"AggressiveTackler, DirectPlay",0
2012-2013_Sunderland_Aston Villa,2012-2013,10,Sunderland,Aston Villa,A,1,20.0,13.0,5.0,0.0,5.0,"LowTempoController, Opportunistic",0
2012-2013_Swansea_Chelsea,2012-2013,10,Swansea,Chelsea,D,2,20.0,14.0,5.0,0.0,5.0,"LowTempoController, HighPressure",0
2012-2013_Tottenham_Wigan,2012-2013,10,Tottenham,Wigan,A,1,20.0,12.0,2.0,0.0,2.0,"Disciplined, LowTempoController",0
2012-2013_West Ham_Man City,2012-2013,10,West Ham,Man City,D,0,24.0,10.0,3.0,0.0,3.0,"HighPressure, RiskTaker",0
2012-2013_Liverpool_Newcastle,2012-2013,10,Liverpool,Newcastle,D,2,30.0,17.0,1.0,1.0,3.0,"HighPressure, LowTempoController, Opportunistic",0
2012-2013_QPR_Reading,2012-2013,10,QPR,Reading,D,2,41.0,16.0,2.0,0.0,2.0,"HighPressure, Disciplined, Opportunistic",0
2012-2013_West Brom_Southampton,2012-2013,10,West Brom,Southampton,H,2,25.0,14.0,1.0,0.0,1.0,"HighPressure, Disciplined, LowTempoController",0
2012-2013_Arsenal_Fulham,2012-2013,11,Arsenal,Fulham,D,6,24.0,14.0,3.0,0.0,3.0,"RiskTaker, HighPressure, ChaosInducer, LowTempoController",1
2012-2013_Aston Villa_Man United,2012-2013,11,Aston Villa,Man United,A,5,26.0,11.0,2.0,0.0,2.0,"RiskTaker, Disciplined",0
2012-2013_Everton_Sunderland,2012-2013,11,Everton,Sunderland,H,3,22.0,8.0,4.0,0.0,4.0,"DirectPlay, RiskTaker",0
2012-2013_Reading_Norwich,2012-2013,11,Reading,Norwich,D,0,17.0,13.0,1.0,0.0,1.0,"Disciplined, LowTempoController",0
2012-2013_Southampton_Swansea,2012-2013,11,Southampton,Swansea,D,2,16.0,16.0,4.0,0.0,4.0,"LowTempoController, RiskTaker",0
2012-2013_Stoke_QPR,2012-2013,11,Stoke,QPR,H,1,27.0,10.0,5.0,0.0,5.0,"Opportunistic, LowTempoController",0
2012-2013_Wigan_West Brom,2012-2013,11,Wigan,West Brom,A,3,21.0,13.0,5.0,0.0,5.0,"ChaosInducer, LowTempoController",0
2012-2013_Chelsea_Liverpool,2012-2013,11,Chelsea,Liverpool,D,2,21.0,11.0,4.0,0.0,4.0,"LowTempoController, RiskTaker",0
2012-2013_Man City_Tottenham,2012-2013,11,Man City,Tottenham,H,3,22.0,10.0,3.0,0.0,3.0,"Disciplined, ChaosInducer",0
2012-2013_Newcastle_West Ham,2012-2013,11,Newcastle,West Ham,A,1,24.0,15.0,3.0,0.0,3.0,"HighPressure, LowTempoController",0
2012-2013_Arsenal_Tottenham,2012-2013,12,Arsenal,Tottenham,H,7,19.0,12.0,3.0,1.0,5.0,"RiskTaker, ChaosInducer, LowTempoController",1
2012-2013_Liverpool_Wigan,2012-2013,12,Liverpool,Wigan,H,3,31.0,15.0,3.0,0.0,3.0,"RiskTaker, HighPressure",1
2012-2013_Man City_Aston Villa,2012-2013,12,Man City,Aston Villa,H,5,31.0,13.0,1.0,0.0,1.0,"RiskTaker, HighPressure, Disciplined",0
2012-2013_Newcastle_Swansea,2012-2013,12,Newcastle,Swansea,A,3,42.0,9.0,4.0,0.0,4.0,"RiskTaker, HighPressure",0
2012-2013_Norwich_Man United,2012-2013,12,Norwich,Man United,H,1,22.0,12.0,1.0,0.0,1.0,"Disciplined, LowTempoController",0
2012-2013_QPR_Southampton,2012-2013,12,QPR,Southampton,A,4,34.0,17.0,1.0,0.0,1.0,"RiskTaker, HighPressure, Disciplined",0
2012-2013_Reading_Everton,2012-2013,12,Reading,Everton,H,3,33.0,20.0,5.0,0.0,5.0,"RiskTaker, HighPressure, ChaosInducer, LowTempoController",1
2012-2013_West Brom_Chelsea,2012-2013,12,West Brom,Chelsea,H,3,27.0,12.0,0.0,0.0,0.0,"RiskTaker, HighPressure, Disciplined",0
2012-2013_Fulham_Sunderland,2012-2013,12,Fulham,Sunderland,A,4,30.0,8.0,4.0,1.0,6.0,"AggressiveTackler, RiskTaker, ChaosInducer",1
2012-2013_West Ham_Stoke,2012-2013,12,West Ham,Stoke,D,2,28.0,16.0,1.0,0.0,1.0,"HighPressure, Disciplined, LowTempoController, Opportunistic",0
2012-2013_Aston Villa_Arsenal,2012-2013,13,Aston Villa,Arsenal,D,0,23.0,13.0,1.0,0.0,1.0,"Disciplined, LowTempoController",0
2012-2013_Everton_Norwich,2012-2013,13,Everton,Norwich,D,2,22.0,6.0,3.0,0.0,3.0,"AggressiveTackler, HighPressure",1
2012-2013_Man United_QPR,2012-2013,13,Man United,QPR,H,4,25.0,16.0,2.0,0.0,2.0,"RiskTaker, HighPressure, Disciplined, LowTempoController",0
2012-2013_Stoke_Fulham,2012-2013,13,Stoke,Fulham,H,1,20.0,9.0,2.0,0.0,2.0,"Disciplined, Disciplined",0
2012-2013_Sunderland_West Brom,2012-2013,13,Sunderland,West Brom,A,6,30.0,9.0,5.0,0.0,5.0,"RiskTaker, ChaosInducer",1
2012-2013_Wigan_Reading,2012-2013,13,Wigan,Reading,H,5,35.0,14.0,2.0,0.0,2.0,"RiskTaker, HighPressure, Disciplined",0
2012-2013_Chelsea_Man City,2012-2013,13,Chelsea,Man City,D,0,16.0,17.0,3.0,0.0,3.0,"LowTempoController, AggressiveTackler",0
2012-2013_Southampton_Newcastle,2012-2013,13,Southampton,Newcastle,H,2,25.0,7.0,4.0,0.0,4.0,"DirectPlay, DirectPlay",0
2012-2013_Swansea_Liverpool,2012-2013,13,Swansea,Liverpool,D,0,38.0,13.0,1.0,0.0,1.0,"HighPressure, Disciplined, Opportunistic",0
2012-2013_Tottenham_West Ham,2012-2013,13,Tottenham,West Ham,H,4,35.0,6.0,3.0,0.0,3.0,"RiskTaker, DirectPlay",1
2012-2013_Aston Villa_Reading,2012-2013,14,Aston Villa,Reading,H,1,26.0,11.0,1.0,0.0,1.0,"Disciplined, Disciplined",0
2012-2013_Sunderland_QPR,2012-2013,14,Sunderland,QPR,D,0,26.0,13.0,4.0,0.0,4.0,"HighPressure, Disciplined",0
2012-2013_Chelsea_Fulham,2012-2013,14,Chelsea,Fulham,D,0,25.0,12.0,3.0,0.0,3.0,"HighPressure, ChaosInducer",1
2012-2013_Everton_Arsenal,2012-2013,14,Everton,Arsenal,D,2,26.0,12.0,3.0,0.0,3.0,"HighPressure, Opportunistic",0
2012-2013_Man United_West Ham,2012-2013,14,Man United,West Ham,H,1,32.0,10.0,2.0,0.0,2.0,"HighPressure, Disciplined, Opportunistic",0
2012-2013_Southampton_Norwich,2012-2013,14,Southampton,Norwich,D,2,17.0,10.0,2.0,0.0,2.0,"Disciplined, LowTempoController",0
2012-2013_Stoke_Newcastle,2012-2013,14,Stoke,Newcastle,H,3,18.0,9.0,4.0,0.0,4.0,"RiskTaker, DirectPlay",0
2012-2013_Swansea_West Brom,2012-2013,14,Swansea,West Brom,H,4,19.0,7.0,4.0,0.0,4.0,"ChaosInducer, LowTempoController",0
2012-2013_Tottenham_Liverpool,2012-2013,14,Tottenham,Liverpool,H,3,28.0,13.0,3.0,0.0,3.0,"RiskTaker, HighPressure",1
2012-2013_Wigan_Man City,2012-2013,14,Wigan,Man City,A,2,24.0,12.0,2.0,0.0,2.0,"Disciplined, ChaosInducer",0
2012-2013_Arsenal_Swansea,2012-2013,15,Arsenal,Swansea,A,2,22.0,13.0,1.0,0.0,1.0,"Disciplined, LowTempoController",0
2012-2013_Fulham_Tottenham,2012-2013,15,Fulham,Tottenham,A,3,18.0,3.0,2.0,0.0,2.0,"Disciplined, LowTempoController",0
2012-2013_Liverpool_Southampton,2012-2013,15,Liverpool,Southampton,H,1,32.0,14.0,2.0,0.0,2.0,"HighPressure, Disciplined, Opportunistic",0
2012-2013_Man City_Everton,2012-2013,15,Man City,Everton,D,2,17.0,7.0,3.0,0.0,3.0,"HighPressure, HighPressure",0
2012-2013_QPR_Aston Villa,2012-2013,15,QPR,Aston Villa,D,2,24.0,15.0,3.0,0.0,3.0,"HighPressure, LowTempoController",0
2012-2013_Reading_Man United,2012-2013,15,Reading,Man United,A,7,20.0,7.0,2.0,0.0,2.0,"RiskTaker, ChaosInducer, Disciplined",1
2012-2013_West Brom_Stoke,2012-2013,15,West Brom,Stoke,A,1,20.0,10.0,3.0,0.0,3.0,"HighPressure, AggressiveTackler",0
2012-2013_West Ham_Chelsea,2012-2013,15,West Ham,Chelsea,H,4,32.0,19.0,3.0,0.0,3.0,"RiskTaker, HighPressure, LowTempoController",0
2012-2013_Norwich_Sunderland,2012-2013,15,Norwich,Sunderland,H,3,23.0,8.0,2.0,0.0,2.0,"Disciplined, LowTempoController",0
2012-2013_Newcastle_Wigan,2012-2013,15,Newcastle,Wigan,H,3,25.0,8.0,4.0,1.0,6.0,"AggressiveTackler, ChaosInducer",1
2012-2013_Arsenal_West Brom,2012-2013,16,Arsenal,West Brom,H,2,23.0,11.0,5.0,0.0,5.0,"ChaosInducer, Opportunistic",0
2012-2013_Aston Villa_Stoke,2012-2013,16,Aston Villa,Stoke,D,0,10.0,5.0,1.0,1.0,3.0,"LowTempoController, ChaosInducer",0
2012-2013_Southampton_Reading,2012-2013,16,Southampton,Reading,H,1,24.0,11.0,0.0,0.0,0.0,"Disciplined, Disciplined",0
2012-2013_Sunderland_Chelsea,2012-2013,16,Sunderland,Chelsea,A,4,25.0,12.0,4.0,0.0,4.0,"RiskTaker, ChaosInducer",1
2012-2013_Swansea_Norwich,2012-2013,16,Swansea,Norwich,A,7,31.0,8.0,3.0,0.0,3.0,"RiskTaker, ChaosInducer",1
2012-2013_Wigan_QPR,2012-2013,16,Wigan,QPR,D,4,22.0,15.0,1.0,0.0,1.0,"HighPressure, Disciplined, LowTempoController",0
2012-2013_Everton_Tottenham,2012-2013,16,Everton,Tottenham,H,3,25.0,8.0,4.0,0.0,4.0,"Disciplined, DirectPlay",0
2012-2013_Man City_Man United,2012-2013,16,Man City,Man United,A,5,24.0,10.0,7.0,0.0,7.0,"AggressiveTackler, RiskTaker, ChaosInducer",1
2012-2013_West Ham_Liverpool,2012-2013,16,West Ham,Liverpool,A,5,25.0,7.0,3.0,0.0,3.0,"RiskTaker, ChaosInducer",1
2012-2013_Fulham_Newcastle,2012-2013,16,Fulham,Newcastle,H,3,36.0,9.0,0.0,0.0,0.0,"RiskTaker, HighPressure, Disciplined",0
2012-2013_Sunderland_Reading,2012-2013,16,Sunderland,Reading,H,3,28.0,14.0,3.0,0.0,3.0,"RiskTaker, HighPressure",0
2012-2013_Liverpool_Aston Villa,2012-2013,17,Liverpool,Aston Villa,A,4,35.0,9.0,3.0,0.0,3.0,"RiskTaker, HighPressure",0
2012-2013_Man United_Sunderland,2012-2013,17,Man United,Sunderland,H,4,28.0,18.0,0.0,0.0,0.0,"RiskTaker, HighPressure, Disciplined, LowTempoController",0
2012-2013_Newcastle_Man City,2012-2013,17,Newcastle,Man City,A,4,33.0,19.0,5.0,0.0,5.0,"RiskTaker, HighPressure, ChaosInducer, LowTempoController",1
2012-2013_Norwich_Wigan,2012-2013,17,Norwich,Wigan,H,3,28.0,10.0,4.0,0.0,4.0,"RiskTaker, Opportunistic",0
2012-2013_QPR_Fulham,2012-2013,17,QPR,Fulham,H,3,25.0,6.0,3.0,0.0,3.0,"Disciplined, HighPressure",0
2012-2013_Stoke_Everton,2012-2013,17,Stoke,Everton,D,2,23.0,12.0,1.0,0.0,1.0,"Disciplined, ChaosInducer",0
2012-2013_Tottenham_Swansea,2012-2013,17,Tottenham,Swansea,H,1,28.0,12.0,5.0,0.0,5.0,"HighPressure, Opportunistic",0
2012-2013_West Brom_West Ham,2012-2013,17,West Brom,West Ham,D,0,29.0,10.0,6.0,0.0,6.0,"AggressiveTackler, HighPressure, Opportunistic",1
2012-2013_Reading_Arsenal,2012-2013,17,Reading,Arsenal,A,7,32.0,10.0,2.0,0.0,2.0,"RiskTaker, HighPressure, ChaosInducer, Disciplined",1
2012-2013_Liverpool_Fulham,2012-2013,18,Liverpool,Fulham,H,4,29.0,10.0,3.0,0.0,3.0,"RiskTaker, HighPressure",0
2012-2013_Man City_Reading,2012-2013,18,Man City,Reading,H,1,23.0,15.0,5.0,0.0,5.0,"HighPressure, LowTempoController",0
2012-2013_Newcastle_QPR,2012-2013,18,Newcastle,QPR,H,1,23.0,13.0,5.0,0.0,5.0,"LowTempoController, LowTempoController",0
2012-2013_Southampton_Sunderland,2012-2013,18,Southampton,Sunderland,A,1,23.0,13.0,3.0,0.0,3.0,"LowTempoController, HighPressure",0
2012-2013_Tottenham_Stoke,2012-2013,18,Tottenham,Stoke,D,0,25.0,15.0,7.0,0.0,7.0,"AggressiveTackler, HighPressure, LowTempoController",1
2012-2013_West Brom_Norwich,2012-2013,18,West Brom,Norwich,H,3,22.0,11.0,2.0,0.0,2.0,"Disciplined, AggressiveTackler",0
2012-2013_West Ham_Everton,2012-2013,18,West Ham,Everton,A,3,21.0,8.0,1.0,2.0,5.0,"ChaosInducer, Disciplined",0
2012-2013_Wigan_Arsenal,2012-2013,18,Wigan,Arsenal,A,1,23.0,8.0,2.0,0.0,2.0,"Disciplined, HighPressure",0
2012-2013_Chelsea_Aston Villa,2012-2013,18,Chelsea,Aston Villa,H,8,31.0,12.0,0.0,0.0,0.0,"RiskTaker, HighPressure, ChaosInducer, Disciplined",1
2012-2013_Swansea_Man United,2012-2013,18,Swansea,Man United,D,2,33.0,9.0,6.0,0.0,6.0,"AggressiveTackler, HighPressure, Opportunistic",1
2012-2013_Aston Villa_Tottenham,2012-2013,19,Aston Villa,Tottenham,A,4,24.0,18.0,1.0,0.0,1.0,"RiskTaker, HighPressure, Disciplined, LowTempoController",0
2012-2013_Everton_Wigan,2012-2013,19,Everton,Wigan,H,3,27.0,13.0,4.0,0.0,4.0,"RiskTaker, HighPressure",0
2012-2013_Fulham_Southampton,2012-2013,19,Fulham,Southampton,D,2,17.0,8.0,3.0,0.0,3.0,"HighPressure, AggressiveTackler",1
2012-2013_Man United_Newcastle,2012-2013,19,Man United,Newcastle,H,7,32.0,4.0,6.0,0.0,6.0,"AggressiveTackler, RiskTaker, ChaosInducer",1
2012-2013_Norwich_Chelsea,2012-2013,19,Norwich,Chelsea,A,1,28.0,12.0,2.0,0.0,2.0,"HighPressure, Disciplined, Opportunistic",0
2012-2013_QPR_West Brom,2012-2013,19,QPR,West Brom,A,3,30.0,23.0,1.0,0.0,1.0,"RiskTaker, HighPressure, Disciplined, LowTempoController",0
2012-2013_Reading_Swansea,2012-2013,19,Reading,Swansea,D,0,13.0,10.0,3.0,0.0,3.0,"LowTempoController, RiskTaker",0
2012-2013_Stoke_Liverpool,2012-2013,19,Stoke,Liverpool,H,4,19.0,14.0,4.0,0.0,4.0,"ChaosInducer, LowTempoController",0
2012-2013_Sunderland_Man City,2012-2013,19,Sunderland,Man City,H,1,31.0,10.0,4.0,0.0,4.0,"HighPressure, Opportunistic",0
2012-2013_Arsenal_Newcastle,2012-2013,20,Arsenal,Newcastle,H,10,26.0,11.0,1.0,0.0,1.0,"RiskTaker, ChaosInducer, Disciplined",1
2012-2013_Aston Villa_Wigan,2012-2013,20,Aston Villa,Wigan,A,3,20.0,7.0,5.0,0.0,5.0,"ChaosInducer, ChaosInducer",1
2012-2013_Fulham_Swansea,2012-2013,20,Fulham,Swansea,A,3,32.0,17.0,3.0,0.0,3.0,"RiskTaker, HighPressure",0
2012-2013_Man United_West Brom,2012-2013,20,Man United,West Brom,H,2,30.0,15.0,1.0,0.0,1.0,"HighPressure, Disciplined, Opportunistic",0
2012-2013_Norwich_Man City,2012-2013,20,Norwich,Man City,A,7,26.0,13.0,4.0,1.0,6.0,"AggressiveTackler, RiskTaker, HighPressure, ChaosInducer",1
2012-2013_Reading_West Ham,2012-2013,20,Reading,West Ham,H,1,14.0,4.0,7.0,0.0,7.0,"AggressiveTackler, LowTempoController",0
2012-2013_Stoke_Southampton,2012-2013,20,Stoke,Southampton,D,6,18.0,11.0,3.0,1.0,5.0,"RiskTaker, ChaosInducer, LowTempoController",1
2012-2013_Sunderland_Tottenham,2012-2013,20,Sunderland,Tottenham,A,3,27.0,11.0,4.0,0.0,4.0,"RiskTaker, DirectPlay",0
2012-2013_Everton_Chelsea,2012-2013,20,Everton,Chelsea,A,3,27.0,14.0,5.0,0.0,5.0,"RiskTaker, HighPressure, ChaosInducer",1
2012-2013_QPR_Liverpool,2012-2013,20,QPR,Liverpool,A,3,30.0,10.0,3.0,0.0,3.0,"RiskTaker, HighPressure",0
2012-2013_Man City_Stoke,2012-2013,21,Man City,Stoke,H,3,21.0,9.0,4.0,0.0,4.0,"RiskTaker, Disciplined",0
2012-2013_Southampton_Arsenal,2012-2013,21,Southampton,Arsenal,D,2,15.0,6.0,2.0,0.0,2.0,"Disciplined, HighPressure",0
2012-2013_Swansea_Aston Villa,2012-2013,21,Swansea,Aston Villa,D,4,31.0,5.0,4.0,0.0,4.0,"RiskTaker, ChaosInducer",1
2012-2013_Tottenham_Reading,2012-2013,21,Tottenham,Reading,H,4,37.0,15.0,0.0,0.0,0.0,"RiskTaker, HighPressure, Disciplined",0
2012-2013_West Brom_Fulham,2012-2013,21,West Brom,Fulham,A,3,27.0,15.0,0.0,0.0,0.0,"RiskTaker, HighPressure, Disciplined, LowTempoController",0
2012-2013_West Ham_Norwich,2012-2013,21,West Ham,Norwich,H,3,23.0,14.0,0.0,0.0,0.0,"HighPressure, Disciplined, LowTempoController",0
2012-2013_Wigan_Man United,2012-2013,21,Wigan,Man United,A,4,21.0,7.0,2.0,0.0,2.0,"Disciplined, Opportunistic",0
2012-2013_Chelsea_QPR,2012-2013,21,Chelsea,QPR,A,1,31.0,16.0,2.0,0.0,2.0,"HighPressure, Disciplined, Opportunistic",0
2012-2013_Liverpool_Sunderland,2012-2013,21,Liverpool,Sunderland,H,3,33.0,14.0,1.0,0.0,1.0,"RiskTaker, HighPressure, Disciplined",0
2012-2013_Newcastle_Everton,2012-2013,21,Newcastle,Everton,A,3,21.0,10.0,5.0,0.0,5.0,"ChaosInducer, AggressiveTackler",1
2012-2013_Aston Villa_Southampton,2012-2013,22,Aston Villa,Southampton,A,1,27.0,14.0,2.0,0.0,2.0,"HighPressure, Disciplined, Opportunistic",0
2012-2013_Everton_Swansea,2012-2013,22,Everton,Swansea,D,0,20.0,8.0,5.0,0.0,5.0,"AggressiveTackler, Opportunistic",0
2012-2013_Fulham_Wigan,2012-2013,22,Fulham,Wigan,D,2,29.0,14.0,1.0,0.0,1.0,"HighPressure, Disciplined, Opportunistic",0
2012-2013_Norwich_Newcastle,2012-2013,22,Norwich,Newcastle,D,0,21.0,9.0,1.0,0.0,1.0,"Disciplined, ChaosInducer",0
2012-2013_QPR_Tottenham,2012-2013,22,QPR,Tottenham,D,0,20.0,8.0,2.0,0.0,2.0,"Disciplined, RiskTaker",0
2012-2013_Reading_West Brom,2012-2013,22,Reading,West Brom,H,5,18.0,12.0,2.0,0.0,2.0,"Disciplined, LowTempoController",0
2012-2013_Stoke_Chelsea,2012-2013,22,Stoke,Chelsea,A,4,22.0,13.0,1.0,0.0,1.0,"Disciplined, LowTempoController",0
2012-2013_Sunderland_West Ham,2012-2013,22,Sunderland,West Ham,H,3,27.0,10.0,3.0,0.0,3.0,"RiskTaker, DirectPlay",0
2012-2013_Arsenal_Man City,2012-2013,22,Arsenal,Man City,A,2,25.0,9.0,6.0,2.0,10.0,"AggressiveTackler, ChaosInducer",1
2012-2013_Man United_Liverpool,2012-2013,22,Man United,Liverpool,H,3,27.0,4.0,5.0,0.0,5.0,"RiskTaker, ChaosInducer",1
2012-2013_Chelsea_Southampton,2012-2013,22,Chelsea,Southampton,D,4,26.0,7.0,1.0,0.0,1.0,"RiskTaker, Disciplined",0
2012-2013_Liverpool_Norwich,2012-2013,23,Liverpool,Norwich,H,5,22.0,14.0,2.0,0.0,2.0,"RiskTaker, Disciplined, LowTempoController",0
2012-2013_Man City_Fulham,2012-2013,23,Man City,Fulham,H,2,23.0,3.0,3.0,0.0,3.0,"ChaosInducer, Opportunistic",0
2012-2013_Newcastle_Reading,2012-2013,23,Newcastle,Reading,A,3,21.0,8.0,5.0,0.0,5.0,"ChaosInducer, HighPressure",1
2012-2013_Swansea_Stoke,2012-2013,23,Swansea,Stoke,H,4,19.0,13.0,0.0,0.0,0.0,"Disciplined, LowTempoController",0
2012-2013_West Brom_Aston Villa,2012-2013,23,West Brom,Aston Villa,D,4,36.0,16.0,6.0,0.0,6.0,"AggressiveTackler, RiskTaker, HighPressure, ChaosInducer",1
2012-2013_West Ham_QPR,2012-2013,23,West Ham,QPR,D,2,31.0,14.0,1.0,0.0,1.0,"HighPressure, Disciplined, Opportunistic",0
2012-2013_Wigan_Sunderland,2012-2013,23,Wigan,Sunderland,A,5,30.0,9.0,5.0,0.0,5.0,"RiskTaker, ChaosInducer",1
2012-2013_Chelsea_Arsenal,2012-2013,23,Chelsea,Arsenal,H,3,25.0,12.0,3.0,0.0,3.0,"Opportunistic, ChaosInducer",0
2012-2013_Tottenham_Man United,2012-2013,23,Tottenham,Man United,D,2,29.0,13.0,5.0,0.0,5.0,"HighPressure, Opportunistic",0
2012-2013_Southampton_Everton,2012-2013,23,Southampton,Everton,D,0,24.0,16.0,3.0,0.0,3.0,"HighPressure, LowTempoController",0
2012-2013_Arsenal_West Ham,2012-2013,23,Arsenal,West Ham,H,6,30.0,18.0,1.0,0.0,1.0,"RiskTaker, HighPressure, Disciplined, LowTempoController",0
2012-2013_Aston Villa_Newcastle,2012-2013,24,Aston Villa,Newcastle,A,3,20.0,7.0,7.0,0.0,7.0,"AggressiveTackler, ChaosInducer",1
2012-2013_QPR_Man City,2012-2013,24,QPR,Man City,D,0,20.0,12.0,4.0,0.0,4.0,"LowTempoController, LowTempoController",0
2012-2013_Stoke_Wigan,2012-2013,24,Stoke,Wigan,D,4,20.0,1.0,2.0,0.0,2.0,"Disciplined, AggressiveTackler",0
2012-2013_Sunderland_Swansea,2012-2013,24,Sunderland,Swansea,D,0,22.0,7.0,3.0,0.0,3.0,"AggressiveTackler, Disciplined",0
2012-2013_Arsenal_Liverpool,2012-2013,24,Arsenal,Liverpool,D,4,24.0,14.0,4.0,0.0,4.0,"RiskTaker, HighPressure, ChaosInducer, LowTempoController",1
2012-2013_Everton_West Brom,2012-2013,24,Everton,West Brom,H,3,18.0,7.0,2.0,0.0,2.0,"Disciplined, Disciplined",0
2012-2013_Fulham_West Ham,2012-2013,24,Fulham,West Ham,H,4,21.0,10.0,2.0,0.0,2.0,"Disciplined, Opportunistic",0
2012-2013_Man United_Southampton,2012-2013,24,Man United,Southampton,H,3,32.0,12.0,3.0,0.0,3.0,"RiskTaker, HighPressure",1
2012-2013_Norwich_Tottenham,2012-2013,24,Norwich,Tottenham,D,2,20.0,9.0,5.0,0.0,5.0,"DirectPlay, HighPressure",0
2012-2013_Reading_Chelsea,2012-2013,24,Reading,Chelsea,D,4,19.0,6.0,3.0,0.0,3.0,"LowTempoController, RiskTaker",0
2012-2013_Arsenal_Stoke,2012-2013,25,Arsenal,Stoke,H,1,21.0,12.0,3.0,0.0,3.0,"LowTempoController, ChaosInducer",0
2012-2013_Everton_Aston Villa,2012-2013,25,Everton,Aston Villa,D,6,30.0,17.0,5.0,0.0,5.0,"RiskTaker, HighPressure, ChaosInducer, LowTempoController",1
2012-2013_Fulham_Man United,2012-2013,25,Fulham,Man United,A,1,28.0,13.0,2.0,0.0,2.0,"HighPressure, Disciplined, Opportunistic",0
2012-2013_Newcastle_Chelsea,2012-2013,25,Newcastle,Chelsea,H,5,31.0,9.0,5.0,0.0,5.0,"RiskTaker, HighPressure, ChaosInducer",1
2012-2013_QPR_Norwich,2012-2013,25,QPR,Norwich,D,0,29.0,18.0,7.0,0.0,7.0,"AggressiveTackler, HighPressure, LowTempoController, Opportunistic",1
2012-2013_Reading_Sunderland,2012-2013,25,Reading,Sunderland,H,3,19.0,14.0,4.0,0.0,4.0,"LowTempoController, DirectPlay",0
2012-2013_West Ham_Swansea,2012-2013,25,West Ham,Swansea,H,1,29.0,8.0,2.0,0.0,2.0,"Disciplined, Opportunistic",0
2012-2013_Wigan_Southampton,2012-2013,25,Wigan,Southampton,D,4,20.0,13.0,2.0,0.0,2.0,"Disciplined, LowTempoController",0
2012-2013_Man City_Liverpool,2012-2013,25,Man City,Liverpool,D,4,30.0,19.0,6.0,0.0,6.0,"AggressiveTackler, RiskTaker, HighPressure, ChaosInducer, LowTempoController",1
2012-2013_West Brom_Tottenham,2012-2013,25,West Brom,Tottenham,A,1,25.0,19.0,1.0,1.0,3.0,"HighPressure, LowTempoController",0
2012-2013_Chelsea_Wigan,2012-2013,26,Chelsea,Wigan,H,5,38.0,16.0,3.0,0.0,3.0,"RiskTaker, HighPressure, ChaosInducer",1
2012-2013_Norwich_Fulham,2012-2013,26,Norwich,Fulham,D,0,22.0,7.0,4.0,0.0,4.0,"HighPressure, Disciplined",0
2012-2013_Southampton_Man City,2012-2013,26,Southampton,Man City,H,4,20.0,12.0,3.0,0.0,3.0,"LowTempoController, Opportunistic",0
2012-2013_Stoke_Reading,2012-2013,26,Stoke,Reading,H,3,18.0,14.0,2.0,0.0,2.0,"Disciplined, LowTempoController",0
2012-2013_Sunderland_Arsenal,2012-2013,26,Sunderland,Arsenal,A,1,30.0,13.0,5.0,1.0,7.0,"AggressiveTackler, HighPressure, Opportunistic",1
2012-2013_Swansea_QPR,2012-2013,26,Swansea,QPR,H,5,27.0,7.0,4.0,0.0,4.0,"RiskTaker, ChaosInducer",1
2012-2013_Tottenham_Newcastle,2012-2013,26,Tottenham,Newcastle,H,3,25.0,16.0,2.0,0.0,2.0,"HighPressure, Disciplined, LowTempoController",0
2012-2013_Aston Villa_West Ham,2012-2013,26,Aston Villa,West Ham,H,3,20.0,14.0,5.0,0.0,5.0,"ChaosInducer, LowTempoController",0
2012-2013_Man United_Everton,2012-2013,26,Man United,Everton,H,2,19.0,13.0,2.0,0.0,2.0,"Disciplined, LowTempoController",0
2012-2013_Liverpool_West Brom,2012-2013,26,Liverpool,West Brom,A,2,27.0,18.0,5.0,0.0,5.0,"HighPressure, LowTempoController, Opportunistic",0
2012-2013_Liverpool_Swansea,2012-2013,26,Liverpool,Swansea,H,5,37.0,11.0,1.0,0.0,1.0,"RiskTaker, HighPressure, Disciplined",0
2012-2013_Arsenal_Aston Villa,2012-2013,27,Arsenal,Aston Villa,H,3,29.0,15.0,3.0,0.0,3.0,"RiskTaker, HighPressure",0
2012-2013_Fulham_Stoke,2012-2013,27,Fulham,Stoke,H,1,27.0,13.0,4.0,0.0,4.0,"HighPressure, Opportunistic",0
2012-2013_Norwich_Everton,2012-2013,27,Norwich,Everton,H,3,21.0,12.0,2.0,0.0,2.0,"Disciplined, LowTempoController",0
2012-2013_QPR_Man United,2012-2013,27,QPR,Man United,A,2,25.0,6.0,0.0,0.0,0.0,"Disciplined, ChaosInducer",0
2012-2013_Reading_Wigan,2012-2013,27,Reading,Wigan,A,3,21.0,11.0,2.0,1.0,4.0,"LowTempoController, Disciplined",0
2012-2013_West Brom_Sunderland,2012-2013,27,West Brom,Sunderland,H,3,27.0,10.0,3.0,0.0,3.0,"RiskTaker, Opportunistic",0
2012-2013_Man City_Chelsea,2012-2013,27,Man City,Chelsea,H,2,19.0,12.0,4.0,0.0,4.0,"LowTempoController, ChaosInducer",0
2012-2013_Newcastle_Southampton,2012-2013,27,Newcastle,Southampton,H,6,22.0,10.0,4.0,0.0,4.0,"RiskTaker, ChaosInducer",1
2012-2013_West Ham_Tottenham,2012-2013,27,West Ham,Tottenham,A,5,33.0,18.0,5.0,0.0,5.0,"RiskTaker, HighPressure, ChaosInducer",1
2012-2013_Chelsea_West Brom,2012-2013,28,Chelsea,West Brom,H,1,33.0,16.0,3.0,0.0,3.0,"HighPressure, Opportunistic",0
2012-2013_Everton_Reading,2012-2013,28,Everton,Reading,H,4,30.0,19.0,2.0,0.0,2.0,"RiskTaker, HighPressure, Disciplined, LowTempoController",0
2012-2013_Man United_Norwich,2012-2013,28,Man United,Norwich,H,4,14.0,10.0,4.0,0.0,4.0,"ChaosInducer, LowTempoController",0
2012-2013_Southampton_QPR,2012-2013,28,Southampton,QPR,A,3,22.0,9.0,4.0,0.0,4.0,"RiskTaker, HighPressure",1
2012-2013_Stoke_West Ham,2012-2013,28,Stoke,West Ham,A,1,20.0,6.0,3.0,0.0,3.0,"ChaosInducer, LowTempoController",0
2012-2013_Sunderland_Fulham,2012-2013,28,Sunderland,Fulham,D,4,19.0,10.0,4.0,0.0,4.0,"ChaosInducer, LowTempoController",0
2012-2013_Swansea_Newcastle,2012-2013,28,Swansea,Newcastle,H,1,24.0,14.0,2.0,0.0,2.0,"HighPressure, Disciplined, LowTempoController",0
2012-2013_Wigan_Liverpool,2012-2013,28,Wigan,Liverpool,A,4,23.0,7.0,4.0,0.0,4.0,"ChaosInducer, DirectPlay",1
2012-2013_Tottenham_Arsenal,2012-2013,28,Tottenham,Arsenal,H,3,21.0,10.0,4.0,0.0,4.0,"AggressiveTackler, LowTempoController",0
2012-2013_Aston Villa_Man City,2012-2013,28,Aston Villa,Man City,A,1,30.0,11.0,2.0,0.0,2.0,"HighPressure, Disciplined, Opportunistic",0
2012-2013_Norwich_Southampton,2012-2013,29,Norwich,Southampton,D,0,18.0,8.0,5.0,0.0,5.0,"LowTempoController, DirectPlay",0
2012-2013_QPR_Sunderland,2012-2013,29,QPR,Sunderland,H,4,22.0,9.0,2.0,0.0,2.0,"Disciplined, AggressiveTackler",0
2012-2013_Reading_Aston Villa,2012-2013,29,Reading,Aston Villa,A,3,28.0,7.0,5.0,0.0,5.0,"RiskTaker, ChaosInducer",1
2012-2013_West Brom_Swansea,2012-2013,29,West Brom,Swansea,H,3,21.0,6.0,2.0,0.0,2.0,"Disciplined, LowTempoController",0
2012-2013_Liverpool_Tottenham,2012-2013,29,Liverpool,Tottenham,H,5,25.0,5.0,2.0,0.0,2.0,"RiskTaker, Disciplined",0
2012-2013_Newcastle_Stoke,2012-2013,29,Newcastle,Stoke,H,3,21.0,18.0,2.0,0.0,2.0,"HighPressure, Disciplined, LowTempoController",0
2012-2013_Aston Villa_QPR,2012-2013,30,Aston Villa,QPR,H,5,28.0,15.0,5.0,0.0,5.0,"RiskTaker, HighPressure, ChaosInducer",1
2012-2013_Everton_Man City,2012-2013,30,Everton,Man City,H,2,28.0,19.0,7.0,1.0,9.0,"AggressiveTackler, HighPressure, ChaosInducer, LowTempoController, Opportunistic",1
2012-2013_Man United_Reading,2012-2013,30,Man United,Reading,H,1,22.0,9.0,2.0,0.0,2.0,"Disciplined, ChaosInducer",0
2012-2013_Southampton_Liverpool,2012-2013,30,Southampton,Liverpool,H,4,25.0,12.0,1.0,0.0,1.0,"RiskTaker, Disciplined",0
2012-2013_Stoke_West Brom,2012-2013,30,Stoke,West Brom,D,0,22.0,8.0,4.0,0.0,4.0,"ChaosInducer, ChaosInducer",0
2012-2013_Swansea_Arsenal,2012-2013,30,Swansea,Arsenal,A,2,24.0,10.0,2.0,0.0,2.0,"Disciplined, AggressiveTackler",0
2012-2013_Chelsea_West Ham,2012-2013,30,Chelsea,West Ham,H,2,39.0,10.0,2.0,0.0,2.0,"HighPressure, Disciplined, Opportunistic",0
2012-2013_Sunderland_Norwich,2012-2013,30,Sunderland,Norwich,D,2,23.0,14.0,4.0,1.0,6.0,"AggressiveTackler, HighPressure, LowTempoController",0
2012-2013_Tottenham_Fulham,2012-2013,30,Tottenham,Fulham,A,1,18.0,10.0,2.0,0.0,2.0,"Disciplined, LowTempoController",0
2012-2013_Wigan_Newcastle,2012-2013,30,Wigan,Newcastle,H,3,22.0,10.0,2.0,0.0,2.0,"Disciplined, LowTempoController",0
2012-2013_Arsenal_Reading,2012-2013,31,Arsenal,Reading,H,5,27.0,14.0,1.0,0.0,1.0,"RiskTaker, HighPressure, Disciplined",0
2012-2013_Everton_Stoke,2012-2013,31,Everton,Stoke,H,1,25.0,7.0,4.0,0.0,4.0,"Opportunistic, AggressiveTackler",0
2012-2013_Man City_Newcastle,2012-2013,31,Man City,Newcastle,H,4,24.0,11.0,2.0,0.0,2.0,"RiskTaker, Disciplined",0
2012-2013_Southampton_Chelsea,2012-2013,31,Southampton,Chelsea,H,3,20.0,14.0,3.0,0.0,3.0,"LowTempoController, ChaosInducer",0
2012-2013_Sunderland_Man United,2012-2013,31,Sunderland,Man United,A,1,19.0,9.0,4.0,0.0,4.0,"DirectPlay, LowTempoController",0
2012-2013_Swansea_Tottenham,2012-2013,31,Swansea,Tottenham,A,3,20.0,7.0,6.0,0.0,6.0,"AggressiveTackler, ChaosInducer",0
2012-2013_West Ham_West Brom,2012-2013,31,West Ham,West Brom,H,4,31.0,8.0,2.0,1.0,4.0,"RiskTaker, ChaosInducer",1
2012-2013_Wigan_Norwich,2012-2013,31,Wigan,Norwich,H,1,22.0,13.0,3.0,0.0,3.0,"LowTempoController, LowTempoController",0
2012-2013_Aston Villa_Liverpool,2012-2013,31,Aston Villa,Liverpool,A,3,26.0,15.0,2.0,0.0,2.0,"HighPressure, Disciplined, LowTempoController",0
2012-2013_Fulham_QPR,2012-2013,31,Fulham,QPR,H,5,28.0,9.0,3.0,1.0,5.0,"RiskTaker, ChaosInducer",1
2012-2013_Norwich_Swansea,2012-2013,32,Norwich,Swansea,D,4,28.0,7.0,8.0,0.0,8.0,"AggressiveTackler, RiskTaker, ChaosInducer",1
2012-2013_Reading_Southampton,2012-2013,32,Reading,Southampton,A,2,20.0,12.0,0.0,0.0,0.0,"Disciplined, LowTempoController",0
2012-2013_Stoke_Aston Villa,2012-2013,32,Stoke,Aston Villa,A,4,17.0,6.0,4.0,0.0,4.0,"ChaosInducer, Disciplined",0
2012-2013_West Brom_Arsenal,2012-2013,32,West Brom,Arsenal,A,3,27.0,10.0,6.0,1.0,8.0,"AggressiveTackler, RiskTaker, ChaosInducer",1
2012-2013_Chelsea_Sunderland,2012-2013,32,Chelsea,Sunderland,H,3,21.0,13.0,2.0,0.0,2.0,"Disciplined, LowTempoController",0
2012-2013_Liverpool_West Ham,2012-2013,32,Liverpool,West Ham,D,0,29.0,14.0,1.0,0.0,1.0,"HighPressure, Disciplined, Opportunistic",0
2012-2013_Newcastle_Fulham,2012-2013,32,Newcastle,Fulham,H,1,25.0,13.0,4.0,0.0,4.0,"HighPressure, Disciplined",0
2012-2013_QPR_Wigan,2012-2013,32,QPR,Wigan,D,2,22.0,12.0,5.0,1.0,7.0,"AggressiveTackler, ChaosInducer, LowTempoController",0
2012-2013_Tottenham_Everton,2012-2013,32,Tottenham,Everton,D,4,28.0,13.0,2.0,0.0,2.0,"RiskTaker, HighPressure, Disciplined",0
2012-2013_Man United_Man City,2012-2013,32,Man United,Man City,A,3,25.0,13.0,8.0,0.0,8.0,"AggressiveTackler, HighPressure, ChaosInducer",1
2012-2013_Arsenal_Norwich,2012-2013,33,Arsenal,Norwich,H,4,15.0,12.0,3.0,0.0,3.0,"LowTempoController, RiskTaker",0
2012-2013_Aston Villa_Fulham,2012-2013,33,Aston Villa,Fulham,D,2,23.0,13.0,3.0,0.0,3.0,"LowTempoController, Opportunistic",0
2012-2013_Everton_QPR,2012-2013,33,Everton,QPR,H,2,22.0,18.0,6.0,0.0,6.0,"AggressiveTackler, HighPressure, LowTempoController",1
2012-2013_Reading_Liverpool,2012-2013,33,Reading,Liverpool,D,0,33.0,13.0,3.0,0.0,3.0,"HighPressure, Opportunistic",0
2012-2013_Southampton_West Ham,2012-2013,33,Southampton,West Ham,D,2,21.0,11.0,5.0,0.0,5.0,"LowTempoController, Opportunistic",0
2012-2013_Newcastle_Sunderland,2012-2013,33,Newcastle,Sunderland,A,3,23.0,19.0,5.0,0.0,5.0,"HighPressure, ChaosInducer, LowTempoController",0
2012-2013_Stoke_Man United,2012-2013,33,Stoke,Man United,A,2,22.0,10.0,2.0,0.0,2.0,"Disciplined, HighPressure",0
2012-2013_Arsenal_Everton,2012-2013,34,Arsenal,Everton,D,0,20.0,9.0,5.0,0.0,5.0,"Opportunistic, Disciplined",0
2012-2013_Fulham_Chelsea,2012-2013,34,Fulham,Chelsea,A,3,24.0,11.0,3.0,0.0,3.0,"AggressiveTackler, Opportunistic",0
2012-2013_Man City_Wigan,2012-2013,34,Man City,Wigan,H,1,18.0,9.0,3.0,0.0,3.0,"Disciplined, RiskTaker",0
2012-2013_West Ham_Man United,2012-2013,34,West Ham,Man United,D,4,25.0,7.0,1.0,0.0,1.0,"RiskTaker, Disciplined",0
2012-2013_Fulham_Arsenal,2012-2013,35,Fulham,Arsenal,A,1,17.0,10.0,2.0,2.0,6.0,"AggressiveTackler, LowTempoController",0
2012-2013_Norwich_Reading,2012-2013,35,Norwich,Reading,H,3,33.0,16.0,5.0,0.0,5.0,"RiskTaker, HighPressure, ChaosInducer",1
2012-2013_QPR_Stoke,2012-2013,35,QPR,Stoke,A,2,36.0,10.0,3.0,0.0,3.0,"HighPressure, Opportunistic",0
2012-2013_Sunderland_Everton,2012-2013,35,Sunderland,Everton,H,1,16.0,13.0,3.0,0.0,3.0,"LowTempoController, LowTempoController",0
2012-2013_Swansea_Southampton,2012-2013,35,Swansea,Southampton,D,0,23.0,9.0,0.0,0.0,0.0,"Disciplined, Opportunistic",0
2012-2013_West Brom_Newcastle,2012-2013,35,West Brom,Newcastle,D,2,18.0,17.0,2.0,0.0,2.0,"HighPressure, Disciplined, LowTempoController",0
2012-2013_West Ham_Wigan,2012-2013,35,West Ham,Wigan,H,2,35.0,9.0,4.0,0.0,4.0,"HighPressure, Opportunistic",0
2012-2013_Liverpool_Chelsea,2012-2013,35,Liverpool,Chelsea,D,4,32.0,13.0,7.0,0.0,7.0,"AggressiveTackler, RiskTaker, HighPressure, ChaosInducer",1
2012-2013_Tottenham_Man City,2012-2013,35,Tottenham,Man City,H,4,22.0,9.0,6.0,0.0,6.0,"AggressiveTackler, ChaosInducer",1
2012-2013_Man United_Aston Villa,2012-2013,35,Man United,Aston Villa,H,3,18.0,8.0,1.0,0.0,1.0,"Disciplined, RiskTaker",0
2012-2013_Everton_Fulham,2012-2013,36,Everton,Fulham,H,1,23.0,9.0,4.0,0.0,4.0,"LowTempoController, DirectPlay",0
2012-2013_Man City_West Ham,2012-2013,36,Man City,West Ham,H,3,25.0,13.0,4.0,0.0,4.0,"HighPressure, DirectPlay",0
2012-2013_Newcastle_Liverpool,2012-2013,36,Newcastle,Liverpool,A,6,16.0,12.0,5.0,1.0,7.0,"AggressiveTackler, ChaosInducer, LowTempoController",1
2012-2013_Southampton_West Brom,2012-2013,36,Southampton,West Brom,A,3,27.0,13.0,4.0,3.0,10.0,"AggressiveTackler, RiskTaker, HighPressure, ChaosInducer",1
2012-2013_Stoke_Norwich,2012-2013,36,Stoke,Norwich,H,1,17.0,8.0,6.0,0.0,6.0,"AggressiveTackler, LowTempoController",0
2012-2013_Wigan_Tottenham,2012-2013,36,Wigan,Tottenham,D,4,20.0,6.0,4.0,0.0,4.0,"ChaosInducer, Opportunistic",1
2012-2013_Arsenal_Man United,2012-2013,36,Arsenal,Man United,D,2,29.0,9.0,8.0,0.0,8.0,"AggressiveTackler, ChaosInducer, Opportunistic",1
2012-2013_Chelsea_Swansea,2012-2013,36,Chelsea,Swansea,H,2,32.0,9.0,4.0,0.0,4.0,"HighPressure, Opportunistic",0
2012-2013_Reading_QPR,2012-2013,36,Reading,QPR,D,0,28.0,16.0,2.0,0.0,2.0,"HighPressure, Disciplined, LowTempoController, Opportunistic",0
2012-2013_Aston Villa_Sunderland,2012-2013,36,Aston Villa,Sunderland,H,7,25.0,8.0,3.0,1.0,5.0,"RiskTaker, ChaosInducer",1
2012-2013_Fulham_Reading,2012-2013,37,Fulham,Reading,A,6,38.0,6.0,3.0,0.0,3.0,"RiskTaker, HighPressure, ChaosInducer",1
2012-2013_Norwich_Aston Villa,2012-2013,37,Norwich,Aston Villa,A,3,21.0,11.0,5.0,0.0,5.0,"ChaosInducer, LowTempoController",0
2012-2013_QPR_Arsenal,2012-2013,37,QPR,Arsenal,A,1,27.0,10.0,3.0,0.0,3.0,"Opportunistic, HighPressure",0
2012-2013_Swansea_Man City,2012-2013,37,Swansea,Man City,D,0,19.0,8.0,0.0,0.0,0.0,"Disciplined, Disciplined",0
2012-2013_Tottenham_Southampton,2012-2013,37,Tottenham,Southampton,H,1,17.0,10.0,2.0,0.0,2.0,"Disciplined, LowTempoController",0
2012-2013_West Brom_Wigan,2012-2013,37,West Brom,Wigan,A,5,30.0,12.0,7.0,0.0,7.0,"AggressiveTackler, RiskTaker, HighPressure, ChaosInducer",1
2012-2013_West Ham_Newcastle,2012-2013,37,West Ham,Newcastle,D,0,20.0,10.0,2.0,0.0,2.0,"Disciplined, AggressiveTackler",0
2012-2013_Liverpool_Everton,2012-2013,37,Liverpool,Everton,D,0,27.0,8.0,3.0,0.0,3.0,"Opportunistic, AggressiveTackler",0
2012-2013_Man United_Chelsea,2012-2013,37,Man United,Chelsea,A,1,25.0,9.0,3.0,1.0,5.0,"ChaosInducer, LowTempoController",0
2012-2013_Sunderland_Stoke,2012-2013,37,Sunderland,Stoke,D,2,25.0,11.0,4.0,1.0,6.0,"AggressiveTackler, AggressiveTackler",1
2012-2013_Man City_West Brom,2012-2013,37,Man City,West Brom,H,1,41.0,14.0,3.0,0.0,3.0,"HighPressure, Opportunistic",0
2012-2013_Wigan_Swansea,2012-2013,37,Wigan,Swansea,A,5,24.0,8.0,4.0,0.0,4.0,"RiskTaker, ChaosInducer",1
2012-2013_Chelsea_Tottenham,2012-2013,37,Chelsea,Tottenham,D,4,28.0,11.0,3.0,0.0,3.0,"RiskTaker, HighPressure",1
2012-2013_Aston Villa_Chelsea,2012-2013,38,Aston Villa,Chelsea,A,3,23.0,13.0,5.0,2.0,9.0,"AggressiveTackler, ChaosInducer, LowTempoController",0
2012-2013_Everton_West Ham,2012-2013,38,Everton,West Ham,H,2,30.0,8.0,3.0,0.0,3.0,"Opportunistic, Opportunistic",0
2012-2013_Fulham_Liverpool,2012-2013,38,Fulham,Liverpool,A,4,30.0,15.0,1.0,0.0,1.0,"RiskTaker, HighPressure, Disciplined",0
2012-2013_Man United_Swansea,2012-2013,38,Man United,Swansea,H,3,21.0,12.0,0.0,0.0,0.0,"Disciplined, LowTempoController",0
2012-2013_Norwich_West Brom,2012-2013,38,Norwich,West Brom,H,4,19.0,10.0,3.0,0.0,3.0,"LowTempoController, HighPressure",0
2012-2013_QPR_Newcastle,2012-2013,38,QPR,Newcastle,A,3,18.0,4.0,4.0,1.0,6.0,"AggressiveTackler, ChaosInducer",1
2012-2013_Stoke_Tottenham,2012-2013,38,Stoke,Tottenham,A,3,29.0,13.0,5.0,1.0,7.0,"AggressiveTackler, RiskTaker, HighPressure, ChaosInducer",1
2012-2013_Sunderland_Southampton,2012-2013,38,Sunderland,Southampton,D,2,20.0,13.0,2.0,0.0,2.0,"Disciplined, LowTempoController",0
2012-2013_Arsenal_Wigan,2012-2013,38,Arsenal,Wigan,H,5,29.0,11.0,2.0,0.0,2.0,"RiskTaker, HighPressure, Disciplined",0
2012-2013_Reading_Man City,2012-2013,38,Reading,Man City,A,2,38.0,14.0,1.0,0.0,1.0,"HighPressure, Disciplined, Opportunistic",0
2012-2013_Chelsea_Everton,2012-2013,39,Chelsea,Everton,H,3,36.0,11.0,4.0,0.0,4.0,"RiskTaker, HighPressure",0
2012-2013_Liverpool_QPR,2012-2013,39,Liverpool,QPR,H,1,37.0,14.0,4.0,0.0,4.0,"HighPressure, Opportunistic",0
2012-2013_Man City_Norwich,2012-2013,39,Man City,Norwich,A,5,24.0,14.0,1.0,0.0,1.0,"RiskTaker, HighPressure, Disciplined, LowTempoController",0
2012-2013_Newcastle_Arsenal,2012-2013,39,Newcastle,Arsenal,A,1,16.0,8.0,3.0,0.0,3.0,"LowTempoController, LowTempoController",0
2012-2013_Southampton_Stoke,2012-2013,39,Southampton,Stoke,D,2,18.0,7.0,2.0,0.0,2.0,"Disciplined, HighPressure",0
2012-2013_Swansea_Fulham,2012-2013,39,Swansea,Fulham,A,3,27.0,8.0,3.0,0.0,3.0,"RiskTaker, Opportunistic",0
2012-2013_Tottenham_Sunderland,2012-2013,39,Tottenham,Sunderland,H,1,29.0,15.0,4.0,1.0,6.0,"AggressiveTackler, HighPressure, Opportunistic",1
2012-2013_West Brom_Man United,2012-2013,39,West Brom,Man United,D,10,27.0,8.0,1.0,0.0,1.0,"RiskTaker, ChaosInducer, Disciplined",1
2012-2013_West Ham_Reading,2012-2013,39,West Ham,Reading,H,6,38.0,10.0,3.0,0.0,3.0,"RiskTaker, HighPressure, ChaosInducer",1
2012-2013_Wigan_Aston Villa,2012-2013,39,Wigan,Aston Villa,D,4,17.0,6.0,3.0,0.0,3.0,"AggressiveTackler, AggressiveTackler",0
2013-2014_Arsenal_Aston Villa,2013-2014,1,Arsenal,Aston Villa,A,4,25.0,7.0,9.0,1.0,11.0,"AggressiveTackler, RiskTaker, ChaosInducer",1
2013-2014_Liverpool_Stoke,2013-2014,1,Liverpool,Stoke,H,1,36.0,18.0,2.0,0.0,2.0,"HighPressure, Disciplined, Opportunistic",0
2013-2014_Norwich_Everton,2013-2014,1,Norwich,Everton,D,4,27.0,14.0,2.0,0.0,2.0,"RiskTaker, HighPressure, Disciplined",0
2013-2014_Sunderland_Fulham,2013-2014,1,Sunderland,Fulham,A,1,25.0,7.0,3.0,0.0,3.0,"ChaosInducer, AggressiveTackler",1
2013-2014_Swansea_Man United,2013-2014,1,Swansea,Man United,A,5,32.0,11.0,4.0,0.0,4.0,"RiskTaker, HighPressure, ChaosInducer",1
2013-2014_West Brom_Southampton,2013-2014,1,West Brom,Southampton,A,1,18.0,12.0,4.0,0.0,4.0,"LowTempoController, LowTempoController",0
2013-2014_West Ham_Cardiff,2013-2014,1,West Ham,Cardiff,H,2,30.0,7.0,1.0,0.0,1.0,"Disciplined, Opportunistic",0
2013-2014_Chelsea_Hull,2013-2014,1,Chelsea,Hull,H,2,29.0,6.0,1.0,0.0,1.0,"Disciplined, Opportunistic",0
2013-2014_Crystal Palace_Tottenham,2013-2014,1,Crystal Palace,Tottenham,A,1,22.0,10.0,1.0,0.0,1.0,"Disciplined, Opportunistic",0
2013-2014_Man City_Newcastle,2013-2014,1,Man City,Newcastle,H,4,25.0,9.0,5.0,1.0,7.0,"AggressiveTackler, RiskTaker, ChaosInducer",1
2013-2014_Chelsea_Aston Villa,2013-2014,1,Chelsea,Aston Villa,H,3,22.0,3.0,5.0,0.0,5.0,"ChaosInducer, DirectPlay",0
2013-2014_Aston Villa_Liverpool,2013-2014,2,Aston Villa,Liverpool,A,1,22.0,10.0,6.0,0.0,6.0,"AggressiveTackler, Opportunistic",0
2013-2014_Everton_West Brom,2013-2014,2,Everton,West Brom,D,0,29.0,12.0,2.0,0.0,2.0,"HighPressure, Disciplined, Opportunistic",0
2013-2014_Fulham_Arsenal,2013-2014,2,Fulham,Arsenal,A,4,34.0,9.0,4.0,0.0,4.0,"RiskTaker, HighPressure, ChaosInducer",1
2013-2014_Hull_Norwich,2013-2014,2,Hull,Norwich,H,1,19.0,6.0,2.0,1.0,4.0,"LowTempoController, LowTempoController",0
2013-2014_Newcastle_West Ham,2013-2014,2,Newcastle,West Ham,D,0,22.0,9.0,1.0,0.0,1.0,"Disciplined, ChaosInducer",0
2013-2014_Southampton_Sunderland,2013-2014,2,Southampton,Sunderland,D,2,25.0,7.0,4.0,0.0,4.0,"ChaosInducer, AggressiveTackler",1
2013-2014_Stoke_Crystal Palace,2013-2014,2,Stoke,Crystal Palace,H,3,28.0,7.0,3.0,0.0,3.0,"RiskTaker, RiskTaker",0
2013-2014_Cardiff_Man City,2013-2014,2,Cardiff,Man City,H,5,25.0,11.0,0.0,0.0,0.0,"RiskTaker, Disciplined",0
2013-2014_Tottenham_Swansea,2013-2014,2,Tottenham,Swansea,H,1,26.0,11.0,5.0,0.0,5.0,"Opportunistic, Opportunistic",0
2013-2014_Man United_Chelsea,2013-2014,2,Man United,Chelsea,D,0,21.0,5.0,2.0,0.0,2.0,"Disciplined, RiskTaker",0
2013-2014_Cardiff_Everton,2013-2014,3,Cardiff,Everton,D,0,17.0,9.0,2.0,0.0,2.0,"Disciplined, LowTempoController",0
2013-2014_Crystal Palace_Sunderland,2013-2014,3,Crystal Palace,Sunderland,H,4,27.0,12.0,1.0,1.0,3.0,"RiskTaker, HighPressure",0
2013-2014_Man City_Hull,2013-2014,3,Man City,Hull,H,2,19.0,11.0,5.0,0.0,5.0,"LowTempoController, ChaosInducer",0
2013-2014_Newcastle_Fulham,2013-2014,3,Newcastle,Fulham,H,1,27.0,15.0,4.0,0.0,4.0,"HighPressure, LowTempoController, Opportunistic",0
2013-2014_Norwich_Southampton,2013-2014,3,Norwich,Southampton,H,1,26.0,10.0,0.0,0.0,0.0,"Disciplined, AggressiveTackler",0
2013-2014_West Ham_Stoke,2013-2014,3,West Ham,Stoke,A,1,24.0,7.0,3.0,0.0,3.0,"RiskTaker, AggressiveTackler",1
2013-2014_Arsenal_Tottenham,2013-2014,3,Arsenal,Tottenham,H,1,26.0,9.0,4.0,0.0,4.0,"AggressiveTackler, AggressiveTackler",1
2013-2014_Liverpool_Man United,2013-2014,3,Liverpool,Man United,H,1,20.0,9.0,6.0,0.0,6.0,"AggressiveTackler, Disciplined",0
2013-2014_West Brom_Swansea,2013-2014,3,West Brom,Swansea,A,2,22.0,5.0,7.0,0.0,7.0,"AggressiveTackler, ChaosInducer",1
2013-2014_Aston Villa_Newcastle,2013-2014,4,Aston Villa,Newcastle,A,3,27.0,6.0,5.0,0.0,5.0,"RiskTaker, ChaosInducer",1
2013-2014_Everton_Chelsea,2013-2014,4,Everton,Chelsea,H,1,33.0,12.0,4.0,0.0,4.0,"HighPressure, Opportunistic",0
2013-2014_Fulham_West Brom,2013-2014,4,Fulham,West Brom,D,2,24.0,9.0,1.0,0.0,1.0,"Disciplined, LowTempoController",0
2013-2014_Hull_Cardiff,2013-2014,4,Hull,Cardiff,D,2,28.0,8.0,3.0,0.0,3.0,"Opportunistic, AggressiveTackler",0
2013-2014_Man United_Crystal Palace,2013-2014,4,Man United,Crystal Palace,H,2,23.0,11.0,3.0,1.0,5.0,"Disciplined, ChaosInducer",0
2013-2014_Stoke_Man City,2013-2014,4,Stoke,Man City,D,0,21.0,6.0,2.0,0.0,2.0,"Disciplined, RiskTaker",0
2013-2014_Sunderland_Arsenal,2013-2014,4,Sunderland,Arsenal,A,4,31.0,13.0,3.0,0.0,3.0,"RiskTaker, HighPressure",0
2013-2014_Tottenham_Norwich,2013-2014,4,Tottenham,Norwich,H,2,27.0,9.0,4.0,0.0,4.0,"Opportunistic, LowTempoController",0
2013-2014_Southampton_West Ham,2013-2014,4,Southampton,West Ham,D,0,21.0,14.0,4.0,0.0,4.0,"LowTempoController, DirectPlay",0
2013-2014_Swansea_Liverpool,2013-2014,4,Swansea,Liverpool,D,4,29.0,10.0,5.0,0.0,5.0,"RiskTaker, HighPressure, ChaosInducer",1
2013-2014_Chelsea_Fulham,2013-2014,5,Chelsea,Fulham,H,2,30.0,16.0,0.0,0.0,0.0,"HighPressure, Disciplined, Opportunistic",0
2013-2014_Liverpool_Southampton,2013-2014,5,Liverpool,Southampton,A,1,22.0,12.0,1.0,0.0,1.0,"Disciplined, LowTempoController",0
2013-2014_Newcastle_Hull,2013-2014,5,Newcastle,Hull,A,5,27.0,6.0,2.0,0.0,2.0,"RiskTaker, Disciplined",0
2013-2014_Norwich_Aston Villa,2013-2014,5,Norwich,Aston Villa,A,1,28.0,11.0,1.0,0.0,1.0,"HighPressure, Disciplined, Opportunistic",0
2013-2014_West Brom_Sunderland,2013-2014,5,West Brom,Sunderland,H,3,20.0,11.0,2.0,0.0,2.0,"Disciplined, LowTempoController",0
2013-2014_West Ham_Everton,2013-2014,5,West Ham,Everton,A,5,19.0,10.0,3.0,1.0,5.0,"ChaosInducer, LowTempoController",0
2013-2014_Arsenal_Stoke,2013-2014,5,Arsenal,Stoke,H,4,25.0,13.0,2.0,0.0,2.0,"RiskTaker, HighPressure, Disciplined",0
2013-2014_Cardiff_Tottenham,2013-2014,5,Cardiff,Tottenham,A,1,35.0,14.0,5.0,0.0,5.0,"HighPressure, Opportunistic",0
2013-2014_Crystal Palace_Swansea,2013-2014,5,Crystal Palace,Swansea,A,2,24.0,13.0,4.0,0.0,4.0,"HighPressure, LowTempoController",0
2013-2014_Man City_Man United,2013-2014,5,Man City,Man United,H,5,32.0,12.0,3.0,0.0,3.0,"RiskTaker, HighPressure, ChaosInducer",1
2013-2014_Aston Villa_Man City,2013-2014,6,Aston Villa,Man City,H,5,28.0,15.0,2.0,0.0,2.0,"RiskTaker, HighPressure, Disciplined",0
2013-2014_Fulham_Cardiff,2013-2014,6,Fulham,Cardiff,A,3,31.0,21.0,2.0,0.0,2.0,"RiskTaker, HighPressure, Disciplined, LowTempoController",0
2013-2014_Hull_West Ham,2013-2014,6,Hull,West Ham,H,1,27.0,12.0,3.0,0.0,3.0,"HighPressure, Opportunistic",0
2013-2014_Man United_West Brom,2013-2014,6,Man United,West Brom,A,3,26.0,13.0,5.0,0.0,5.0,"HighPressure, ChaosInducer",1
2013-2014_Southampton_Crystal Palace,2013-2014,6,Southampton,Crystal Palace,H,2,20.0,10.0,3.0,0.0,3.0,"RiskTaker, LowTempoController",0
2013-2014_Swansea_Arsenal,2013-2014,6,Swansea,Arsenal,A,3,20.0,7.0,5.0,0.0,5.0,"ChaosInducer, DirectPlay",0
2013-2014_Tottenham_Chelsea,2013-2014,6,Tottenham,Chelsea,D,2,23.0,9.0,6.0,1.0,8.0,"AggressiveTackler, ChaosInducer",1
2013-2014_Stoke_Norwich,2013-2014,6,Stoke,Norwich,A,1,16.0,10.0,3.0,0.0,3.0,"LowTempoController, RiskTaker",0
2013-2014_Sunderland_Liverpool,2013-2014,6,Sunderland,Liverpool,A,4,38.0,18.0,3.0,0.0,3.0,"RiskTaker, HighPressure",1
2013-2014_Everton_Newcastle,2013-2014,6,Everton,Newcastle,H,5,33.0,2.0,4.0,0.0,4.0,"RiskTaker, ChaosInducer",1
2013-2014_Cardiff_Newcastle,2013-2014,7,Cardiff,Newcastle,A,3,28.0,6.0,1.0,0.0,1.0,"RiskTaker, Disciplined",0
2013-2014_Fulham_Stoke,2013-2014,7,Fulham,Stoke,H,1,25.0,12.0,5.0,0.0,5.0,"LowTempoController, RiskTaker",0
2013-2014_Hull_Aston Villa,2013-2014,7,Hull,Aston Villa,D,0,24.0,14.0,3.0,0.0,3.0,"HighPressure, LowTempoController",0
2013-2014_Liverpool_Crystal Palace,2013-2014,7,Liverpool,Crystal Palace,H,4,24.0,14.0,3.0,0.0,3.0,"RiskTaker, HighPressure, LowTempoController",0
2013-2014_Man City_Everton,2013-2014,7,Man City,Everton,H,4,18.0,9.0,9.0,0.0,9.0,"AggressiveTackler, ChaosInducer",1
2013-2014_Sunderland_Man United,2013-2014,7,Sunderland,Man United,A,3,19.0,8.0,6.0,0.0,6.0,"AggressiveTackler, ChaosInducer",1
2013-2014_Norwich_Chelsea,2013-2014,7,Norwich,Chelsea,A,4,36.0,10.0,2.0,0.0,2.0,"RiskTaker, HighPressure, Disciplined",0
2013-2014_Southampton_Swansea,2013-2014,7,Southampton,Swansea,H,2,29.0,11.0,4.0,0.0,4.0,"HighPressure, Opportunistic",0
2013-2014_Tottenham_West Ham,2013-2014,7,Tottenham,West Ham,A,3,30.0,13.0,0.0,0.0,0.0,"RiskTaker, HighPressure, Disciplined",0
2013-2014_West Brom_Arsenal,2013-2014,7,West Brom,Arsenal,D,2,26.0,8.0,3.0,0.0,3.0,"RiskTaker, DirectPlay",0
2013-2014_Arsenal_Norwich,2013-2014,8,Arsenal,Norwich,H,5,32.0,11.0,0.0,0.0,0.0,"RiskTaker, HighPressure, Disciplined",0
2013-2014_Chelsea_Cardiff,2013-2014,8,Chelsea,Cardiff,H,5,33.0,15.0,3.0,0.0,3.0,"RiskTaker, HighPressure, ChaosInducer",1
2013-2014_Everton_Hull,2013-2014,8,Everton,Hull,H,3,23.0,12.0,4.0,0.0,4.0,"RiskTaker, RiskTaker",1
2013-2014_Man United_Southampton,2013-2014,8,Man United,Southampton,D,2,30.0,8.0,5.0,0.0,5.0,"Opportunistic, DirectPlay",1
2013-2014_Newcastle_Liverpool,2013-2014,8,Newcastle,Liverpool,D,4,37.0,16.0,5.0,1.0,7.0,"AggressiveTackler, RiskTaker, HighPressure, ChaosInducer",1
2013-2014_Stoke_West Brom,2013-2014,8,Stoke,West Brom,D,0,21.0,12.0,1.0,0.0,1.0,"Disciplined, LowTempoController",0
2013-2014_Swansea_Sunderland,2013-2014,8,Swansea,Sunderland,H,4,20.0,9.0,3.0,0.0,3.0,"ChaosInducer, AggressiveTackler",1
2013-2014_West Ham_Man City,2013-2014,8,West Ham,Man City,A,4,27.0,10.0,3.0,0.0,3.0,"RiskTaker, Opportunistic",0
2013-2014_Aston Villa_Tottenham,2013-2014,8,Aston Villa,Tottenham,A,2,28.0,11.0,7.0,0.0,7.0,"AggressiveTackler, HighPressure, ChaosInducer, Opportunistic",1
2013-2014_Crystal Palace_Fulham,2013-2014,8,Crystal Palace,Fulham,A,5,23.0,12.0,1.0,0.0,1.0,"RiskTaker, Disciplined",0
2013-2014_Aston Villa_Everton,2013-2014,9,Aston Villa,Everton,A,2,29.0,14.0,2.0,0.0,2.0,"HighPressure, Disciplined, Opportunistic",0
2013-2014_Crystal Palace_Arsenal,2013-2014,9,Crystal Palace,Arsenal,A,2,23.0,7.0,0.0,1.0,2.0,"Disciplined, HighPressure",0
2013-2014_Liverpool_West Brom,2013-2014,9,Liverpool,West Brom,H,5,33.0,12.0,2.0,0.0,2.0,"RiskTaker, HighPressure, Disciplined",0
2013-2014_Man United_Stoke,2013-2014,9,Man United,Stoke,H,5,29.0,14.0,8.0,0.0,8.0,"AggressiveTackler, RiskTaker, HighPressure, ChaosInducer",1
2013-2014_Norwich_Cardiff,2013-2014,9,Norwich,Cardiff,D,0,37.0,15.0,2.0,0.0,2.0,"HighPressure, Disciplined, Opportunistic",0
2013-2014_Southampton_Fulham,2013-2014,9,Southampton,Fulham,H,2,21.0,13.0,2.0,0.0,2.0,"Disciplined, LowTempoController",0
2013-2014_Chelsea_Man City,2013-2014,9,Chelsea,Man City,H,3,27.0,9.0,5.0,0.0,5.0,"RiskTaker, ChaosInducer",1
2013-2014_Sunderland_Newcastle,2013-2014,9,Sunderland,Newcastle,H,3,24.0,8.0,2.0,0.0,2.0,"Disciplined, Disciplined",0
2013-2014_Swansea_West Ham,2013-2014,9,Swansea,West Ham,D,0,25.0,15.0,4.0,0.0,4.0,"HighPressure, LowTempoController",0
2013-2014_Tottenham_Hull,2013-2014,9,Tottenham,Hull,H,1,25.0,10.0,6.0,0.0,6.0,"AggressiveTackler, HighPressure",1
2013-2014_Arsenal_Liverpool,2013-2014,10,Arsenal,Liverpool,H,2,24.0,8.0,3.0,0.0,3.0,"HighPressure, LowTempoController",0
2013-2014_Fulham_Man United,2013-2014,10,Fulham,Man United,A,4,25.0,8.0,3.0,0.0,3.0,"RiskTaker, AggressiveTackler",0
2013-2014_Hull_Sunderland,2013-2014,10,Hull,Sunderland,H,1,34.0,6.0,2.0,2.0,6.0,"AggressiveTackler, Opportunistic",0
2013-2014_Man City_Norwich,2013-2014,10,Man City,Norwich,H,7,34.0,13.0,2.0,0.0,2.0,"RiskTaker, HighPressure, ChaosInducer, Disciplined",1
2013-2014_Newcastle_Chelsea,2013-2014,10,Newcastle,Chelsea,H,2,28.0,11.0,4.0,0.0,4.0,"HighPressure, Opportunistic",0
2013-2014_Stoke_Southampton,2013-2014,10,Stoke,Southampton,D,2,19.0,10.0,4.0,0.0,4.0,"LowTempoController, LowTempoController",0
2013-2014_West Brom_Crystal Palace,2013-2014,10,West Brom,Crystal Palace,H,2,21.0,13.0,1.0,0.0,1.0,"Disciplined, LowTempoController",0
2013-2014_West Ham_Aston Villa,2013-2014,10,West Ham,Aston Villa,D,0,25.0,6.0,2.0,0.0,2.0,"Disciplined, AggressiveTackler",0
2013-2014_Cardiff_Swansea,2013-2014,10,Cardiff,Swansea,H,1,19.0,9.0,2.0,1.0,4.0,"DirectPlay, DirectPlay",0
2013-2014_Everton_Tottenham,2013-2014,10,Everton,Tottenham,D,0,24.0,11.0,5.0,0.0,5.0,"Opportunistic, AggressiveTackler",1
2013-2014_Aston Villa_Cardiff,2013-2014,11,Aston Villa,Cardiff,H,2,25.0,8.0,2.0,0.0,2.0,"Disciplined, RiskTaker",0
2013-2014_Chelsea_West Brom,2013-2014,11,Chelsea,West Brom,D,4,28.0,13.0,10.0,0.0,10.0,"AggressiveTackler, RiskTaker, HighPressure, ChaosInducer",1
2013-2014_Crystal Palace_Everton,2013-2014,11,Crystal Palace,Everton,D,0,24.0,11.0,1.0,0.0,1.0,"Disciplined, ChaosInducer",0
2013-2014_Liverpool_Fulham,2013-2014,11,Liverpool,Fulham,H,4,36.0,12.0,1.0,0.0,1.0,"RiskTaker, HighPressure, Disciplined",0
2013-2014_Norwich_West Ham,2013-2014,11,Norwich,West Ham,H,4,27.0,6.0,2.0,0.0,2.0,"RiskTaker, Disciplined",0
2013-2014_Southampton_Hull,2013-2014,11,Southampton,Hull,H,5,25.0,11.0,3.0,0.0,3.0,"RiskTaker, ChaosInducer",1
2013-2014_Man United_Arsenal,2013-2014,11,Man United,Arsenal,H,1,15.0,11.0,5.0,0.0,5.0,"LowTempoController, Opportunistic",0
2013-2014_Sunderland_Man City,2013-2014,11,Sunderland,Man City,H,1,29.0,14.0,1.0,0.0,1.0,"HighPressure, Disciplined, Opportunistic",0
2013-2014_Swansea_Stoke,2013-2014,11,Swansea,Stoke,D,6,23.0,17.0,8.0,0.0,8.0,"AggressiveTackler, RiskTaker, HighPressure, ChaosInducer, LowTempoController",1
2013-2014_Tottenham_Newcastle,2013-2014,11,Tottenham,Newcastle,A,1,39.0,15.0,3.0,0.0,3.0,"HighPressure, Opportunistic",0
2013-2014_Arsenal_Southampton,2013-2014,12,Arsenal,Southampton,H,2,19.0,11.0,3.0,0.0,3.0,"LowTempoController, Opportunistic",0
2013-2014_Everton_Liverpool,2013-2014,12,Everton,Liverpool,D,6,29.0,13.0,7.0,0.0,7.0,"AggressiveTackler, RiskTaker, HighPressure, ChaosInducer",1
2013-2014_Fulham_Swansea,2013-2014,12,Fulham,Swansea,A,3,30.0,16.0,4.0,0.0,4.0,"RiskTaker, HighPressure",0
2013-2014_Hull_Crystal Palace,2013-2014,12,Hull,Crystal Palace,A,1,24.0,15.0,3.0,1.0,5.0,"HighPressure, LowTempoController",0
2013-2014_Newcastle_Norwich,2013-2014,12,Newcastle,Norwich,H,3,31.0,11.0,1.0,0.0,1.0,"RiskTaker, HighPressure, Disciplined",0
2013-2014_Stoke_Sunderland,2013-2014,12,Stoke,Sunderland,H,2,28.0,10.0,3.0,1.0,5.0,"Opportunistic, RiskTaker",0
2013-2014_West Ham_Chelsea,2013-2014,12,West Ham,Chelsea,A,3,28.0,12.0,0.0,0.0,0.0,"RiskTaker, HighPressure, Disciplined",0
2013-2014_Cardiff_Man United,2013-2014,12,Cardiff,Man United,D,4,30.0,10.0,6.0,0.0,6.0,"AggressiveTackler, RiskTaker, HighPressure, ChaosInducer",1
2013-2014_Man City_Tottenham,2013-2014,12,Man City,Tottenham,H,6,28.0,11.0,4.0,0.0,4.0,"RiskTaker, HighPressure, ChaosInducer",1
2013-2014_West Brom_Aston Villa,2013-2014,12,West Brom,Aston Villa,D,4,26.0,6.0,3.0,0.0,3.0,"RiskTaker, ChaosInducer",1
2013-2014_Aston Villa_Sunderland,2013-2014,13,Aston Villa,Sunderland,D,0,20.0,13.0,3.0,0.0,3.0,"LowTempoController, LowTempoController",0
2013-2014_Cardiff_Arsenal,2013-2014,13,Cardiff,Arsenal,A,3,25.0,6.0,3.0,0.0,3.0,"ChaosInducer, LowTempoController",0
2013-2014_Everton_Stoke,2013-2014,13,Everton,Stoke,H,4,26.0,12.0,3.0,0.0,3.0,"RiskTaker, HighPressure",0
2013-2014_Newcastle_West Brom,2013-2014,13,Newcastle,West Brom,H,3,28.0,6.0,3.0,0.0,3.0,"RiskTaker, DirectPlay",0
2013-2014_Norwich_Crystal Palace,2013-2014,13,Norwich,Crystal Palace,H,1,23.0,9.0,3.0,0.0,3.0,"HighPressure, DirectPlay",0
2013-2014_West Ham_Fulham,2013-2014,13,West Ham,Fulham,H,3,33.0,9.0,5.0,0.0,5.0,"RiskTaker, HighPressure, ChaosInducer",1
2013-2014_Chelsea_Southampton,2013-2014,13,Chelsea,Southampton,H,4,25.0,12.0,5.0,0.0,5.0,"RiskTaker, ChaosInducer",1
2013-2014_Hull_Liverpool,2013-2014,13,Hull,Liverpool,H,4,21.0,8.0,2.0,0.0,2.0,"Disciplined, DirectPlay",0
2013-2014_Man City_Swansea,2013-2014,13,Man City,Swansea,H,3,31.0,9.0,1.0,0.0,1.0,"RiskTaker, HighPressure, Disciplined",0
2013-2014_Tottenham_Man United,2013-2014,13,Tottenham,Man United,D,4,18.0,14.0,4.0,0.0,4.0,"ChaosInducer, LowTempoController",0
2013-2014_Crystal Palace_West Ham,2013-2014,14,Crystal Palace,West Ham,H,1,21.0,7.0,3.0,0.0,3.0,"HighPressure, ChaosInducer",0
2013-2014_Arsenal_Hull,2013-2014,14,Arsenal,Hull,H,2,27.0,12.0,0.0,0.0,0.0,"HighPressure, Disciplined, Opportunistic",0
2013-2014_Fulham_Tottenham,2013-2014,14,Fulham,Tottenham,A,3,34.0,16.0,3.0,0.0,3.0,"RiskTaker, HighPressure",0
2013-2014_Liverpool_Norwich,2013-2014,14,Liverpool,Norwich,H,6,42.0,4.0,4.0,0.0,4.0,"RiskTaker, HighPressure, ChaosInducer",1
2013-2014_Man United_Everton,2013-2014,14,Man United,Everton,A,1,33.0,11.0,2.0,0.0,2.0,"HighPressure, Disciplined, Opportunistic",0
2013-2014_Southampton_Aston Villa,2013-2014,14,Southampton,Aston Villa,A,5,27.0,10.0,5.0,0.0,5.0,"RiskTaker, ChaosInducer",1
2013-2014_Stoke_Cardiff,2013-2014,14,Stoke,Cardiff,D,0,31.0,7.0,4.0,0.0,4.0,"Opportunistic, Opportunistic",0
2013-2014_Sunderland_Chelsea,2013-2014,14,Sunderland,Chelsea,A,7,31.0,11.0,7.0,0.0,7.0,"AggressiveTackler, RiskTaker, HighPressure, ChaosInducer",1
2013-2014_Swansea_Newcastle,2013-2014,14,Swansea,Newcastle,H,3,27.0,6.0,2.0,0.0,2.0,"RiskTaker, Disciplined",0
2013-2014_West Brom_Man City,2013-2014,14,West Brom,Man City,A,5,27.0,6.0,2.0,0.0,2.0,"RiskTaker, Disciplined",0
2013-2014_Crystal Palace_Cardiff,2013-2014,15,Crystal Palace,Cardiff,H,2,29.0,11.0,0.0,0.0,0.0,"HighPressure, Disciplined, Opportunistic",0
2013-2014_Liverpool_West Ham,2013-2014,15,Liverpool,West Ham,H,5,40.0,12.0,3.0,1.0,5.0,"RiskTaker, HighPressure, ChaosInducer",1
2013-2014_Man United_Newcastle,2013-2014,15,Man United,Newcastle,A,1,17.0,8.0,2.0,0.0,2.0,"Disciplined, ChaosInducer",0
2013-2014_Southampton_Man City,2013-2014,15,Southampton,Man City,D,2,28.0,9.0,2.0,0.0,2.0,"Disciplined, Opportunistic",0
2013-2014_Stoke_Chelsea,2013-2014,15,Stoke,Chelsea,H,5,24.0,7.0,5.0,0.0,5.0,"RiskTaker, ChaosInducer",1
2013-2014_Sunderland_Tottenham,2013-2014,15,Sunderland,Tottenham,A,3,33.0,14.0,2.0,0.0,2.0,"RiskTaker, HighPressure, Disciplined",0
2013-2014_West Brom_Norwich,2013-2014,15,West Brom,Norwich,A,2,34.0,13.0,4.0,0.0,4.0,"HighPressure, Opportunistic",0
2013-2014_Arsenal_Everton,2013-2014,15,Arsenal,Everton,D,2,23.0,5.0,4.0,0.0,4.0,"LowTempoController, RiskTaker",0
2013-2014_Fulham_Aston Villa,2013-2014,15,Fulham,Aston Villa,H,2,32.0,11.0,2.0,0.0,2.0,"HighPressure, Disciplined, Opportunistic",0
2013-2014_Swansea_Hull,2013-2014,15,Swansea,Hull,D,2,20.0,13.0,6.0,0.0,6.0,"AggressiveTackler, LowTempoController",0
2013-2014_Cardiff_West Brom,2013-2014,16,Cardiff,West Brom,H,1,23.0,14.0,3.0,0.0,3.0,"HighPressure, LowTempoController",0
2013-2014_Chelsea_Crystal Palace,2013-2014,16,Chelsea,Crystal Palace,H,3,26.0,4.0,3.0,0.0,3.0,"LowTempoController, RiskTaker",0
2013-2014_Everton_Fulham,2013-2014,16,Everton,Fulham,H,5,38.0,14.0,3.0,0.0,3.0,"RiskTaker, HighPressure, ChaosInducer",1
2013-2014_Hull_Stoke,2013-2014,16,Hull,Stoke,D,0,24.0,12.0,1.0,0.0,1.0,"Disciplined, DirectPlay",0
2013-2014_Man City_Arsenal,2013-2014,16,Man City,Arsenal,H,9,34.0,16.0,3.0,0.0,3.0,"RiskTaker, HighPressure, ChaosInducer",1
2013-2014_Newcastle_Southampton,2013-2014,16,Newcastle,Southampton,D,2,24.0,14.0,3.0,0.0,3.0,"HighPressure, LowTempoController",0
2013-2014_West Ham_Sunderland,2013-2014,16,West Ham,Sunderland,D,0,30.0,11.0,1.0,0.0,1.0,"HighPressure, Disciplined, Opportunistic",0
2013-2014_Aston Villa_Man United,2013-2014,16,Aston Villa,Man United,A,3,31.0,7.0,6.0,0.0,6.0,"AggressiveTackler, RiskTaker, ChaosInducer",1
2013-2014_Norwich_Swansea,2013-2014,16,Norwich,Swansea,D,2,26.0,13.0,3.0,0.0,3.0,"HighPressure, HighPressure",0
2013-2014_Tottenham_Liverpool,2013-2014,16,Tottenham,Liverpool,A,5,30.0,11.0,3.0,1.0,5.0,"RiskTaker, HighPressure, ChaosInducer",1
2013-2014_Crystal Palace_Newcastle,2013-2014,17,Crystal Palace,Newcastle,A,3,22.0,10.0,3.0,0.0,3.0,"DirectPlay, AggressiveTackler",1
2013-2014_Fulham_Man City,2013-2014,17,Fulham,Man City,A,6,29.0,8.0,2.0,0.0,2.0,"RiskTaker, ChaosInducer, Disciplined",0
2013-2014_Liverpool_Cardiff,2013-2014,17,Liverpool,Cardiff,H,4,37.0,14.0,2.0,0.0,2.0,"RiskTaker, HighPressure, Disciplined",0
2013-2014_Man United_West Ham,2013-2014,17,Man United,West Ham,H,4,25.0,10.0,5.0,0.0,5.0,"RiskTaker, ChaosInducer",1
2013-2014_Stoke_Aston Villa,2013-2014,17,Stoke,Aston Villa,H,3,26.0,13.0,6.0,0.0,6.0,"AggressiveTackler, HighPressure, ChaosInducer",1
2013-2014_Sunderland_Norwich,2013-2014,17,Sunderland,Norwich,D,0,32.0,13.0,3.0,1.0,5.0,"HighPressure, Opportunistic",0
2013-2014_West Brom_Hull,2013-2014,17,West Brom,Hull,D,2,20.0,11.0,3.0,0.0,3.0,"LowTempoController, ChaosInducer",0
2013-2014_Southampton_Tottenham,2013-2014,17,Southampton,Tottenham,A,5,25.0,7.0,2.0,0.0,2.0,"RiskTaker, Disciplined",0
2013-2014_Swansea_Everton,2013-2014,17,Swansea,Everton,A,3,27.0,12.0,1.0,0.0,1.0,"RiskTaker, HighPressure, Disciplined",0
2013-2014_Arsenal_Chelsea,2013-2014,17,Arsenal,Chelsea,D,0,20.0,14.0,3.0,0.0,3.0,"LowTempoController, RiskTaker",0
2013-2014_Aston Villa_Crystal Palace,2013-2014,18,Aston Villa,Crystal Palace,A,1,22.0,12.0,4.0,0.0,4.0,"LowTempoController, LowTempoController",0
2013-2014_Cardiff_Southampton,2013-2014,18,Cardiff,Southampton,A,3,20.0,9.0,3.0,0.0,3.0,"HighPressure, RiskTaker",0
2013-2014_Chelsea_Swansea,2013-2014,18,Chelsea,Swansea,H,1,27.0,20.0,1.0,0.0,1.0,"HighPressure, Disciplined, LowTempoController, Opportunistic",0
2013-2014_Everton_Sunderland,2013-2014,18,Everton,Sunderland,A,1,39.0,13.0,1.0,1.0,3.0,"HighPressure, Opportunistic",0
2013-2014_Hull_Man United,2013-2014,18,Hull,Man United,A,5,30.0,11.0,4.0,1.0,6.0,"AggressiveTackler, RiskTaker, HighPressure, ChaosInducer",1
2013-2014_Man City_Liverpool,2013-2014,18,Man City,Liverpool,H,3,32.0,13.0,4.0,0.0,4.0,"RiskTaker, HighPressure",1
2013-2014_Newcastle_Stoke,2013-2014,18,Newcastle,Stoke,H,6,38.0,10.0,2.0,2.0,6.0,"AggressiveTackler, RiskTaker, HighPressure, ChaosInducer",1
2013-2014_Norwich_Fulham,2013-2014,18,Norwich,Fulham,A,3,27.0,9.0,3.0,0.0,3.0,"RiskTaker, LowTempoController",0
2013-2014_Tottenham_West Brom,2013-2014,18,Tottenham,West Brom,D,2,27.0,14.0,5.0,0.0,5.0,"HighPressure, Opportunistic",0
2013-2014_West Ham_Arsenal,2013-2014,18,West Ham,Arsenal,A,4,41.0,10.0,2.0,0.0,2.0,"RiskTaker, HighPressure, Disciplined",0
2013-2014_Aston Villa_Swansea,2013-2014,19,Aston Villa,Swansea,D,2,24.0,10.0,5.0,0.0,5.0,"ChaosInducer, DirectPlay",0
2013-2014_Cardiff_Sunderland,2013-2014,19,Cardiff,Sunderland,D,4,37.0,12.0,5.0,0.0,5.0,"RiskTaker, HighPressure, ChaosInducer",1
2013-2014_Hull_Fulham,2013-2014,19,Hull,Fulham,H,6,26.0,7.0,0.0,0.0,0.0,"RiskTaker, Disciplined",0
2013-2014_Man City_Crystal Palace,2013-2014,19,Man City,Crystal Palace,H,1,32.0,17.0,2.0,0.0,2.0,"HighPressure, Disciplined, Opportunistic",0
2013-2014_Norwich_Man United,2013-2014,19,Norwich,Man United,A,1,22.0,11.0,7.0,0.0,7.0,"AggressiveTackler, ChaosInducer",1
2013-2014_West Ham_West Brom,2013-2014,19,West Ham,West Brom,D,6,38.0,11.0,5.0,0.0,5.0,"RiskTaker, HighPressure, ChaosInducer",1
2013-2014_Chelsea_Liverpool,2013-2014,19,Chelsea,Liverpool,H,3,19.0,6.0,5.0,0.0,5.0,"ChaosInducer, Disciplined",0
2013-2014_Everton_Southampton,2013-2014,19,Everton,Southampton,H,3,21.0,5.0,6.0,0.0,6.0,"AggressiveTackler, ChaosInducer",1
2013-2014_Newcastle_Arsenal,2013-2014,19,Newcastle,Arsenal,A,1,22.0,5.0,3.0,0.0,3.0,"AggressiveTackler, Disciplined",0
2013-2014_Tottenham_Stoke,2013-2014,19,Tottenham,Stoke,H,3,22.0,7.0,4.0,0.0,4.0,"HighPressure, RiskTaker",1
2013-2014_Arsenal_Cardiff,2013-2014,20,Arsenal,Cardiff,H,2,36.0,14.0,3.0,0.0,3.0,"HighPressure, Opportunistic",0
2013-2014_Crystal Palace_Norwich,2013-2014,20,Crystal Palace,Norwich,D,2,21.0,13.0,3.0,1.0,5.0,"LowTempoController, HighPressure",0
2013-2014_Fulham_West Ham,2013-2014,20,Fulham,West Ham,H,3,41.0,16.0,3.0,1.0,5.0,"RiskTaker, HighPressure, ChaosInducer",1
2013-2014_Liverpool_Hull,2013-2014,20,Liverpool,Hull,H,2,27.0,7.0,3.0,0.0,3.0,"Opportunistic, DirectPlay",0
2013-2014_Man United_Tottenham,2013-2014,20,Man United,Tottenham,A,3,25.0,15.0,3.0,0.0,3.0,"HighPressure, LowTempoController",0
2013-2014_Southampton_Chelsea,2013-2014,20,Southampton,Chelsea,A,3,23.0,14.0,5.0,0.0,5.0,"HighPressure, ChaosInducer, LowTempoController",0
2013-2014_Stoke_Everton,2013-2014,20,Stoke,Everton,D,2,26.0,7.0,5.0,0.0,5.0,"LowTempoController, ChaosInducer",0
2013-2014_Sunderland_Aston Villa,2013-2014,20,Sunderland,Aston Villa,A,1,30.0,12.0,7.0,0.0,7.0,"AggressiveTackler, HighPressure, Opportunistic",1
2013-2014_Swansea_Man City,2013-2014,20,Swansea,Man City,A,5,29.0,14.0,7.0,0.0,7.0,"AggressiveTackler, RiskTaker, HighPressure, ChaosInducer",1
2013-2014_West Brom_Newcastle,2013-2014,20,West Brom,Newcastle,H,1,22.0,7.0,0.0,1.0,2.0,"Disciplined, Disciplined",0
2013-2014_Cardiff_West Ham,2013-2014,21,Cardiff,West Ham,A,2,29.0,15.0,4.0,1.0,6.0,"AggressiveTackler, HighPressure, Opportunistic",1
2013-2014_Everton_Norwich,2013-2014,21,Everton,Norwich,H,2,35.0,15.0,3.0,0.0,3.0,"HighPressure, Opportunistic",0
2013-2014_Fulham_Sunderland,2013-2014,21,Fulham,Sunderland,A,5,27.0,16.0,6.0,0.0,6.0,"AggressiveTackler, RiskTaker, HighPressure, ChaosInducer, LowTempoController",1
2013-2014_Hull_Chelsea,2013-2014,21,Hull,Chelsea,A,2,24.0,8.0,3.0,0.0,3.0,"Opportunistic, Disciplined",0
2013-2014_Man United_Swansea,2013-2014,21,Man United,Swansea,H,2,29.0,8.0,2.0,0.0,2.0,"Disciplined, Opportunistic",0
2013-2014_Southampton_West Brom,2013-2014,21,Southampton,West Brom,H,1,22.0,8.0,3.0,0.0,3.0,"DirectPlay, Disciplined",0
2013-2014_Tottenham_Crystal Palace,2013-2014,21,Tottenham,Crystal Palace,H,2,24.0,16.0,3.0,0.0,3.0,"HighPressure, LowTempoController",0
2013-2014_Newcastle_Man City,2013-2014,21,Newcastle,Man City,A,2,27.0,11.0,6.0,0.0,6.0,"AggressiveTackler, Opportunistic",0
2013-2014_Stoke_Liverpool,2013-2014,21,Stoke,Liverpool,A,8,26.0,13.0,2.0,0.0,2.0,"RiskTaker, HighPressure, ChaosInducer, Disciplined",1
2013-2014_Aston Villa_Arsenal,2013-2014,21,Aston Villa,Arsenal,A,3,19.0,8.0,4.0,0.0,4.0,"DirectPlay, Opportunistic",0
2013-2014_Arsenal_Fulham,2013-2014,22,Arsenal,Fulham,H,2,30.0,8.0,0.0,0.0,0.0,"Disciplined, Opportunistic",0
2013-2014_Crystal Palace_Stoke,2013-2014,22,Crystal Palace,Stoke,H,1,29.0,7.0,2.0,0.0,2.0,"Disciplined, Opportunistic",0
2013-2014_Liverpool_Aston Villa,2013-2014,22,Liverpool,Aston Villa,D,4,26.0,5.0,5.0,0.0,5.0,"RiskTaker, ChaosInducer",1
2013-2014_Man City_Cardiff,2013-2014,22,Man City,Cardiff,H,6,31.0,17.0,2.0,0.0,2.0,"RiskTaker, HighPressure, ChaosInducer, Disciplined",1
2013-2014_Norwich_Hull,2013-2014,22,Norwich,Hull,H,1,35.0,18.0,3.0,1.0,5.0,"HighPressure, Opportunistic",0
2013-2014_Sunderland_Southampton,2013-2014,22,Sunderland,Southampton,D,4,27.0,11.0,2.0,0.0,2.0,"RiskTaker, Disciplined",0
2013-2014_West Ham_Newcastle,2013-2014,22,West Ham,Newcastle,A,4,30.0,7.0,0.0,0.0,0.0,"RiskTaker, Disciplined",0
2013-2014_Chelsea_Man United,2013-2014,22,Chelsea,Man United,H,4,23.0,9.0,4.0,1.0,6.0,"AggressiveTackler, ChaosInducer",1
2013-2014_Swansea_Tottenham,2013-2014,22,Swansea,Tottenham,A,4,24.0,10.0,3.0,0.0,3.0,"RiskTaker, HighPressure",0
2013-2014_West Brom_Everton,2013-2014,22,West Brom,Everton,D,2,27.0,6.0,5.0,0.0,5.0,"Opportunistic, ChaosInducer",0
2013-2014_Crystal Palace_Hull,2013-2014,23,Crystal Palace,Hull,H,1,26.0,11.0,4.0,1.0,6.0,"AggressiveTackler, RiskTaker",0
2013-2014_Liverpool_Everton,2013-2014,23,Liverpool,Everton,H,4,38.0,13.0,3.0,0.0,3.0,"RiskTaker, HighPressure",0
2013-2014_Man United_Cardiff,2013-2014,23,Man United,Cardiff,H,2,24.0,10.0,1.0,0.0,1.0,"Disciplined, LowTempoController",0
2013-2014_Norwich_Newcastle,2013-2014,23,Norwich,Newcastle,D,0,31.0,14.0,2.0,2.0,6.0,"AggressiveTackler, HighPressure, Opportunistic",1
2013-2014_Southampton_Arsenal,2013-2014,23,Southampton,Arsenal,D,4,20.0,12.0,2.0,1.0,4.0,"ChaosInducer, LowTempoController",0
2013-2014_Swansea_Fulham,2013-2014,23,Swansea,Fulham,H,2,29.0,13.0,2.0,0.0,2.0,"HighPressure, Disciplined, Opportunistic",0
2013-2014_Aston Villa_West Brom,2013-2014,23,Aston Villa,West Brom,H,7,22.0,6.0,4.0,0.0,4.0,"RiskTaker, ChaosInducer",1
2013-2014_Chelsea_West Ham,2013-2014,23,Chelsea,West Ham,D,0,40.0,16.0,4.0,0.0,4.0,"HighPressure, Opportunistic",0
2013-2014_Sunderland_Stoke,2013-2014,23,Sunderland,Stoke,H,1,30.0,5.0,4.0,1.0,6.0,"AggressiveTackler, Opportunistic",0
2013-2014_Tottenham_Man City,2013-2014,23,Tottenham,Man City,A,6,28.0,8.0,5.0,1.0,7.0,"AggressiveTackler, RiskTaker, ChaosInducer",1
2013-2014_Cardiff_Norwich,2013-2014,24,Cardiff,Norwich,H,3,41.0,21.0,5.0,0.0,5.0,"RiskTaker, HighPressure, ChaosInducer",1
2013-2014_Everton_Aston Villa,2013-2014,24,Everton,Aston Villa,H,3,17.0,14.0,1.0,0.0,1.0,"Disciplined, LowTempoController",0
2013-2014_Fulham_Southampton,2013-2014,24,Fulham,Southampton,A,3,25.0,9.0,3.0,0.0,3.0,"RiskTaker, HighPressure",0
2013-2014_Hull_Tottenham,2013-2014,24,Hull,Tottenham,D,2,28.0,14.0,2.0,0.0,2.0,"HighPressure, Disciplined, Opportunistic",0
2013-2014_Newcastle_Sunderland,2013-2014,24,Newcastle,Sunderland,A,3,44.0,10.0,4.0,0.0,4.0,"RiskTaker, HighPressure",1
2013-2014_Stoke_Man United,2013-2014,24,Stoke,Man United,H,3,32.0,17.0,4.0,0.0,4.0,"RiskTaker, HighPressure",1
2013-2014_West Ham_Swansea,2013-2014,24,West Ham,Swansea,H,2,31.0,19.0,1.0,1.0,3.0,"HighPressure, LowTempoController, Opportunistic",0
2013-2014_Arsenal_Crystal Palace,2013-2014,24,Arsenal,Crystal Palace,H,2,21.0,11.0,3.0,0.0,3.0,"LowTempoController, LowTempoController",0
2013-2014_West Brom_Liverpool,2013-2014,24,West Brom,Liverpool,D,2,24.0,7.0,6.0,0.0,6.0,"AggressiveTackler, Disciplined",0
2013-2014_Man City_Chelsea,2013-2014,24,Man City,Chelsea,A,1,43.0,18.0,6.0,0.0,6.0,"AggressiveTackler, HighPressure, Opportunistic",1
2013-2014_Aston Villa_West Ham,2013-2014,25,Aston Villa,West Ham,A,2,26.0,18.0,2.0,0.0,2.0,"HighPressure, Disciplined, LowTempoController",0
2013-2014_Chelsea_Newcastle,2013-2014,25,Chelsea,Newcastle,H,3,30.0,11.0,3.0,0.0,3.0,"RiskTaker, HighPressure",1
2013-2014_Crystal Palace_West Brom,2013-2014,25,Crystal Palace,West Brom,H,4,26.0,11.0,3.0,0.0,3.0,"RiskTaker, Opportunistic",1
2013-2014_Liverpool_Arsenal,2013-2014,25,Liverpool,Arsenal,H,6,33.0,12.0,3.0,0.0,3.0,"RiskTaker, HighPressure, ChaosInducer",1
2013-2014_Norwich_Man City,2013-2014,25,Norwich,Man City,D,0,22.0,18.0,3.0,0.0,3.0,"HighPressure, LowTempoController",0
2013-2014_Southampton_Stoke,2013-2014,25,Southampton,Stoke,D,4,22.0,11.0,4.0,0.0,4.0,"ChaosInducer, Opportunistic",0
2013-2014_Sunderland_Hull,2013-2014,25,Sunderland,Hull,A,2,32.0,8.0,4.0,1.0,6.0,"AggressiveTackler, HighPressure, Opportunistic",1
2013-2014_Swansea_Cardiff,2013-2014,25,Swansea,Cardiff,H,3,24.0,6.0,2.0,0.0,2.0,"Disciplined, AggressiveTackler",0
2013-2014_Man United_Fulham,2013-2014,25,Man United,Fulham,D,4,37.0,11.0,0.0,0.0,0.0,"RiskTaker, HighPressure, Disciplined",0
2013-2014_Tottenham_Everton,2013-2014,25,Tottenham,Everton,H,1,19.0,16.0,1.0,0.0,1.0,"HighPressure, Disciplined, LowTempoController",0
2013-2014_Cardiff_Aston Villa,2013-2014,26,Cardiff,Aston Villa,D,0,30.0,16.0,0.0,0.0,0.0,"HighPressure, Disciplined, Opportunistic",0
2013-2014_Hull_Southampton,2013-2014,26,Hull,Southampton,A,1,28.0,4.0,3.0,0.0,3.0,"Opportunistic, HighPressure",0
2013-2014_West Brom_Chelsea,2013-2014,26,West Brom,Chelsea,D,2,27.0,13.0,7.0,0.0,7.0,"AggressiveTackler, HighPressure, ChaosInducer, Opportunistic",1
2013-2014_West Ham_Norwich,2013-2014,26,West Ham,Norwich,H,2,25.0,10.0,4.0,0.0,4.0,"HighPressure, ChaosInducer",0
2013-2014_Arsenal_Man United,2013-2014,26,Arsenal,Man United,D,0,23.0,10.0,3.0,0.0,3.0,"RiskTaker, HighPressure",0
2013-2014_Fulham_Liverpool,2013-2014,26,Fulham,Liverpool,A,5,31.0,12.0,7.0,0.0,7.0,"AggressiveTackler, RiskTaker, HighPressure, ChaosInducer",1
2013-2014_Newcastle_Tottenham,2013-2014,26,Newcastle,Tottenham,A,4,28.0,14.0,0.0,0.0,0.0,"RiskTaker, HighPressure, Disciplined",0
2013-2014_Stoke_Swansea,2013-2014,26,Stoke,Swansea,D,2,20.0,7.0,4.0,0.0,4.0,"HighPressure, Disciplined",0
2013-2014_Arsenal_Sunderland,2013-2014,27,Arsenal,Sunderland,H,5,19.0,10.0,1.0,0.0,1.0,"Disciplined, LowTempoController",0
2013-2014_Cardiff_Hull,2013-2014,27,Cardiff,Hull,A,4,35.0,11.0,2.0,0.0,2.0,"RiskTaker, HighPressure, Disciplined",0
2013-2014_Chelsea_Everton,2013-2014,27,Chelsea,Everton,H,1,33.0,16.0,3.0,0.0,3.0,"HighPressure, Opportunistic",0
2013-2014_Crystal Palace_Man United,2013-2014,27,Crystal Palace,Man United,A,2,29.0,10.0,2.0,0.0,2.0,"HighPressure, Disciplined, Opportunistic",0
2013-2014_Man City_Stoke,2013-2014,27,Man City,Stoke,H,1,26.0,11.0,4.0,0.0,4.0,"Disciplined, LowTempoController",0
2013-2014_West Brom_Fulham,2013-2014,27,West Brom,Fulham,D,2,23.0,10.0,6.0,0.0,6.0,"AggressiveTackler, DirectPlay",1
2013-2014_West Ham_Southampton,2013-2014,27,West Ham,Southampton,H,4,35.0,16.0,1.0,0.0,1.0,"RiskTaker, HighPressure, Disciplined",0
2013-2014_Liverpool_Swansea,2013-2014,27,Liverpool,Swansea,H,7,35.0,8.0,1.0,0.0,1.0,"RiskTaker, HighPressure, ChaosInducer, Disciplined",1
2013-2014_Newcastle_Aston Villa,2013-2014,27,Newcastle,Aston Villa,H,1,33.0,11.0,4.0,0.0,4.0,"HighPressure, Opportunistic",0
2013-2014_Norwich_Tottenham,2013-2014,27,Norwich,Tottenham,H,1,22.0,8.0,4.0,0.0,4.0,"DirectPlay, AggressiveTackler",0
2013-2014_Everton_West Ham,2013-2014,28,Everton,West Ham,H,1,28.0,16.0,2.0,0.0,2.0,"HighPressure, Disciplined, LowTempoController, Opportunistic",0
2013-2014_Fulham_Chelsea,2013-2014,28,Fulham,Chelsea,A,4,24.0,9.0,3.0,0.0,3.0,"RiskTaker, DirectPlay",0
2013-2014_Hull_Newcastle,2013-2014,28,Hull,Newcastle,A,5,30.0,9.0,5.0,0.0,5.0,"RiskTaker, ChaosInducer",1
2013-2014_Southampton_Liverpool,2013-2014,28,Southampton,Liverpool,A,3,25.0,9.0,3.0,0.0,3.0,"ChaosInducer, AggressiveTackler",1
2013-2014_Stoke_Arsenal,2013-2014,28,Stoke,Arsenal,H,1,18.0,7.0,4.0,0.0,4.0,"LowTempoController, Disciplined",0
2013-2014_Aston Villa_Norwich,2013-2014,28,Aston Villa,Norwich,H,5,17.0,8.0,3.0,0.0,3.0,"ChaosInducer, DirectPlay",1
2013-2014_Swansea_Crystal Palace,2013-2014,28,Swansea,Crystal Palace,D,2,14.0,5.0,5.0,1.0,7.0,"AggressiveTackler, ChaosInducer",0
2013-2014_Tottenham_Cardiff,2013-2014,28,Tottenham,Cardiff,H,1,23.0,11.0,4.0,0.0,4.0,"RiskTaker, Disciplined",0
2013-2014_Cardiff_Fulham,2013-2014,29,Cardiff,Fulham,H,4,33.0,13.0,1.0,0.0,1.0,"RiskTaker, HighPressure, Disciplined",0
2013-2014_Chelsea_Tottenham,2013-2014,29,Chelsea,Tottenham,H,4,18.0,9.0,5.0,1.0,7.0,"AggressiveTackler, ChaosInducer",0
2013-2014_Crystal Palace_Southampton,2013-2014,29,Crystal Palace,Southampton,A,1,17.0,11.0,6.0,0.0,6.0,"AggressiveTackler, LowTempoController",0
2013-2014_Norwich_Stoke,2013-2014,29,Norwich,Stoke,D,2,19.0,4.0,2.0,1.0,4.0,"Opportunistic, ChaosInducer",0
2013-2014_West Brom_Man United,2013-2014,29,West Brom,Man United,A,3,28.0,8.0,3.0,0.0,3.0,"RiskTaker, Disciplined",0
2013-2014_Aston Villa_Chelsea,2013-2014,30,Aston Villa,Chelsea,H,1,28.0,9.0,4.0,2.0,8.0,"AggressiveTackler, ChaosInducer, Opportunistic",1
2013-2014_Everton_Cardiff,2013-2014,30,Everton,Cardiff,H,3,29.0,15.0,4.0,0.0,4.0,"RiskTaker, HighPressure",0
2013-2014_Fulham_Newcastle,2013-2014,30,Fulham,Newcastle,H,1,24.0,16.0,1.0,0.0,1.0,"HighPressure, Disciplined, LowTempoController",0
2013-2014_Hull_Man City,2013-2014,30,Hull,Man City,A,2,23.0,7.0,4.0,1.0,6.0,"AggressiveTackler, ChaosInducer",1
2013-2014_Southampton_Norwich,2013-2014,30,Southampton,Norwich,H,6,22.0,7.0,3.0,0.0,3.0,"RiskTaker, ChaosInducer",1
2013-2014_Stoke_West Ham,2013-2014,30,Stoke,West Ham,H,4,25.0,10.0,2.0,0.0,2.0,"RiskTaker, Disciplined",0
2013-2014_Sunderland_Crystal Palace,2013-2014,30,Sunderland,Crystal Palace,D,0,31.0,8.0,8.0,0.0,8.0,"AggressiveTackler, Opportunistic",0
2013-2014_Swansea_West Brom,2013-2014,30,Swansea,West Brom,A,3,28.0,5.0,4.0,0.0,4.0,"RiskTaker, ChaosInducer",1
2013-2014_Man United_Liverpool,2013-2014,30,Man United,Liverpool,A,3,30.0,7.0,5.0,1.0,7.0,"AggressiveTackler, RiskTaker, ChaosInducer",1
2013-2014_Tottenham_Arsenal,2013-2014,30,Tottenham,Arsenal,A,1,24.0,7.0,8.0,0.0,8.0,"AggressiveTackler, ChaosInducer",0
2013-2014_Cardiff_Liverpool,2013-2014,31,Cardiff,Liverpool,A,9,28.0,10.0,5.0,0.0,5.0,"RiskTaker, ChaosInducer",1
2013-2014_Chelsea_Arsenal,2013-2014,31,Chelsea,Arsenal,H,6,33.0,8.0,1.0,1.0,3.0,"RiskTaker, HighPressure, ChaosInducer",1
2013-2014_Everton_Swansea,2013-2014,31,Everton,Swansea,H,5,30.0,17.0,0.0,0.0,0.0,"RiskTaker, HighPressure, Disciplined, LowTempoController",0
2013-2014_Hull_West Brom,2013-2014,31,Hull,West Brom,H,2,29.0,9.0,2.0,0.0,2.0,"Disciplined, Opportunistic",0
2013-2014_Man City_Fulham,2013-2014,31,Man City,Fulham,H,5,28.0,15.0,3.0,1.0,5.0,"RiskTaker, HighPressure, ChaosInducer",1
2013-2014_Newcastle_Crystal Palace,2013-2014,31,Newcastle,Crystal Palace,H,1,29.0,14.0,1.0,0.0,1.0,"HighPressure, Disciplined, Opportunistic",0
2013-2014_Norwich_Sunderland,2013-2014,31,Norwich,Sunderland,H,2,24.0,13.0,6.0,1.0,8.0,"AggressiveTackler, HighPressure, ChaosInducer, LowTempoController",1
2013-2014_West Ham_Man United,2013-2014,31,West Ham,Man United,A,2,26.0,19.0,3.0,0.0,3.0,"HighPressure, LowTempoController",0
2013-2014_Aston Villa_Stoke,2013-2014,31,Aston Villa,Stoke,A,5,22.0,8.0,6.0,0.0,6.0,"AggressiveTackler, RiskTaker, ChaosInducer",1
2013-2014_Tottenham_Southampton,2013-2014,31,Tottenham,Southampton,H,5,27.0,10.0,3.0,0.0,3.0,"RiskTaker, ChaosInducer",1
2013-2014_Arsenal_Swansea,2013-2014,32,Arsenal,Swansea,D,4,21.0,7.0,1.0,0.0,1.0,"Disciplined, ChaosInducer",0
2013-2014_Man United_Man City,2013-2014,32,Man United,Man City,A,3,23.0,13.0,4.0,0.0,4.0,"LowTempoController, LowTempoController",0
2013-2014_Newcastle_Everton,2013-2014,32,Newcastle,Everton,A,3,24.0,17.0,1.0,0.0,1.0,"HighPressure, Disciplined, LowTempoController",0
2013-2014_Liverpool_Sunderland,2013-2014,32,Liverpool,Sunderland,H,3,33.0,7.0,2.0,0.0,2.0,"RiskTaker, Disciplined",0
2013-2014_West Ham_Hull,2013-2014,32,West Ham,Hull,H,3,19.0,9.0,1.0,1.0,3.0,"ChaosInducer, ChaosInducer",1
2013-2014_Arsenal_Man City,2013-2014,33,Arsenal,Man City,D,2,25.0,12.0,5.0,0.0,5.0,"Opportunistic, RiskTaker",0
2013-2014_Crystal Palace_Chelsea,2013-2014,33,Crystal Palace,Chelsea,H,1,35.0,15.0,5.0,0.0,5.0,"HighPressure, Opportunistic",0
2013-2014_Man United_Aston Villa,2013-2014,33,Man United,Aston Villa,H,5,19.0,5.0,6.0,0.0,6.0,"AggressiveTackler, ChaosInducer",1
2013-2014_Southampton_Newcastle,2013-2014,33,Southampton,Newcastle,H,4,28.0,12.0,1.0,0.0,1.0,"RiskTaker, HighPressure, Disciplined",0
2013-2014_Stoke_Hull,2013-2014,33,Stoke,Hull,H,1,20.0,9.0,2.0,0.0,2.0,"Disciplined, AggressiveTackler",0
2013-2014_Swansea_Norwich,2013-2014,33,Swansea,Norwich,H,3,24.0,11.0,3.0,0.0,3.0,"HighPressure, Opportunistic",0
2013-2014_West Brom_Cardiff,2013-2014,33,West Brom,Cardiff,D,6,27.0,5.0,2.0,0.0,2.0,"RiskTaker, ChaosInducer, Disciplined",1
2013-2014_Fulham_Everton,2013-2014,33,Fulham,Everton,A,4,37.0,11.0,3.0,0.0,3.0,"RiskTaker, HighPressure",0
2013-2014_Liverpool_Tottenham,2013-2014,33,Liverpool,Tottenham,H,4,26.0,12.0,2.0,0.0,2.0,"RiskTaker, HighPressure, Disciplined",0
2013-2014_Sunderland_West Ham,2013-2014,33,Sunderland,West Ham,A,3,37.0,11.0,6.0,0.0,6.0,"AggressiveTackler, RiskTaker, HighPressure, ChaosInducer",1
2013-2014_Aston Villa_Fulham,2013-2014,34,Aston Villa,Fulham,A,3,28.0,9.0,5.0,0.0,5.0,"RiskTaker, ChaosInducer",1
2013-2014_Cardiff_Crystal Palace,2013-2014,34,Cardiff,Crystal Palace,A,3,26.0,13.0,6.0,0.0,6.0,"AggressiveTackler, HighPressure, ChaosInducer",1
2013-2014_Chelsea_Stoke,2013-2014,34,Chelsea,Stoke,H,3,22.0,10.0,0.0,0.0,0.0,"Disciplined, AggressiveTackler",0
2013-2014_Hull_Swansea,2013-2014,34,Hull,Swansea,H,1,20.0,9.0,2.0,0.0,2.0,"Disciplined, ChaosInducer",0
2013-2014_Man City_Southampton,2013-2014,34,Man City,Southampton,H,5,20.0,14.0,3.0,0.0,3.0,"RiskTaker, ChaosInducer, LowTempoController",1
2013-2014_Newcastle_Man United,2013-2014,34,Newcastle,Man United,A,4,22.0,9.0,1.0,0.0,1.0,"Disciplined, RiskTaker",0
2013-2014_Norwich_West Brom,2013-2014,34,Norwich,West Brom,A,1,20.0,10.0,1.0,0.0,1.0,"Disciplined, Disciplined",0
2013-2014_Everton_Arsenal,2013-2014,34,Everton,Arsenal,H,3,29.0,9.0,3.0,0.0,3.0,"RiskTaker, RiskTaker",0
2013-2014_West Ham_Liverpool,2013-2014,34,West Ham,Liverpool,A,3,28.0,8.0,4.0,0.0,4.0,"RiskTaker, Opportunistic",0
2013-2014_Tottenham_Sunderland,2013-2014,34,Tottenham,Sunderland,H,6,37.0,10.0,2.0,0.0,2.0,"RiskTaker, HighPressure, ChaosInducer, Disciplined",1
2013-2014_Crystal Palace_Aston Villa,2013-2014,35,Crystal Palace,Aston Villa,H,1,21.0,6.0,2.0,0.0,2.0,"Disciplined, ChaosInducer",0
2013-2014_Fulham_Norwich,2013-2014,35,Fulham,Norwich,H,1,27.0,16.0,4.0,0.0,4.0,"HighPressure, LowTempoController, Opportunistic",0
2013-2014_Southampton_Cardiff,2013-2014,35,Southampton,Cardiff,A,1,25.0,10.0,0.0,0.0,0.0,"Disciplined, RiskTaker",0
2013-2014_Stoke_Newcastle,2013-2014,35,Stoke,Newcastle,H,1,23.0,9.0,2.0,0.0,2.0,"Disciplined, DirectPlay",0
2013-2014_Sunderland_Everton,2013-2014,35,Sunderland,Everton,A,1,44.0,12.0,4.0,0.0,4.0,"HighPressure, Opportunistic",0
2013-2014_West Brom_Tottenham,2013-2014,35,West Brom,Tottenham,D,6,26.0,4.0,6.0,0.0,6.0,"AggressiveTackler, RiskTaker, ChaosInducer",1
2013-2014_Liverpool_Man City,2013-2014,35,Liverpool,Man City,H,5,23.0,14.0,4.0,1.0,6.0,"AggressiveTackler, RiskTaker, HighPressure, ChaosInducer, LowTempoController",1
2013-2014_Swansea_Chelsea,2013-2014,35,Swansea,Chelsea,A,1,33.0,17.0,2.0,1.0,4.0,"HighPressure, Opportunistic",0
2013-2014_Arsenal_West Ham,2013-2014,36,Arsenal,West Ham,H,4,26.0,7.0,4.0,0.0,4.0,"RiskTaker, ChaosInducer",1
2013-2014_Everton_Crystal Palace,2013-2014,36,Everton,Crystal Palace,A,5,24.0,16.0,3.0,0.0,3.0,"RiskTaker, HighPressure, ChaosInducer, LowTempoController",1
2013-2014_Man City_Sunderland,2013-2014,36,Man City,Sunderland,D,4,27.0,9.0,3.0,0.0,3.0,"RiskTaker, RiskTaker",0
2013-2014_Aston Villa_Southampton,2013-2014,37,Aston Villa,Southampton,D,0,9.0,8.0,2.0,0.0,2.0,"Disciplined, LowTempoController",0
2013-2014_Cardiff_Stoke,2013-2014,37,Cardiff,Stoke,D,2,27.0,19.0,5.0,0.0,5.0,"HighPressure, LowTempoController, Opportunistic",0
2013-2014_Chelsea_Sunderland,2013-2014,37,Chelsea,Sunderland,A,3,38.0,14.0,3.0,0.0,3.0,"RiskTaker, HighPressure",0
2013-2014_Newcastle_Swansea,2013-2014,37,Newcastle,Swansea,A,3,24.0,10.0,2.0,0.0,2.0,"Disciplined, ChaosInducer",0
2013-2014_Tottenham_Fulham,2013-2014,37,Tottenham,Fulham,H,4,25.0,9.0,1.0,0.0,1.0,"RiskTaker, Disciplined",0
2013-2014_West Ham_Crystal Palace,2013-2014,37,West Ham,Crystal Palace,A,1,24.0,14.0,2.0,0.0,2.0,"HighPressure, Disciplined, LowTempoController",0
2013-2014_Everton_Man United,2013-2014,37,Everton,Man United,H,2,26.0,11.0,4.0,0.0,4.0,"LowTempoController, DirectPlay",0
2013-2014_Hull_Arsenal,2013-2014,37,Hull,Arsenal,A,3,25.0,7.0,2.0,0.0,2.0,"Disciplined, RiskTaker",0
2013-2014_Norwich_Liverpool,2013-2014,37,Norwich,Liverpool,A,5,27.0,11.0,5.0,0.0,5.0,"RiskTaker, ChaosInducer",1
2013-2014_Man City_West Brom,2013-2014,37,Man City,West Brom,H,4,29.0,10.0,2.0,0.0,2.0,"RiskTaker, HighPressure, Disciplined",0
2013-2014_Fulham_Hull,2013-2014,38,Fulham,Hull,D,4,18.0,9.0,4.0,0.0,4.0,"ChaosInducer, HighPressure",0
2013-2014_Man United_Norwich,2013-2014,38,Man United,Norwich,H,4,34.0,8.0,2.0,0.0,2.0,"RiskTaker, HighPressure, Disciplined",0
2013-2014_Southampton_Everton,2013-2014,38,Southampton,Everton,H,2,23.0,11.0,2.0,0.0,2.0,"Disciplined, HighPressure",0
2013-2014_Stoke_Tottenham,2013-2014,38,Stoke,Tottenham,A,1,33.0,7.0,3.0,1.0,5.0,"Opportunistic, RiskTaker",0
2013-2014_Swansea_Aston Villa,2013-2014,38,Swansea,Aston Villa,H,5,22.0,15.0,4.0,0.0,4.0,"RiskTaker, HighPressure, ChaosInducer, LowTempoController",1
2013-2014_West Brom_West Ham,2013-2014,38,West Brom,West Ham,H,1,28.0,13.0,1.0,0.0,1.0,"HighPressure, Disciplined, Opportunistic",0
2013-2014_Crystal Palace_Man City,2013-2014,38,Crystal Palace,Man City,A,2,19.0,12.0,4.0,0.0,4.0,"LowTempoController, LowTempoController",0
2013-2014_Liverpool_Chelsea,2013-2014,38,Liverpool,Chelsea,A,2,37.0,17.0,4.0,0.0,4.0,"HighPressure, Opportunistic",0
2013-2014_Sunderland_Cardiff,2013-2014,38,Sunderland,Cardiff,H,4,27.0,16.0,8.0,1.0,10.0,"AggressiveTackler, RiskTaker, HighPressure, ChaosInducer, LowTempoController",1
2013-2014_Arsenal_Newcastle,2013-2014,38,Arsenal,Newcastle,H,3,28.0,14.0,5.0,0.0,5.0,"RiskTaker, HighPressure, ChaosInducer",1
2013-2014_Aston Villa_Hull,2013-2014,39,Aston Villa,Hull,H,4,22.0,13.0,0.0,0.0,0.0,"Disciplined, LowTempoController",0
2013-2014_Everton_Man City,2013-2014,39,Everton,Man City,A,5,27.0,7.0,3.0,0.0,3.0,"RiskTaker, ChaosInducer",1
2013-2014_Man United_Sunderland,2013-2014,39,Man United,Sunderland,A,1,25.0,8.0,3.0,0.0,3.0,"Disciplined, ChaosInducer",0
2013-2014_Newcastle_Cardiff,2013-2014,39,Newcastle,Cardiff,H,3,38.0,16.0,1.0,0.0,1.0,"RiskTaker, HighPressure, Disciplined",0
2013-2014_Stoke_Fulham,2013-2014,39,Stoke,Fulham,H,5,33.0,8.0,2.0,0.0,2.0,"RiskTaker, HighPressure, Disciplined",0
2013-2014_Swansea_Southampton,2013-2014,39,Swansea,Southampton,A,1,30.0,8.0,2.0,0.0,2.0,"Disciplined, Opportunistic",0
2013-2014_West Ham_Tottenham,2013-2014,39,West Ham,Tottenham,H,2,32.0,16.0,4.0,1.0,6.0,"AggressiveTackler, HighPressure, Opportunistic",1
2013-2014_Arsenal_West Brom,2013-2014,39,Arsenal,West Brom,H,1,26.0,19.0,4.0,0.0,4.0,"HighPressure, LowTempoController",0
2013-2014_Chelsea_Norwich,2013-2014,39,Chelsea,Norwich,D,0,29.0,7.0,4.0,0.0,4.0,"Opportunistic, HighPressure",0
2013-2014_Crystal Palace_Liverpool,2013-2014,39,Crystal Palace,Liverpool,D,6,36.0,14.0,5.0,0.0,5.0,"RiskTaker, HighPressure, ChaosInducer",1
2013-2014_Man United_Hull,2013-2014,39,Man United,Hull,H,4,20.0,8.0,2.0,0.0,2.0,"Disciplined, Disciplined",0
2013-2014_Man City_Aston Villa,2013-2014,39,Man City,Aston Villa,H,4,23.0,9.0,3.0,0.0,3.0,"RiskTaker, Opportunistic",0
2013-2014_Sunderland_West Brom,2013-2014,39,Sunderland,West Brom,H,2,23.0,5.0,0.0,0.0,0.0,"Disciplined, Disciplined",0
2013-2014_Cardiff_Chelsea,2013-2014,40,Cardiff,Chelsea,A,3,38.0,11.0,3.0,0.0,3.0,"RiskTaker, HighPressure",0
2013-2014_Fulham_Crystal Palace,2013-2014,40,Fulham,Crystal Palace,D,4,30.0,10.0,4.0,0.0,4.0,"RiskTaker, HighPressure, ChaosInducer",1
2013-2014_Hull_Everton,2013-2014,40,Hull,Everton,A,2,23.0,10.0,1.0,0.0,1.0,"Disciplined, DirectPlay",0
2013-2014_Liverpool_Newcastle,2013-2014,40,Liverpool,Newcastle,H,3,21.0,8.0,4.0,2.0,8.0,"AggressiveTackler, ChaosInducer",1
2013-2014_Man City_West Ham,2013-2014,40,Man City,West Ham,H,2,31.0,13.0,4.0,0.0,4.0,"HighPressure, Opportunistic",0
2013-2014_Norwich_Arsenal,2013-2014,40,Norwich,Arsenal,A,2,25.0,8.0,1.0,0.0,1.0,"Disciplined, AggressiveTackler",0
2013-2014_Southampton_Man United,2013-2014,40,Southampton,Man United,D,2,23.0,8.0,5.0,0.0,5.0,"HighPressure, RiskTaker",0
2013-2014_Sunderland_Swansea,2013-2014,40,Sunderland,Swansea,A,4,28.0,9.0,5.0,0.0,5.0,"RiskTaker, ChaosInducer",1
2013-2014_Tottenham_Aston Villa,2013-2014,40,Tottenham,Aston Villa,H,3,16.0,6.0,1.0,0.0,1.0,"Disciplined, Opportunistic",0
2013-2014_West Brom_Stoke,2013-2014,40,West Brom,Stoke,A,3,32.0,17.0,0.0,0.0,0.0,"RiskTaker, HighPressure, Disciplined",0
2014-2015_Arsenal_Crystal Palace,2014-2015,1,Arsenal,Crystal Palace,H,3,18.0,12.0,4.0,1.0,6.0,"AggressiveTackler, ChaosInducer, LowTempoController",1
2014-2015_Leicester_Everton,2014-2015,1,Leicester,Everton,D,4,24.0,9.0,2.0,0.0,2.0,"RiskTaker, Disciplined",0
2014-2015_Man United_Swansea,2014-2015,1,Man United,Swansea,A,3,19.0,4.0,6.0,0.0,6.0,"AggressiveTackler, ChaosInducer",1
2014-2015_QPR_Hull,2014-2015,1,QPR,Hull,A,1,30.0,17.0,3.0,0.0,3.0,"HighPressure, LowTempoController, Opportunistic",0
2014-2015_Stoke_Aston Villa,2014-2015,1,Stoke,Aston Villa,A,1,19.0,10.0,3.0,0.0,3.0,"LowTempoController, ChaosInducer",0
2014-2015_West Brom_Sunderland,2014-2015,1,West Brom,Sunderland,D,4,17.0,9.0,4.0,0.0,4.0,"ChaosInducer, LowTempoController",0
2014-2015_West Ham_Tottenham,2014-2015,1,West Ham,Tottenham,A,1,28.0,13.0,1.0,2.0,5.0,"HighPressure, Opportunistic",0
2014-2015_Liverpool_Southampton,2014-2015,1,Liverpool,Southampton,H,3,24.0,8.0,3.0,0.0,3.0,"Opportunistic, LowTempoController",0
2014-2015_Newcastle_Man City,2014-2015,1,Newcastle,Man City,A,2,25.0,6.0,6.0,0.0,6.0,"AggressiveTackler, DirectPlay",0
2014-2015_Burnley_Chelsea,2014-2015,1,Burnley,Chelsea,A,4,20.0,7.0,2.0,0.0,2.0,"Disciplined, RiskTaker",0
2014-2015_Aston Villa_Newcastle,2014-2015,2,Aston Villa,Newcastle,D,0,20.0,14.0,4.0,1.0,6.0,"AggressiveTackler, LowTempoController",0
2014-2015_Chelsea_Leicester,2014-2015,2,Chelsea,Leicester,H,2,33.0,15.0,1.0,0.0,1.0,"HighPressure, Disciplined, Opportunistic",0
2014-2015_Crystal Palace_West Ham,2014-2015,2,Crystal Palace,West Ham,A,4,26.0,15.0,4.0,0.0,4.0,"RiskTaker, HighPressure, ChaosInducer, LowTempoController",1
2014-2015_Everton_Arsenal,2014-2015,2,Everton,Arsenal,D,4,21.0,6.0,5.0,0.0,5.0,"ChaosInducer, ChaosInducer",1
2014-2015_Southampton_West Brom,2014-2015,2,Southampton,West Brom,D,0,16.0,6.0,3.0,0.0,3.0,"LowTempoController, LowTempoController",0
2014-2015_Swansea_Burnley,2014-2015,2,Swansea,Burnley,H,1,22.0,5.0,3.0,0.0,3.0,"RiskTaker, DirectPlay",0
2014-2015_Hull_Stoke,2014-2015,2,Hull,Stoke,D,2,28.0,9.0,4.0,1.0,6.0,"AggressiveTackler, Opportunistic",0
2014-2015_Sunderland_Man United,2014-2015,2,Sunderland,Man United,D,2,21.0,8.0,2.0,0.0,2.0,"Disciplined, Disciplined",0
2014-2015_Tottenham_QPR,2014-2015,2,Tottenham,QPR,H,4,27.0,13.0,1.0,0.0,1.0,"RiskTaker, HighPressure, Disciplined",0
2014-2015_Man City_Liverpool,2014-2015,2,Man City,Liverpool,H,4,20.0,13.0,2.0,0.0,2.0,"Disciplined, LowTempoController",0
2014-2015_Burnley_Man United,2014-2015,3,Burnley,Man United,D,0,16.0,9.0,4.0,0.0,4.0,"LowTempoController, Disciplined",0
2014-2015_Everton_Chelsea,2014-2015,3,Everton,Chelsea,A,9,29.0,10.0,4.0,0.0,4.0,"RiskTaker, HighPressure, ChaosInducer",1
2014-2015_Man City_Stoke,2014-2015,3,Man City,Stoke,A,1,23.0,15.0,3.0,0.0,3.0,"HighPressure, LowTempoController",0
2014-2015_Newcastle_Crystal Palace,2014-2015,3,Newcastle,Crystal Palace,D,6,30.0,15.0,4.0,0.0,4.0,"RiskTaker, HighPressure, ChaosInducer",1
2014-2015_QPR_Sunderland,2014-2015,3,QPR,Sunderland,H,1,34.0,10.0,3.0,0.0,3.0,"HighPressure, Opportunistic",0
2014-2015_Swansea_West Brom,2014-2015,3,Swansea,West Brom,H,3,31.0,7.0,3.0,0.0,3.0,"RiskTaker, LowTempoController",0
2014-2015_West Ham_Southampton,2014-2015,3,West Ham,Southampton,A,4,22.0,11.0,3.0,0.0,3.0,"Disciplined, AggressiveTackler",0
2014-2015_Aston Villa_Hull,2014-2015,3,Aston Villa,Hull,H,3,20.0,10.0,5.0,0.0,5.0,"ChaosInducer, LowTempoController",0
2014-2015_Leicester_Arsenal,2014-2015,3,Leicester,Arsenal,D,2,33.0,15.0,4.0,0.0,4.0,"HighPressure, Opportunistic",0
2014-2015_Tottenham_Liverpool,2014-2015,3,Tottenham,Liverpool,A,3,24.0,10.0,4.0,0.0,4.0,"LowTempoController, ChaosInducer",0
2014-2015_Arsenal_Man City,2014-2015,4,Arsenal,Man City,D,4,30.0,3.0,7.0,0.0,7.0,"AggressiveTackler, RiskTaker, ChaosInducer",1
2014-2015_Chelsea_Swansea,2014-2015,4,Chelsea,Swansea,H,6,40.0,11.0,3.0,0.0,3.0,"RiskTaker, HighPressure, ChaosInducer",1
2014-2015_Crystal Palace_Burnley,2014-2015,4,Crystal Palace,Burnley,D,0,25.0,10.0,5.0,0.0,5.0,"Disciplined, DirectPlay",0
2014-2015_Liverpool_Aston Villa,2014-2015,4,Liverpool,Aston Villa,A,1,23.0,13.0,3.0,0.0,3.0,"LowTempoController, LowTempoController",0
2014-2015_Southampton_Newcastle,2014-2015,4,Southampton,Newcastle,H,4,19.0,10.0,2.0,0.0,2.0,"Disciplined, LowTempoController",0
2014-2015_Stoke_Leicester,2014-2015,4,Stoke,Leicester,A,1,32.0,16.0,3.0,0.0,3.0,"HighPressure, Opportunistic",0
2014-2015_Sunderland_Tottenham,2014-2015,4,Sunderland,Tottenham,D,4,21.0,10.0,6.0,0.0,6.0,"AggressiveTackler, ChaosInducer",1
2014-2015_West Brom_Everton,2014-2015,4,West Brom,Everton,A,2,22.0,10.0,5.0,0.0,5.0,"Opportunistic, DirectPlay",0
2014-2015_Man United_QPR,2014-2015,4,Man United,QPR,H,4,28.0,4.0,1.0,0.0,1.0,"RiskTaker, Disciplined",0
2014-2015_Hull_West Ham,2014-2015,4,Hull,West Ham,D,4,27.0,13.0,4.0,0.0,4.0,"RiskTaker, HighPressure, ChaosInducer",1
2014-2015_Aston Villa_Arsenal,2014-2015,5,Aston Villa,Arsenal,A,3,15.0,10.0,4.0,0.0,4.0,"LowTempoController, AggressiveTackler",0
2014-2015_Burnley_Sunderland,2014-2015,5,Burnley,Sunderland,D,0,31.0,6.0,3.0,0.0,3.0,"Opportunistic, ChaosInducer",0
2014-2015_Newcastle_Hull,2014-2015,5,Newcastle,Hull,D,4,35.0,6.0,6.0,0.0,6.0,"AggressiveTackler, RiskTaker, ChaosInducer",1
2014-2015_QPR_Stoke,2014-2015,5,QPR,Stoke,D,4,29.0,11.0,6.0,0.0,6.0,"AggressiveTackler, RiskTaker, HighPressure, ChaosInducer",1
2014-2015_Swansea_Southampton,2014-2015,5,Swansea,Southampton,A,1,16.0,6.0,4.0,1.0,6.0,"AggressiveTackler, RiskTaker",0
2014-2015_West Ham_Liverpool,2014-2015,5,West Ham,Liverpool,H,4,24.0,12.0,5.0,0.0,5.0,"RiskTaker, ChaosInducer",1
2014-2015_Everton_Crystal Palace,2014-2015,5,Everton,Crystal Palace,A,5,27.0,8.0,4.0,0.0,4.0,"RiskTaker, ChaosInducer",1
2014-2015_Leicester_Man United,2014-2015,5,Leicester,Man United,H,8,31.0,6.0,2.0,1.0,4.0,"RiskTaker, ChaosInducer",1
2014-2015_Man City_Chelsea,2014-2015,5,Man City,Chelsea,D,2,22.0,16.0,7.0,1.0,9.0,"AggressiveTackler, HighPressure, ChaosInducer, LowTempoController",1
2014-2015_Tottenham_West Brom,2014-2015,5,Tottenham,West Brom,A,1,17.0,16.0,4.0,0.0,4.0,"LowTempoController, DirectPlay",0
2014-2015_Arsenal_Tottenham,2014-2015,6,Arsenal,Tottenham,D,2,22.0,20.0,9.0,0.0,9.0,"AggressiveTackler, HighPressure, ChaosInducer, LowTempoController",1
2014-2015_Chelsea_Aston Villa,2014-2015,6,Chelsea,Aston Villa,H,3,24.0,11.0,4.0,0.0,4.0,"LowTempoController, AggressiveTackler",0
2014-2015_Crystal Palace_Leicester,2014-2015,6,Crystal Palace,Leicester,H,2,23.0,12.0,2.0,0.0,2.0,"Disciplined, HighPressure",0
2014-2015_Hull_Man City,2014-2015,6,Hull,Man City,A,6,30.0,11.0,2.0,0.0,2.0,"RiskTaker, HighPressure, ChaosInducer, Disciplined",1
2014-2015_Liverpool_Everton,2014-2015,6,Liverpool,Everton,D,2,35.0,10.0,3.0,0.0,3.0,"HighPressure, Opportunistic",0
2014-2015_Man United_West Ham,2014-2015,6,Man United,West Ham,H,3,21.0,17.0,4.0,1.0,6.0,"AggressiveTackler, HighPressure, ChaosInducer, LowTempoController",1
2014-2015_Southampton_QPR,2014-2015,6,Southampton,QPR,H,3,29.0,9.0,3.0,0.0,3.0,"RiskTaker, AggressiveTackler",1
2014-2015_Sunderland_Swansea,2014-2015,6,Sunderland,Swansea,D,0,22.0,11.0,3.0,1.0,5.0,"AggressiveTackler, ChaosInducer",1
2014-2015_West Brom_Burnley,2014-2015,6,West Brom,Burnley,H,4,30.0,12.0,3.0,0.0,3.0,"RiskTaker, HighPressure",0
2014-2015_Stoke_Newcastle,2014-2015,6,Stoke,Newcastle,H,1,28.0,12.0,3.0,0.0,3.0,"HighPressure, Opportunistic",0
2014-2015_Aston Villa_Man City,2014-2015,7,Aston Villa,Man City,A,2,33.0,7.0,1.0,0.0,1.0,"Disciplined, Opportunistic",0
2014-2015_Hull_Crystal Palace,2014-2015,7,Hull,Crystal Palace,H,2,26.0,13.0,3.0,0.0,3.0,"HighPressure, RiskTaker",1
2014-2015_Leicester_Burnley,2014-2015,7,Leicester,Burnley,D,4,25.0,12.0,4.0,0.0,4.0,"RiskTaker, ChaosInducer",1
2014-2015_Liverpool_West Brom,2014-2015,7,Liverpool,West Brom,H,3,27.0,10.0,4.0,0.0,4.0,"RiskTaker, HighPressure",0
2014-2015_Sunderland_Stoke,2014-2015,7,Sunderland,Stoke,H,4,19.0,11.0,7.0,0.0,7.0,"AggressiveTackler, ChaosInducer, LowTempoController",0
2014-2015_Swansea_Newcastle,2014-2015,7,Swansea,Newcastle,D,4,20.0,4.0,4.0,0.0,4.0,"ChaosInducer, Disciplined",0
2014-2015_Chelsea_Arsenal,2014-2015,7,Chelsea,Arsenal,H,2,15.0,4.0,7.0,0.0,7.0,"AggressiveTackler, ChaosInducer",1
2014-2015_Man United_Everton,2014-2015,7,Man United,Everton,H,3,25.0,17.0,7.0,0.0,7.0,"AggressiveTackler, HighPressure, ChaosInducer, LowTempoController",1
2014-2015_Tottenham_Southampton,2014-2015,7,Tottenham,Southampton,H,1,16.0,15.0,3.0,0.0,3.0,"LowTempoController, Disciplined",0
2014-2015_West Ham_QPR,2014-2015,7,West Ham,QPR,H,2,21.0,12.0,4.0,0.0,4.0,"LowTempoController, DirectPlay",0
2014-2015_Arsenal_Hull,2014-2015,8,Arsenal,Hull,D,4,29.0,10.0,4.0,0.0,4.0,"RiskTaker, HighPressure, ChaosInducer",1
2014-2015_Burnley_West Ham,2014-2015,8,Burnley,West Ham,A,4,39.0,12.0,1.0,0.0,1.0,"RiskTaker, HighPressure, Disciplined",0
2014-2015_Crystal Palace_Chelsea,2014-2015,8,Crystal Palace,Chelsea,A,3,21.0,5.0,2.0,2.0,6.0,"AggressiveTackler, ChaosInducer",0
2014-2015_Everton_Aston Villa,2014-2015,8,Everton,Aston Villa,H,3,25.0,7.0,4.0,0.0,4.0,"AggressiveTackler, Opportunistic",0
2014-2015_Man City_Tottenham,2014-2015,8,Man City,Tottenham,H,5,39.0,7.0,3.0,1.0,5.0,"RiskTaker, HighPressure, ChaosInducer",1
2014-2015_Newcastle_Leicester,2014-2015,8,Newcastle,Leicester,H,1,26.0,17.0,3.0,0.0,3.0,"HighPressure, LowTempoController",0
2014-2015_Southampton_Sunderland,2014-2015,8,Southampton,Sunderland,H,8,32.0,11.0,4.0,0.0,4.0,"RiskTaker, HighPressure, ChaosInducer",1
2014-2015_QPR_Liverpool,2014-2015,8,QPR,Liverpool,A,5,30.0,9.0,5.0,0.0,5.0,"RiskTaker, ChaosInducer",1
2014-2015_Stoke_Swansea,2014-2015,8,Stoke,Swansea,H,3,30.0,8.0,5.0,0.0,5.0,"RiskTaker, ChaosInducer",1
2014-2015_West Brom_Man United,2014-2015,8,West Brom,Man United,D,4,30.0,11.0,3.0,0.0,3.0,"RiskTaker, HighPressure",0
2014-2015_Liverpool_Hull,2014-2015,9,Liverpool,Hull,D,0,23.0,15.0,5.0,0.0,5.0,"HighPressure, LowTempoController",0
2014-2015_Southampton_Stoke,2014-2015,9,Southampton,Stoke,H,1,28.0,9.0,2.0,0.0,2.0,"Disciplined, Opportunistic",0
2014-2015_Sunderland_Arsenal,2014-2015,9,Sunderland,Arsenal,A,2,26.0,6.0,6.0,0.0,6.0,"AggressiveTackler, ChaosInducer",1
2014-2015_Swansea_Leicester,2014-2015,9,Swansea,Leicester,H,2,16.0,4.0,0.0,0.0,0.0,"Disciplined, Opportunistic",0
2014-2015_West Brom_Crystal Palace,2014-2015,9,West Brom,Crystal Palace,D,4,25.0,9.0,4.0,0.0,4.0,"RiskTaker, ChaosInducer",1
2014-2015_West Ham_Man City,2014-2015,9,West Ham,Man City,H,3,33.0,12.0,3.0,0.0,3.0,"RiskTaker, HighPressure",0
2014-2015_Burnley_Everton,2014-2015,9,Burnley,Everton,A,4,29.0,9.0,6.0,0.0,6.0,"AggressiveTackler, RiskTaker, ChaosInducer",1
2014-2015_Man United_Chelsea,2014-2015,9,Man United,Chelsea,D,2,28.0,11.0,8.0,1.0,10.0,"AggressiveTackler, HighPressure, ChaosInducer, Opportunistic",1
2014-2015_Tottenham_Newcastle,2014-2015,9,Tottenham,Newcastle,A,3,25.0,12.0,6.0,0.0,6.0,"AggressiveTackler, ChaosInducer",1
2014-2015_QPR_Aston Villa,2014-2015,9,QPR,Aston Villa,H,2,26.0,6.0,2.0,0.0,2.0,"Disciplined, ChaosInducer",0
2014-2015_Arsenal_Burnley,2014-2015,10,Arsenal,Burnley,H,3,38.0,19.0,1.0,0.0,1.0,"RiskTaker, HighPressure, Disciplined",0
2014-2015_Chelsea_QPR,2014-2015,10,Chelsea,QPR,H,3,25.0,15.0,0.0,0.0,0.0,"HighPressure, Disciplined, LowTempoController",0
2014-2015_Everton_Swansea,2014-2015,10,Everton,Swansea,D,0,25.0,11.0,5.0,1.0,7.0,"AggressiveTackler, Disciplined",0
2014-2015_Hull_Southampton,2014-2015,10,Hull,Southampton,A,1,18.0,11.0,1.0,0.0,1.0,"Disciplined, LowTempoController",0
2014-2015_Leicester_West Brom,2014-2015,10,Leicester,West Brom,A,1,22.0,11.0,1.0,0.0,1.0,"Disciplined, DirectPlay",0
2014-2015_Newcastle_Liverpool,2014-2015,10,Newcastle,Liverpool,H,1,20.0,9.0,7.0,0.0,7.0,"AggressiveTackler, DirectPlay",0
2014-2015_Stoke_West Ham,2014-2015,10,Stoke,West Ham,D,4,31.0,11.0,2.0,0.0,2.0,"RiskTaker, HighPressure, Disciplined",0
2014-2015_Aston Villa_Tottenham,2014-2015,10,Aston Villa,Tottenham,A,3,30.0,12.0,6.0,1.0,8.0,"AggressiveTackler, RiskTaker, HighPressure, ChaosInducer",1
2014-2015_Man City_Man United,2014-2015,10,Man City,Man United,H,1,25.0,11.0,4.0,1.0,6.0,"AggressiveTackler, DirectPlay",0
2014-2015_Crystal Palace_Sunderland,2014-2015,10,Crystal Palace,Sunderland,A,4,17.0,13.0,3.0,1.0,5.0,"ChaosInducer, LowTempoController",0
2014-2015_Burnley_Hull,2014-2015,11,Burnley,Hull,H,1,26.0,8.0,10.0,0.0,10.0,"AggressiveTackler, ChaosInducer",1
2014-2015_Liverpool_Chelsea,2014-2015,11,Liverpool,Chelsea,A,3,27.0,12.0,7.0,0.0,7.0,"AggressiveTackler, RiskTaker, HighPressure, ChaosInducer",1
2014-2015_Man United_Crystal Palace,2014-2015,11,Man United,Crystal Palace,H,1,29.0,15.0,4.0,0.0,4.0,"HighPressure, Opportunistic",0
2014-2015_QPR_Man City,2014-2015,11,QPR,Man City,D,4,40.0,14.0,6.0,0.0,6.0,"AggressiveTackler, RiskTaker, HighPressure, ChaosInducer",1
2014-2015_Southampton_Leicester,2014-2015,11,Southampton,Leicester,H,2,23.0,17.0,4.0,0.0,4.0,"HighPressure, LowTempoController",0
2014-2015_West Ham_Aston Villa,2014-2015,11,West Ham,Aston Villa,D,0,33.0,15.0,3.0,0.0,3.0,"HighPressure, Opportunistic",0
2014-2015_Sunderland_Everton,2014-2015,11,Sunderland,Everton,D,2,26.0,9.0,3.0,0.0,3.0,"HighPressure, RiskTaker",0
2014-2015_Swansea_Arsenal,2014-2015,11,Swansea,Arsenal,H,3,23.0,16.0,10.0,0.0,10.0,"AggressiveTackler, HighPressure, ChaosInducer, LowTempoController",1
2014-2015_Tottenham_Stoke,2014-2015,11,Tottenham,Stoke,A,3,25.0,10.0,5.0,1.0,7.0,"AggressiveTackler, ChaosInducer",1
2014-2015_West Brom_Newcastle,2014-2015,11,West Brom,Newcastle,A,2,18.0,11.0,0.0,0.0,0.0,"Disciplined, LowTempoController",0
2014-2015_Arsenal_Man United,2014-2015,12,Arsenal,Man United,A,3,35.0,16.0,3.0,0.0,3.0,"RiskTaker, HighPressure",0
2014-2015_Chelsea_West Brom,2014-2015,12,Chelsea,West Brom,H,2,26.0,15.0,1.0,1.0,3.0,"HighPressure, LowTempoController",0
2014-2015_Everton_West Ham,2014-2015,12,Everton,West Ham,H,3,28.0,6.0,5.0,0.0,5.0,"RiskTaker, ChaosInducer",1
2014-2015_Leicester_Sunderland,2014-2015,12,Leicester,Sunderland,D,0,23.0,15.0,5.0,0.0,5.0,"HighPressure, LowTempoController",0
2014-2015_Man City_Swansea,2014-2015,12,Man City,Swansea,H,3,31.0,10.0,3.0,0.0,3.0,"RiskTaker, HighPressure",0
2014-2015_Newcastle_QPR,2014-2015,12,Newcastle,QPR,H,1,27.0,23.0,5.0,0.0,5.0,"HighPressure, LowTempoController, Opportunistic",0
2014-2015_Stoke_Burnley,2014-2015,12,Stoke,Burnley,A,3,30.0,14.0,4.0,0.0,4.0,"RiskTaker, HighPressure",0
2014-2015_Crystal Palace_Liverpool,2014-2015,12,Crystal Palace,Liverpool,H,4,27.0,7.0,3.0,0.0,3.0,"RiskTaker, HighPressure",1
2014-2015_Hull_Tottenham,2014-2015,12,Hull,Tottenham,A,3,33.0,12.0,4.0,1.0,6.0,"AggressiveTackler, RiskTaker, HighPressure, ChaosInducer",1
2014-2015_Aston Villa_Southampton,2014-2015,12,Aston Villa,Southampton,D,2,22.0,10.0,3.0,0.0,3.0,"LowTempoController, LowTempoController",0
2014-2015_Burnley_Aston Villa,2014-2015,13,Burnley,Aston Villa,D,2,29.0,6.0,7.0,0.0,7.0,"AggressiveTackler, ChaosInducer, Opportunistic",1
2014-2015_Liverpool_Stoke,2014-2015,13,Liverpool,Stoke,H,1,29.0,10.0,3.0,0.0,3.0,"HighPressure, Opportunistic",0
2014-2015_Man United_Hull,2014-2015,13,Man United,Hull,H,3,16.0,7.0,4.0,0.0,4.0,"Opportunistic, RiskTaker",0
2014-2015_QPR_Leicester,2014-2015,13,QPR,Leicester,H,5,51.0,16.0,5.0,0.0,5.0,"RiskTaker, HighPressure, ChaosInducer",1
2014-2015_Sunderland_Chelsea,2014-2015,13,Sunderland,Chelsea,D,0,36.0,10.0,5.0,0.0,5.0,"HighPressure, Opportunistic",0
2014-2015_Swansea_Crystal Palace,2014-2015,13,Swansea,Crystal Palace,D,2,29.0,10.0,2.0,0.0,2.0,"HighPressure, Disciplined, Opportunistic",0
2014-2015_West Brom_Arsenal,2014-2015,13,West Brom,Arsenal,A,1,26.0,8.0,3.0,0.0,3.0,"Disciplined, RiskTaker",0
2014-2015_West Ham_Newcastle,2014-2015,13,West Ham,Newcastle,H,1,19.0,8.0,5.0,1.0,7.0,"AggressiveTackler, ChaosInducer",1
2014-2015_Southampton_Man City,2014-2015,13,Southampton,Man City,A,3,28.0,14.0,3.0,1.0,5.0,"RiskTaker, HighPressure, ChaosInducer",1
2014-2015_Tottenham_Everton,2014-2015,13,Tottenham,Everton,H,3,23.0,7.0,6.0,0.0,6.0,"AggressiveTackler, ChaosInducer",1
2014-2015_Burnley_Newcastle,2014-2015,14,Burnley,Newcastle,D,2,23.0,7.0,4.0,0.0,4.0,"LowTempoController, AggressiveTackler",0
2014-2015_Crystal Palace_Aston Villa,2014-2015,14,Crystal Palace,Aston Villa,A,1,22.0,10.0,4.0,0.0,4.0,"AggressiveTackler, Disciplined",0
2014-2015_Leicester_Liverpool,2014-2015,14,Leicester,Liverpool,A,4,31.0,11.0,3.0,1.0,5.0,"RiskTaker, HighPressure, ChaosInducer",1
2014-2015_Man United_Stoke,2014-2015,14,Man United,Stoke,H,3,15.0,4.0,6.0,0.0,6.0,"AggressiveTackler, ChaosInducer",1
2014-2015_Swansea_QPR,2014-2015,14,Swansea,QPR,H,2,23.0,11.0,4.0,0.0,4.0,"ChaosInducer, Opportunistic",1
2014-2015_West Brom_West Ham,2014-2015,14,West Brom,West Ham,A,3,34.0,10.0,3.0,0.0,3.0,"RiskTaker, HighPressure",1
2014-2015_Arsenal_Southampton,2014-2015,14,Arsenal,Southampton,H,1,25.0,13.0,2.0,0.0,2.0,"HighPressure, Disciplined",0
2014-2015_Chelsea_Tottenham,2014-2015,14,Chelsea,Tottenham,H,3,22.0,7.0,2.0,0.0,2.0,"Disciplined, HighPressure",0
2014-2015_Everton_Hull,2014-2015,14,Everton,Hull,D,2,21.0,10.0,2.0,0.0,2.0,"Disciplined, ChaosInducer",0
2014-2015_Sunderland_Man City,2014-2015,14,Sunderland,Man City,A,5,23.0,2.0,2.0,0.0,2.0,"RiskTaker, Disciplined",0
2014-2015_Hull_West Brom,2014-2015,15,Hull,West Brom,D,0,18.0,5.0,2.0,0.0,2.0,"Disciplined, AggressiveTackler",0
2014-2015_Liverpool_Sunderland,2014-2015,15,Liverpool,Sunderland,D,0,22.0,12.0,4.0,0.0,4.0,"LowTempoController, AggressiveTackler",0
2014-2015_Man City_Everton,2014-2015,15,Man City,Everton,H,1,28.0,18.0,6.0,0.0,6.0,"AggressiveTackler, HighPressure, LowTempoController, Opportunistic",1
2014-2015_Newcastle_Chelsea,2014-2015,15,Newcastle,Chelsea,H,3,35.0,11.0,5.0,1.0,7.0,"AggressiveTackler, RiskTaker, HighPressure, ChaosInducer",1
2014-2015_QPR_Burnley,2014-2015,15,QPR,Burnley,H,2,26.0,14.0,2.0,1.0,4.0,"HighPressure, LowTempoController",0
2014-2015_Stoke_Arsenal,2014-2015,15,Stoke,Arsenal,H,5,28.0,12.0,5.0,1.0,7.0,"AggressiveTackler, RiskTaker, HighPressure, ChaosInducer",1
2014-2015_Tottenham_Crystal Palace,2014-2015,15,Tottenham,Crystal Palace,D,0,30.0,14.0,1.0,0.0,1.0,"HighPressure, Disciplined, Opportunistic",0
2014-2015_Aston Villa_Leicester,2014-2015,15,Aston Villa,Leicester,H,3,26.0,10.0,8.0,1.0,10.0,"AggressiveTackler, ChaosInducer",1
2014-2015_West Ham_Swansea,2014-2015,15,West Ham,Swansea,H,4,26.0,11.0,1.0,1.0,3.0,"RiskTaker, Opportunistic",0
2014-2015_Southampton_Man United,2014-2015,15,Southampton,Man United,A,3,18.0,6.0,3.0,0.0,3.0,"LowTempoController, ChaosInducer",0
2014-2015_Arsenal_Newcastle,2014-2015,16,Arsenal,Newcastle,H,5,27.0,15.0,4.0,0.0,4.0,"RiskTaker, HighPressure, ChaosInducer, LowTempoController",1
2014-2015_Burnley_Southampton,2014-2015,16,Burnley,Southampton,H,1,22.0,7.0,4.0,0.0,4.0,"ChaosInducer, AggressiveTackler",1
2014-2015_Chelsea_Hull,2014-2015,16,Chelsea,Hull,H,2,20.0,9.0,6.0,1.0,8.0,"AggressiveTackler, ChaosInducer",1
2014-2015_Crystal Palace_Stoke,2014-2015,16,Crystal Palace,Stoke,D,2,17.0,17.0,2.0,0.0,2.0,"Disciplined, LowTempoController",0
2014-2015_Leicester_Man City,2014-2015,16,Leicester,Man City,A,1,16.0,10.0,2.0,0.0,2.0,"Disciplined, LowTempoController",0
2014-2015_Sunderland_West Ham,2014-2015,16,Sunderland,West Ham,D,2,32.0,14.0,4.0,0.0,4.0,"HighPressure, Opportunistic",0
2014-2015_West Brom_Aston Villa,2014-2015,16,West Brom,Aston Villa,H,1,20.0,6.0,6.0,1.0,8.0,"AggressiveTackler, ChaosInducer",1
2014-2015_Man United_Liverpool,2014-2015,16,Man United,Liverpool,H,3,30.0,9.0,7.0,0.0,7.0,"AggressiveTackler, RiskTaker, ChaosInducer",1
2014-2015_Swansea_Tottenham,2014-2015,16,Swansea,Tottenham,A,3,25.0,16.0,7.0,0.0,7.0,"AggressiveTackler, HighPressure, ChaosInducer, LowTempoController",1
2014-2015_Everton_QPR,2014-2015,16,Everton,QPR,H,4,30.0,9.0,2.0,0.0,2.0,"RiskTaker, Disciplined",0
2014-2015_Aston Villa_Man United,2014-2015,17,Aston Villa,Man United,D,2,26.0,12.0,2.0,1.0,4.0,"HighPressure, HighPressure",0
2014-2015_Hull_Swansea,2014-2015,17,Hull,Swansea,A,1,24.0,9.0,4.0,0.0,4.0,"Disciplined, DirectPlay",0
2014-2015_Man City_Crystal Palace,2014-2015,17,Man City,Crystal Palace,H,3,21.0,14.0,3.0,0.0,3.0,"LowTempoController, Disciplined",0
2014-2015_QPR_West Brom,2014-2015,17,QPR,West Brom,H,5,33.0,16.0,1.0,0.0,1.0,"RiskTaker, HighPressure, Disciplined",0
2014-2015_Southampton_Everton,2014-2015,17,Southampton,Everton,H,3,24.0,10.0,2.0,0.0,2.0,"Disciplined, ChaosInducer",0
2014-2015_Tottenham_Burnley,2014-2015,17,Tottenham,Burnley,H,3,32.0,15.0,1.0,0.0,1.0,"RiskTaker, HighPressure, Disciplined",0
2014-2015_West Ham_Leicester,2014-2015,17,West Ham,Leicester,H,2,20.0,13.0,3.0,0.0,3.0,"LowTempoController, Disciplined",0
2014-2015_Liverpool_Arsenal,2014-2015,17,Liverpool,Arsenal,D,4,34.0,16.0,3.0,1.0,5.0,"RiskTaker, HighPressure, ChaosInducer",1
2014-2015_Newcastle_Sunderland,2014-2015,17,Newcastle,Sunderland,A,1,31.0,8.0,8.0,0.0,8.0,"AggressiveTackler, ChaosInducer, Opportunistic",1
2014-2015_Stoke_Chelsea,2014-2015,17,Stoke,Chelsea,A,2,28.0,11.0,3.0,0.0,3.0,"HighPressure, Opportunistic",0
2014-2015_Arsenal_QPR,2014-2015,18,Arsenal,QPR,H,3,31.0,8.0,5.0,1.0,7.0,"AggressiveTackler, RiskTaker, ChaosInducer",1
2014-2015_Burnley_Liverpool,2014-2015,18,Burnley,Liverpool,A,1,26.0,10.0,1.0,0.0,1.0,"Disciplined, AggressiveTackler",0
2014-2015_Chelsea_West Ham,2014-2015,18,Chelsea,West Ham,H,2,34.0,14.0,3.0,0.0,3.0,"HighPressure, Opportunistic",0
2014-2015_Crystal Palace_Southampton,2014-2015,18,Crystal Palace,Southampton,A,4,24.0,12.0,1.0,0.0,1.0,"RiskTaker, Disciplined",0
2014-2015_Everton_Stoke,2014-2015,18,Everton,Stoke,A,1,28.0,12.0,5.0,0.0,5.0,"HighPressure, Opportunistic",0
2014-2015_Leicester_Tottenham,2014-2015,18,Leicester,Tottenham,A,3,30.0,12.0,3.0,0.0,3.0,"RiskTaker, HighPressure",0
2014-2015_Man United_Newcastle,2014-2015,18,Man United,Newcastle,H,4,17.0,9.0,3.0,0.0,3.0,"LowTempoController, AggressiveTackler",0
2014-2015_Sunderland_Hull,2014-2015,18,Sunderland,Hull,A,4,25.0,14.0,6.0,0.0,6.0,"AggressiveTackler, RiskTaker, HighPressure, ChaosInducer, LowTempoController",1
2014-2015_Swansea_Aston Villa,2014-2015,18,Swansea,Aston Villa,H,1,18.0,4.0,5.0,0.0,5.0,"Opportunistic, ChaosInducer",0
2014-2015_West Brom_Man City,2014-2015,18,West Brom,Man City,A,4,27.0,16.0,1.0,0.0,1.0,"RiskTaker, HighPressure, Disciplined, LowTempoController",0
2014-2015_Aston Villa_Sunderland,2014-2015,19,Aston Villa,Sunderland,D,0,29.0,8.0,5.0,1.0,7.0,"AggressiveTackler, Opportunistic",0
2014-2015_Hull_Leicester,2014-2015,19,Hull,Leicester,A,1,22.0,8.0,1.0,2.0,5.0,"Opportunistic, ChaosInducer",0
2014-2015_Man City_Burnley,2014-2015,19,Man City,Burnley,D,4,29.0,13.0,5.0,0.0,5.0,"RiskTaker, HighPressure, ChaosInducer",1
2014-2015_Newcastle_Everton,2014-2015,19,Newcastle,Everton,H,5,22.0,11.0,4.0,0.0,4.0,"RiskTaker, ChaosInducer",1
2014-2015_QPR_Crystal Palace,2014-2015,19,QPR,Crystal Palace,D,0,21.0,13.0,3.0,0.0,3.0,"LowTempoController, DirectPlay",0
2014-2015_Southampton_Chelsea,2014-2015,19,Southampton,Chelsea,D,2,16.0,10.0,4.0,1.0,6.0,"AggressiveTackler, LowTempoController",0
2014-2015_Stoke_West Brom,2014-2015,19,Stoke,West Brom,H,2,28.0,8.0,2.0,0.0,2.0,"Disciplined, Opportunistic",0
2014-2015_Tottenham_Man United,2014-2015,19,Tottenham,Man United,D,0,18.0,9.0,6.0,0.0,6.0,"AggressiveTackler, DirectPlay",0
2014-2015_West Ham_Arsenal,2014-2015,19,West Ham,Arsenal,A,3,35.0,15.0,6.0,0.0,6.0,"AggressiveTackler, RiskTaker, HighPressure, ChaosInducer",1
2014-2015_Liverpool_Swansea,2014-2015,19,Liverpool,Swansea,H,5,32.0,9.0,1.0,0.0,1.0,"RiskTaker, HighPressure, Disciplined",0
2014-2015_Aston Villa_Crystal Palace,2014-2015,20,Aston Villa,Crystal Palace,D,0,20.0,7.0,2.0,0.0,2.0,"Disciplined, LowTempoController",0
2014-2015_Hull_Everton,2014-2015,20,Hull,Everton,H,2,23.0,12.0,5.0,1.0,7.0,"AggressiveTackler, ChaosInducer",1
2014-2015_Liverpool_Leicester,2014-2015,20,Liverpool,Leicester,D,4,34.0,9.0,4.0,0.0,4.0,"RiskTaker, HighPressure, ChaosInducer",1
2014-2015_Man City_Sunderland,2014-2015,20,Man City,Sunderland,H,5,36.0,14.0,5.0,0.0,5.0,"RiskTaker, HighPressure, ChaosInducer",1
2014-2015_Newcastle_Burnley,2014-2015,20,Newcastle,Burnley,D,6,25.0,10.0,6.0,0.0,6.0,"AggressiveTackler, RiskTaker, ChaosInducer",1
2014-2015_QPR_Swansea,2014-2015,20,QPR,Swansea,D,2,49.0,13.0,4.0,1.0,6.0,"AggressiveTackler, HighPressure, Opportunistic",1
2014-2015_Southampton_Arsenal,2014-2015,20,Southampton,Arsenal,H,2,24.0,9.0,3.0,0.0,3.0,"ChaosInducer, HighPressure",0
2014-2015_Stoke_Man United,2014-2015,20,Stoke,Man United,D,2,17.0,18.0,0.0,0.0,0.0,"HighPressure, Disciplined, LowTempoController",0
2014-2015_Tottenham_Chelsea,2014-2015,20,Tottenham,Chelsea,H,8,30.0,8.0,4.0,0.0,4.0,"RiskTaker, ChaosInducer",1
2014-2015_West Ham_West Brom,2014-2015,20,West Ham,West Brom,D,2,22.0,1.0,1.0,0.0,1.0,"Disciplined, Disciplined",0
2014-2015_Burnley_QPR,2014-2015,21,Burnley,QPR,H,3,35.0,16.0,4.0,0.0,4.0,"RiskTaker, HighPressure",1
2014-2015_Chelsea_Newcastle,2014-2015,21,Chelsea,Newcastle,H,2,20.0,11.0,5.0,0.0,5.0,"LowTempoController, ChaosInducer",0
2014-2015_Crystal Palace_Tottenham,2014-2015,21,Crystal Palace,Tottenham,H,3,30.0,10.0,8.0,0.0,8.0,"AggressiveTackler, RiskTaker, HighPressure, ChaosInducer",1
2014-2015_Everton_Man City,2014-2015,21,Everton,Man City,D,2,29.0,13.0,3.0,0.0,3.0,"HighPressure, Opportunistic",0
2014-2015_Leicester_Aston Villa,2014-2015,21,Leicester,Aston Villa,H,1,23.0,12.0,2.0,2.0,6.0,"AggressiveTackler, RiskTaker",0
2014-2015_Sunderland_Liverpool,2014-2015,21,Sunderland,Liverpool,A,1,26.0,12.0,5.0,1.0,7.0,"AggressiveTackler, HighPressure",1
2014-2015_Swansea_West Ham,2014-2015,21,Swansea,West Ham,D,2,30.0,9.0,1.0,0.0,1.0,"Disciplined, Opportunistic",0
2014-2015_West Brom_Hull,2014-2015,21,West Brom,Hull,H,1,21.0,7.0,1.0,0.0,1.0,"Disciplined, LowTempoController",0
2014-2015_Arsenal_Stoke,2014-2015,21,Arsenal,Stoke,H,3,21.0,10.0,3.0,0.0,3.0,"RiskTaker, AggressiveTackler",0
2014-2015_Man United_Southampton,2014-2015,21,Man United,Southampton,A,1,19.0,8.0,5.0,0.0,5.0,"DirectPlay, Disciplined",0
2014-2015_Aston Villa_Liverpool,2014-2015,22,Aston Villa,Liverpool,A,2,27.0,14.0,2.0,0.0,2.0,"HighPressure, Disciplined, Opportunistic",0
2014-2015_Burnley_Crystal Palace,2014-2015,22,Burnley,Crystal Palace,A,5,18.0,12.0,4.0,0.0,4.0,"ChaosInducer, LowTempoController",0
2014-2015_Leicester_Stoke,2014-2015,22,Leicester,Stoke,A,1,20.0,11.0,1.0,0.0,1.0,"Disciplined, LowTempoController",0
2014-2015_Newcastle_Southampton,2014-2015,22,Newcastle,Southampton,A,3,21.0,9.0,2.0,0.0,2.0,"Disciplined, ChaosInducer",0
2014-2015_QPR_Man United,2014-2015,22,QPR,Man United,A,2,30.0,6.0,5.0,0.0,5.0,"Opportunistic, RiskTaker",0
2014-2015_Swansea_Chelsea,2014-2015,22,Swansea,Chelsea,A,5,32.0,3.0,0.0,0.0,0.0,"RiskTaker, Disciplined",0
2014-2015_Tottenham_Sunderland,2014-2015,22,Tottenham,Sunderland,H,3,33.0,12.0,3.0,0.0,3.0,"RiskTaker, HighPressure",1
2014-2015_Man City_Arsenal,2014-2015,22,Man City,Arsenal,A,2,21.0,19.0,6.0,0.0,6.0,"AggressiveTackler, HighPressure, LowTempoController",0
2014-2015_West Ham_Hull,2014-2015,22,West Ham,Hull,H,3,26.0,11.0,4.0,0.0,4.0,"Disciplined, AggressiveTackler",0
2014-2015_Everton_West Brom,2014-2015,22,Everton,West Brom,D,0,22.0,9.0,5.0,0.0,5.0,"DirectPlay, HighPressure",0
2014-2015_Chelsea_Man City,2014-2015,23,Chelsea,Man City,D,2,13.0,5.0,2.0,0.0,2.0,"Disciplined, LowTempoController",0
2014-2015_Crystal Palace_Everton,2014-2015,23,Crystal Palace,Everton,A,1,27.0,7.0,3.0,0.0,3.0,"Opportunistic, Disciplined",0
2014-2015_Hull_Newcastle,2014-2015,23,Hull,Newcastle,A,3,25.0,6.0,5.0,0.0,5.0,"ChaosInducer, Disciplined",0
2014-2015_Liverpool_West Ham,2014-2015,23,Liverpool,West Ham,H,2,28.0,12.0,2.0,0.0,2.0,"HighPressure, Disciplined, Opportunistic",0
2014-2015_Man United_Leicester,2014-2015,23,Man United,Leicester,H,4,16.0,7.0,1.0,0.0,1.0,"Disciplined, HighPressure",0
2014-2015_Stoke_QPR,2014-2015,23,Stoke,QPR,H,4,29.0,8.0,4.0,0.0,4.0,"RiskTaker, ChaosInducer",1
2014-2015_Sunderland_Burnley,2014-2015,23,Sunderland,Burnley,H,2,21.0,9.0,4.0,0.0,4.0,"Disciplined, AggressiveTackler",0
2014-2015_West Brom_Tottenham,2014-2015,23,West Brom,Tottenham,A,3,27.0,9.0,3.0,0.0,3.0,"RiskTaker, AggressiveTackler",1
2014-2015_Arsenal_Aston Villa,2014-2015,23,Arsenal,Aston Villa,H,5,22.0,14.0,2.0,0.0,2.0,"RiskTaker, Disciplined, LowTempoController",0
2014-2015_Southampton_Swansea,2014-2015,23,Southampton,Swansea,A,1,21.0,9.0,2.0,1.0,4.0,"HighPressure, LowTempoController",0
2014-2015_Aston Villa_Chelsea,2014-2015,24,Aston Villa,Chelsea,A,3,20.0,14.0,5.0,0.0,5.0,"ChaosInducer, LowTempoController",0
2014-2015_Everton_Liverpool,2014-2015,24,Everton,Liverpool,D,0,23.0,9.0,5.0,0.0,5.0,"ChaosInducer, RiskTaker",1
2014-2015_Leicester_Crystal Palace,2014-2015,24,Leicester,Crystal Palace,A,1,33.0,14.0,5.0,0.0,5.0,"HighPressure, Opportunistic",0
2014-2015_Man City_Hull,2014-2015,24,Man City,Hull,D,2,25.0,14.0,6.0,0.0,6.0,"AggressiveTackler, HighPressure, LowTempoController",0
2014-2015_QPR_Southampton,2014-2015,24,QPR,Southampton,A,1,28.0,7.0,4.0,0.0,4.0,"Opportunistic, ChaosInducer",0
2014-2015_Swansea_Sunderland,2014-2015,24,Swansea,Sunderland,D,2,20.0,8.0,7.0,0.0,7.0,"AggressiveTackler, ChaosInducer",1
2014-2015_Tottenham_Arsenal,2014-2015,24,Tottenham,Arsenal,H,3,30.0,13.0,8.0,0.0,8.0,"AggressiveTackler, RiskTaker, HighPressure, ChaosInducer",1
2014-2015_Burnley_West Brom,2014-2015,24,Burnley,West Brom,D,4,24.0,11.0,4.0,0.0,4.0,"RiskTaker, ChaosInducer",1
2014-2015_Newcastle_Stoke,2014-2015,24,Newcastle,Stoke,D,2,16.0,13.0,6.0,0.0,6.0,"AggressiveTackler, LowTempoController",0
2014-2015_West Ham_Man United,2014-2015,24,West Ham,Man United,D,2,31.0,18.0,4.0,1.0,6.0,"AggressiveTackler, HighPressure, LowTempoController, Opportunistic",1
2014-2015_Arsenal_Leicester,2014-2015,25,Arsenal,Leicester,H,3,28.0,12.0,4.0,0.0,4.0,"RiskTaker, HighPressure",0
2014-2015_Hull_Aston Villa,2014-2015,25,Hull,Aston Villa,H,2,21.0,10.0,3.0,0.0,3.0,"Disciplined, RiskTaker",0
2014-2015_Liverpool_Tottenham,2014-2015,25,Liverpool,Tottenham,H,5,30.0,12.0,9.0,0.0,9.0,"AggressiveTackler, RiskTaker, HighPressure, ChaosInducer",1
2014-2015_Sunderland_QPR,2014-2015,25,Sunderland,QPR,A,2,35.0,12.0,5.0,0.0,5.0,"HighPressure, Opportunistic",1
2014-2015_Chelsea_Everton,2014-2015,25,Chelsea,Everton,H,1,28.0,12.0,6.0,1.0,8.0,"AggressiveTackler, HighPressure, ChaosInducer, Opportunistic",1
2014-2015_Crystal Palace_Newcastle,2014-2015,25,Crystal Palace,Newcastle,D,2,12.0,7.0,3.0,0.0,3.0,"LowTempoController, Opportunistic",0
2014-2015_Man United_Burnley,2014-2015,25,Man United,Burnley,H,4,24.0,13.0,7.0,0.0,7.0,"AggressiveTackler, RiskTaker, HighPressure, ChaosInducer, LowTempoController",1
2014-2015_Southampton_West Ham,2014-2015,25,Southampton,West Ham,D,0,25.0,10.0,3.0,1.0,5.0,"HighPressure, HighPressure",0
2014-2015_Stoke_Man City,2014-2015,25,Stoke,Man City,A,5,31.0,5.0,3.0,0.0,3.0,"RiskTaker, ChaosInducer",1
2014-2015_West Brom_Swansea,2014-2015,25,West Brom,Swansea,H,2,21.0,9.0,3.0,0.0,3.0,"LowTempoController, RiskTaker",0
2014-2015_Aston Villa_Stoke,2014-2015,26,Aston Villa,Stoke,A,3,14.0,14.0,4.0,1.0,6.0,"AggressiveTackler, ChaosInducer, LowTempoController",1
2014-2015_Chelsea_Burnley,2014-2015,26,Chelsea,Burnley,D,2,24.0,14.0,3.0,1.0,5.0,"HighPressure, LowTempoController",0
2014-2015_Crystal Palace_Arsenal,2014-2015,26,Crystal Palace,Arsenal,A,3,34.0,11.0,4.0,0.0,4.0,"RiskTaker, HighPressure",0
2014-2015_Hull_QPR,2014-2015,26,Hull,QPR,H,3,24.0,12.0,4.0,1.0,6.0,"AggressiveTackler, ChaosInducer",1
2014-2015_Man City_Newcastle,2014-2015,26,Man City,Newcastle,H,5,24.0,10.0,5.0,0.0,5.0,"RiskTaker, ChaosInducer",1
2014-2015_Sunderland_West Brom,2014-2015,26,Sunderland,West Brom,D,0,18.0,13.0,3.0,0.0,3.0,"LowTempoController, AggressiveTackler",0
2014-2015_Swansea_Man United,2014-2015,26,Swansea,Man United,H,3,29.0,14.0,6.0,0.0,6.0,"AggressiveTackler, RiskTaker, HighPressure, ChaosInducer",1
2014-2015_Everton_Leicester,2014-2015,26,Everton,Leicester,D,4,33.0,11.0,1.0,0.0,1.0,"RiskTaker, HighPressure, Disciplined",0
2014-2015_Southampton_Liverpool,2014-2015,26,Southampton,Liverpool,A,2,19.0,7.0,5.0,0.0,5.0,"RiskTaker, Disciplined",0
2014-2015_Tottenham_West Ham,2014-2015,26,Tottenham,West Ham,D,4,39.0,16.0,2.0,0.0,2.0,"RiskTaker, HighPressure, Disciplined",0
2014-2015_Burnley_Swansea,2014-2015,27,Burnley,Swansea,A,1,21.0,10.0,0.0,0.0,0.0,"Disciplined, AggressiveTackler",0
2014-2015_Man United_Sunderland,2014-2015,27,Man United,Sunderland,H,2,35.0,14.0,2.0,1.0,4.0,"HighPressure, Opportunistic",0
2014-2015_Newcastle_Aston Villa,2014-2015,27,Newcastle,Aston Villa,H,1,27.0,14.0,6.0,0.0,6.0,"AggressiveTackler, HighPressure, Opportunistic",1
2014-2015_Stoke_Hull,2014-2015,27,Stoke,Hull,H,1,18.0,7.0,4.0,0.0,4.0,"DirectPlay, DirectPlay",0
2014-2015_West Brom_Southampton,2014-2015,27,West Brom,Southampton,H,1,19.0,5.0,3.0,0.0,3.0,"Opportunistic, DirectPlay",0
2014-2015_West Ham_Crystal Palace,2014-2015,27,West Ham,Crystal Palace,A,4,34.0,18.0,4.0,1.0,6.0,"AggressiveTackler, RiskTaker, HighPressure, ChaosInducer",1
2014-2015_Arsenal_Everton,2014-2015,27,Arsenal,Everton,H,2,25.0,17.0,2.0,0.0,2.0,"HighPressure, Disciplined, LowTempoController",0
2014-2015_Liverpool_Man City,2014-2015,27,Liverpool,Man City,H,3,19.0,3.0,4.0,0.0,4.0,"HighPressure, RiskTaker",0
2014-2015_Aston Villa_West Brom,2014-2015,28,Aston Villa,West Brom,H,3,19.0,3.0,6.0,0.0,6.0,"AggressiveTackler, ChaosInducer",1
2014-2015_Hull_Sunderland,2014-2015,28,Hull,Sunderland,D,2,24.0,10.0,8.0,0.0,8.0,"AggressiveTackler, ChaosInducer",1
2014-2015_Southampton_Crystal Palace,2014-2015,28,Southampton,Crystal Palace,H,1,32.0,12.0,2.0,0.0,2.0,"HighPressure, Disciplined, Opportunistic",0
2014-2015_Liverpool_Burnley,2014-2015,28,Liverpool,Burnley,H,2,29.0,11.0,1.0,0.0,1.0,"HighPressure, Disciplined, Opportunistic",0
2014-2015_Man City_Leicester,2014-2015,28,Man City,Leicester,H,2,28.0,13.0,1.0,0.0,1.0,"HighPressure, Disciplined, Opportunistic",0
2014-2015_Newcastle_Man United,2014-2015,28,Newcastle,Man United,A,1,20.0,5.0,3.0,0.0,3.0,"DirectPlay, ChaosInducer",0
2014-2015_QPR_Arsenal,2014-2015,28,QPR,Arsenal,A,3,30.0,7.0,3.0,0.0,3.0,"RiskTaker, LowTempoController",0
2014-2015_Stoke_Everton,2014-2015,28,Stoke,Everton,H,2,21.0,11.0,4.0,0.0,4.0,"LowTempoController, ChaosInducer",0
2014-2015_Tottenham_Swansea,2014-2015,28,Tottenham,Swansea,H,5,30.0,10.0,1.0,0.0,1.0,"RiskTaker, HighPressure, Disciplined",0
2014-2015_West Ham_Chelsea,2014-2015,28,West Ham,Chelsea,A,1,30.0,9.0,7.0,0.0,7.0,"AggressiveTackler, Opportunistic",1
2014-2015_QPR_Tottenham,2014-2015,28,QPR,Tottenham,A,3,30.0,8.0,3.0,0.0,3.0,"RiskTaker, DirectPlay",0
2014-2015_Arsenal_West Ham,2014-2015,29,Arsenal,West Ham,H,3,26.0,12.0,2.0,0.0,2.0,"HighPressure, Disciplined",0
2014-2015_Burnley_Man City,2014-2015,29,Burnley,Man City,H,1,31.0,8.0,3.0,0.0,3.0,"Opportunistic, Opportunistic",0
2014-2015_Crystal Palace_QPR,2014-2015,29,Crystal Palace,QPR,H,4,26.0,9.0,4.0,0.0,4.0,"RiskTaker, ChaosInducer",1
2014-2015_Leicester_Hull,2014-2015,29,Leicester,Hull,D,0,27.0,12.0,4.0,1.0,6.0,"AggressiveTackler, HighPressure, Opportunistic",1
2014-2015_Sunderland_Aston Villa,2014-2015,29,Sunderland,Aston Villa,A,4,26.0,7.0,2.0,0.0,2.0,"RiskTaker, Disciplined",0
2014-2015_West Brom_Stoke,2014-2015,29,West Brom,Stoke,H,1,23.0,12.0,3.0,0.0,3.0,"LowTempoController, Disciplined",0
2014-2015_Chelsea_Southampton,2014-2015,29,Chelsea,Southampton,D,2,34.0,11.0,6.0,0.0,6.0,"AggressiveTackler, HighPressure, Opportunistic",1
2014-2015_Everton_Newcastle,2014-2015,29,Everton,Newcastle,H,3,27.0,7.0,3.0,1.0,5.0,"RiskTaker, ChaosInducer",1
2014-2015_Man United_Tottenham,2014-2015,29,Man United,Tottenham,H,3,16.0,6.0,2.0,0.0,2.0,"Disciplined, ChaosInducer",0
2014-2015_Swansea_Liverpool,2014-2015,29,Swansea,Liverpool,A,1,26.0,9.0,3.0,0.0,3.0,"Opportunistic, RiskTaker",0
2014-2015_Aston Villa_Swansea,2014-2015,30,Aston Villa,Swansea,A,1,21.0,13.0,0.0,0.0,0.0,"Disciplined, LowTempoController",0
2014-2015_Man City_West Brom,2014-2015,30,Man City,West Brom,H,3,46.0,11.0,0.0,1.0,2.0,"RiskTaker, HighPressure, Disciplined",0
2014-2015_Newcastle_Arsenal,2014-2015,30,Newcastle,Arsenal,A,3,23.0,13.0,0.0,0.0,0.0,"Disciplined, LowTempoController",0
2014-2015_Southampton_Burnley,2014-2015,30,Southampton,Burnley,H,2,35.0,15.0,0.0,0.0,0.0,"HighPressure, Disciplined, Opportunistic",0
2014-2015_Stoke_Crystal Palace,2014-2015,30,Stoke,Crystal Palace,A,3,29.0,12.0,7.0,0.0,7.0,"AggressiveTackler, RiskTaker, HighPressure, ChaosInducer",1
2014-2015_Tottenham_Leicester,2014-2015,30,Tottenham,Leicester,H,7,24.0,8.0,3.0,0.0,3.0,"RiskTaker, ChaosInducer",1
2014-2015_West Ham_Sunderland,2014-2015,30,West Ham,Sunderland,H,1,22.0,10.0,1.0,0.0,1.0,"Disciplined, RiskTaker",0
2014-2015_Hull_Chelsea,2014-2015,30,Hull,Chelsea,A,5,27.0,12.0,2.0,0.0,2.0,"RiskTaker, HighPressure, Disciplined",0
2014-2015_Liverpool_Man United,2014-2015,30,Liverpool,Man United,A,3,13.0,5.0,4.0,1.0,6.0,"AggressiveTackler, ChaosInducer",0
2014-2015_QPR_Everton,2014-2015,30,QPR,Everton,A,3,22.0,4.0,3.0,0.0,3.0,"ChaosInducer, DirectPlay",0
2014-2015_Arsenal_Liverpool,2014-2015,31,Arsenal,Liverpool,H,5,29.0,11.0,1.0,1.0,3.0,"RiskTaker, HighPressure, ChaosInducer",1
2014-2015_Chelsea_Stoke,2014-2015,31,Chelsea,Stoke,H,3,26.0,9.0,7.0,0.0,7.0,"AggressiveTackler, ChaosInducer",0
2014-2015_Everton_Southampton,2014-2015,31,Everton,Southampton,H,1,22.0,14.0,1.0,0.0,1.0,"Disciplined, LowTempoController",0
2014-2015_Leicester_West Ham,2014-2015,31,Leicester,West Ham,H,3,34.0,13.0,3.0,0.0,3.0,"RiskTaker, HighPressure",1
2014-2015_Man United_Aston Villa,2014-2015,31,Man United,Aston Villa,H,4,23.0,12.0,1.0,0.0,1.0,"Disciplined, Opportunistic",0
2014-2015_Swansea_Hull,2014-2015,31,Swansea,Hull,H,4,19.0,11.0,6.0,1.0,8.0,"AggressiveTackler, ChaosInducer, LowTempoController",1
2014-2015_West Brom_QPR,2014-2015,31,West Brom,QPR,A,5,33.0,6.0,5.0,1.0,7.0,"AggressiveTackler, RiskTaker, ChaosInducer",1
2014-2015_Burnley_Tottenham,2014-2015,31,Burnley,Tottenham,D,0,27.0,8.0,2.0,0.0,2.0,"Disciplined, Opportunistic",0
2014-2015_Sunderland_Newcastle,2014-2015,31,Sunderland,Newcastle,H,1,26.0,12.0,7.0,0.0,7.0,"AggressiveTackler, HighPressure",0
2014-2015_Crystal Palace_Man City,2014-2015,31,Crystal Palace,Man City,H,3,27.0,17.0,3.0,0.0,3.0,"RiskTaker, HighPressure, LowTempoController",0
2014-2015_Aston Villa_QPR,2014-2015,31,Aston Villa,QPR,D,6,32.0,10.0,4.0,0.0,4.0,"RiskTaker, HighPressure, ChaosInducer",1
2014-2015_Burnley_Arsenal,2014-2015,32,Burnley,Arsenal,A,1,25.0,7.0,2.0,0.0,2.0,"Disciplined, RiskTaker",0
2014-2015_Southampton_Hull,2014-2015,32,Southampton,Hull,H,2,24.0,7.0,2.0,0.0,2.0,"Disciplined, Disciplined",0
2014-2015_Sunderland_Crystal Palace,2014-2015,32,Sunderland,Crystal Palace,A,5,26.0,12.0,4.0,0.0,4.0,"RiskTaker, HighPressure, ChaosInducer",1
2014-2015_Swansea_Everton,2014-2015,32,Swansea,Everton,D,2,23.0,9.0,6.0,0.0,6.0,"AggressiveTackler, AggressiveTackler",1
2014-2015_Tottenham_Aston Villa,2014-2015,32,Tottenham,Aston Villa,A,1,24.0,15.0,5.0,1.0,7.0,"AggressiveTackler, HighPressure, LowTempoController",0
2014-2015_West Brom_Leicester,2014-2015,32,West Brom,Leicester,A,5,20.0,10.0,4.0,0.0,4.0,"RiskTaker, ChaosInducer",1
2014-2015_West Ham_Stoke,2014-2015,32,West Ham,Stoke,D,2,29.0,14.0,4.0,0.0,4.0,"HighPressure, Opportunistic",0
2014-2015_Man United_Man City,2014-2015,32,Man United,Man City,H,6,21.0,6.0,3.0,0.0,3.0,"RiskTaker, ChaosInducer",1
2014-2015_QPR_Chelsea,2014-2015,32,QPR,Chelsea,A,1,24.0,11.0,3.0,0.0,3.0,"DirectPlay, Opportunistic",0
2014-2015_Liverpool_Newcastle,2014-2015,32,Liverpool,Newcastle,H,2,24.0,12.0,2.0,1.0,4.0,"Disciplined, Opportunistic",0
2014-2015_Chelsea_Man United,2014-2015,33,Chelsea,Man United,H,1,22.0,10.0,8.0,0.0,8.0,"AggressiveTackler, ChaosInducer",0
2014-2015_Crystal Palace_West Brom,2014-2015,33,Crystal Palace,West Brom,A,2,27.0,13.0,6.0,0.0,6.0,"AggressiveTackler, HighPressure, Opportunistic",1
2014-2015_Everton_Burnley,2014-2015,33,Everton,Burnley,H,1,31.0,11.0,3.0,1.0,5.0,"HighPressure, Opportunistic",0
2014-2015_Leicester_Swansea,2014-2015,33,Leicester,Swansea,H,2,28.0,9.0,2.0,0.0,2.0,"Disciplined, Opportunistic",0
2014-2015_Stoke_Southampton,2014-2015,33,Stoke,Southampton,H,3,27.0,7.0,4.0,0.0,4.0,"RiskTaker, LowTempoController",0
2014-2015_Man City_West Ham,2014-2015,33,Man City,West Ham,H,2,27.0,9.0,4.0,0.0,4.0,"Opportunistic, Disciplined",0
2014-2015_Newcastle_Tottenham,2014-2015,33,Newcastle,Tottenham,A,4,25.0,7.0,6.0,0.0,6.0,"AggressiveTackler, RiskTaker, ChaosInducer",1
2014-2015_Burnley_Leicester,2014-2015,34,Burnley,Leicester,A,1,20.0,10.0,3.0,0.0,3.0,"DirectPlay, LowTempoController",0
2014-2015_Crystal Palace_Hull,2014-2015,34,Crystal Palace,Hull,A,2,28.0,9.0,0.0,0.0,0.0,"Disciplined, Opportunistic",0
2014-2015_Man City_Aston Villa,2014-2015,34,Man City,Aston Villa,H,5,24.0,13.0,3.0,0.0,3.0,"RiskTaker, HighPressure, ChaosInducer, LowTempoController",1
2014-2015_Newcastle_Swansea,2014-2015,34,Newcastle,Swansea,A,5,23.0,15.0,3.0,0.0,3.0,"RiskTaker, HighPressure, ChaosInducer, LowTempoController",1
2014-2015_QPR_West Ham,2014-2015,34,QPR,West Ham,D,0,26.0,12.0,1.0,0.0,1.0,"HighPressure, Disciplined",0
2014-2015_Southampton_Tottenham,2014-2015,34,Southampton,Tottenham,D,4,20.0,11.0,4.0,0.0,4.0,"ChaosInducer, LowTempoController",0
2014-2015_Stoke_Sunderland,2014-2015,34,Stoke,Sunderland,D,2,38.0,17.0,5.0,0.0,5.0,"HighPressure, Opportunistic",0
2014-2015_West Brom_Liverpool,2014-2015,34,West Brom,Liverpool,D,0,32.0,6.0,1.0,0.0,1.0,"Disciplined, Opportunistic",0
2014-2015_Arsenal_Chelsea,2014-2015,34,Arsenal,Chelsea,D,0,19.0,8.0,7.0,0.0,7.0,"AggressiveTackler, DirectPlay",0
2014-2015_Everton_Man United,2014-2015,34,Everton,Man United,H,3,26.0,14.0,2.0,0.0,2.0,"HighPressure, Disciplined, LowTempoController",0
2014-2015_Hull_Liverpool,2014-2015,34,Hull,Liverpool,H,1,19.0,14.0,2.0,0.0,2.0,"Disciplined, LowTempoController",0
2014-2015_Leicester_Chelsea,2014-2015,34,Leicester,Chelsea,A,4,19.0,8.0,1.0,0.0,1.0,"Disciplined, RiskTaker",0
2014-2015_Aston Villa_Everton,2014-2015,35,Aston Villa,Everton,H,5,20.0,8.0,3.0,0.0,3.0,"RiskTaker, ChaosInducer",1
2014-2015_Leicester_Newcastle,2014-2015,35,Leicester,Newcastle,H,3,31.0,17.0,3.0,2.0,7.0,"AggressiveTackler, RiskTaker, HighPressure, ChaosInducer",1
2014-2015_Liverpool_QPR,2014-2015,35,Liverpool,QPR,H,3,35.0,15.0,5.0,1.0,7.0,"AggressiveTackler, RiskTaker, HighPressure, ChaosInducer",1
2014-2015_Man United_West Brom,2014-2015,35,Man United,West Brom,A,1,32.0,12.0,1.0,0.0,1.0,"HighPressure, Disciplined, Opportunistic",0
2014-2015_Sunderland_Southampton,2014-2015,35,Sunderland,Southampton,H,3,23.0,2.0,4.0,1.0,6.0,"AggressiveTackler, ChaosInducer",1
2014-2015_Swansea_Stoke,2014-2015,35,Swansea,Stoke,H,2,25.0,8.0,3.0,1.0,5.0,"AggressiveTackler, DirectPlay",0
2014-2015_West Ham_Burnley,2014-2015,35,West Ham,Burnley,H,1,37.0,16.0,5.0,1.0,7.0,"AggressiveTackler, HighPressure, Opportunistic",1
2014-2015_Chelsea_Crystal Palace,2014-2015,35,Chelsea,Crystal Palace,H,1,25.0,9.0,4.0,0.0,4.0,"DirectPlay, RiskTaker",0
2014-2015_Tottenham_Man City,2014-2015,35,Tottenham,Man City,A,1,36.0,15.0,7.0,0.0,7.0,"AggressiveTackler, HighPressure, Opportunistic",1
2014-2015_Hull_Arsenal,2014-2015,35,Hull,Arsenal,A,4,30.0,5.0,2.0,0.0,2.0,"RiskTaker, Disciplined",0
2014-2015_Aston Villa_West Ham,2014-2015,36,Aston Villa,West Ham,H,1,20.0,8.0,2.0,0.0,2.0,"Disciplined, HighPressure",0
2014-2015_Crystal Palace_Man United,2014-2015,36,Crystal Palace,Man United,A,3,26.0,13.0,1.0,0.0,1.0,"HighPressure, Disciplined",0
2014-2015_Everton_Sunderland,2014-2015,36,Everton,Sunderland,A,2,32.0,16.0,5.0,0.0,5.0,"HighPressure, Opportunistic",1
2014-2015_Hull_Burnley,2014-2015,36,Hull,Burnley,A,1,29.0,12.0,2.0,0.0,2.0,"HighPressure, Disciplined, Opportunistic",0
2014-2015_Leicester_Southampton,2014-2015,36,Leicester,Southampton,H,2,20.0,12.0,1.0,0.0,1.0,"Disciplined, LowTempoController",0
2014-2015_Newcastle_West Brom,2014-2015,36,Newcastle,West Brom,D,2,23.0,9.0,5.0,0.0,5.0,"RiskTaker, LowTempoController",0
2014-2015_Stoke_Tottenham,2014-2015,36,Stoke,Tottenham,H,3,26.0,14.0,0.0,1.0,2.0,"HighPressure, Disciplined, LowTempoController",0
2014-2015_Chelsea_Liverpool,2014-2015,36,Chelsea,Liverpool,D,2,23.0,10.0,7.0,0.0,7.0,"AggressiveTackler, ChaosInducer",1
2014-2015_Man City_QPR,2014-2015,36,Man City,QPR,H,6,32.0,11.0,1.0,0.0,1.0,"RiskTaker, HighPressure, Disciplined",0
2014-2015_Arsenal_Swansea,2014-2015,36,Arsenal,Swansea,A,1,31.0,7.0,1.0,0.0,1.0,"Disciplined, Opportunistic",0
2014-2015_Burnley_Stoke,2014-2015,37,Burnley,Stoke,D,0,22.0,13.0,3.0,0.0,3.0,"LowTempoController, RiskTaker",0
2014-2015_Liverpool_Crystal Palace,2014-2015,37,Liverpool,Crystal Palace,A,4,33.0,9.0,5.0,0.0,5.0,"RiskTaker, HighPressure, ChaosInducer",1
2014-2015_QPR_Newcastle,2014-2015,37,QPR,Newcastle,H,3,30.0,15.0,2.0,0.0,2.0,"RiskTaker, HighPressure, Disciplined",0
2014-2015_Southampton_Aston Villa,2014-2015,37,Southampton,Aston Villa,H,7,27.0,9.0,2.0,0.0,2.0,"RiskTaker, ChaosInducer, Disciplined",0
2014-2015_Sunderland_Leicester,2014-2015,37,Sunderland,Leicester,D,0,24.0,17.0,5.0,0.0,5.0,"HighPressure, LowTempoController",0
2014-2015_Tottenham_Hull,2014-2015,37,Tottenham,Hull,H,2,24.0,14.0,4.0,0.0,4.0,"HighPressure, LowTempoController",0
2014-2015_West Ham_Everton,2014-2015,37,West Ham,Everton,A,3,34.0,15.0,5.0,0.0,5.0,"RiskTaker, HighPressure, ChaosInducer",1
2014-2015_Man United_Arsenal,2014-2015,37,Man United,Arsenal,D,2,17.0,10.0,1.0,0.0,1.0,"Disciplined, LowTempoController",0
2014-2015_Swansea_Man City,2014-2015,37,Swansea,Man City,A,6,35.0,18.0,3.0,0.0,3.0,"RiskTaker, HighPressure, ChaosInducer",1
2014-2015_West Brom_Chelsea,2014-2015,37,West Brom,Chelsea,H,3,21.0,7.0,5.0,1.0,7.0,"AggressiveTackler, ChaosInducer",1
2014-2015_Arsenal_Sunderland,2014-2015,37,Arsenal,Sunderland,D,0,35.0,7.0,1.0,0.0,1.0,"HighPressure, Disciplined, Opportunistic",0
2014-2015_Arsenal_West Brom,2014-2015,38,Arsenal,West Brom,H,5,38.0,10.0,1.0,0.0,1.0,"RiskTaker, HighPressure, Disciplined",0
2014-2015_Aston Villa_Burnley,2014-2015,38,Aston Villa,Burnley,A,1,22.0,9.0,3.0,0.0,3.0,"RiskTaker, AggressiveTackler",0
2014-2015_Chelsea_Sunderland,2014-2015,38,Chelsea,Sunderland,H,4,41.0,14.0,3.0,0.0,3.0,"RiskTaker, HighPressure",0
2014-2015_Crystal Palace_Swansea,2014-2015,38,Crystal Palace,Swansea,H,1,18.0,10.0,3.0,0.0,3.0,"LowTempoController, RiskTaker",0
2014-2015_Everton_Tottenham,2014-2015,38,Everton,Tottenham,A,1,25.0,8.0,3.0,0.0,3.0,"Opportunistic, DirectPlay",0
2014-2015_Hull_Man United,2014-2015,38,Hull,Man United,D,0,23.0,9.0,4.0,1.0,6.0,"AggressiveTackler, Opportunistic",0
2014-2015_Leicester_QPR,2014-2015,38,Leicester,QPR,H,6,40.0,11.0,0.0,0.0,0.0,"RiskTaker, HighPressure, Disciplined",0
2014-2015_Man City_Southampton,2014-2015,38,Man City,Southampton,H,2,28.0,12.0,2.0,0.0,2.0,"HighPressure, Disciplined, Opportunistic",0
2014-2015_Newcastle_West Ham,2014-2015,38,Newcastle,West Ham,H,2,21.0,5.0,3.0,0.0,3.0,"AggressiveTackler, ChaosInducer",0
2014-2015_Stoke_Liverpool,2014-2015,38,Stoke,Liverpool,H,7,28.0,12.0,6.0,0.0,6.0,"AggressiveTackler, RiskTaker, HighPressure, ChaosInducer",1
2015-2016_Bournemouth_Aston Villa,2015-2016,1,Bournemouth,Aston Villa,A,1,18.0,9.0,7.0,0.0,7.0,"AggressiveTackler, HighPressure",1
2015-2016_Chelsea_Swansea,2015-2016,1,Chelsea,Swansea,D,4,29.0,12.0,4.0,1.0,6.0,"AggressiveTackler, RiskTaker, HighPressure, ChaosInducer",1
2015-2016_Everton_Watford,2015-2016,1,Everton,Watford,D,4,21.0,10.0,3.0,0.0,3.0,"Opportunistic, AggressiveTackler",0
2015-2016_Leicester_Sunderland,2015-2016,1,Leicester,Sunderland,H,6,29.0,9.0,6.0,0.0,6.0,"AggressiveTackler, RiskTaker, ChaosInducer",1
2015-2016_Man United_Tottenham,2015-2016,1,Man United,Tottenham,H,1,18.0,3.0,5.0,0.0,5.0,"LowTempoController, ChaosInducer",0
2015-2016_Norwich_Crystal Palace,2015-2016,1,Norwich,Crystal Palace,A,4,28.0,5.0,1.0,0.0,1.0,"RiskTaker, Disciplined",0
2015-2016_Arsenal_West Ham,2015-2016,1,Arsenal,West Ham,A,2,30.0,9.0,4.0,0.0,4.0,"Opportunistic, AggressiveTackler",0
2015-2016_Newcastle_Southampton,2015-2016,1,Newcastle,Southampton,D,4,24.0,12.0,6.0,0.0,6.0,"AggressiveTackler, RiskTaker, ChaosInducer",1
2015-2016_Stoke_Liverpool,2015-2016,1,Stoke,Liverpool,A,1,15.0,8.0,6.0,0.0,6.0,"AggressiveTackler, LowTempoController",0
2015-2016_West Brom_Man City,2015-2016,1,West Brom,Man City,A,3,28.0,12.0,5.0,0.0,5.0,"RiskTaker, HighPressure, ChaosInducer",1
2015-2016_Aston Villa_Man United,2015-2016,2,Aston Villa,Man United,A,1,14.0,8.0,4.0,0.0,4.0,"LowTempoController, AggressiveTackler",0
2015-2016_Southampton_Everton,2015-2016,2,Southampton,Everton,A,3,27.0,18.0,6.0,0.0,6.0,"AggressiveTackler, RiskTaker, HighPressure, ChaosInducer, LowTempoController",1
2015-2016_Sunderland_Norwich,2015-2016,2,Sunderland,Norwich,A,4,25.0,12.0,3.0,0.0,3.0,"RiskTaker, HighPressure",0
2015-2016_Swansea_Newcastle,2015-2016,2,Swansea,Newcastle,H,2,23.0,8.0,3.0,1.0,5.0,"DirectPlay, Opportunistic",0
2015-2016_Tottenham_Stoke,2015-2016,2,Tottenham,Stoke,D,4,29.0,7.0,4.0,0.0,4.0,"RiskTaker, ChaosInducer",1
2015-2016_Watford_West Brom,2015-2016,2,Watford,West Brom,D,0,22.0,6.0,3.0,0.0,3.0,"LowTempoController, Disciplined",0
2015-2016_West Ham_Leicester,2015-2016,2,West Ham,Leicester,A,3,21.0,12.0,4.0,1.0,6.0,"AggressiveTackler, ChaosInducer, LowTempoController",1
2015-2016_Crystal Palace_Arsenal,2015-2016,2,Crystal Palace,Arsenal,A,3,31.0,12.0,2.0,0.0,2.0,"RiskTaker, HighPressure, Disciplined",0
2015-2016_Man City_Chelsea,2015-2016,2,Man City,Chelsea,H,3,28.0,6.0,6.0,0.0,6.0,"AggressiveTackler, RiskTaker, ChaosInducer",1
2015-2016_Liverpool_Bournemouth,2015-2016,2,Liverpool,Bournemouth,H,1,31.0,14.0,5.0,0.0,5.0,"HighPressure, Opportunistic",0
2015-2016_Crystal Palace_Aston Villa,2015-2016,3,Crystal Palace,Aston Villa,H,3,27.0,10.0,6.0,0.0,6.0,"AggressiveTackler, RiskTaker, ChaosInducer",1
2015-2016_Leicester_Tottenham,2015-2016,3,Leicester,Tottenham,D,2,32.0,9.0,5.0,0.0,5.0,"HighPressure, Opportunistic",0
2015-2016_Man United_Newcastle,2015-2016,3,Man United,Newcastle,D,0,27.0,16.0,4.0,0.0,4.0,"HighPressure, LowTempoController, Opportunistic",0
2015-2016_Norwich_Stoke,2015-2016,3,Norwich,Stoke,D,2,27.0,9.0,5.0,0.0,5.0,"Opportunistic, Opportunistic",0
2015-2016_Sunderland_Swansea,2015-2016,3,Sunderland,Swansea,D,2,30.0,7.0,6.0,0.0,6.0,"AggressiveTackler, Opportunistic",0
2015-2016_West Ham_Bournemouth,2015-2016,3,West Ham,Bournemouth,A,7,25.0,9.0,0.0,1.0,2.0,"RiskTaker, ChaosInducer, Disciplined",0
2015-2016_Everton_Man City,2015-2016,3,Everton,Man City,A,2,26.0,15.0,3.0,0.0,3.0,"HighPressure, LowTempoController",0
2015-2016_Watford_Southampton,2015-2016,3,Watford,Southampton,D,0,27.0,7.0,2.0,0.0,2.0,"Disciplined, Opportunistic",0
2015-2016_West Brom_Chelsea,2015-2016,3,West Brom,Chelsea,A,5,30.0,15.0,3.0,1.0,5.0,"RiskTaker, HighPressure, ChaosInducer",1
2015-2016_Arsenal_Liverpool,2015-2016,3,Arsenal,Liverpool,D,0,34.0,15.0,5.0,0.0,5.0,"HighPressure, Opportunistic",0
2015-2016_Aston Villa_Sunderland,2015-2016,4,Aston Villa,Sunderland,D,4,28.0,9.0,3.0,0.0,3.0,"RiskTaker, Disciplined",0
2015-2016_Bournemouth_Leicester,2015-2016,4,Bournemouth,Leicester,D,2,9.0,8.0,6.0,0.0,6.0,"AggressiveTackler, LowTempoController",0
2015-2016_Chelsea_Crystal Palace,2015-2016,4,Chelsea,Crystal Palace,A,3,39.0,14.0,2.0,0.0,2.0,"RiskTaker, HighPressure, Disciplined",0
2015-2016_Liverpool_West Ham,2015-2016,4,Liverpool,West Ham,A,3,25.0,12.0,4.0,2.0,8.0,"AggressiveTackler, ChaosInducer",0
2015-2016_Man City_Watford,2015-2016,4,Man City,Watford,H,2,25.0,12.0,3.0,0.0,3.0,"AggressiveTackler, RiskTaker",0
2015-2016_Newcastle_Arsenal,2015-2016,4,Newcastle,Arsenal,A,1,23.0,9.0,7.0,1.0,9.0,"AggressiveTackler, ChaosInducer",1
2015-2016_Stoke_West Brom,2015-2016,4,Stoke,West Brom,A,1,28.0,11.0,5.0,2.0,9.0,"AggressiveTackler, HighPressure, ChaosInducer, Opportunistic",1
2015-2016_Tottenham_Everton,2015-2016,4,Tottenham,Everton,D,0,28.0,8.0,5.0,0.0,5.0,"Opportunistic, LowTempoController",0
2015-2016_Southampton_Norwich,2015-2016,4,Southampton,Norwich,H,3,29.0,10.0,0.0,1.0,2.0,"RiskTaker, HighPressure, Disciplined",0
2015-2016_Swansea_Man United,2015-2016,4,Swansea,Man United,H,3,20.0,1.0,4.0,0.0,4.0,"ChaosInducer, RiskTaker",1
2015-2016_Arsenal_Stoke,2015-2016,5,Arsenal,Stoke,H,2,38.0,14.0,2.0,0.0,2.0,"HighPressure, Disciplined, Opportunistic",0
2015-2016_Crystal Palace_Man City,2015-2016,5,Crystal Palace,Man City,A,1,31.0,8.0,5.0,0.0,5.0,"Opportunistic, RiskTaker",0
2015-2016_Everton_Chelsea,2015-2016,5,Everton,Chelsea,H,4,29.0,21.0,4.0,0.0,4.0,"RiskTaker, HighPressure, ChaosInducer, LowTempoController",1
2015-2016_Man United_Liverpool,2015-2016,5,Man United,Liverpool,H,4,17.0,8.0,3.0,0.0,3.0,"Opportunistic, LowTempoController",0
2015-2016_Norwich_Bournemouth,2015-2016,5,Norwich,Bournemouth,H,4,19.0,8.0,5.0,0.0,5.0,"ChaosInducer, DirectPlay",0
2015-2016_Watford_Swansea,2015-2016,5,Watford,Swansea,H,1,25.0,4.0,2.0,1.0,4.0,"AggressiveTackler, AggressiveTackler",0
2015-2016_West Brom_Southampton,2015-2016,5,West Brom,Southampton,D,0,22.0,9.0,1.0,0.0,1.0,"Disciplined, AggressiveTackler",0
2015-2016_Leicester_Aston Villa,2015-2016,5,Leicester,Aston Villa,H,5,32.0,9.0,3.0,0.0,3.0,"RiskTaker, HighPressure, ChaosInducer",1
2015-2016_Sunderland_Tottenham,2015-2016,5,Sunderland,Tottenham,A,1,27.0,14.0,3.0,0.0,3.0,"HighPressure, Opportunistic",0
2015-2016_West Ham_Newcastle,2015-2016,5,West Ham,Newcastle,H,2,31.0,13.0,2.0,0.0,2.0,"HighPressure, Disciplined, Opportunistic",0
2015-2016_Aston Villa_West Brom,2015-2016,6,Aston Villa,West Brom,A,1,24.0,9.0,5.0,0.0,5.0,"AggressiveTackler, Opportunistic",0
2015-2016_Bournemouth_Sunderland,2015-2016,6,Bournemouth,Sunderland,H,2,24.0,10.0,6.0,1.0,8.0,"AggressiveTackler, ChaosInducer",1
2015-2016_Chelsea_Arsenal,2015-2016,6,Chelsea,Arsenal,H,2,31.0,10.0,4.0,2.0,8.0,"AggressiveTackler, HighPressure, ChaosInducer, Opportunistic",1
2015-2016_Man City_West Ham,2015-2016,6,Man City,West Ham,A,3,33.0,19.0,3.0,0.0,3.0,"RiskTaker, HighPressure, LowTempoController",0
2015-2016_Newcastle_Watford,2015-2016,6,Newcastle,Watford,A,3,28.0,10.0,3.0,0.0,3.0,"RiskTaker, Disciplined",0
2015-2016_Stoke_Leicester,2015-2016,6,Stoke,Leicester,D,4,23.0,7.0,5.0,0.0,5.0,"ChaosInducer, AggressiveTackler",1
2015-2016_Swansea_Everton,2015-2016,6,Swansea,Everton,D,0,29.0,6.0,4.0,1.0,6.0,"AggressiveTackler, Opportunistic",1
2015-2016_Liverpool_Norwich,2015-2016,6,Liverpool,Norwich,D,2,30.0,8.0,3.0,0.0,3.0,"Opportunistic, Disciplined",0
2015-2016_Southampton_Man United,2015-2016,6,Southampton,Man United,A,5,25.0,10.0,2.0,0.0,2.0,"RiskTaker, Disciplined",0
2015-2016_Tottenham_Crystal Palace,2015-2016,6,Tottenham,Crystal Palace,H,1,34.0,11.0,3.0,0.0,3.0,"HighPressure, Opportunistic",0
2015-2016_Leicester_Arsenal,2015-2016,7,Leicester,Arsenal,A,7,42.0,11.0,2.0,0.0,2.0,"RiskTaker, HighPressure, ChaosInducer, Disciplined",1
2015-2016_Liverpool_Aston Villa,2015-2016,7,Liverpool,Aston Villa,H,5,31.0,12.0,0.0,0.0,0.0,"RiskTaker, HighPressure, Disciplined",0
2015-2016_Man United_Sunderland,2015-2016,7,Man United,Sunderland,H,3,21.0,7.0,3.0,0.0,3.0,"Disciplined, DirectPlay",0
2015-2016_Newcastle_Chelsea,2015-2016,7,Newcastle,Chelsea,D,4,27.0,10.0,3.0,0.0,3.0,"RiskTaker, AggressiveTackler",1
2015-2016_Southampton_Swansea,2015-2016,7,Southampton,Swansea,H,4,29.0,7.0,4.0,0.0,4.0,"RiskTaker, ChaosInducer",1
2015-2016_Stoke_Bournemouth,2015-2016,7,Stoke,Bournemouth,H,3,19.0,10.0,1.0,0.0,1.0,"Disciplined, LowTempoController",0
2015-2016_Tottenham_Man City,2015-2016,7,Tottenham,Man City,H,5,37.0,14.0,6.0,0.0,6.0,"AggressiveTackler, RiskTaker, HighPressure, ChaosInducer",1
2015-2016_West Ham_Norwich,2015-2016,7,West Ham,Norwich,D,4,35.0,12.0,0.0,0.0,0.0,"RiskTaker, HighPressure, Disciplined",0
2015-2016_Watford_Crystal Palace,2015-2016,7,Watford,Crystal Palace,A,1,31.0,10.0,8.0,0.0,8.0,"AggressiveTackler, HighPressure, ChaosInducer, Opportunistic",1
2015-2016_West Brom_Everton,2015-2016,7,West Brom,Everton,A,5,21.0,10.0,3.0,0.0,3.0,"RiskTaker, ChaosInducer",1
2015-2016_Aston Villa_Stoke,2015-2016,8,Aston Villa,Stoke,A,1,25.0,14.0,1.0,0.0,1.0,"HighPressure, Disciplined, LowTempoController",0
2015-2016_Bournemouth_Watford,2015-2016,8,Bournemouth,Watford,D,2,23.0,8.0,2.0,0.0,2.0,"Disciplined, HighPressure",0
2015-2016_Chelsea_Southampton,2015-2016,8,Chelsea,Southampton,A,4,23.0,10.0,7.0,0.0,7.0,"AggressiveTackler, ChaosInducer",1
2015-2016_Crystal Palace_West Brom,2015-2016,8,Crystal Palace,West Brom,H,2,28.0,11.0,6.0,0.0,6.0,"AggressiveTackler, HighPressure, Opportunistic",1
2015-2016_Man City_Newcastle,2015-2016,8,Man City,Newcastle,H,7,29.0,9.0,4.0,0.0,4.0,"RiskTaker, ChaosInducer",1
2015-2016_Norwich_Leicester,2015-2016,8,Norwich,Leicester,A,3,33.0,24.0,1.0,0.0,1.0,"RiskTaker, HighPressure, Disciplined, LowTempoController",0
2015-2016_Sunderland_West Ham,2015-2016,8,Sunderland,West Ham,D,4,32.0,9.0,6.0,1.0,8.0,"AggressiveTackler, RiskTaker, HighPressure, ChaosInducer",1
2015-2016_Arsenal_Man United,2015-2016,8,Arsenal,Man United,H,3,21.0,9.0,4.0,0.0,4.0,"ChaosInducer, RiskTaker",1
2015-2016_Everton_Liverpool,2015-2016,8,Everton,Liverpool,D,2,27.0,16.0,6.0,0.0,6.0,"AggressiveTackler, HighPressure, LowTempoController, Opportunistic",1
2015-2016_Swansea_Tottenham,2015-2016,8,Swansea,Tottenham,D,4,30.0,11.0,5.0,0.0,5.0,"RiskTaker, HighPressure, ChaosInducer",1
2015-2016_Chelsea_Aston Villa,2015-2016,9,Chelsea,Aston Villa,H,2,17.0,8.0,4.0,0.0,4.0,"Disciplined, LowTempoController",0
2015-2016_Crystal Palace_West Ham,2015-2016,9,Crystal Palace,West Ham,A,4,30.0,10.0,4.0,1.0,6.0,"AggressiveTackler, RiskTaker, HighPressure, ChaosInducer",1
2015-2016_Everton_Man United,2015-2016,9,Everton,Man United,A,3,22.0,8.0,4.0,0.0,4.0,"LowTempoController, ChaosInducer",0
2015-2016_Man City_Bournemouth,2015-2016,9,Man City,Bournemouth,H,6,20.0,8.0,3.0,0.0,3.0,"RiskTaker, ChaosInducer",1
2015-2016_Southampton_Leicester,2015-2016,9,Southampton,Leicester,D,4,40.0,13.0,2.0,0.0,2.0,"RiskTaker, HighPressure, Disciplined",0
2015-2016_Tottenham_Liverpool,2015-2016,9,Tottenham,Liverpool,D,0,25.0,14.0,3.0,0.0,3.0,"HighPressure, LowTempoController",0
2015-2016_Watford_Arsenal,2015-2016,9,Watford,Arsenal,A,3,25.0,12.0,3.0,0.0,3.0,"LowTempoController, HighPressure",0
2015-2016_West Brom_Sunderland,2015-2016,9,West Brom,Sunderland,H,1,17.0,6.0,4.0,0.0,4.0,"LowTempoController, RiskTaker",0
2015-2016_Newcastle_Norwich,2015-2016,9,Newcastle,Norwich,H,8,29.0,10.0,2.0,0.0,2.0,"RiskTaker, HighPressure, ChaosInducer, Disciplined",1
2015-2016_Swansea_Stoke,2015-2016,9,Swansea,Stoke,A,1,23.0,3.0,4.0,0.0,4.0,"RiskTaker, Disciplined",0
2015-2016_Arsenal_Everton,2015-2016,10,Arsenal,Everton,H,3,30.0,12.0,2.0,1.0,4.0,"RiskTaker, HighPressure",0
2015-2016_Aston Villa_Swansea,2015-2016,10,Aston Villa,Swansea,A,3,20.0,10.0,5.0,0.0,5.0,"ChaosInducer, AggressiveTackler",1
2015-2016_Leicester_Crystal Palace,2015-2016,10,Leicester,Crystal Palace,H,1,21.0,5.0,4.0,0.0,4.0,"DirectPlay, HighPressure",0
2015-2016_Norwich_West Brom,2015-2016,10,Norwich,West Brom,A,1,23.0,16.0,3.0,0.0,3.0,"HighPressure, LowTempoController",0
2015-2016_Stoke_Watford,2015-2016,10,Stoke,Watford,A,2,25.0,16.0,4.0,0.0,4.0,"HighPressure, LowTempoController",0
2015-2016_West Ham_Chelsea,2015-2016,10,West Ham,Chelsea,H,3,20.0,11.0,6.0,1.0,8.0,"AggressiveTackler, ChaosInducer, LowTempoController",0
2015-2016_Bournemouth_Tottenham,2015-2016,10,Bournemouth,Tottenham,A,6,25.0,9.0,1.0,0.0,1.0,"RiskTaker, Disciplined",0
2015-2016_Liverpool_Southampton,2015-2016,10,Liverpool,Southampton,D,2,23.0,17.0,1.0,1.0,3.0,"HighPressure, LowTempoController",0
2015-2016_Man United_Man City,2015-2016,10,Man United,Man City,D,0,12.0,10.0,4.0,0.0,4.0,"LowTempoController, Disciplined",0
2015-2016_Sunderland_Newcastle,2015-2016,10,Sunderland,Newcastle,H,3,30.0,11.0,2.0,1.0,4.0,"RiskTaker, HighPressure",0
2015-2016_Chelsea_Liverpool,2015-2016,11,Chelsea,Liverpool,A,4,24.0,8.0,5.0,0.0,5.0,"RiskTaker, ChaosInducer",1
2015-2016_Crystal Palace_Man United,2015-2016,11,Crystal Palace,Man United,D,0,15.0,10.0,6.0,0.0,6.0,"AggressiveTackler, LowTempoController",0
2015-2016_Man City_Norwich,2015-2016,11,Man City,Norwich,H,3,26.0,16.0,4.0,1.0,6.0,"AggressiveTackler, HighPressure, ChaosInducer, LowTempoController",1
2015-2016_Newcastle_Stoke,2015-2016,11,Newcastle,Stoke,D,0,24.0,15.0,4.0,0.0,4.0,"HighPressure, LowTempoController",0
2015-2016_Swansea_Arsenal,2015-2016,11,Swansea,Arsenal,A,3,23.0,8.0,2.0,0.0,2.0,"Disciplined, HighPressure",0
2015-2016_Watford_West Ham,2015-2016,11,Watford,West Ham,H,2,28.0,9.0,3.0,1.0,5.0,"Opportunistic, AggressiveTackler",1
2015-2016_West Brom_Leicester,2015-2016,11,West Brom,Leicester,A,5,27.0,10.0,2.0,0.0,2.0,"RiskTaker, Disciplined",0
2015-2016_Everton_Sunderland,2015-2016,11,Everton,Sunderland,H,8,32.0,7.0,5.0,0.0,5.0,"RiskTaker, ChaosInducer",1
2015-2016_Southampton_Bournemouth,2015-2016,11,Southampton,Bournemouth,H,2,27.0,10.0,2.0,1.0,4.0,"Opportunistic, Opportunistic",0
2015-2016_Tottenham_Aston Villa,2015-2016,11,Tottenham,Aston Villa,H,4,30.0,7.0,3.0,0.0,3.0,"RiskTaker, LowTempoController",0
2015-2016_Bournemouth_Newcastle,2015-2016,12,Bournemouth,Newcastle,A,1,22.0,16.0,4.0,0.0,4.0,"HighPressure, LowTempoController",0
2015-2016_Leicester_Watford,2015-2016,12,Leicester,Watford,H,3,20.0,6.0,1.0,0.0,1.0,"Disciplined, LowTempoController",0
2015-2016_Man United_West Brom,2015-2016,12,Man United,West Brom,H,2,17.0,6.0,4.0,1.0,6.0,"AggressiveTackler, DirectPlay",0
2015-2016_Norwich_Swansea,2015-2016,12,Norwich,Swansea,H,1,17.0,7.0,1.0,0.0,1.0,"Disciplined, AggressiveTackler",0
2015-2016_Stoke_Chelsea,2015-2016,12,Stoke,Chelsea,H,1,27.0,10.0,4.0,0.0,4.0,"Opportunistic, Disciplined",0
2015-2016_Sunderland_Southampton,2015-2016,12,Sunderland,Southampton,A,1,20.0,21.0,4.0,0.0,4.0,"HighPressure, LowTempoController",0
2015-2016_West Ham_Everton,2015-2016,12,West Ham,Everton,D,2,29.0,8.0,3.0,0.0,3.0,"Opportunistic, DirectPlay",0
2015-2016_Arsenal_Tottenham,2015-2016,12,Arsenal,Tottenham,D,2,24.0,13.0,1.0,0.0,1.0,"HighPressure, Disciplined, LowTempoController",0
2015-2016_Aston Villa_Man City,2015-2016,12,Aston Villa,Man City,D,0,16.0,11.0,2.0,0.0,2.0,"Disciplined, LowTempoController",0
2015-2016_Liverpool_Crystal Palace,2015-2016,12,Liverpool,Crystal Palace,A,3,31.0,20.0,3.0,0.0,3.0,"RiskTaker, HighPressure, LowTempoController",0
2015-2016_Chelsea_Norwich,2015-2016,13,Chelsea,Norwich,H,1,25.0,11.0,5.0,0.0,5.0,"AggressiveTackler, ChaosInducer",1
2015-2016_Everton_Aston Villa,2015-2016,13,Everton,Aston Villa,H,4,26.0,5.0,0.0,0.0,0.0,"RiskTaker, Disciplined",0
2015-2016_Man City_Liverpool,2015-2016,13,Man City,Liverpool,A,5,25.0,16.0,3.0,0.0,3.0,"RiskTaker, HighPressure, ChaosInducer, LowTempoController",1
2015-2016_Newcastle_Leicester,2015-2016,13,Newcastle,Leicester,A,3,27.0,13.0,5.0,0.0,5.0,"RiskTaker, HighPressure, ChaosInducer",1
2015-2016_Southampton_Stoke,2015-2016,13,Southampton,Stoke,A,1,32.0,10.0,2.0,0.0,2.0,"HighPressure, Disciplined, Opportunistic",0
2015-2016_Swansea_Bournemouth,2015-2016,13,Swansea,Bournemouth,D,4,27.0,9.0,5.0,0.0,5.0,"RiskTaker, ChaosInducer",1
2015-2016_Watford_Man United,2015-2016,13,Watford,Man United,A,3,23.0,14.0,3.0,0.0,3.0,"HighPressure, LowTempoController",0
2015-2016_West Brom_Arsenal,2015-2016,13,West Brom,Arsenal,H,3,15.0,8.0,5.0,0.0,5.0,"ChaosInducer, LowTempoController",0
2015-2016_Tottenham_West Ham,2015-2016,13,Tottenham,West Ham,H,5,32.0,13.0,4.0,0.0,4.0,"RiskTaker, HighPressure, ChaosInducer",1
2015-2016_Crystal Palace_Sunderland,2015-2016,13,Crystal Palace,Sunderland,A,1,31.0,13.0,4.0,0.0,4.0,"HighPressure, Opportunistic",0
2015-2016_Aston Villa_Watford,2015-2016,14,Aston Villa,Watford,A,5,26.0,20.0,5.0,0.0,5.0,"RiskTaker, HighPressure, ChaosInducer, LowTempoController",1
2015-2016_Bournemouth_Everton,2015-2016,14,Bournemouth,Everton,D,6,30.0,15.0,2.0,0.0,2.0,"RiskTaker, HighPressure, ChaosInducer, Disciplined",1
2015-2016_Crystal Palace_Newcastle,2015-2016,14,Crystal Palace,Newcastle,H,6,26.0,12.0,2.0,0.0,2.0,"RiskTaker, HighPressure, ChaosInducer, Disciplined",1
2015-2016_Leicester_Man United,2015-2016,14,Leicester,Man United,D,2,17.0,9.0,1.0,0.0,1.0,"Disciplined, LowTempoController",0
2015-2016_Man City_Southampton,2015-2016,14,Man City,Southampton,H,4,28.0,10.0,3.0,0.0,3.0,"RiskTaker, RiskTaker",0
2015-2016_Sunderland_Stoke,2015-2016,14,Sunderland,Stoke,H,2,25.0,14.0,2.0,1.0,4.0,"HighPressure, LowTempoController",0
2015-2016_Liverpool_Swansea,2015-2016,14,Liverpool,Swansea,H,1,18.0,15.0,4.0,0.0,4.0,"LowTempoController, DirectPlay",0
2015-2016_Norwich_Arsenal,2015-2016,14,Norwich,Arsenal,D,2,19.0,9.0,2.0,0.0,2.0,"Disciplined, DirectPlay",0
2015-2016_Tottenham_Chelsea,2015-2016,14,Tottenham,Chelsea,D,0,14.0,8.0,6.0,0.0,6.0,"AggressiveTackler, LowTempoController",0
2015-2016_West Ham_West Brom,2015-2016,14,West Ham,West Brom,D,2,24.0,7.0,2.0,0.0,2.0,"Disciplined, Disciplined",0
2015-2016_Arsenal_Sunderland,2015-2016,15,Arsenal,Sunderland,H,4,27.0,5.0,2.0,0.0,2.0,"RiskTaker, Disciplined",0
2015-2016_Chelsea_Bournemouth,2015-2016,15,Chelsea,Bournemouth,A,1,34.0,15.0,3.0,0.0,3.0,"HighPressure, Opportunistic",0
2015-2016_Man United_West Ham,2015-2016,15,Man United,West Ham,D,0,30.0,8.0,1.0,0.0,1.0,"Disciplined, Opportunistic",0
2015-2016_Southampton_Aston Villa,2015-2016,15,Southampton,Aston Villa,D,2,32.0,14.0,3.0,0.0,3.0,"HighPressure, Opportunistic",0
2015-2016_Stoke_Man City,2015-2016,15,Stoke,Man City,H,2,18.0,7.0,1.0,0.0,1.0,"Disciplined, HighPressure",0
2015-2016_Swansea_Leicester,2015-2016,15,Swansea,Leicester,A,3,26.0,11.0,5.0,0.0,5.0,"ChaosInducer, ChaosInducer",1
2015-2016_Watford_Norwich,2015-2016,15,Watford,Norwich,H,2,20.0,5.0,6.0,0.0,6.0,"AggressiveTackler, Disciplined",0
2015-2016_West Brom_Tottenham,2015-2016,15,West Brom,Tottenham,D,2,20.0,9.0,5.0,0.0,5.0,"AggressiveTackler, AggressiveTackler",0
2015-2016_Newcastle_Liverpool,2015-2016,15,Newcastle,Liverpool,H,2,16.0,9.0,4.0,0.0,4.0,"LowTempoController, AggressiveTackler",0
2015-2016_Everton_Crystal Palace,2015-2016,15,Everton,Crystal Palace,D,2,33.0,19.0,3.0,0.0,3.0,"HighPressure, LowTempoController, Opportunistic",0
2015-2016_Bournemouth_Man United,2015-2016,16,Bournemouth,Man United,H,3,22.0,12.0,3.0,0.0,3.0,"LowTempoController, Opportunistic",0
2015-2016_Crystal Palace_Southampton,2015-2016,16,Crystal Palace,Southampton,H,1,27.0,13.0,0.0,0.0,0.0,"HighPressure, Disciplined, Opportunistic",0
2015-2016_Man City_Swansea,2015-2016,16,Man City,Swansea,H,3,26.0,10.0,4.0,0.0,4.0,"AggressiveTackler, HighPressure",1
2015-2016_Norwich_Everton,2015-2016,16,Norwich,Everton,D,2,24.0,9.0,1.0,0.0,1.0,"Disciplined, ChaosInducer",0
2015-2016_Sunderland_Watford,2015-2016,16,Sunderland,Watford,A,1,27.0,11.0,1.0,0.0,1.0,"Disciplined, Opportunistic",0
2015-2016_West Ham_Stoke,2015-2016,16,West Ham,Stoke,D,0,34.0,18.0,3.0,0.0,3.0,"HighPressure, Opportunistic",0
2015-2016_Aston Villa_Arsenal,2015-2016,16,Aston Villa,Arsenal,A,2,26.0,10.0,0.0,0.0,0.0,"Disciplined, LowTempoController",0
2015-2016_Liverpool_West Brom,2015-2016,16,Liverpool,West Brom,D,4,32.0,8.0,0.0,0.0,0.0,"RiskTaker, HighPressure, Disciplined",0
2015-2016_Tottenham_Newcastle,2015-2016,16,Tottenham,Newcastle,A,3,28.0,8.0,4.0,0.0,4.0,"RiskTaker, RiskTaker",1
2015-2016_Leicester_Chelsea,2015-2016,16,Leicester,Chelsea,H,3,20.0,9.0,2.0,0.0,2.0,"Disciplined, HighPressure",0
2015-2016_Chelsea_Sunderland,2015-2016,17,Chelsea,Sunderland,H,4,28.0,4.0,4.0,0.0,4.0,"RiskTaker, ChaosInducer",1
2015-2016_Everton_Leicester,2015-2016,17,Everton,Leicester,A,5,23.0,12.0,3.0,0.0,3.0,"RiskTaker, ChaosInducer",1
2015-2016_Man United_Norwich,2015-2016,17,Man United,Norwich,A,3,17.0,11.0,2.0,0.0,2.0,"Disciplined, LowTempoController",0
2015-2016_Newcastle_Aston Villa,2015-2016,17,Newcastle,Aston Villa,D,2,18.0,10.0,4.0,0.0,4.0,"LowTempoController, HighPressure",0
2015-2016_Southampton_Tottenham,2015-2016,17,Southampton,Tottenham,A,2,24.0,11.0,2.0,0.0,2.0,"Disciplined, Opportunistic",0
2015-2016_Stoke_Crystal Palace,2015-2016,17,Stoke,Crystal Palace,A,3,38.0,10.0,2.0,0.0,2.0,"RiskTaker, HighPressure, Disciplined",0
2015-2016_West Brom_Bournemouth,2015-2016,17,West Brom,Bournemouth,A,3,22.0,12.0,3.0,2.0,7.0,"AggressiveTackler, ChaosInducer, LowTempoController",0
2015-2016_Swansea_West Ham,2015-2016,17,Swansea,West Ham,D,0,32.0,17.0,1.0,0.0,1.0,"HighPressure, Disciplined, Opportunistic",0
2015-2016_Watford_Liverpool,2015-2016,17,Watford,Liverpool,H,3,18.0,16.0,1.0,0.0,1.0,"Disciplined, LowTempoController",0
2015-2016_Arsenal_Man City,2015-2016,17,Arsenal,Man City,H,3,28.0,12.0,2.0,0.0,2.0,"RiskTaker, HighPressure, Disciplined",0
2015-2016_Aston Villa_West Ham,2015-2016,18,Aston Villa,West Ham,D,2,25.0,15.0,6.0,0.0,6.0,"AggressiveTackler, HighPressure, LowTempoController",1
2015-2016_Bournemouth_Crystal Palace,2015-2016,18,Bournemouth,Crystal Palace,D,0,18.0,17.0,1.0,0.0,1.0,"HighPressure, Disciplined, LowTempoController",0
2015-2016_Chelsea_Watford,2015-2016,18,Chelsea,Watford,D,4,29.0,13.0,5.0,0.0,5.0,"RiskTaker, HighPressure, ChaosInducer",1
2015-2016_Liverpool_Leicester,2015-2016,18,Liverpool,Leicester,H,1,32.0,13.0,3.0,0.0,3.0,"HighPressure, Opportunistic",0
2015-2016_Man City_Sunderland,2015-2016,18,Man City,Sunderland,H,5,30.0,6.0,2.0,0.0,2.0,"RiskTaker, Disciplined",0
2015-2016_Newcastle_Everton,2015-2016,18,Newcastle,Everton,A,1,30.0,8.0,4.0,0.0,4.0,"Opportunistic, LowTempoController",0
2015-2016_Southampton_Arsenal,2015-2016,18,Southampton,Arsenal,H,4,22.0,7.0,1.0,0.0,1.0,"Disciplined, LowTempoController",0
2015-2016_Stoke_Man United,2015-2016,18,Stoke,Man United,H,2,24.0,13.0,3.0,0.0,3.0,"HighPressure, LowTempoController",0
2015-2016_Swansea_West Brom,2015-2016,18,Swansea,West Brom,H,1,16.0,7.0,4.0,0.0,4.0,"RiskTaker, RiskTaker",0
2015-2016_Tottenham_Norwich,2015-2016,18,Tottenham,Norwich,H,3,26.0,13.0,3.0,0.0,3.0,"HighPressure, LowTempoController",0
2015-2016_Arsenal_Bournemouth,2015-2016,19,Arsenal,Bournemouth,H,2,23.0,12.0,2.0,0.0,2.0,"Disciplined, AggressiveTackler",0
2015-2016_Crystal Palace_Swansea,2015-2016,19,Crystal Palace,Swansea,D,0,15.0,11.0,5.0,0.0,5.0,"LowTempoController, HighPressure",0
2015-2016_Everton_Stoke,2015-2016,19,Everton,Stoke,A,7,23.0,8.0,3.0,0.0,3.0,"RiskTaker, ChaosInducer",1
2015-2016_Man United_Chelsea,2015-2016,19,Man United,Chelsea,D,0,20.0,8.0,6.0,0.0,6.0,"AggressiveTackler, Disciplined",0
2015-2016_Norwich_Aston Villa,2015-2016,19,Norwich,Aston Villa,H,2,15.0,10.0,7.0,0.0,7.0,"AggressiveTackler, ChaosInducer, LowTempoController",0
2015-2016_Watford_Tottenham,2015-2016,19,Watford,Tottenham,A,3,19.0,8.0,6.0,1.0,8.0,"AggressiveTackler, ChaosInducer",1
2015-2016_West Brom_Newcastle,2015-2016,19,West Brom,Newcastle,H,1,29.0,24.0,0.0,0.0,0.0,"HighPressure, Disciplined, LowTempoController, Opportunistic",0
2015-2016_West Ham_Southampton,2015-2016,19,West Ham,Southampton,H,3,28.0,11.0,4.0,0.0,4.0,"RiskTaker, HighPressure",0
2015-2016_Leicester_Man City,2015-2016,19,Leicester,Man City,D,0,32.0,14.0,4.0,0.0,4.0,"HighPressure, Opportunistic",1
2015-2016_Sunderland_Liverpool,2015-2016,19,Sunderland,Liverpool,A,1,25.0,10.0,4.0,0.0,4.0,"RiskTaker, Opportunistic",0
2015-2016_Arsenal_Newcastle,2015-2016,20,Arsenal,Newcastle,H,1,31.0,11.0,4.0,0.0,4.0,"HighPressure, Opportunistic",0
2015-2016_Leicester_Bournemouth,2015-2016,20,Leicester,Bournemouth,D,0,25.0,8.0,2.0,1.0,4.0,"Opportunistic, RiskTaker",0
2015-2016_Man United_Swansea,2015-2016,20,Man United,Swansea,H,3,28.0,6.0,3.0,0.0,3.0,"RiskTaker, LowTempoController",0
2015-2016_Norwich_Southampton,2015-2016,20,Norwich,Southampton,H,1,20.0,13.0,1.0,1.0,3.0,"LowTempoController, ChaosInducer",0
2015-2016_Sunderland_Aston Villa,2015-2016,20,Sunderland,Aston Villa,H,4,21.0,6.0,7.0,0.0,7.0,"AggressiveTackler, ChaosInducer",1
2015-2016_Watford_Man City,2015-2016,20,Watford,Man City,A,3,27.0,9.0,1.0,0.0,1.0,"RiskTaker, Disciplined",0
2015-2016_West Brom_Stoke,2015-2016,20,West Brom,Stoke,H,3,26.0,10.0,2.0,1.0,4.0,"Disciplined, Disciplined",0
2015-2016_West Ham_Liverpool,2015-2016,20,West Ham,Liverpool,H,2,41.0,12.0,2.0,0.0,2.0,"HighPressure, Disciplined, Opportunistic",0
2015-2016_Crystal Palace_Chelsea,2015-2016,20,Crystal Palace,Chelsea,A,3,18.0,12.0,3.0,0.0,3.0,"LowTempoController, RiskTaker",0
2015-2016_Everton_Tottenham,2015-2016,20,Everton,Tottenham,D,2,31.0,8.0,3.0,0.0,3.0,"Opportunistic, AggressiveTackler",0
2015-2016_Aston Villa_Crystal Palace,2015-2016,21,Aston Villa,Crystal Palace,H,1,22.0,9.0,3.0,0.0,3.0,"ChaosInducer, Disciplined",0
2015-2016_Bournemouth_West Ham,2015-2016,21,Bournemouth,West Ham,A,4,21.0,11.0,2.0,0.0,2.0,"Disciplined, LowTempoController",0
2015-2016_Newcastle_Man United,2015-2016,21,Newcastle,Man United,D,6,26.0,8.0,4.0,0.0,4.0,"RiskTaker, ChaosInducer",1
2015-2016_Chelsea_West Brom,2015-2016,21,Chelsea,West Brom,D,4,27.0,14.0,6.0,0.0,6.0,"AggressiveTackler, RiskTaker, HighPressure, ChaosInducer",1
2015-2016_Liverpool_Arsenal,2015-2016,21,Liverpool,Arsenal,D,6,36.0,12.0,2.0,0.0,2.0,"RiskTaker, HighPressure, ChaosInducer, Disciplined",1
2015-2016_Man City_Everton,2015-2016,21,Man City,Everton,D,0,29.0,17.0,1.0,0.0,1.0,"HighPressure, Disciplined, LowTempoController, Opportunistic",0
2015-2016_Southampton_Watford,2015-2016,21,Southampton,Watford,H,2,19.0,9.0,3.0,0.0,3.0,"RiskTaker, Opportunistic",0
2015-2016_Stoke_Norwich,2015-2016,21,Stoke,Norwich,H,4,19.0,10.0,1.0,1.0,3.0,"LowTempoController, Disciplined",0
2015-2016_Swansea_Sunderland,2015-2016,21,Swansea,Sunderland,A,6,17.0,14.0,2.0,1.0,4.0,"RiskTaker, ChaosInducer, LowTempoController",1
2015-2016_Tottenham_Leicester,2015-2016,21,Tottenham,Leicester,A,1,31.0,24.0,1.0,0.0,1.0,"HighPressure, Disciplined, LowTempoController, Opportunistic",0
2015-2016_Aston Villa_Leicester,2015-2016,22,Aston Villa,Leicester,D,2,26.0,7.0,5.0,0.0,5.0,"DirectPlay, ChaosInducer",0
2015-2016_Bournemouth_Norwich,2015-2016,22,Bournemouth,Norwich,H,3,25.0,8.0,2.0,0.0,2.0,"Disciplined, ChaosInducer",0
2015-2016_Chelsea_Everton,2015-2016,22,Chelsea,Everton,D,6,23.0,10.0,2.0,0.0,2.0,"RiskTaker, ChaosInducer, Disciplined",1
2015-2016_Man City_Crystal Palace,2015-2016,22,Man City,Crystal Palace,H,4,26.0,11.0,2.0,0.0,2.0,"RiskTaker, Disciplined",0
2015-2016_Newcastle_West Ham,2015-2016,22,Newcastle,West Ham,H,3,33.0,6.0,1.0,0.0,1.0,"RiskTaker, Disciplined",0
2015-2016_Southampton_West Brom,2015-2016,22,Southampton,West Brom,H,3,18.0,4.0,0.0,0.0,0.0,"Disciplined, DirectPlay",0
2015-2016_Tottenham_Sunderland,2015-2016,22,Tottenham,Sunderland,H,5,31.0,14.0,2.0,0.0,2.0,"RiskTaker, HighPressure, Disciplined",0
2015-2016_Liverpool_Man United,2015-2016,22,Liverpool,Man United,A,1,26.0,9.0,2.0,0.0,2.0,"Disciplined, HighPressure",0
2015-2016_Stoke_Arsenal,2015-2016,22,Stoke,Arsenal,D,0,22.0,12.0,0.0,0.0,0.0,"Disciplined, LowTempoController",0
2015-2016_Swansea_Watford,2015-2016,22,Swansea,Watford,H,1,23.0,9.0,4.0,0.0,4.0,"Opportunistic, DirectPlay",0
2015-2016_Crystal Palace_Tottenham,2015-2016,23,Crystal Palace,Tottenham,A,4,35.0,13.0,4.0,0.0,4.0,"RiskTaker, HighPressure, ChaosInducer",1
2015-2016_Leicester_Stoke,2015-2016,23,Leicester,Stoke,H,3,18.0,12.0,1.0,0.0,1.0,"Disciplined, LowTempoController",0
2015-2016_Man United_Southampton,2015-2016,23,Man United,Southampton,A,1,15.0,8.0,0.0,0.0,0.0,"Disciplined, LowTempoController",0
2015-2016_Norwich_Liverpool,2015-2016,23,Norwich,Liverpool,A,9,19.0,6.0,1.0,0.0,1.0,"RiskTaker, ChaosInducer, Disciplined",0
2015-2016_Sunderland_Bournemouth,2015-2016,23,Sunderland,Bournemouth,D,2,25.0,7.0,2.0,0.0,2.0,"Disciplined, LowTempoController",0
2015-2016_Watford_Newcastle,2015-2016,23,Watford,Newcastle,H,3,24.0,9.0,3.0,0.0,3.0,"LowTempoController, RiskTaker",0
2015-2016_West Brom_Aston Villa,2015-2016,23,West Brom,Aston Villa,D,0,19.0,8.0,1.0,0.0,1.0,"Disciplined, ChaosInducer",0
2015-2016_West Ham_Man City,2015-2016,23,West Ham,Man City,D,4,26.0,7.0,5.0,0.0,5.0,"RiskTaker, ChaosInducer",1
2015-2016_Arsenal_Chelsea,2015-2016,23,Arsenal,Chelsea,A,1,21.0,13.0,4.0,1.0,6.0,"AggressiveTackler, LowTempoController",0
2015-2016_Everton_Swansea,2015-2016,23,Everton,Swansea,A,3,27.0,8.0,3.0,0.0,3.0,"RiskTaker, HighPressure",1
2015-2016_Arsenal_Southampton,2015-2016,24,Arsenal,Southampton,D,0,35.0,16.0,3.0,0.0,3.0,"HighPressure, Opportunistic",0
2015-2016_Crystal Palace_Bournemouth,2015-2016,24,Crystal Palace,Bournemouth,A,3,22.0,8.0,7.0,0.0,7.0,"AggressiveTackler, ChaosInducer",0
2015-2016_Leicester_Liverpool,2015-2016,24,Leicester,Liverpool,H,2,27.0,15.0,1.0,0.0,1.0,"HighPressure, Disciplined, LowTempoController, Opportunistic",0
2015-2016_Man United_Stoke,2015-2016,24,Man United,Stoke,H,3,25.0,7.0,3.0,0.0,3.0,"HighPressure, Disciplined",0
2015-2016_Norwich_Tottenham,2015-2016,24,Norwich,Tottenham,A,3,27.0,14.0,4.0,0.0,4.0,"RiskTaker, HighPressure",0
2015-2016_Sunderland_Man City,2015-2016,24,Sunderland,Man City,A,1,17.0,12.0,5.0,0.0,5.0,"LowTempoController, Disciplined",0
2015-2016_West Brom_Swansea,2015-2016,24,West Brom,Swansea,D,2,35.0,14.0,0.0,0.0,0.0,"HighPressure, Disciplined, Opportunistic",0
2015-2016_West Ham_Aston Villa,2015-2016,24,West Ham,Aston Villa,H,2,31.0,10.0,3.0,1.0,5.0,"HighPressure, Opportunistic",0
2015-2016_Everton_Newcastle,2015-2016,24,Everton,Newcastle,H,3,25.0,6.0,3.0,1.0,5.0,"ChaosInducer, DirectPlay",0
2015-2016_Watford_Chelsea,2015-2016,24,Watford,Chelsea,D,0,24.0,14.0,3.0,0.0,3.0,"HighPressure, LowTempoController",0
2015-2016_Aston Villa_Norwich,2015-2016,25,Aston Villa,Norwich,H,2,22.0,13.0,2.0,0.0,2.0,"Disciplined, LowTempoController",0
2015-2016_Liverpool_Sunderland,2015-2016,25,Liverpool,Sunderland,D,4,23.0,9.0,2.0,0.0,2.0,"Disciplined, HighPressure",0
2015-2016_Man City_Leicester,2015-2016,25,Man City,Leicester,A,4,36.0,15.0,4.0,0.0,4.0,"RiskTaker, HighPressure, ChaosInducer",1
2015-2016_Newcastle_West Brom,2015-2016,25,Newcastle,West Brom,H,1,26.0,12.0,3.0,0.0,3.0,"HighPressure, DirectPlay",0
2015-2016_Southampton_West Ham,2015-2016,25,Southampton,West Ham,H,1,26.0,9.0,3.0,1.0,5.0,"Opportunistic, DirectPlay",0
2015-2016_Stoke_Everton,2015-2016,25,Stoke,Everton,A,3,25.0,10.0,1.0,0.0,1.0,"Disciplined, Disciplined",0
2015-2016_Swansea_Crystal Palace,2015-2016,25,Swansea,Crystal Palace,D,2,31.0,14.0,3.0,0.0,3.0,"HighPressure, Opportunistic",0
2015-2016_Tottenham_Watford,2015-2016,25,Tottenham,Watford,H,1,29.0,16.0,1.0,0.0,1.0,"HighPressure, Disciplined, LowTempoController, Opportunistic",0
2015-2016_Bournemouth_Arsenal,2015-2016,25,Bournemouth,Arsenal,A,2,27.0,10.0,1.0,0.0,1.0,"Disciplined, Opportunistic",0
2015-2016_Chelsea_Man United,2015-2016,25,Chelsea,Man United,D,2,33.0,21.0,3.0,0.0,3.0,"HighPressure, LowTempoController, Opportunistic",0
2015-2016_Bournemouth_Stoke,2015-2016,26,Bournemouth,Stoke,A,4,22.0,11.0,6.0,0.0,6.0,"AggressiveTackler, ChaosInducer",1
2015-2016_Chelsea_Newcastle,2015-2016,26,Chelsea,Newcastle,H,6,25.0,11.0,1.0,1.0,3.0,"RiskTaker, ChaosInducer",1
2015-2016_Crystal Palace_Watford,2015-2016,26,Crystal Palace,Watford,A,3,24.0,13.0,2.0,0.0,2.0,"HighPressure, Disciplined, LowTempoController",0
2015-2016_Everton_West Brom,2015-2016,26,Everton,West Brom,A,1,39.0,15.0,4.0,0.0,4.0,"HighPressure, Opportunistic",0
2015-2016_Norwich_West Ham,2015-2016,26,Norwich,West Ham,D,4,24.0,6.0,4.0,0.0,4.0,"RiskTaker, ChaosInducer",1
2015-2016_Sunderland_Man United,2015-2016,26,Sunderland,Man United,H,3,33.0,14.0,5.0,0.0,5.0,"RiskTaker, HighPressure, ChaosInducer",1
2015-2016_Swansea_Southampton,2015-2016,26,Swansea,Southampton,A,1,26.0,9.0,3.0,0.0,3.0,"ChaosInducer, DirectPlay",0
2015-2016_Arsenal_Leicester,2015-2016,26,Arsenal,Leicester,H,3,31.0,12.0,7.0,1.0,9.0,"AggressiveTackler, RiskTaker, HighPressure, ChaosInducer",1
2015-2016_Aston Villa_Liverpool,2015-2016,26,Aston Villa,Liverpool,A,6,17.0,6.0,4.0,0.0,4.0,"RiskTaker, ChaosInducer",1
2015-2016_Man City_Tottenham,2015-2016,26,Man City,Tottenham,A,3,25.0,8.0,4.0,0.0,4.0,"AggressiveTackler, ChaosInducer",1
2015-2016_Leicester_Norwich,2015-2016,27,Leicester,Norwich,H,1,22.0,7.0,2.0,0.0,2.0,"Disciplined, HighPressure",0
2015-2016_Southampton_Chelsea,2015-2016,27,Southampton,Chelsea,A,3,23.0,15.0,4.0,0.0,4.0,"HighPressure, LowTempoController",0
2015-2016_Stoke_Aston Villa,2015-2016,27,Stoke,Aston Villa,H,3,16.0,11.0,3.0,0.0,3.0,"LowTempoController, HighPressure",0
2015-2016_Watford_Bournemouth,2015-2016,27,Watford,Bournemouth,D,0,25.0,9.0,4.0,0.0,4.0,"DirectPlay, ChaosInducer",0
2015-2016_West Brom_Crystal Palace,2015-2016,27,West Brom,Crystal Palace,H,5,26.0,9.0,4.0,0.0,4.0,"RiskTaker, ChaosInducer",1
2015-2016_West Ham_Sunderland,2015-2016,27,West Ham,Sunderland,H,1,22.0,11.0,1.0,0.0,1.0,"Disciplined, Disciplined",0
2015-2016_Tottenham_Swansea,2015-2016,27,Tottenham,Swansea,H,3,44.0,14.0,5.0,0.0,5.0,"RiskTaker, HighPressure, ChaosInducer",1
2015-2016_Man United_Arsenal,2015-2016,27,Man United,Arsenal,H,5,20.0,5.0,7.0,0.0,7.0,"AggressiveTackler, RiskTaker, ChaosInducer",1
2015-2016_Aston Villa_Everton,2015-2016,28,Aston Villa,Everton,A,4,24.0,17.0,4.0,0.0,4.0,"RiskTaker, HighPressure, ChaosInducer, LowTempoController",1
2015-2016_Bournemouth_Southampton,2015-2016,28,Bournemouth,Southampton,H,2,15.0,12.0,0.0,0.0,0.0,"Disciplined, LowTempoController",0
2015-2016_Leicester_West Brom,2015-2016,28,Leicester,West Brom,D,4,33.0,14.0,2.0,0.0,2.0,"RiskTaker, HighPressure, Disciplined",0
2015-2016_Norwich_Chelsea,2015-2016,28,Norwich,Chelsea,A,3,23.0,8.0,5.0,0.0,5.0,"ChaosInducer, Disciplined",0
2015-2016_Sunderland_Crystal Palace,2015-2016,28,Sunderland,Crystal Palace,D,4,30.0,9.0,2.0,0.0,2.0,"RiskTaker, Disciplined",0
2015-2016_Arsenal_Swansea,2015-2016,28,Arsenal,Swansea,A,3,29.0,10.0,2.0,0.0,2.0,"RiskTaker, HighPressure, Disciplined",0
2015-2016_Liverpool_Man City,2015-2016,28,Liverpool,Man City,H,3,15.0,5.0,1.0,0.0,1.0,"Disciplined, LowTempoController",0
2015-2016_Man United_Watford,2015-2016,28,Man United,Watford,H,1,27.0,16.0,3.0,0.0,3.0,"HighPressure, LowTempoController, Opportunistic",0
2015-2016_Stoke_Newcastle,2015-2016,28,Stoke,Newcastle,H,1,14.0,7.0,1.0,0.0,1.0,"Disciplined, LowTempoController",0
2015-2016_West Ham_Tottenham,2015-2016,28,West Ham,Tottenham,H,1,23.0,9.0,3.0,0.0,3.0,"HighPressure, RiskTaker",0
2015-2016_Chelsea_Stoke,2015-2016,29,Chelsea,Stoke,D,2,36.0,12.0,3.0,0.0,3.0,"HighPressure, Opportunistic",0
2015-2016_Everton_West Ham,2015-2016,29,Everton,West Ham,A,5,32.0,15.0,5.0,1.0,7.0,"AggressiveTackler, RiskTaker, HighPressure, ChaosInducer",1
2015-2016_Man City_Aston Villa,2015-2016,29,Man City,Aston Villa,H,4,24.0,10.0,1.0,0.0,1.0,"RiskTaker, Disciplined",0
2015-2016_Newcastle_Bournemouth,2015-2016,29,Newcastle,Bournemouth,A,4,30.0,9.0,4.0,0.0,4.0,"RiskTaker, ChaosInducer",1
2015-2016_Southampton_Sunderland,2015-2016,29,Southampton,Sunderland,D,2,27.0,14.0,3.0,1.0,5.0,"HighPressure, Opportunistic",1
2015-2016_Swansea_Norwich,2015-2016,29,Swansea,Norwich,H,1,18.0,5.0,7.0,0.0,7.0,"AggressiveTackler, LowTempoController",0
2015-2016_Tottenham_Arsenal,2015-2016,29,Tottenham,Arsenal,D,4,36.0,11.0,4.0,1.0,6.0,"AggressiveTackler, RiskTaker, HighPressure, ChaosInducer",1
2015-2016_Watford_Leicester,2015-2016,29,Watford,Leicester,A,1,25.0,11.0,4.0,0.0,4.0,"Disciplined, ChaosInducer",0
2015-2016_Crystal Palace_Liverpool,2015-2016,29,Crystal Palace,Liverpool,A,3,33.0,12.0,3.0,1.0,5.0,"RiskTaker, HighPressure, ChaosInducer",1
2015-2016_West Brom_Man United,2015-2016,29,West Brom,Man United,H,1,16.0,9.0,1.0,1.0,3.0,"LowTempoController, Opportunistic",0
2015-2016_Bournemouth_Swansea,2015-2016,30,Bournemouth,Swansea,H,5,24.0,8.0,1.0,0.0,1.0,"RiskTaker, Disciplined",0
2015-2016_Norwich_Man City,2015-2016,30,Norwich,Man City,D,0,20.0,11.0,4.0,0.0,4.0,"LowTempoController, Disciplined",0
2015-2016_Stoke_Southampton,2015-2016,30,Stoke,Southampton,A,3,24.0,5.0,3.0,1.0,5.0,"ChaosInducer, ChaosInducer",1
2015-2016_Aston Villa_Tottenham,2015-2016,30,Aston Villa,Tottenham,A,2,30.0,13.0,0.0,0.0,0.0,"HighPressure, Disciplined, Opportunistic",0
2015-2016_Leicester_Newcastle,2015-2016,30,Leicester,Newcastle,H,1,23.0,12.0,0.0,0.0,0.0,"Disciplined, LowTempoController",0
2015-2016_Chelsea_West Ham,2015-2016,31,Chelsea,West Ham,D,4,35.0,19.0,8.0,0.0,8.0,"AggressiveTackler, RiskTaker, HighPressure, ChaosInducer",1
2015-2016_Crystal Palace_Leicester,2015-2016,31,Crystal Palace,Leicester,A,1,20.0,17.0,2.0,0.0,2.0,"HighPressure, Disciplined, LowTempoController",0
2015-2016_Everton_Arsenal,2015-2016,31,Everton,Arsenal,A,2,19.0,12.0,0.0,0.0,0.0,"Disciplined, LowTempoController",0
2015-2016_Swansea_Aston Villa,2015-2016,31,Swansea,Aston Villa,H,1,22.0,10.0,5.0,0.0,5.0,"HighPressure, Disciplined",0
2015-2016_Watford_Stoke,2015-2016,31,Watford,Stoke,A,3,18.0,11.0,4.0,0.0,4.0,"LowTempoController, DirectPlay",0
2015-2016_West Brom_Norwich,2015-2016,31,West Brom,Norwich,A,1,17.0,7.0,3.0,0.0,3.0,"ChaosInducer, HighPressure",0
2015-2016_Man City_Man United,2015-2016,31,Man City,Man United,A,1,31.0,16.0,2.0,0.0,2.0,"HighPressure, Disciplined, Opportunistic",0
2015-2016_Newcastle_Sunderland,2015-2016,31,Newcastle,Sunderland,D,2,31.0,7.0,5.0,0.0,5.0,"Opportunistic, Opportunistic",0
2015-2016_Southampton_Liverpool,2015-2016,31,Southampton,Liverpool,H,5,34.0,8.0,4.0,0.0,4.0,"RiskTaker, HighPressure, ChaosInducer",1
2015-2016_Tottenham_Bournemouth,2015-2016,31,Tottenham,Bournemouth,H,3,19.0,9.0,1.0,0.0,1.0,"Disciplined, Opportunistic",0
2015-2016_Arsenal_Watford,2015-2016,32,Arsenal,Watford,H,4,25.0,11.0,2.0,0.0,2.0,"RiskTaker, Disciplined",0
2015-2016_Aston Villa_Chelsea,2015-2016,32,Aston Villa,Chelsea,A,4,26.0,9.0,5.0,1.0,7.0,"AggressiveTackler, RiskTaker, ChaosInducer",1
2015-2016_Bournemouth_Man City,2015-2016,32,Bournemouth,Man City,A,4,26.0,8.0,1.0,0.0,1.0,"RiskTaker, Disciplined",0
2015-2016_Liverpool_Tottenham,2015-2016,32,Liverpool,Tottenham,D,2,33.0,21.0,2.0,0.0,2.0,"HighPressure, Disciplined, LowTempoController, Opportunistic",0
2015-2016_Norwich_Newcastle,2015-2016,32,Norwich,Newcastle,H,5,26.0,11.0,0.0,0.0,0.0,"RiskTaker, Disciplined",0
2015-2016_Stoke_Swansea,2015-2016,32,Stoke,Swansea,D,4,24.0,10.0,1.0,0.0,1.0,"RiskTaker, Disciplined",0
2015-2016_Sunderland_West Brom,2015-2016,32,Sunderland,West Brom,D,0,25.0,12.0,2.0,0.0,2.0,"Disciplined, RiskTaker",0
2015-2016_West Ham_Crystal Palace,2015-2016,32,West Ham,Crystal Palace,D,4,30.0,9.0,4.0,1.0,6.0,"AggressiveTackler, RiskTaker, ChaosInducer",1
2015-2016_Leicester_Southampton,2015-2016,32,Leicester,Southampton,H,1,21.0,15.0,4.0,0.0,4.0,"HighPressure, LowTempoController",0
2015-2016_Man United_Everton,2015-2016,32,Man United,Everton,H,1,17.0,10.0,2.0,0.0,2.0,"Disciplined, LowTempoController",0
2015-2016_Aston Villa_Bournemouth,2015-2016,33,Aston Villa,Bournemouth,A,3,18.0,11.0,4.0,0.0,4.0,"LowTempoController, ChaosInducer",0
2015-2016_Crystal Palace_Norwich,2015-2016,33,Crystal Palace,Norwich,H,1,26.0,14.0,3.0,0.0,3.0,"HighPressure, LowTempoController",0
2015-2016_Man City_West Brom,2015-2016,33,Man City,West Brom,H,3,26.0,16.0,1.0,0.0,1.0,"HighPressure, Disciplined, LowTempoController",0
2015-2016_Southampton_Newcastle,2015-2016,33,Southampton,Newcastle,H,4,25.0,13.0,0.0,0.0,0.0,"RiskTaker, HighPressure, Disciplined",0
2015-2016_Swansea_Chelsea,2015-2016,33,Swansea,Chelsea,H,1,20.0,10.0,9.0,0.0,9.0,"AggressiveTackler, ChaosInducer",1
2015-2016_Watford_Everton,2015-2016,33,Watford,Everton,D,2,25.0,13.0,3.0,0.0,3.0,"HighPressure, LowTempoController",0
2015-2016_West Ham_Arsenal,2015-2016,33,West Ham,Arsenal,D,6,30.0,11.0,2.0,0.0,2.0,"RiskTaker, HighPressure, ChaosInducer, Disciplined",1
2015-2016_Liverpool_Stoke,2015-2016,33,Liverpool,Stoke,H,5,24.0,9.0,2.0,0.0,2.0,"RiskTaker, Disciplined",0
2015-2016_Sunderland_Leicester,2015-2016,33,Sunderland,Leicester,A,2,32.0,8.0,2.0,0.0,2.0,"HighPressure, Disciplined, Opportunistic",0
2015-2016_Tottenham_Man United,2015-2016,33,Tottenham,Man United,H,3,21.0,9.0,6.0,0.0,6.0,"AggressiveTackler, ChaosInducer",0
2015-2016_Crystal Palace_Everton,2015-2016,33,Crystal Palace,Everton,D,0,27.0,17.0,1.0,1.0,3.0,"HighPressure, LowTempoController, Opportunistic",0
2015-2016_Chelsea_Man City,2015-2016,34,Chelsea,Man City,A,3,22.0,14.0,5.0,1.0,7.0,"AggressiveTackler, ChaosInducer, LowTempoController",1
2015-2016_Everton_Southampton,2015-2016,34,Everton,Southampton,D,2,25.0,13.0,2.0,0.0,2.0,"HighPressure, Disciplined",0
2015-2016_Man United_Aston Villa,2015-2016,34,Man United,Aston Villa,H,1,20.0,17.0,1.0,0.0,1.0,"HighPressure, Disciplined, LowTempoController",0
2015-2016_Newcastle_Swansea,2015-2016,34,Newcastle,Swansea,H,3,23.0,10.0,3.0,0.0,3.0,"RiskTaker, RiskTaker",0
2015-2016_Norwich_Sunderland,2015-2016,34,Norwich,Sunderland,A,3,27.0,14.0,4.0,0.0,4.0,"RiskTaker, HighPressure",0
2015-2016_West Brom_Watford,2015-2016,34,West Brom,Watford,A,1,27.0,12.0,3.0,0.0,3.0,"HighPressure, Opportunistic",0
2015-2016_Arsenal_Crystal Palace,2015-2016,34,Arsenal,Crystal Palace,D,2,28.0,15.0,2.0,0.0,2.0,"HighPressure, Disciplined, Opportunistic",0
2015-2016_Bournemouth_Liverpool,2015-2016,34,Bournemouth,Liverpool,A,3,37.0,9.0,0.0,0.0,0.0,"RiskTaker, HighPressure, Disciplined",0
2015-2016_Leicester_West Ham,2015-2016,34,Leicester,West Ham,D,4,25.0,5.0,4.0,1.0,6.0,"AggressiveTackler, RiskTaker, ChaosInducer",1
2015-2016_Stoke_Tottenham,2015-2016,34,Stoke,Tottenham,A,4,35.0,8.0,2.0,0.0,2.0,"RiskTaker, HighPressure, Disciplined",0
2015-2016_Newcastle_Man City,2015-2016,34,Newcastle,Man City,D,2,14.0,8.0,5.0,0.0,5.0,"LowTempoController, AggressiveTackler",0
2015-2016_Liverpool_Everton,2015-2016,34,Liverpool,Everton,H,4,40.0,10.0,2.0,1.0,4.0,"RiskTaker, HighPressure, ChaosInducer",1
2015-2016_Man United_Crystal Palace,2015-2016,34,Man United,Crystal Palace,H,2,21.0,12.0,3.0,0.0,3.0,"LowTempoController, Disciplined",0
2015-2016_West Ham_Watford,2015-2016,34,West Ham,Watford,H,4,25.0,6.0,2.0,1.0,4.0,"RiskTaker, ChaosInducer",1
2015-2016_Arsenal_West Brom,2015-2016,34,Arsenal,West Brom,H,2,24.0,8.0,1.0,0.0,1.0,"Disciplined, ChaosInducer",0
2015-2016_Aston Villa_Southampton,2015-2016,35,Aston Villa,Southampton,A,6,33.0,17.0,2.0,0.0,2.0,"RiskTaker, HighPressure, ChaosInducer, Disciplined",1
2015-2016_Bournemouth_Chelsea,2015-2016,35,Bournemouth,Chelsea,A,5,29.0,17.0,1.0,0.0,1.0,"RiskTaker, HighPressure, Disciplined, LowTempoController",0
2015-2016_Liverpool_Newcastle,2015-2016,35,Liverpool,Newcastle,D,4,19.0,9.0,2.0,0.0,2.0,"Disciplined, RiskTaker",0
2015-2016_Man City_Stoke,2015-2016,35,Man City,Stoke,H,4,25.0,13.0,0.0,0.0,0.0,"RiskTaker, HighPressure, Disciplined",0
2015-2016_Leicester_Swansea,2015-2016,35,Leicester,Swansea,H,4,27.0,10.0,3.0,0.0,3.0,"RiskTaker, AggressiveTackler",1
2015-2016_Sunderland_Arsenal,2015-2016,35,Sunderland,Arsenal,D,0,32.0,14.0,6.0,0.0,6.0,"AggressiveTackler, HighPressure, Opportunistic",1
2015-2016_Tottenham_West Brom,2015-2016,35,Tottenham,West Brom,D,2,35.0,16.0,1.0,0.0,1.0,"HighPressure, Disciplined, Opportunistic",0
2015-2016_Arsenal_Norwich,2015-2016,36,Arsenal,Norwich,H,1,26.0,10.0,1.0,0.0,1.0,"Disciplined, LowTempoController",0
2015-2016_Everton_Bournemouth,2015-2016,36,Everton,Bournemouth,H,3,28.0,8.0,1.0,0.0,1.0,"RiskTaker, Disciplined",0
2015-2016_Newcastle_Crystal Palace,2015-2016,36,Newcastle,Crystal Palace,H,1,19.0,12.0,2.0,0.0,2.0,"Disciplined, LowTempoController",0
2015-2016_Stoke_Sunderland,2015-2016,36,Stoke,Sunderland,D,2,25.0,10.0,4.0,0.0,4.0,"HighPressure, DirectPlay",0
2015-2016_Watford_Aston Villa,2015-2016,36,Watford,Aston Villa,H,5,25.0,12.0,5.0,1.0,7.0,"AggressiveTackler, RiskTaker, ChaosInducer",1
2015-2016_West Brom_West Ham,2015-2016,36,West Brom,West Ham,A,3,23.0,14.0,0.0,0.0,0.0,"HighPressure, Disciplined, LowTempoController",0
2015-2016_Man United_Leicester,2015-2016,36,Man United,Leicester,D,2,35.0,11.0,3.0,1.0,5.0,"HighPressure, Opportunistic",0
2015-2016_Southampton_Man City,2015-2016,36,Southampton,Man City,H,6,20.0,10.0,3.0,0.0,3.0,"RiskTaker, ChaosInducer",1
2015-2016_Swansea_Liverpool,2015-2016,36,Swansea,Liverpool,H,4,29.0,11.0,4.0,1.0,6.0,"AggressiveTackler, RiskTaker, HighPressure, ChaosInducer",1
2015-2016_Chelsea_Tottenham,2015-2016,36,Chelsea,Tottenham,D,4,29.0,15.0,12.0,0.0,12.0,"AggressiveTackler, RiskTaker, HighPressure, ChaosInducer",1
2015-2016_Aston Villa_Newcastle,2015-2016,37,Aston Villa,Newcastle,D,0,11.0,5.0,2.0,0.0,2.0,"Disciplined, LowTempoController",0
2015-2016_Bournemouth_West Brom,2015-2016,37,Bournemouth,West Brom,D,2,24.0,8.0,3.0,0.0,3.0,"DirectPlay, ChaosInducer",0
2015-2016_Crystal Palace_Stoke,2015-2016,37,Crystal Palace,Stoke,H,3,29.0,7.0,5.0,0.0,5.0,"RiskTaker, ChaosInducer",1
2015-2016_Leicester_Everton,2015-2016,37,Leicester,Everton,H,4,41.0,16.0,3.0,0.0,3.0,"RiskTaker, HighPressure",1
2015-2016_Norwich_Man United,2015-2016,37,Norwich,Man United,A,1,23.0,7.0,1.0,0.0,1.0,"Disciplined, RiskTaker",0
2015-2016_Sunderland_Chelsea,2015-2016,37,Sunderland,Chelsea,H,5,24.0,6.0,5.0,1.0,7.0,"AggressiveTackler, RiskTaker, ChaosInducer",1
2015-2016_West Ham_Swansea,2015-2016,37,West Ham,Swansea,A,5,38.0,16.0,3.0,0.0,3.0,"RiskTaker, HighPressure, ChaosInducer",1
2015-2016_Liverpool_Watford,2015-2016,37,Liverpool,Watford,H,2,33.0,16.0,3.0,0.0,3.0,"HighPressure, Opportunistic",0
2015-2016_Man City_Arsenal,2015-2016,37,Man City,Arsenal,D,4,19.0,9.0,3.0,0.0,3.0,"DirectPlay, Disciplined",0
2015-2016_Tottenham_Southampton,2015-2016,37,Tottenham,Southampton,A,3,30.0,12.0,3.0,0.0,3.0,"RiskTaker, HighPressure",0
2015-2016_West Ham_Man United,2015-2016,37,West Ham,Man United,H,5,23.0,8.0,4.0,0.0,4.0,"RiskTaker, ChaosInducer",1
2015-2016_Liverpool_Chelsea,2015-2016,37,Liverpool,Chelsea,D,2,41.0,10.0,4.0,0.0,4.0,"HighPressure, Opportunistic",0
2015-2016_Norwich_Watford,2015-2016,37,Norwich,Watford,H,6,30.0,6.0,5.0,0.0,5.0,"RiskTaker, ChaosInducer",1
2015-2016_Sunderland_Everton,2015-2016,37,Sunderland,Everton,H,3,31.0,10.0,1.0,0.0,1.0,"RiskTaker, HighPressure, Disciplined",0
2015-2016_Arsenal_Aston Villa,2015-2016,38,Arsenal,Aston Villa,H,4,21.0,9.0,1.0,0.0,1.0,"Disciplined, DirectPlay",0
2015-2016_Chelsea_Leicester,2015-2016,38,Chelsea,Leicester,D,2,35.0,13.0,0.0,0.0,0.0,"HighPressure, Disciplined, Opportunistic",0
2015-2016_Everton_Norwich,2015-2016,38,Everton,Norwich,H,3,25.0,15.0,0.0,0.0,0.0,"HighPressure, Disciplined, LowTempoController",0
2015-2016_Newcastle_Tottenham,2015-2016,38,Newcastle,Tottenham,H,6,36.0,11.0,3.0,1.0,5.0,"RiskTaker, HighPressure, ChaosInducer",1
2015-2016_Southampton_Crystal Palace,2015-2016,38,Southampton,Crystal Palace,H,5,34.0,7.0,3.0,0.0,3.0,"RiskTaker, HighPressure, ChaosInducer",1
2015-2016_Stoke_West Ham,2015-2016,38,Stoke,West Ham,H,3,27.0,14.0,4.0,0.0,4.0,"RiskTaker, HighPressure",0
2015-2016_Swansea_Man City,2015-2016,38,Swansea,Man City,D,2,22.0,8.0,4.0,0.0,4.0,"DirectPlay, DirectPlay",0
2015-2016_Watford_Sunderland,2015-2016,38,Watford,Sunderland,D,4,27.0,11.0,1.0,0.0,1.0,"RiskTaker, Disciplined",0
2015-2016_West Brom_Liverpool,2015-2016,38,West Brom,Liverpool,D,2,20.0,12.0,4.0,0.0,4.0,"LowTempoController, Opportunistic",0
2015-2016_Man United_Bournemouth,2015-2016,38,Man United,Bournemouth,H,4,19.0,8.0,1.0,0.0,1.0,"Disciplined, AggressiveTackler",0
2016-2017_Burnley_Swansea,2016-2017,1,Burnley,Swansea,A,1,27.0,11.0,5.0,0.0,5.0,"Opportunistic, RiskTaker",0
2016-2017_Crystal Palace_West Brom,2016-2017,1,Crystal Palace,West Brom,A,1,27.0,9.0,4.0,0.0,4.0,"Opportunistic, Disciplined",0
2016-2017_Everton_Tottenham,2016-2017,1,Everton,Tottenham,D,2,25.0,11.0,0.0,0.0,0.0,"Disciplined, RiskTaker",0
2016-2017_Hull_Leicester,2016-2017,1,Hull,Leicester,H,3,32.0,8.0,4.0,0.0,4.0,"RiskTaker, HighPressure",1
2016-2017_Man City_Sunderland,2016-2017,1,Man City,Sunderland,H,3,23.0,15.0,3.0,0.0,3.0,"HighPressure, LowTempoController",0
2016-2017_Middlesbrough_Stoke,2016-2017,1,Middlesbrough,Stoke,D,2,24.0,15.0,8.0,0.0,8.0,"AggressiveTackler, HighPressure, ChaosInducer, LowTempoController",1
2016-2017_Southampton_Watford,2016-2017,1,Southampton,Watford,D,2,29.0,8.0,3.0,1.0,5.0,"Opportunistic, Opportunistic",0
2016-2017_Arsenal_Liverpool,2016-2017,1,Arsenal,Liverpool,A,7,25.0,9.0,6.0,0.0,6.0,"AggressiveTackler, RiskTaker, ChaosInducer",1
2016-2017_Bournemouth_Man United,2016-2017,1,Bournemouth,Man United,A,4,20.0,6.0,1.0,0.0,1.0,"Disciplined, ChaosInducer",0
2016-2017_Chelsea_West Ham,2016-2017,1,Chelsea,West Ham,H,3,23.0,8.0,7.0,0.0,7.0,"AggressiveTackler, ChaosInducer",1
2016-2017_Man United_Southampton,2016-2017,2,Man United,Southampton,H,2,25.0,4.0,0.0,0.0,0.0,"Disciplined, ChaosInducer",0
2016-2017_Burnley_Liverpool,2016-2017,2,Burnley,Liverpool,H,2,29.0,13.0,1.0,0.0,1.0,"HighPressure, Disciplined, Opportunistic",0
2016-2017_Leicester_Arsenal,2016-2017,2,Leicester,Arsenal,D,0,21.0,9.0,3.0,0.0,3.0,"ChaosInducer, LowTempoController",0
2016-2017_Stoke_Man City,2016-2017,2,Stoke,Man City,A,5,20.0,14.0,7.0,0.0,7.0,"AggressiveTackler, RiskTaker, ChaosInducer, LowTempoController",1
2016-2017_Swansea_Hull,2016-2017,2,Swansea,Hull,A,2,25.0,11.0,0.0,0.0,0.0,"Disciplined, DirectPlay",0
2016-2017_Tottenham_Crystal Palace,2016-2017,2,Tottenham,Crystal Palace,H,1,30.0,14.0,6.0,0.0,6.0,"AggressiveTackler, HighPressure, Opportunistic",1
2016-2017_Watford_Chelsea,2016-2017,2,Watford,Chelsea,A,3,19.0,5.0,7.0,0.0,7.0,"AggressiveTackler, ChaosInducer",1
2016-2017_West Brom_Everton,2016-2017,2,West Brom,Everton,A,3,24.0,11.0,4.0,0.0,4.0,"LowTempoController, AggressiveTackler",0
2016-2017_Sunderland_Middlesbrough,2016-2017,2,Sunderland,Middlesbrough,A,3,26.0,9.0,2.0,0.0,2.0,"Disciplined, ChaosInducer",0
2016-2017_West Ham_Bournemouth,2016-2017,3,West Ham,Bournemouth,H,1,23.0,7.0,4.0,1.0,6.0,"AggressiveTackler, Opportunistic",0
2016-2017_Chelsea_Burnley,2016-2017,3,Chelsea,Burnley,H,3,28.0,14.0,4.0,0.0,4.0,"RiskTaker, HighPressure",0
2016-2017_Crystal Palace_Bournemouth,2016-2017,3,Crystal Palace,Bournemouth,D,2,34.0,14.0,3.0,0.0,3.0,"HighPressure, Opportunistic",0
2016-2017_Everton_Stoke,2016-2017,3,Everton,Stoke,H,1,29.0,11.0,3.0,0.0,3.0,"HighPressure, Opportunistic",0
2016-2017_Hull_Man United,2016-2017,3,Hull,Man United,A,1,37.0,7.0,5.0,0.0,5.0,"HighPressure, Opportunistic",0
2016-2017_Leicester_Swansea,2016-2017,3,Leicester,Swansea,H,3,22.0,10.0,4.0,0.0,4.0,"Disciplined, RiskTaker",0
2016-2017_Southampton_Sunderland,2016-2017,3,Southampton,Sunderland,D,2,21.0,10.0,4.0,0.0,4.0,"DirectPlay, HighPressure",0
2016-2017_Tottenham_Liverpool,2016-2017,3,Tottenham,Liverpool,D,2,24.0,10.0,8.0,0.0,8.0,"AggressiveTackler, ChaosInducer",1
2016-2017_Watford_Arsenal,2016-2017,3,Watford,Arsenal,A,4,24.0,5.0,7.0,0.0,7.0,"AggressiveTackler, RiskTaker, ChaosInducer",1
2016-2017_Man City_West Ham,2016-2017,3,Man City,West Ham,H,4,31.0,9.0,4.0,0.0,4.0,"RiskTaker, HighPressure, ChaosInducer",1
2016-2017_West Brom_Middlesbrough,2016-2017,3,West Brom,Middlesbrough,D,0,20.0,9.0,4.0,0.0,4.0,"Disciplined, DirectPlay",0
2016-2017_Arsenal_Southampton,2016-2017,4,Arsenal,Southampton,H,3,28.0,7.0,7.0,0.0,7.0,"AggressiveTackler, RiskTaker, ChaosInducer",1
2016-2017_Bournemouth_West Brom,2016-2017,4,Bournemouth,West Brom,H,1,24.0,15.0,4.0,0.0,4.0,"HighPressure, LowTempoController",0
2016-2017_Burnley_Hull,2016-2017,4,Burnley,Hull,D,2,24.0,14.0,2.0,0.0,2.0,"HighPressure, Disciplined, LowTempoController",0
2016-2017_Liverpool_Leicester,2016-2017,4,Liverpool,Leicester,H,5,29.0,8.0,3.0,0.0,3.0,"RiskTaker, ChaosInducer",1
2016-2017_Man United_Man City,2016-2017,4,Man United,Man City,A,3,32.0,8.0,6.0,0.0,6.0,"AggressiveTackler, RiskTaker, HighPressure, ChaosInducer",1
2016-2017_Middlesbrough_Crystal Palace,2016-2017,4,Middlesbrough,Crystal Palace,A,3,24.0,12.0,3.0,0.0,3.0,"LowTempoController, LowTempoController",0
2016-2017_Stoke_Tottenham,2016-2017,4,Stoke,Tottenham,A,4,35.0,18.0,5.0,0.0,5.0,"RiskTaker, HighPressure, ChaosInducer",1
2016-2017_West Ham_Watford,2016-2017,4,West Ham,Watford,A,6,32.0,8.0,4.0,0.0,4.0,"RiskTaker, HighPressure, ChaosInducer",1
2016-2017_Swansea_Chelsea,2016-2017,4,Swansea,Chelsea,D,4,34.0,12.0,7.0,0.0,7.0,"AggressiveTackler, RiskTaker, HighPressure, ChaosInducer",1
2016-2017_Sunderland_Everton,2016-2017,4,Sunderland,Everton,A,3,31.0,9.0,2.0,0.0,2.0,"RiskTaker, HighPressure, Disciplined",0
2016-2017_Chelsea_Liverpool,2016-2017,5,Chelsea,Liverpool,A,3,25.0,10.0,2.0,0.0,2.0,"Disciplined, Disciplined",0
2016-2017_Everton_Middlesbrough,2016-2017,5,Everton,Middlesbrough,H,4,18.0,9.0,3.0,0.0,3.0,"LowTempoController, ChaosInducer",0
2016-2017_Hull_Arsenal,2016-2017,5,Hull,Arsenal,A,5,30.0,6.0,2.0,1.0,4.0,"RiskTaker, ChaosInducer",1
2016-2017_Leicester_Burnley,2016-2017,5,Leicester,Burnley,H,3,21.0,8.0,1.0,0.0,1.0,"Disciplined, AggressiveTackler",0
2016-2017_Man City_Bournemouth,2016-2017,5,Man City,Bournemouth,H,4,26.0,10.0,2.0,1.0,4.0,"RiskTaker, ChaosInducer",1
2016-2017_West Brom_West Ham,2016-2017,5,West Brom,West Ham,H,6,31.0,8.0,3.0,0.0,3.0,"RiskTaker, ChaosInducer",1
2016-2017_Crystal Palace_Stoke,2016-2017,5,Crystal Palace,Stoke,H,5,25.0,15.0,3.0,0.0,3.0,"RiskTaker, HighPressure, ChaosInducer, LowTempoController",1
2016-2017_Southampton_Swansea,2016-2017,5,Southampton,Swansea,H,1,28.0,8.0,2.0,0.0,2.0,"Disciplined, Opportunistic",0
2016-2017_Tottenham_Sunderland,2016-2017,5,Tottenham,Sunderland,H,1,37.0,15.0,6.0,1.0,8.0,"AggressiveTackler, HighPressure, ChaosInducer, Opportunistic",1
2016-2017_Watford_Man United,2016-2017,5,Watford,Man United,H,4,25.0,12.0,7.0,0.0,7.0,"AggressiveTackler, RiskTaker, ChaosInducer",1
2016-2017_Arsenal_Chelsea,2016-2017,6,Arsenal,Chelsea,H,3,23.0,10.0,2.0,0.0,2.0,"Disciplined, RiskTaker",0
2016-2017_Bournemouth_Everton,2016-2017,6,Bournemouth,Everton,H,1,25.0,8.0,4.0,0.0,4.0,"AggressiveTackler, DirectPlay",0
2016-2017_Liverpool_Hull,2016-2017,6,Liverpool,Hull,H,6,34.0,15.0,3.0,1.0,5.0,"RiskTaker, HighPressure, ChaosInducer",1
2016-2017_Man United_Leicester,2016-2017,6,Man United,Leicester,H,5,26.0,14.0,2.0,0.0,2.0,"RiskTaker, HighPressure, Disciplined, LowTempoController",0
2016-2017_Middlesbrough_Tottenham,2016-2017,6,Middlesbrough,Tottenham,A,3,25.0,12.0,3.0,0.0,3.0,"RiskTaker, Opportunistic",0
2016-2017_Stoke_West Brom,2016-2017,6,Stoke,West Brom,D,2,21.0,12.0,7.0,0.0,7.0,"AggressiveTackler, ChaosInducer, LowTempoController",0
2016-2017_Sunderland_Crystal Palace,2016-2017,6,Sunderland,Crystal Palace,A,5,31.0,8.0,2.0,0.0,2.0,"RiskTaker, Disciplined",0
2016-2017_Swansea_Man City,2016-2017,6,Swansea,Man City,A,4,31.0,9.0,6.0,0.0,6.0,"AggressiveTackler, RiskTaker, HighPressure, ChaosInducer",1
2016-2017_West Ham_Southampton,2016-2017,6,West Ham,Southampton,A,3,31.0,8.0,7.0,0.0,7.0,"AggressiveTackler, RiskTaker, ChaosInducer",1
2016-2017_Burnley_Watford,2016-2017,6,Burnley,Watford,H,2,25.0,13.0,4.0,0.0,4.0,"HighPressure, RiskTaker",0
2016-2017_Everton_Crystal Palace,2016-2017,7,Everton,Crystal Palace,D,2,23.0,19.0,9.0,0.0,9.0,"AggressiveTackler, HighPressure, ChaosInducer, LowTempoController",1
2016-2017_Hull_Chelsea,2016-2017,7,Hull,Chelsea,A,2,30.0,12.0,4.0,0.0,4.0,"HighPressure, Opportunistic",0
2016-2017_Sunderland_West Brom,2016-2017,7,Sunderland,West Brom,D,2,24.0,11.0,4.0,0.0,4.0,"AggressiveTackler, Disciplined",0
2016-2017_Swansea_Liverpool,2016-2017,7,Swansea,Liverpool,A,3,26.0,13.0,4.0,0.0,4.0,"HighPressure, RiskTaker",0
2016-2017_Watford_Bournemouth,2016-2017,7,Watford,Bournemouth,D,4,28.0,9.0,7.0,0.0,7.0,"AggressiveTackler, RiskTaker, ChaosInducer",1
2016-2017_West Ham_Middlesbrough,2016-2017,7,West Ham,Middlesbrough,D,2,28.0,9.0,5.0,0.0,5.0,"Opportunistic, Opportunistic",0
2016-2017_Burnley_Arsenal,2016-2017,7,Burnley,Arsenal,A,1,28.0,8.0,0.0,0.0,0.0,"Disciplined, Opportunistic",0
2016-2017_Leicester_Southampton,2016-2017,7,Leicester,Southampton,D,0,20.0,9.0,1.0,0.0,1.0,"Disciplined, Opportunistic",0
2016-2017_Man United_Stoke,2016-2017,7,Man United,Stoke,D,2,31.0,15.0,3.0,0.0,3.0,"HighPressure, Opportunistic",0
2016-2017_Tottenham_Man City,2016-2017,7,Tottenham,Man City,H,2,25.0,7.0,4.0,0.0,4.0,"Opportunistic, AggressiveTackler",0
2016-2017_Arsenal_Swansea,2016-2017,8,Arsenal,Swansea,H,5,29.0,11.0,1.0,1.0,3.0,"RiskTaker, HighPressure, ChaosInducer",1
2016-2017_Bournemouth_Hull,2016-2017,8,Bournemouth,Hull,H,7,33.0,9.0,3.0,0.0,3.0,"RiskTaker, HighPressure, ChaosInducer",1
2016-2017_Chelsea_Leicester,2016-2017,8,Chelsea,Leicester,H,3,21.0,13.0,2.0,0.0,2.0,"Disciplined, LowTempoController",0
2016-2017_Crystal Palace_West Ham,2016-2017,8,Crystal Palace,West Ham,A,1,24.0,13.0,4.0,1.0,6.0,"AggressiveTackler, HighPressure, LowTempoController",1
2016-2017_Man City_Everton,2016-2017,8,Man City,Everton,D,2,22.0,14.0,2.0,0.0,2.0,"Disciplined, LowTempoController",0
2016-2017_Stoke_Sunderland,2016-2017,8,Stoke,Sunderland,H,2,29.0,10.0,2.0,0.0,2.0,"HighPressure, Disciplined, Opportunistic",0
2016-2017_West Brom_Tottenham,2016-2017,8,West Brom,Tottenham,D,2,28.0,13.0,4.0,0.0,4.0,"HighPressure, Opportunistic",0
2016-2017_Middlesbrough_Watford,2016-2017,8,Middlesbrough,Watford,A,1,14.0,10.0,5.0,0.0,5.0,"LowTempoController, RiskTaker",0
2016-2017_Southampton_Burnley,2016-2017,8,Southampton,Burnley,H,4,40.0,12.0,3.0,0.0,3.0,"RiskTaker, HighPressure",0
2016-2017_Liverpool_Man United,2016-2017,8,Liverpool,Man United,D,0,16.0,4.0,4.0,0.0,4.0,"HighPressure, Disciplined",0
2016-2017_Arsenal_Middlesbrough,2016-2017,9,Arsenal,Middlesbrough,D,0,20.0,11.0,1.0,0.0,1.0,"Disciplined, LowTempoController",0
2016-2017_Bournemouth_Tottenham,2016-2017,9,Bournemouth,Tottenham,D,0,24.0,11.0,6.0,0.0,6.0,"AggressiveTackler, ChaosInducer",1
2016-2017_Burnley_Everton,2016-2017,9,Burnley,Everton,H,3,29.0,10.0,5.0,0.0,5.0,"RiskTaker, HighPressure, ChaosInducer",1
2016-2017_Hull_Stoke,2016-2017,9,Hull,Stoke,A,2,21.0,12.0,5.0,0.0,5.0,"LowTempoController, RiskTaker",0
2016-2017_Leicester_Crystal Palace,2016-2017,9,Leicester,Crystal Palace,H,4,40.0,16.0,0.0,0.0,0.0,"RiskTaker, HighPressure, Disciplined",0
2016-2017_Liverpool_West Brom,2016-2017,9,Liverpool,West Brom,H,3,27.0,5.0,4.0,0.0,4.0,"RiskTaker, Opportunistic",0
2016-2017_Swansea_Watford,2016-2017,9,Swansea,Watford,D,0,21.0,9.0,3.0,0.0,3.0,"HighPressure, ChaosInducer",1
2016-2017_West Ham_Sunderland,2016-2017,9,West Ham,Sunderland,H,1,30.0,8.0,7.0,0.0,7.0,"AggressiveTackler, Opportunistic",0
2016-2017_Chelsea_Man United,2016-2017,9,Chelsea,Man United,H,4,30.0,12.0,5.0,0.0,5.0,"RiskTaker, HighPressure, ChaosInducer",1
2016-2017_Man City_Southampton,2016-2017,9,Man City,Southampton,D,2,20.0,13.0,6.0,0.0,6.0,"AggressiveTackler, LowTempoController",0
2016-2017_Crystal Palace_Liverpool,2016-2017,10,Crystal Palace,Liverpool,A,6,24.0,6.0,3.0,0.0,3.0,"RiskTaker, ChaosInducer",1
2016-2017_Man United_Burnley,2016-2017,10,Man United,Burnley,D,0,44.0,20.0,4.0,1.0,6.0,"AggressiveTackler, HighPressure, Opportunistic",1
2016-2017_Middlesbrough_Bournemouth,2016-2017,10,Middlesbrough,Bournemouth,H,2,25.0,11.0,2.0,0.0,2.0,"Disciplined, ChaosInducer",0
2016-2017_Sunderland_Arsenal,2016-2017,10,Sunderland,Arsenal,A,5,24.0,8.0,7.0,0.0,7.0,"AggressiveTackler, RiskTaker, ChaosInducer",1
2016-2017_Tottenham_Leicester,2016-2017,10,Tottenham,Leicester,D,2,28.0,9.0,7.0,0.0,7.0,"AggressiveTackler, ChaosInducer, Opportunistic",1
2016-2017_Watford_Hull,2016-2017,10,Watford,Hull,H,1,30.0,9.0,3.0,0.0,3.0,"Opportunistic, DirectPlay",0
2016-2017_West Brom_Man City,2016-2017,10,West Brom,Man City,A,4,30.0,8.0,7.0,0.0,7.0,"AggressiveTackler, RiskTaker, ChaosInducer",1
2016-2017_Everton_West Ham,2016-2017,10,Everton,West Ham,H,2,30.0,16.0,5.0,0.0,5.0,"HighPressure, Opportunistic",0
2016-2017_Southampton_Chelsea,2016-2017,10,Southampton,Chelsea,A,2,22.0,10.0,0.0,0.0,0.0,"Disciplined, RiskTaker",0
2016-2017_Stoke_Swansea,2016-2017,10,Stoke,Swansea,H,4,31.0,10.0,2.0,0.0,2.0,"RiskTaker, HighPressure, Disciplined",0
2016-2017_Bournemouth_Sunderland,2016-2017,11,Bournemouth,Sunderland,A,3,31.0,14.0,5.0,1.0,7.0,"AggressiveTackler, RiskTaker, HighPressure, ChaosInducer",1
2016-2017_Burnley_Crystal Palace,2016-2017,11,Burnley,Crystal Palace,H,5,30.0,11.0,3.0,0.0,3.0,"RiskTaker, HighPressure, ChaosInducer",1
2016-2017_Chelsea_Everton,2016-2017,11,Chelsea,Everton,H,5,22.0,6.0,3.0,0.0,3.0,"RiskTaker, ChaosInducer",1
2016-2017_Man City_Middlesbrough,2016-2017,11,Man City,Middlesbrough,D,2,30.0,10.0,4.0,0.0,4.0,"HighPressure, Opportunistic",0
2016-2017_West Ham_Stoke,2016-2017,11,West Ham,Stoke,D,2,21.0,10.0,5.0,0.0,5.0,"AggressiveTackler, RiskTaker",0
2016-2017_Arsenal_Tottenham,2016-2017,11,Arsenal,Tottenham,D,2,25.0,9.0,3.0,0.0,3.0,"HighPressure, ChaosInducer",1
2016-2017_Hull_Southampton,2016-2017,11,Hull,Southampton,H,3,25.0,11.0,5.0,0.0,5.0,"ChaosInducer, RiskTaker",1
2016-2017_Leicester_West Brom,2016-2017,11,Leicester,West Brom,A,3,16.0,11.0,2.0,0.0,2.0,"Disciplined, LowTempoController",0
2016-2017_Liverpool_Watford,2016-2017,11,Liverpool,Watford,H,7,39.0,9.0,3.0,0.0,3.0,"RiskTaker, HighPressure, ChaosInducer",1
2016-2017_Swansea_Man United,2016-2017,11,Swansea,Man United,A,4,15.0,2.0,2.0,0.0,2.0,"Disciplined, AggressiveTackler",0
2016-2017_Crystal Palace_Man City,2016-2017,12,Crystal Palace,Man City,A,3,19.0,9.0,3.0,0.0,3.0,"DirectPlay, RiskTaker",0
2016-2017_Everton_Swansea,2016-2017,12,Everton,Swansea,D,2,19.0,13.0,6.0,0.0,6.0,"AggressiveTackler, LowTempoController",0
2016-2017_Man United_Arsenal,2016-2017,12,Man United,Arsenal,D,2,17.0,14.0,6.0,0.0,6.0,"AggressiveTackler, LowTempoController",0
2016-2017_Southampton_Liverpool,2016-2017,12,Southampton,Liverpool,D,0,18.0,9.0,2.0,0.0,2.0,"Disciplined, Disciplined",0
2016-2017_Stoke_Bournemouth,2016-2017,12,Stoke,Bournemouth,A,1,23.0,7.0,5.0,0.0,5.0,"DirectPlay, AggressiveTackler",0
2016-2017_Sunderland_Hull,2016-2017,12,Sunderland,Hull,H,3,28.0,10.0,1.0,1.0,3.0,"RiskTaker, HighPressure",0
2016-2017_Tottenham_West Ham,2016-2017,12,Tottenham,West Ham,H,5,25.0,9.0,5.0,1.0,7.0,"AggressiveTackler, RiskTaker, ChaosInducer",1
2016-2017_Watford_Leicester,2016-2017,12,Watford,Leicester,H,3,20.0,10.0,5.0,0.0,5.0,"ChaosInducer, ChaosInducer",1
2016-2017_Middlesbrough_Chelsea,2016-2017,12,Middlesbrough,Chelsea,A,1,25.0,5.0,5.0,0.0,5.0,"RiskTaker, AggressiveTackler",0
2016-2017_West Brom_Burnley,2016-2017,12,West Brom,Burnley,H,4,21.0,7.0,0.0,0.0,0.0,"Disciplined, DirectPlay",0
2016-2017_Burnley_Man City,2016-2017,13,Burnley,Man City,A,3,31.0,13.0,5.0,0.0,5.0,"RiskTaker, HighPressure, ChaosInducer",1
2016-2017_Chelsea_Tottenham,2016-2017,13,Chelsea,Tottenham,H,3,21.0,11.0,3.0,0.0,3.0,"LowTempoController, Disciplined",0
2016-2017_Hull_West Brom,2016-2017,13,Hull,West Brom,D,2,21.0,8.0,5.0,0.0,5.0,"AggressiveTackler, LowTempoController",0
2016-2017_Leicester_Middlesbrough,2016-2017,13,Leicester,Middlesbrough,D,4,17.0,5.0,8.0,0.0,8.0,"AggressiveTackler, ChaosInducer",1
2016-2017_Liverpool_Sunderland,2016-2017,13,Liverpool,Sunderland,H,2,33.0,13.0,4.0,0.0,4.0,"HighPressure, Opportunistic",0
2016-2017_Swansea_Crystal Palace,2016-2017,13,Swansea,Crystal Palace,H,9,30.0,16.0,9.0,0.0,9.0,"AggressiveTackler, RiskTaker, HighPressure, ChaosInducer",1
2016-2017_Arsenal_Bournemouth,2016-2017,13,Arsenal,Bournemouth,H,4,25.0,13.0,8.0,0.0,8.0,"AggressiveTackler, RiskTaker, HighPressure, ChaosInducer",1
2016-2017_Man United_West Ham,2016-2017,13,Man United,West Ham,D,2,23.0,12.0,4.0,0.0,4.0,"Opportunistic, Disciplined",0
2016-2017_Southampton_Everton,2016-2017,13,Southampton,Everton,H,1,30.0,7.0,2.0,0.0,2.0,"Disciplined, Opportunistic",0
2016-2017_Watford_Stoke,2016-2017,13,Watford,Stoke,A,1,25.0,6.0,3.0,1.0,5.0,"DirectPlay, HighPressure",0
2016-2017_Crystal Palace_Southampton,2016-2017,14,Crystal Palace,Southampton,H,3,26.0,13.0,4.0,0.0,4.0,"HighPressure, ChaosInducer",1
2016-2017_Man City_Chelsea,2016-2017,14,Man City,Chelsea,A,4,24.0,11.0,5.0,2.0,9.0,"AggressiveTackler, RiskTaker, ChaosInducer",1
2016-2017_Stoke_Burnley,2016-2017,14,Stoke,Burnley,H,2,24.0,13.0,5.0,0.0,5.0,"HighPressure, LowTempoController",0
2016-2017_Sunderland_Leicester,2016-2017,14,Sunderland,Leicester,H,3,39.0,7.0,4.0,0.0,4.0,"RiskTaker, HighPressure",1
2016-2017_Tottenham_Swansea,2016-2017,14,Tottenham,Swansea,H,5,29.0,5.0,4.0,0.0,4.0,"RiskTaker, ChaosInducer",1
2016-2017_West Brom_Watford,2016-2017,14,West Brom,Watford,H,4,28.0,7.0,3.0,1.0,5.0,"RiskTaker, ChaosInducer",1
2016-2017_West Ham_Arsenal,2016-2017,14,West Ham,Arsenal,A,6,29.0,5.0,6.0,0.0,6.0,"AggressiveTackler, RiskTaker, ChaosInducer",1
2016-2017_Bournemouth_Liverpool,2016-2017,14,Bournemouth,Liverpool,H,7,22.0,13.0,4.0,0.0,4.0,"RiskTaker, ChaosInducer, LowTempoController",1
2016-2017_Everton_Man United,2016-2017,14,Everton,Man United,D,2,23.0,9.0,5.0,0.0,5.0,"DirectPlay, Opportunistic",0
2016-2017_Middlesbrough_Hull,2016-2017,14,Middlesbrough,Hull,H,1,22.0,20.0,2.0,0.0,2.0,"HighPressure, Disciplined, LowTempoController",0
2016-2017_Arsenal_Stoke,2016-2017,15,Arsenal,Stoke,H,4,33.0,14.0,0.0,0.0,0.0,"RiskTaker, HighPressure, Disciplined",0
2016-2017_Burnley_Bournemouth,2016-2017,15,Burnley,Bournemouth,H,5,33.0,15.0,4.0,0.0,4.0,"RiskTaker, HighPressure, ChaosInducer",1
2016-2017_Hull_Crystal Palace,2016-2017,15,Hull,Crystal Palace,D,6,29.0,11.0,6.0,0.0,6.0,"AggressiveTackler, RiskTaker, HighPressure, ChaosInducer",1
2016-2017_Leicester_Man City,2016-2017,15,Leicester,Man City,H,6,29.0,14.0,3.0,0.0,3.0,"RiskTaker, HighPressure, ChaosInducer",1
2016-2017_Swansea_Sunderland,2016-2017,15,Swansea,Sunderland,H,3,25.0,11.0,3.0,0.0,3.0,"HighPressure, RiskTaker",0
2016-2017_Watford_Everton,2016-2017,15,Watford,Everton,H,5,22.0,6.0,4.0,0.0,4.0,"RiskTaker, ChaosInducer",1
2016-2017_Chelsea_West Brom,2016-2017,15,Chelsea,West Brom,H,1,18.0,4.0,6.0,0.0,6.0,"AggressiveTackler, AggressiveTackler",0
2016-2017_Liverpool_West Ham,2016-2017,15,Liverpool,West Ham,D,4,25.0,15.0,2.0,0.0,2.0,"RiskTaker, HighPressure, Disciplined, LowTempoController",0
2016-2017_Man United_Tottenham,2016-2017,15,Man United,Tottenham,H,1,27.0,11.0,6.0,0.0,6.0,"AggressiveTackler, Opportunistic",0
2016-2017_Southampton_Middlesbrough,2016-2017,15,Southampton,Middlesbrough,H,1,20.0,6.0,7.0,0.0,7.0,"AggressiveTackler, LowTempoController",0
2016-2017_Bournemouth_Leicester,2016-2017,16,Bournemouth,Leicester,H,1,21.0,15.0,3.0,0.0,3.0,"HighPressure, LowTempoController",0
2016-2017_Everton_Arsenal,2016-2017,16,Everton,Arsenal,H,3,23.0,11.0,2.0,1.0,4.0,"Disciplined, Disciplined",0
2016-2017_Crystal Palace_Man United,2016-2017,16,Crystal Palace,Man United,A,3,22.0,9.0,4.0,0.0,4.0,"AggressiveTackler, LowTempoController",0
2016-2017_Man City_Watford,2016-2017,16,Man City,Watford,H,2,18.0,7.0,3.0,0.0,3.0,"AggressiveTackler, RiskTaker",0
2016-2017_Middlesbrough_Liverpool,2016-2017,16,Middlesbrough,Liverpool,A,3,23.0,7.0,1.0,0.0,1.0,"Disciplined, Opportunistic",0
2016-2017_Stoke_Southampton,2016-2017,16,Stoke,Southampton,D,0,20.0,14.0,3.0,1.0,5.0,"LowTempoController, HighPressure",0
2016-2017_Sunderland_Chelsea,2016-2017,16,Sunderland,Chelsea,A,1,27.0,10.0,5.0,0.0,5.0,"Opportunistic, DirectPlay",0
2016-2017_Tottenham_Hull,2016-2017,16,Tottenham,Hull,H,3,37.0,10.0,2.0,0.0,2.0,"RiskTaker, HighPressure, Disciplined",0
2016-2017_West Brom_Swansea,2016-2017,16,West Brom,Swansea,H,4,21.0,11.0,0.0,0.0,0.0,"Disciplined, LowTempoController",0
2016-2017_West Ham_Burnley,2016-2017,16,West Ham,Burnley,H,1,28.0,7.0,2.0,0.0,2.0,"Disciplined, Opportunistic",0
2016-2017_Crystal Palace_Chelsea,2016-2017,17,Crystal Palace,Chelsea,A,1,19.0,8.0,5.0,0.0,5.0,"Disciplined, RiskTaker",0
2016-2017_Middlesbrough_Swansea,2016-2017,17,Middlesbrough,Swansea,H,3,24.0,11.0,1.0,0.0,1.0,"Disciplined, HighPressure",0
2016-2017_Stoke_Leicester,2016-2017,17,Stoke,Leicester,D,4,30.0,18.0,8.0,1.0,10.0,"AggressiveTackler, RiskTaker, HighPressure, ChaosInducer, LowTempoController",1
2016-2017_Sunderland_Watford,2016-2017,17,Sunderland,Watford,H,1,21.0,15.0,3.0,0.0,3.0,"HighPressure, LowTempoController",0
2016-2017_West Brom_Man United,2016-2017,17,West Brom,Man United,A,2,20.0,5.0,6.0,0.0,6.0,"AggressiveTackler, RiskTaker",0
2016-2017_West Ham_Hull,2016-2017,17,West Ham,Hull,H,1,34.0,16.0,6.0,0.0,6.0,"AggressiveTackler, HighPressure, Opportunistic",1
2016-2017_Bournemouth_Southampton,2016-2017,17,Bournemouth,Southampton,A,4,24.0,11.0,2.0,0.0,2.0,"RiskTaker, Disciplined",0
2016-2017_Man City_Arsenal,2016-2017,17,Man City,Arsenal,H,3,20.0,9.0,6.0,0.0,6.0,"AggressiveTackler, ChaosInducer",1
2016-2017_Tottenham_Burnley,2016-2017,17,Tottenham,Burnley,H,3,35.0,13.0,3.0,0.0,3.0,"RiskTaker, HighPressure",1
2016-2017_Everton_Liverpool,2016-2017,17,Everton,Liverpool,A,1,17.0,7.0,4.0,0.0,4.0,"LowTempoController, Disciplined",0
2016-2017_Arsenal_West Brom,2016-2017,18,Arsenal,West Brom,H,1,29.0,11.0,3.0,0.0,3.0,"HighPressure, Opportunistic",0
2016-2017_Burnley_Middlesbrough,2016-2017,18,Burnley,Middlesbrough,H,1,14.0,10.0,11.0,0.0,11.0,"AggressiveTackler, ChaosInducer, LowTempoController",0
2016-2017_Chelsea_Bournemouth,2016-2017,18,Chelsea,Bournemouth,H,3,21.0,10.0,2.0,0.0,2.0,"Disciplined, DirectPlay",0
2016-2017_Hull_Man City,2016-2017,18,Hull,Man City,A,3,26.0,11.0,1.0,0.0,1.0,"Disciplined, AggressiveTackler",0
2016-2017_Leicester_Everton,2016-2017,18,Leicester,Everton,A,2,15.0,7.0,3.0,0.0,3.0,"AggressiveTackler, HighPressure",1
2016-2017_Man United_Sunderland,2016-2017,18,Man United,Sunderland,H,4,33.0,10.0,2.0,0.0,2.0,"RiskTaker, HighPressure, Disciplined",0
2016-2017_Swansea_West Ham,2016-2017,18,Swansea,West Ham,A,5,28.0,12.0,0.0,0.0,0.0,"RiskTaker, HighPressure, Disciplined",0
2016-2017_Watford_Crystal Palace,2016-2017,18,Watford,Crystal Palace,D,2,19.0,10.0,6.0,0.0,6.0,"AggressiveTackler, LowTempoController",0
2016-2017_Liverpool_Stoke,2016-2017,18,Liverpool,Stoke,H,5,26.0,10.0,1.0,0.0,1.0,"RiskTaker, Disciplined",0
2016-2017_Southampton_Tottenham,2016-2017,18,Southampton,Tottenham,A,5,26.0,12.0,5.0,1.0,7.0,"AggressiveTackler, RiskTaker, HighPressure, ChaosInducer",1
2016-2017_Hull_Everton,2016-2017,19,Hull,Everton,D,4,33.0,10.0,4.0,0.0,4.0,"RiskTaker, HighPressure, ChaosInducer",1
2016-2017_Burnley_Sunderland,2016-2017,19,Burnley,Sunderland,H,5,27.0,8.0,2.0,0.0,2.0,"RiskTaker, Disciplined",0
2016-2017_Chelsea_Stoke,2016-2017,19,Chelsea,Stoke,H,6,23.0,11.0,5.0,0.0,5.0,"RiskTaker, ChaosInducer",1
2016-2017_Leicester_West Ham,2016-2017,19,Leicester,West Ham,H,1,37.0,14.0,8.0,0.0,8.0,"AggressiveTackler, HighPressure, ChaosInducer, Opportunistic",1
2016-2017_Liverpool_Man City,2016-2017,19,Liverpool,Man City,H,1,14.0,10.0,3.0,0.0,3.0,"LowTempoController, DirectPlay",0
2016-2017_Man United_Middlesbrough,2016-2017,19,Man United,Middlesbrough,H,3,41.0,14.0,2.0,0.0,2.0,"RiskTaker, HighPressure, Disciplined",0
2016-2017_Southampton_West Brom,2016-2017,19,Southampton,West Brom,A,3,17.0,11.0,4.0,1.0,6.0,"AggressiveTackler, ChaosInducer, LowTempoController",1
2016-2017_Swansea_Bournemouth,2016-2017,19,Swansea,Bournemouth,A,3,25.0,7.0,2.0,0.0,2.0,"Disciplined, Opportunistic",0
2016-2017_Arsenal_Crystal Palace,2016-2017,19,Arsenal,Crystal Palace,H,2,29.0,12.0,2.0,0.0,2.0,"HighPressure, Disciplined, Opportunistic",0
2016-2017_Watford_Tottenham,2016-2017,19,Watford,Tottenham,A,5,25.0,3.0,3.0,0.0,3.0,"RiskTaker, ChaosInducer",1
2016-2017_Everton_Southampton,2016-2017,20,Everton,Southampton,H,3,29.0,18.0,1.0,0.0,1.0,"RiskTaker, HighPressure, Disciplined, LowTempoController",0
2016-2017_Man City_Burnley,2016-2017,20,Man City,Burnley,H,3,25.0,16.0,7.0,1.0,9.0,"AggressiveTackler, HighPressure, ChaosInducer, LowTempoController",1
2016-2017_Middlesbrough_Leicester,2016-2017,20,Middlesbrough,Leicester,D,0,19.0,4.0,3.0,0.0,3.0,"ChaosInducer, LowTempoController",0
2016-2017_Sunderland_Liverpool,2016-2017,20,Sunderland,Liverpool,D,4,31.0,7.0,5.0,0.0,5.0,"RiskTaker, ChaosInducer",1
2016-2017_West Brom_Hull,2016-2017,20,West Brom,Hull,H,4,25.0,16.0,0.0,0.0,0.0,"RiskTaker, HighPressure, Disciplined, LowTempoController",0
2016-2017_West Ham_Man United,2016-2017,20,West Ham,Man United,A,2,21.0,3.0,3.0,1.0,5.0,"HighPressure, ChaosInducer",0
2016-2017_Bournemouth_Arsenal,2016-2017,20,Bournemouth,Arsenal,D,6,26.0,11.0,6.0,1.0,8.0,"AggressiveTackler, RiskTaker, ChaosInducer",1
2016-2017_Crystal Palace_Swansea,2016-2017,20,Crystal Palace,Swansea,A,3,18.0,9.0,3.0,0.0,3.0,"RiskTaker, LowTempoController",0
2016-2017_Stoke_Watford,2016-2017,20,Stoke,Watford,H,2,26.0,13.0,3.0,0.0,3.0,"HighPressure, RiskTaker",0
2016-2017_Tottenham_Chelsea,2016-2017,20,Tottenham,Chelsea,H,2,20.0,7.0,5.0,0.0,5.0,"Opportunistic, DirectPlay",0
2016-2017_Burnley_Southampton,2016-2017,21,Burnley,Southampton,H,1,29.0,9.0,3.0,0.0,3.0,"Opportunistic, Disciplined",0
2016-2017_Hull_Bournemouth,2016-2017,21,Hull,Bournemouth,H,4,22.0,9.0,1.0,0.0,1.0,"Disciplined, LowTempoController",0
2016-2017_Leicester_Chelsea,2016-2017,21,Leicester,Chelsea,A,3,15.0,8.0,1.0,0.0,1.0,"Disciplined, LowTempoController",0
2016-2017_Sunderland_Stoke,2016-2017,21,Sunderland,Stoke,A,4,28.0,7.0,4.0,0.0,4.0,"RiskTaker, ChaosInducer",1
2016-2017_Swansea_Arsenal,2016-2017,21,Swansea,Arsenal,A,4,26.0,5.0,2.0,0.0,2.0,"RiskTaker, Disciplined",0
2016-2017_Tottenham_West Brom,2016-2017,21,Tottenham,West Brom,H,4,24.0,8.0,2.0,0.0,2.0,"RiskTaker, Disciplined",0
2016-2017_Watford_Middlesbrough,2016-2017,21,Watford,Middlesbrough,D,0,17.0,4.0,4.0,0.0,4.0,"ChaosInducer, Opportunistic",0
2016-2017_West Ham_Crystal Palace,2016-2017,21,West Ham,Crystal Palace,H,3,24.0,4.0,6.0,0.0,6.0,"AggressiveTackler, ChaosInducer",1
2016-2017_Everton_Man City,2016-2017,21,Everton,Man City,H,4,19.0,9.0,4.0,0.0,4.0,"ChaosInducer, Disciplined",0
2016-2017_Man United_Liverpool,2016-2017,21,Man United,Liverpool,D,2,22.0,12.0,4.0,0.0,4.0,"LowTempoController, AggressiveTackler",0
2016-2017_Bournemouth_Watford,2016-2017,22,Bournemouth,Watford,D,4,25.0,13.0,2.0,0.0,2.0,"RiskTaker, HighPressure, Disciplined",0
2016-2017_Crystal Palace_Everton,2016-2017,22,Crystal Palace,Everton,A,1,24.0,15.0,1.0,0.0,1.0,"HighPressure, Disciplined, LowTempoController",0
2016-2017_Liverpool_Swansea,2016-2017,22,Liverpool,Swansea,A,5,22.0,9.0,2.0,0.0,2.0,"RiskTaker, Disciplined",0
2016-2017_Man City_Tottenham,2016-2017,22,Man City,Tottenham,D,4,23.0,9.0,6.0,0.0,6.0,"AggressiveTackler, ChaosInducer",1
2016-2017_Middlesbrough_West Ham,2016-2017,22,Middlesbrough,West Ham,A,4,24.0,12.0,3.0,0.0,3.0,"RiskTaker, ChaosInducer",1
2016-2017_Stoke_Man United,2016-2017,22,Stoke,Man United,D,2,31.0,8.0,4.0,0.0,4.0,"Opportunistic, HighPressure",0
2016-2017_West Brom_Sunderland,2016-2017,22,West Brom,Sunderland,H,2,23.0,5.0,2.0,0.0,2.0,"Disciplined, AggressiveTackler",0
2016-2017_Arsenal_Burnley,2016-2017,22,Arsenal,Burnley,H,3,37.0,14.0,4.0,1.0,6.0,"AggressiveTackler, RiskTaker, HighPressure, ChaosInducer",1
2016-2017_Chelsea_Hull,2016-2017,22,Chelsea,Hull,H,2,18.0,16.0,4.0,0.0,4.0,"LowTempoController, Opportunistic",0
2016-2017_Southampton_Leicester,2016-2017,22,Southampton,Leicester,H,3,31.0,9.0,1.0,0.0,1.0,"RiskTaker, HighPressure, Disciplined",0
2016-2017_Arsenal_Watford,2016-2017,23,Arsenal,Watford,A,3,30.0,14.0,6.0,0.0,6.0,"AggressiveTackler, RiskTaker, HighPressure, ChaosInducer",1
2016-2017_Bournemouth_Crystal Palace,2016-2017,23,Bournemouth,Crystal Palace,A,2,21.0,5.0,4.0,0.0,4.0,"AggressiveTackler, HighPressure",1
2016-2017_Burnley_Leicester,2016-2017,23,Burnley,Leicester,H,1,37.0,12.0,1.0,0.0,1.0,"HighPressure, Disciplined, Opportunistic",0
2016-2017_Liverpool_Chelsea,2016-2017,23,Liverpool,Chelsea,D,2,15.0,6.0,3.0,0.0,3.0,"LowTempoController, AggressiveTackler",0
2016-2017_Middlesbrough_West Brom,2016-2017,23,Middlesbrough,West Brom,D,2,27.0,6.0,3.0,0.0,3.0,"Opportunistic, DirectPlay",0
2016-2017_Sunderland_Tottenham,2016-2017,23,Sunderland,Tottenham,D,0,17.0,14.0,3.0,0.0,3.0,"LowTempoController, ChaosInducer",0
2016-2017_Swansea_Southampton,2016-2017,23,Swansea,Southampton,H,3,21.0,9.0,2.0,0.0,2.0,"Disciplined, Disciplined",0
2016-2017_Man United_Hull,2016-2017,23,Man United,Hull,D,0,21.0,8.0,5.0,0.0,5.0,"AggressiveTackler, ChaosInducer",0
2016-2017_Stoke_Everton,2016-2017,23,Stoke,Everton,D,2,28.0,10.0,1.0,0.0,1.0,"Disciplined, Opportunistic",0
2016-2017_West Ham_Man City,2016-2017,23,West Ham,Man City,A,4,17.0,6.0,6.0,0.0,6.0,"AggressiveTackler, ChaosInducer",1
2016-2017_Chelsea_Arsenal,2016-2017,24,Chelsea,Arsenal,H,4,22.0,23.0,2.0,0.0,2.0,"HighPressure, Disciplined, LowTempoController",0
2016-2017_Crystal Palace_Sunderland,2016-2017,24,Crystal Palace,Sunderland,A,4,31.0,7.0,6.0,0.0,6.0,"AggressiveTackler, RiskTaker, ChaosInducer",1
2016-2017_Everton_Bournemouth,2016-2017,24,Everton,Bournemouth,H,9,33.0,12.0,4.0,0.0,4.0,"RiskTaker, HighPressure, ChaosInducer",1
2016-2017_Hull_Liverpool,2016-2017,24,Hull,Liverpool,H,2,29.0,16.0,3.0,0.0,3.0,"HighPressure, LowTempoController, Opportunistic",0
2016-2017_Southampton_West Ham,2016-2017,24,Southampton,West Ham,A,4,27.0,5.0,2.0,0.0,2.0,"RiskTaker, Disciplined",0
2016-2017_Tottenham_Middlesbrough,2016-2017,24,Tottenham,Middlesbrough,H,1,25.0,13.0,1.0,0.0,1.0,"HighPressure, Disciplined",0
2016-2017_Watford_Burnley,2016-2017,24,Watford,Burnley,H,3,27.0,9.0,5.0,1.0,7.0,"AggressiveTackler, RiskTaker, ChaosInducer",1
2016-2017_West Brom_Stoke,2016-2017,24,West Brom,Stoke,H,1,28.0,11.0,4.0,0.0,4.0,"HighPressure, Opportunistic",0
2016-2017_Leicester_Man United,2016-2017,24,Leicester,Man United,A,3,26.0,13.0,6.0,0.0,6.0,"AggressiveTackler, HighPressure, ChaosInducer",1
2016-2017_Man City_Swansea,2016-2017,24,Man City,Swansea,H,3,21.0,13.0,5.0,0.0,5.0,"ChaosInducer, LowTempoController",0
2016-2017_Arsenal_Hull,2016-2017,25,Arsenal,Hull,H,2,26.0,11.0,4.0,1.0,6.0,"AggressiveTackler, RiskTaker",1
2016-2017_Liverpool_Tottenham,2016-2017,25,Liverpool,Tottenham,H,2,24.0,13.0,7.0,0.0,7.0,"AggressiveTackler, HighPressure, ChaosInducer, LowTempoController",1
2016-2017_Man United_Watford,2016-2017,25,Man United,Watford,H,2,31.0,6.0,1.0,0.0,1.0,"Disciplined, Opportunistic",0
2016-2017_Middlesbrough_Everton,2016-2017,25,Middlesbrough,Everton,D,0,16.0,7.0,2.0,0.0,2.0,"Disciplined, ChaosInducer",0
2016-2017_Stoke_Crystal Palace,2016-2017,25,Stoke,Crystal Palace,H,1,13.0,10.0,4.0,0.0,4.0,"LowTempoController, Disciplined",0
2016-2017_Sunderland_Southampton,2016-2017,25,Sunderland,Southampton,A,4,21.0,8.0,1.0,0.0,1.0,"Disciplined, ChaosInducer",0
2016-2017_West Ham_West Brom,2016-2017,25,West Ham,West Brom,D,4,24.0,12.0,5.0,0.0,5.0,"RiskTaker, ChaosInducer",1
2016-2017_Burnley_Chelsea,2016-2017,25,Burnley,Chelsea,D,2,19.0,2.0,5.0,0.0,5.0,"HighPressure, Opportunistic",0
2016-2017_Swansea_Leicester,2016-2017,25,Swansea,Leicester,H,2,19.0,10.0,4.0,0.0,4.0,"LowTempoController, Disciplined",0
2016-2017_Bournemouth_Man City,2016-2017,25,Bournemouth,Man City,A,2,22.0,10.0,5.0,0.0,5.0,"Opportunistic, LowTempoController",0
2016-2017_Chelsea_Swansea,2016-2017,26,Chelsea,Swansea,H,4,19.0,9.0,4.0,0.0,4.0,"ChaosInducer, Opportunistic",0
2016-2017_Crystal Palace_Middlesbrough,2016-2017,26,Crystal Palace,Middlesbrough,H,1,26.0,6.0,4.0,0.0,4.0,"RiskTaker, HighPressure",0
2016-2017_Everton_Sunderland,2016-2017,26,Everton,Sunderland,H,2,30.0,16.0,2.0,0.0,2.0,"HighPressure, Disciplined, Opportunistic",0
2016-2017_Hull_Burnley,2016-2017,26,Hull,Burnley,D,2,25.0,9.0,2.0,1.0,4.0,"LowTempoController, ChaosInducer",0
2016-2017_Watford_West Ham,2016-2017,26,Watford,West Ham,D,2,22.0,10.0,5.0,1.0,7.0,"AggressiveTackler, ChaosInducer",1
2016-2017_West Brom_Bournemouth,2016-2017,26,West Brom,Bournemouth,H,3,25.0,14.0,2.0,0.0,2.0,"HighPressure, Disciplined, LowTempoController",0
2016-2017_Tottenham_Stoke,2016-2017,26,Tottenham,Stoke,H,4,26.0,13.0,5.0,0.0,5.0,"RiskTaker, HighPressure, ChaosInducer",1
2016-2017_Leicester_Liverpool,2016-2017,26,Leicester,Liverpool,H,4,30.0,17.0,0.0,0.0,0.0,"RiskTaker, HighPressure, Disciplined, LowTempoController",0
2016-2017_Leicester_Hull,2016-2017,27,Leicester,Hull,H,4,27.0,14.0,2.0,0.0,2.0,"RiskTaker, HighPressure, Disciplined",0
2016-2017_Liverpool_Arsenal,2016-2017,27,Liverpool,Arsenal,H,4,25.0,12.0,3.0,0.0,3.0,"RiskTaker, Disciplined",0
2016-2017_Man United_Bournemouth,2016-2017,27,Man United,Bournemouth,D,2,23.0,17.0,5.0,1.0,7.0,"AggressiveTackler, HighPressure, ChaosInducer, LowTempoController",1
2016-2017_Stoke_Middlesbrough,2016-2017,27,Stoke,Middlesbrough,H,2,21.0,7.0,3.0,0.0,3.0,"RiskTaker, HighPressure",0
2016-2017_Swansea_Burnley,2016-2017,27,Swansea,Burnley,H,5,29.0,11.0,4.0,0.0,4.0,"RiskTaker, HighPressure, ChaosInducer",1
2016-2017_Watford_Southampton,2016-2017,27,Watford,Southampton,A,7,36.0,11.0,5.0,0.0,5.0,"RiskTaker, HighPressure, ChaosInducer",1
2016-2017_West Brom_Crystal Palace,2016-2017,27,West Brom,Crystal Palace,A,2,21.0,10.0,1.0,0.0,1.0,"Disciplined, LowTempoController",0
2016-2017_Sunderland_Man City,2016-2017,27,Sunderland,Man City,A,2,25.0,10.0,1.0,0.0,1.0,"Disciplined, LowTempoController",0
2016-2017_Tottenham_Everton,2016-2017,27,Tottenham,Everton,H,5,28.0,9.0,3.0,0.0,3.0,"RiskTaker, ChaosInducer",1
2016-2017_West Ham_Chelsea,2016-2017,27,West Ham,Chelsea,A,3,20.0,10.0,1.0,0.0,1.0,"Disciplined, RiskTaker",0
2016-2017_Man City_Stoke,2016-2017,27,Man City,Stoke,D,0,17.0,9.0,4.0,0.0,4.0,"LowTempoController, DirectPlay",0
2016-2017_Bournemouth_West Ham,2016-2017,28,Bournemouth,West Ham,H,5,36.0,11.0,6.0,0.0,6.0,"AggressiveTackler, RiskTaker, HighPressure, ChaosInducer",1
2016-2017_Everton_West Brom,2016-2017,28,Everton,West Brom,H,3,21.0,10.0,3.0,0.0,3.0,"ChaosInducer, RiskTaker",1
2016-2017_Hull_Swansea,2016-2017,28,Hull,Swansea,H,3,26.0,9.0,4.0,0.0,4.0,"LowTempoController, AggressiveTackler",0
2016-2017_Liverpool_Burnley,2016-2017,28,Liverpool,Burnley,H,3,21.0,12.0,4.0,0.0,4.0,"LowTempoController, HighPressure",0
2016-2017_Bournemouth_Swansea,2016-2017,29,Bournemouth,Swansea,H,2,22.0,6.0,2.0,0.0,2.0,"Disciplined, RiskTaker",0
2016-2017_Crystal Palace_Watford,2016-2017,29,Crystal Palace,Watford,H,1,13.0,5.0,2.0,0.0,2.0,"Disciplined, DirectPlay",0
2016-2017_Everton_Hull,2016-2017,29,Everton,Hull,H,4,20.0,13.0,2.0,1.0,4.0,"ChaosInducer, LowTempoController",0
2016-2017_Stoke_Chelsea,2016-2017,29,Stoke,Chelsea,A,3,25.0,16.0,6.0,1.0,8.0,"AggressiveTackler, HighPressure, ChaosInducer, LowTempoController",1
2016-2017_Sunderland_Burnley,2016-2017,29,Sunderland,Burnley,D,0,31.0,8.0,3.0,0.0,3.0,"Opportunistic, LowTempoController",0
2016-2017_West Brom_Arsenal,2016-2017,29,West Brom,Arsenal,H,4,23.0,9.0,1.0,0.0,1.0,"Disciplined, ChaosInducer",0
2016-2017_West Ham_Leicester,2016-2017,29,West Ham,Leicester,A,5,31.0,11.0,1.0,0.0,1.0,"RiskTaker, HighPressure, Disciplined",0
2016-2017_Man City_Liverpool,2016-2017,29,Man City,Liverpool,D,2,26.0,17.0,6.0,0.0,6.0,"AggressiveTackler, HighPressure, LowTempoController",1
2016-2017_Middlesbrough_Man United,2016-2017,29,Middlesbrough,Man United,A,4,24.0,11.0,2.0,0.0,2.0,"RiskTaker, Disciplined",0
2016-2017_Tottenham_Southampton,2016-2017,29,Tottenham,Southampton,H,3,20.0,6.0,6.0,0.0,6.0,"AggressiveTackler, ChaosInducer",1
2016-2017_Burnley_Tottenham,2016-2017,30,Burnley,Tottenham,A,2,32.0,10.0,2.0,0.0,2.0,"HighPressure, Disciplined, Opportunistic",0
2016-2017_Chelsea_Crystal Palace,2016-2017,30,Chelsea,Crystal Palace,A,3,32.0,12.0,5.0,0.0,5.0,"RiskTaker, HighPressure, ChaosInducer",1
2016-2017_Hull_West Ham,2016-2017,30,Hull,West Ham,H,3,19.0,10.0,4.0,0.0,4.0,"LowTempoController, Opportunistic",0
2016-2017_Leicester_Stoke,2016-2017,30,Leicester,Stoke,H,2,33.0,14.0,5.0,0.0,5.0,"HighPressure, Opportunistic",0
2016-2017_Liverpool_Everton,2016-2017,30,Liverpool,Everton,H,4,19.0,5.0,4.0,0.0,4.0,"ChaosInducer, LowTempoController",0
2016-2017_Man United_West Brom,2016-2017,30,Man United,West Brom,D,0,21.0,7.0,6.0,0.0,6.0,"AggressiveTackler, ChaosInducer",1
2016-2017_Southampton_Bournemouth,2016-2017,30,Southampton,Bournemouth,D,0,26.0,9.0,1.0,0.0,1.0,"Disciplined, RiskTaker",0
2016-2017_Watford_Sunderland,2016-2017,30,Watford,Sunderland,H,1,34.0,22.0,4.0,0.0,4.0,"HighPressure, LowTempoController, Opportunistic",1
2016-2017_Arsenal_Man City,2016-2017,30,Arsenal,Man City,D,4,22.0,11.0,5.0,0.0,5.0,"ChaosInducer, ChaosInducer",1
2016-2017_Swansea_Middlesbrough,2016-2017,30,Swansea,Middlesbrough,D,0,23.0,14.0,5.0,0.0,5.0,"HighPressure, LowTempoController",0
2016-2017_Burnley_Stoke,2016-2017,31,Burnley,Stoke,H,1,22.0,8.0,5.0,0.0,5.0,"Disciplined, Disciplined",0
2016-2017_Leicester_Sunderland,2016-2017,31,Leicester,Sunderland,H,2,34.0,11.0,1.0,0.0,1.0,"HighPressure, Disciplined, Opportunistic",0
2016-2017_Man United_Everton,2016-2017,31,Man United,Everton,D,2,29.0,11.0,5.0,1.0,7.0,"AggressiveTackler, HighPressure, ChaosInducer, Opportunistic",1
2016-2017_Watford_West Brom,2016-2017,31,Watford,West Brom,H,2,27.0,11.0,5.0,1.0,7.0,"AggressiveTackler, ChaosInducer, Opportunistic",1
2016-2017_Arsenal_West Ham,2016-2017,31,Arsenal,West Ham,H,3,28.0,5.0,4.0,0.0,4.0,"RiskTaker, Disciplined",0
2016-2017_Chelsea_Man City,2016-2017,31,Chelsea,Man City,H,3,27.0,11.0,4.0,0.0,4.0,"RiskTaker, DirectPlay",0
2016-2017_Hull_Middlesbrough,2016-2017,31,Hull,Middlesbrough,H,6,29.0,12.0,3.0,0.0,3.0,"RiskTaker, HighPressure, ChaosInducer",1
2016-2017_Liverpool_Bournemouth,2016-2017,31,Liverpool,Bournemouth,D,4,27.0,9.0,2.0,0.0,2.0,"RiskTaker, Disciplined",0
2016-2017_Southampton_Crystal Palace,2016-2017,31,Southampton,Crystal Palace,H,4,42.0,22.0,3.0,0.0,3.0,"RiskTaker, HighPressure",1
2016-2017_Swansea_Tottenham,2016-2017,31,Swansea,Tottenham,A,4,22.0,12.0,2.0,0.0,2.0,"Disciplined, LowTempoController",0
2016-2017_Bournemouth_Chelsea,2016-2017,32,Bournemouth,Chelsea,A,4,27.0,8.0,5.0,0.0,5.0,"RiskTaker, ChaosInducer",1
2016-2017_Man City_Hull,2016-2017,32,Man City,Hull,H,4,29.0,10.0,2.0,0.0,2.0,"RiskTaker, HighPressure, Disciplined",0
2016-2017_Middlesbrough_Burnley,2016-2017,32,Middlesbrough,Burnley,D,0,19.0,7.0,3.0,0.0,3.0,"DirectPlay, AggressiveTackler",0
2016-2017_Stoke_Liverpool,2016-2017,32,Stoke,Liverpool,A,3,23.0,13.0,2.0,0.0,2.0,"Disciplined, LowTempoController",0
2016-2017_Tottenham_Watford,2016-2017,32,Tottenham,Watford,H,4,27.0,12.0,1.0,0.0,1.0,"RiskTaker, HighPressure, Disciplined",0
2016-2017_West Brom_Southampton,2016-2017,32,West Brom,Southampton,A,1,27.0,10.0,4.0,0.0,4.0,"Opportunistic, DirectPlay",0
2016-2017_West Ham_Swansea,2016-2017,32,West Ham,Swansea,H,1,18.0,7.0,6.0,0.0,6.0,"AggressiveTackler, Opportunistic",0
2016-2017_Everton_Leicester,2016-2017,32,Everton,Leicester,H,6,18.0,10.0,4.0,0.0,4.0,"RiskTaker, ChaosInducer, LowTempoController",1
2016-2017_Sunderland_Man United,2016-2017,32,Sunderland,Man United,A,3,27.0,9.0,6.0,1.0,8.0,"AggressiveTackler, RiskTaker, ChaosInducer",1
2016-2017_Crystal Palace_Arsenal,2016-2017,32,Crystal Palace,Arsenal,H,3,28.0,13.0,1.0,0.0,1.0,"RiskTaker, HighPressure, Disciplined",0
2016-2017_Crystal Palace_Leicester,2016-2017,33,Crystal Palace,Leicester,D,4,21.0,13.0,2.0,0.0,2.0,"Disciplined, LowTempoController",0
2016-2017_Everton_Burnley,2016-2017,33,Everton,Burnley,H,4,42.0,13.0,2.0,0.0,2.0,"RiskTaker, HighPressure, Disciplined",0
2016-2017_Southampton_Man City,2016-2017,33,Southampton,Man City,A,3,26.0,11.0,3.0,0.0,3.0,"RiskTaker, LowTempoController",0
2016-2017_Stoke_Hull,2016-2017,33,Stoke,Hull,H,4,28.0,10.0,2.0,0.0,2.0,"RiskTaker, Disciplined",0
2016-2017_Sunderland_West Ham,2016-2017,33,Sunderland,West Ham,D,4,21.0,9.0,1.0,1.0,3.0,"LowTempoController, AggressiveTackler",0
2016-2017_Tottenham_Bournemouth,2016-2017,33,Tottenham,Bournemouth,H,4,29.0,14.0,1.0,0.0,1.0,"RiskTaker, HighPressure, Disciplined",0
2016-2017_Watford_Swansea,2016-2017,33,Watford,Swansea,H,1,28.0,8.0,0.0,0.0,0.0,"Disciplined, Opportunistic",0
2016-2017_Man United_Chelsea,2016-2017,33,Man United,Chelsea,H,2,14.0,4.0,6.0,0.0,6.0,"AggressiveTackler, DirectPlay",0
2016-2017_West Brom_Liverpool,2016-2017,33,West Brom,Liverpool,A,1,22.0,8.0,4.0,0.0,4.0,"Opportunistic, ChaosInducer",0
2016-2017_Middlesbrough_Arsenal,2016-2017,33,Middlesbrough,Arsenal,A,3,25.0,6.0,4.0,0.0,4.0,"AggressiveTackler, Opportunistic",0
2016-2017_Bournemouth_Middlesbrough,2016-2017,34,Bournemouth,Middlesbrough,H,4,25.0,7.0,2.0,1.0,4.0,"RiskTaker, ChaosInducer",1
2016-2017_Hull_Watford,2016-2017,34,Hull,Watford,H,2,21.0,11.0,4.0,1.0,6.0,"AggressiveTackler, LowTempoController",0
2016-2017_Swansea_Stoke,2016-2017,34,Swansea,Stoke,H,2,19.0,15.0,4.0,0.0,4.0,"LowTempoController, ChaosInducer",0
2016-2017_West Ham_Everton,2016-2017,34,West Ham,Everton,D,0,19.0,12.0,5.0,0.0,5.0,"LowTempoController, Opportunistic",0
2016-2017_Burnley_Man United,2016-2017,34,Burnley,Man United,A,2,20.0,6.0,3.0,0.0,3.0,"ChaosInducer, HighPressure",1
2016-2017_Liverpool_Crystal Palace,2016-2017,34,Liverpool,Crystal Palace,A,3,21.0,7.0,3.0,0.0,3.0,"Opportunistic, LowTempoController",0
2016-2017_Chelsea_Southampton,2016-2017,34,Chelsea,Southampton,H,6,29.0,13.0,4.0,0.0,4.0,"RiskTaker, HighPressure, ChaosInducer",1
2016-2017_Arsenal_Leicester,2016-2017,34,Arsenal,Leicester,H,1,19.0,13.0,6.0,0.0,6.0,"AggressiveTackler, LowTempoController",0
2016-2017_Crystal Palace_Tottenham,2016-2017,34,Crystal Palace,Tottenham,A,1,24.0,13.0,6.0,0.0,6.0,"AggressiveTackler, HighPressure, LowTempoController",0
2016-2017_Middlesbrough_Sunderland,2016-2017,34,Middlesbrough,Sunderland,H,1,16.0,8.0,6.0,0.0,6.0,"AggressiveTackler, LowTempoController",0
2016-2017_Man City_Man United,2016-2017,34,Man City,Man United,D,0,22.0,11.0,1.0,1.0,3.0,"Disciplined, DirectPlay",0
2016-2017_Crystal Palace_Burnley,2016-2017,35,Crystal Palace,Burnley,A,2,24.0,18.0,2.0,0.0,2.0,"HighPressure, Disciplined, LowTempoController",0
2016-2017_Southampton_Hull,2016-2017,35,Southampton,Hull,D,0,20.0,12.0,3.0,0.0,3.0,"LowTempoController, ChaosInducer",0
2016-2017_Stoke_West Ham,2016-2017,35,Stoke,West Ham,D,0,31.0,8.0,1.0,0.0,1.0,"Disciplined, Opportunistic",0
2016-2017_Sunderland_Bournemouth,2016-2017,35,Sunderland,Bournemouth,A,1,32.0,11.0,5.0,0.0,5.0,"HighPressure, Opportunistic",0
2016-2017_West Brom_Leicester,2016-2017,35,West Brom,Leicester,A,1,22.0,11.0,4.0,0.0,4.0,"HighPressure, Opportunistic",0
2016-2017_Everton_Chelsea,2016-2017,35,Everton,Chelsea,A,3,23.0,6.0,7.0,0.0,7.0,"AggressiveTackler, ChaosInducer",1
2016-2017_Man United_Swansea,2016-2017,35,Man United,Swansea,D,2,24.0,7.0,4.0,0.0,4.0,"LowTempoController, Disciplined",0
2016-2017_Middlesbrough_Man City,2016-2017,35,Middlesbrough,Man City,D,4,36.0,15.0,8.0,0.0,8.0,"AggressiveTackler, RiskTaker, HighPressure, ChaosInducer",1
2016-2017_Tottenham_Arsenal,2016-2017,35,Tottenham,Arsenal,H,2,32.0,19.0,4.0,0.0,4.0,"HighPressure, LowTempoController, Opportunistic",0
2016-2017_Watford_Liverpool,2016-2017,35,Watford,Liverpool,A,1,21.0,8.0,4.0,0.0,4.0,"ChaosInducer, Opportunistic",0
2016-2017_West Ham_Tottenham,2016-2017,36,West Ham,Tottenham,H,1,24.0,10.0,6.0,0.0,6.0,"AggressiveTackler, Opportunistic",0
2016-2017_Bournemouth_Stoke,2016-2017,36,Bournemouth,Stoke,D,4,26.0,7.0,2.0,0.0,2.0,"RiskTaker, Disciplined",0
2016-2017_Burnley_West Brom,2016-2017,36,Burnley,West Brom,D,4,25.0,13.0,4.0,0.0,4.0,"RiskTaker, HighPressure, ChaosInducer",1
2016-2017_Hull_Sunderland,2016-2017,36,Hull,Sunderland,A,2,28.0,11.0,4.0,0.0,4.0,"HighPressure, Opportunistic",0
2016-2017_Leicester_Watford,2016-2017,36,Leicester,Watford,H,3,25.0,11.0,0.0,0.0,0.0,"Disciplined, ChaosInducer",0
2016-2017_Man City_Crystal Palace,2016-2017,36,Man City,Crystal Palace,H,5,31.0,12.0,4.0,0.0,4.0,"RiskTaker, HighPressure, ChaosInducer",1
2016-2017_Swansea_Everton,2016-2017,36,Swansea,Everton,H,1,17.0,14.0,0.0,0.0,0.0,"Disciplined, LowTempoController",0
2016-2017_Arsenal_Man United,2016-2017,36,Arsenal,Man United,H,2,19.0,14.0,1.0,0.0,1.0,"Disciplined, LowTempoController",0
2016-2017_Liverpool_Southampton,2016-2017,36,Liverpool,Southampton,D,0,21.0,9.0,4.0,0.0,4.0,"AggressiveTackler, AggressiveTackler",0
2016-2017_Chelsea_Middlesbrough,2016-2017,36,Chelsea,Middlesbrough,H,3,23.0,9.0,2.0,0.0,2.0,"Disciplined, LowTempoController",0
2016-2017_Southampton_Arsenal,2016-2017,36,Southampton,Arsenal,A,2,25.0,13.0,3.0,0.0,3.0,"HighPressure, Disciplined",0
2016-2017_Everton_Watford,2016-2017,37,Everton,Watford,H,1,29.0,17.0,3.0,0.0,3.0,"HighPressure, LowTempoController, Opportunistic",0
2016-2017_West Brom_Chelsea,2016-2017,37,West Brom,Chelsea,A,1,31.0,13.0,3.0,0.0,3.0,"HighPressure, Opportunistic",0
2016-2017_Bournemouth_Burnley,2016-2017,37,Bournemouth,Burnley,H,3,32.0,8.0,1.0,0.0,1.0,"RiskTaker, HighPressure, Disciplined",0
2016-2017_Man City_Leicester,2016-2017,37,Man City,Leicester,H,3,26.0,12.0,6.0,0.0,6.0,"AggressiveTackler, HighPressure, ChaosInducer",1
2016-2017_Middlesbrough_Southampton,2016-2017,37,Middlesbrough,Southampton,A,3,28.0,9.0,3.0,0.0,3.0,"RiskTaker, ChaosInducer",1
2016-2017_Stoke_Arsenal,2016-2017,37,Stoke,Arsenal,A,5,20.0,13.0,3.0,0.0,3.0,"RiskTaker, ChaosInducer, LowTempoController",1
2016-2017_Sunderland_Swansea,2016-2017,37,Sunderland,Swansea,A,2,16.0,12.0,4.0,0.0,4.0,"LowTempoController, LowTempoController",0
2016-2017_Crystal Palace_Hull,2016-2017,37,Crystal Palace,Hull,H,4,21.0,10.0,8.0,0.0,8.0,"AggressiveTackler, ChaosInducer",0
2016-2017_Tottenham_Man United,2016-2017,37,Tottenham,Man United,H,3,22.0,11.0,3.0,0.0,3.0,"LowTempoController, RiskTaker",0
2016-2017_West Ham_Liverpool,2016-2017,37,West Ham,Liverpool,A,4,36.0,10.0,2.0,0.0,2.0,"RiskTaker, HighPressure, Disciplined",0
2016-2017_Chelsea_Watford,2016-2017,37,Chelsea,Watford,H,7,33.0,11.0,6.0,1.0,8.0,"AggressiveTackler, RiskTaker, HighPressure, ChaosInducer",1
2016-2017_Arsenal_Sunderland,2016-2017,37,Arsenal,Sunderland,H,2,42.0,20.0,6.0,0.0,6.0,"AggressiveTackler, HighPressure, Opportunistic",1
2016-2017_Man City_West Brom,2016-2017,37,Man City,West Brom,H,4,26.0,8.0,3.0,0.0,3.0,"RiskTaker, Opportunistic",1
2016-2017_Southampton_Man United,2016-2017,37,Southampton,Man United,D,0,28.0,10.0,3.0,0.0,3.0,"Opportunistic, DirectPlay",0
2016-2017_Leicester_Tottenham,2016-2017,37,Leicester,Tottenham,A,7,38.0,8.0,4.0,0.0,4.0,"RiskTaker, HighPressure, ChaosInducer",1
2016-2017_Arsenal_Everton,2016-2017,38,Arsenal,Everton,H,4,39.0,10.0,6.0,1.0,8.0,"AggressiveTackler, RiskTaker, HighPressure, ChaosInducer",1
2016-2017_Burnley_West Ham,2016-2017,38,Burnley,West Ham,A,3,23.0,7.0,4.0,0.0,4.0,"Opportunistic, AggressiveTackler",0
2016-2017_Chelsea_Sunderland,2016-2017,38,Chelsea,Sunderland,H,6,35.0,12.0,2.0,0.0,2.0,"RiskTaker, HighPressure, ChaosInducer, Disciplined",1
2016-2017_Hull_Tottenham,2016-2017,38,Hull,Tottenham,A,8,29.0,5.0,0.0,0.0,0.0,"RiskTaker, ChaosInducer, Disciplined",1
2016-2017_Leicester_Bournemouth,2016-2017,38,Leicester,Bournemouth,D,2,31.0,10.0,5.0,0.0,5.0,"HighPressure, Opportunistic",0
2016-2017_Liverpool_Middlesbrough,2016-2017,38,Liverpool,Middlesbrough,H,3,34.0,6.0,1.0,0.0,1.0,"RiskTaker, Disciplined",0
2016-2017_Man United_Crystal Palace,2016-2017,38,Man United,Crystal Palace,H,2,15.0,9.0,2.0,0.0,2.0,"Disciplined, LowTempoController",0
2016-2017_Southampton_Stoke,2016-2017,38,Southampton,Stoke,A,1,28.0,14.0,6.0,0.0,6.0,"AggressiveTackler, HighPressure, Opportunistic",1
2016-2017_Swansea_West Brom,2016-2017,38,Swansea,West Brom,H,3,28.0,11.0,2.0,0.0,2.0,"RiskTaker, HighPressure, Disciplined",0
2016-2017_Watford_Man City,2016-2017,38,Watford,Man City,A,5,21.0,9.0,1.0,0.0,1.0,"RiskTaker, Disciplined",0
2017-2018_Arsenal_Leicester,2017-2018,1,Arsenal,Leicester,H,7,33.0,13.0,1.0,0.0,1.0,"RiskTaker, HighPressure, ChaosInducer, Disciplined",1
2017-2018_Brighton_Man City,2017-2018,1,Brighton,Man City,A,2,20.0,13.0,2.0,0.0,2.0,"Disciplined, LowTempoController",0
2017-2018_Chelsea_Burnley,2017-2018,1,Chelsea,Burnley,A,5,29.0,13.0,6.0,2.0,10.0,"AggressiveTackler, RiskTaker, HighPressure, ChaosInducer",1
2017-2018_Crystal Palace_Huddersfield,2017-2018,1,Crystal Palace,Huddersfield,A,3,22.0,21.0,4.0,0.0,4.0,"HighPressure, LowTempoController",0
2017-2018_Everton_Stoke,2017-2018,1,Everton,Stoke,H,1,18.0,13.0,2.0,0.0,2.0,"Disciplined, LowTempoController",0
2017-2018_Southampton_Swansea,2017-2018,1,Southampton,Swansea,D,0,33.0,13.0,3.0,0.0,3.0,"HighPressure, Opportunistic",0
2017-2018_Watford_Liverpool,2017-2018,1,Watford,Liverpool,D,6,23.0,6.0,3.0,0.0,3.0,"RiskTaker, ChaosInducer",1
2017-2018_West Brom_Bournemouth,2017-2018,1,West Brom,Bournemouth,H,1,25.0,10.0,4.0,0.0,4.0,"Disciplined, Opportunistic",0
2017-2018_Man United_West Ham,2017-2018,1,Man United,West Ham,H,4,31.0,12.0,4.0,0.0,4.0,"RiskTaker, HighPressure, ChaosInducer",1
2017-2018_Newcastle_Tottenham,2017-2018,1,Newcastle,Tottenham,A,2,24.0,12.0,3.0,1.0,5.0,"ChaosInducer, LowTempoController",0
2017-2018_Bournemouth_Watford,2017-2018,2,Bournemouth,Watford,A,2,25.0,13.0,4.0,0.0,4.0,"HighPressure, ChaosInducer",1
2017-2018_Burnley_West Brom,2017-2018,2,Burnley,West Brom,A,1,28.0,10.0,1.0,1.0,3.0,"Opportunistic, RiskTaker",0
2017-2018_Leicester_Brighton,2017-2018,2,Leicester,Brighton,H,2,19.0,8.0,1.0,0.0,1.0,"Disciplined, Disciplined",0
2017-2018_Liverpool_Crystal Palace,2017-2018,2,Liverpool,Crystal Palace,H,1,27.0,6.0,4.0,0.0,4.0,"Opportunistic, LowTempoController",0
2017-2018_Southampton_West Ham,2017-2018,2,Southampton,West Ham,H,5,30.0,9.0,2.0,1.0,4.0,"RiskTaker, ChaosInducer",1
2017-2018_Stoke_Arsenal,2017-2018,2,Stoke,Arsenal,H,1,29.0,11.0,0.0,0.0,0.0,"HighPressure, Disciplined, Opportunistic",0
2017-2018_Swansea_Man United,2017-2018,2,Swansea,Man United,A,4,23.0,8.0,2.0,0.0,2.0,"Disciplined, ChaosInducer",0
2017-2018_Huddersfield_Newcastle,2017-2018,2,Huddersfield,Newcastle,H,1,20.0,10.0,7.0,0.0,7.0,"AggressiveTackler, AggressiveTackler",1
2017-2018_Tottenham_Chelsea,2017-2018,2,Tottenham,Chelsea,A,3,27.0,17.0,6.0,0.0,6.0,"AggressiveTackler, RiskTaker, HighPressure, ChaosInducer, LowTempoController",1
2017-2018_Man City_Everton,2017-2018,2,Man City,Everton,D,2,26.0,8.0,3.0,2.0,7.0,"AggressiveTackler, ChaosInducer",1
2017-2018_Bournemouth_Man City,2017-2018,3,Bournemouth,Man City,A,3,28.0,7.0,9.0,1.0,11.0,"AggressiveTackler, RiskTaker, ChaosInducer",1
2017-2018_Crystal Palace_Swansea,2017-2018,3,Crystal Palace,Swansea,A,2,23.0,2.0,5.0,0.0,5.0,"DirectPlay, RiskTaker",0
2017-2018_Huddersfield_Southampton,2017-2018,3,Huddersfield,Southampton,D,0,22.0,9.0,1.0,0.0,1.0,"Disciplined, Disciplined",0
2017-2018_Man United_Leicester,2017-2018,3,Man United,Leicester,H,2,33.0,12.0,3.0,0.0,3.0,"HighPressure, Opportunistic",0
2017-2018_Newcastle_West Ham,2017-2018,3,Newcastle,West Ham,H,3,24.0,12.0,4.0,0.0,4.0,"RiskTaker, AggressiveTackler",0
2017-2018_Watford_Brighton,2017-2018,3,Watford,Brighton,D,0,24.0,14.0,1.0,1.0,3.0,"HighPressure, LowTempoController",0
2017-2018_Chelsea_Everton,2017-2018,3,Chelsea,Everton,H,2,25.0,9.0,4.0,0.0,4.0,"Disciplined, RiskTaker",0
2017-2018_Liverpool_Arsenal,2017-2018,3,Liverpool,Arsenal,H,4,26.0,7.0,6.0,0.0,6.0,"AggressiveTackler, RiskTaker, ChaosInducer",1
2017-2018_Tottenham_Burnley,2017-2018,3,Tottenham,Burnley,D,2,41.0,17.0,0.0,0.0,0.0,"HighPressure, Disciplined, Opportunistic",0
2017-2018_West Brom_Stoke,2017-2018,3,West Brom,Stoke,D,2,26.0,14.0,4.0,0.0,4.0,"HighPressure, LowTempoController",0
2017-2018_Arsenal_Bournemouth,2017-2018,4,Arsenal,Bournemouth,H,3,24.0,13.0,1.0,0.0,1.0,"HighPressure, Disciplined, LowTempoController",0
2017-2018_Brighton_West Brom,2017-2018,4,Brighton,West Brom,H,4,24.0,8.0,2.0,0.0,2.0,"RiskTaker, Disciplined",0
2017-2018_Everton_Tottenham,2017-2018,4,Everton,Tottenham,A,3,27.0,10.0,4.0,0.0,4.0,"RiskTaker, HighPressure",0
2017-2018_Leicester_Chelsea,2017-2018,4,Leicester,Chelsea,A,3,24.0,11.0,1.0,0.0,1.0,"Disciplined, AggressiveTackler",0
2017-2018_Man City_Liverpool,2017-2018,4,Man City,Liverpool,H,5,23.0,11.0,4.0,1.0,6.0,"AggressiveTackler, RiskTaker, ChaosInducer",1
2017-2018_Southampton_Watford,2017-2018,4,Southampton,Watford,A,2,21.0,11.0,0.0,0.0,0.0,"Disciplined, LowTempoController",0
2017-2018_Stoke_Man United,2017-2018,4,Stoke,Man United,D,4,28.0,16.0,0.0,0.0,0.0,"RiskTaker, HighPressure, Disciplined, LowTempoController",0
2017-2018_Burnley_Crystal Palace,2017-2018,4,Burnley,Crystal Palace,H,1,27.0,16.0,2.0,0.0,2.0,"HighPressure, Disciplined, LowTempoController, Opportunistic",0
2017-2018_Swansea_Newcastle,2017-2018,4,Swansea,Newcastle,A,1,26.0,12.0,5.0,0.0,5.0,"HighPressure, AggressiveTackler",0
2017-2018_West Ham_Huddersfield,2017-2018,4,West Ham,Huddersfield,H,2,29.0,13.0,3.0,0.0,3.0,"HighPressure, Opportunistic",0
2017-2018_Bournemouth_Brighton,2017-2018,5,Bournemouth,Brighton,H,3,24.0,10.0,0.0,0.0,0.0,"Disciplined, AggressiveTackler",0
2017-2018_Crystal Palace_Southampton,2017-2018,5,Crystal Palace,Southampton,A,1,27.0,10.0,6.0,0.0,6.0,"AggressiveTackler, Opportunistic",0
2017-2018_Huddersfield_Leicester,2017-2018,5,Huddersfield,Leicester,D,2,25.0,12.0,2.0,0.0,2.0,"Disciplined, HighPressure",0
2017-2018_Liverpool_Burnley,2017-2018,5,Liverpool,Burnley,D,2,40.0,14.0,3.0,0.0,3.0,"HighPressure, Opportunistic",0
2017-2018_Newcastle_Stoke,2017-2018,5,Newcastle,Stoke,H,3,27.0,12.0,4.0,0.0,4.0,"RiskTaker, HighPressure",0
2017-2018_Tottenham_Swansea,2017-2018,5,Tottenham,Swansea,D,0,30.0,12.0,4.0,0.0,4.0,"HighPressure, Opportunistic",0
2017-2018_Watford_Man City,2017-2018,5,Watford,Man City,A,6,35.0,14.0,2.0,0.0,2.0,"RiskTaker, HighPressure, ChaosInducer, Disciplined",1
2017-2018_West Brom_West Ham,2017-2018,5,West Brom,West Ham,D,0,15.0,5.0,4.0,0.0,4.0,"HighPressure, ChaosInducer",0
2017-2018_Chelsea_Arsenal,2017-2018,5,Chelsea,Arsenal,D,0,24.0,6.0,4.0,1.0,6.0,"AggressiveTackler, LowTempoController",0
2017-2018_Man United_Everton,2017-2018,5,Man United,Everton,H,4,23.0,5.0,2.0,0.0,2.0,"Disciplined, DirectPlay",0
2017-2018_Burnley_Huddersfield,2017-2018,6,Burnley,Huddersfield,D,0,14.0,7.0,5.0,0.0,5.0,"LowTempoController, RiskTaker",0
2017-2018_Everton_Bournemouth,2017-2018,6,Everton,Bournemouth,H,3,20.0,10.0,4.0,0.0,4.0,"ChaosInducer, RiskTaker",1
2017-2018_Leicester_Liverpool,2017-2018,6,Leicester,Liverpool,A,5,35.0,9.0,6.0,0.0,6.0,"AggressiveTackler, RiskTaker, HighPressure, ChaosInducer",1
2017-2018_Man City_Crystal Palace,2017-2018,6,Man City,Crystal Palace,H,5,30.0,10.0,4.0,0.0,4.0,"RiskTaker, HighPressure, ChaosInducer",1
2017-2018_Southampton_Man United,2017-2018,6,Southampton,Man United,A,1,23.0,12.0,5.0,0.0,5.0,"DirectPlay, LowTempoController",0
2017-2018_Stoke_Chelsea,2017-2018,6,Stoke,Chelsea,A,4,20.0,5.0,4.0,0.0,4.0,"ChaosInducer, HighPressure",0
2017-2018_Swansea_Watford,2017-2018,6,Swansea,Watford,A,3,18.0,9.0,4.0,0.0,4.0,"LowTempoController, HighPressure",0
2017-2018_West Ham_Tottenham,2017-2018,6,West Ham,Tottenham,A,5,25.0,7.0,6.0,1.0,8.0,"AggressiveTackler, RiskTaker, ChaosInducer",1
2017-2018_Brighton_Newcastle,2017-2018,6,Brighton,Newcastle,H,1,24.0,10.0,3.0,0.0,3.0,"DirectPlay, LowTempoController",0
2017-2018_Arsenal_West Brom,2017-2018,6,Arsenal,West Brom,H,2,23.0,11.0,5.0,0.0,5.0,"ChaosInducer, Disciplined",0
2017-2018_Bournemouth_Leicester,2017-2018,7,Bournemouth,Leicester,D,0,27.0,12.0,1.0,0.0,1.0,"HighPressure, Disciplined, Opportunistic",0
2017-2018_Chelsea_Man City,2017-2018,7,Chelsea,Man City,A,1,21.0,12.0,2.0,0.0,2.0,"Disciplined, LowTempoController",0
2017-2018_Huddersfield_Tottenham,2017-2018,7,Huddersfield,Tottenham,A,4,20.0,11.0,2.0,0.0,2.0,"Disciplined, LowTempoController",0
2017-2018_Man United_Crystal Palace,2017-2018,7,Man United,Crystal Palace,H,4,24.0,11.0,0.0,0.0,0.0,"RiskTaker, Disciplined",0
2017-2018_Stoke_Southampton,2017-2018,7,Stoke,Southampton,H,3,38.0,11.0,3.0,0.0,3.0,"RiskTaker, HighPressure",1
2017-2018_West Brom_Watford,2017-2018,7,West Brom,Watford,D,4,24.0,13.0,3.0,0.0,3.0,"RiskTaker, HighPressure, LowTempoController",0
2017-2018_West Ham_Swansea,2017-2018,7,West Ham,Swansea,H,1,15.0,3.0,5.0,0.0,5.0,"ChaosInducer, RiskTaker",1
2017-2018_Arsenal_Brighton,2017-2018,7,Arsenal,Brighton,H,2,34.0,11.0,2.0,0.0,2.0,"HighPressure, Disciplined, Opportunistic",0
2017-2018_Everton_Burnley,2017-2018,7,Everton,Burnley,A,1,28.0,12.0,4.0,0.0,4.0,"HighPressure, Opportunistic",0
2017-2018_Newcastle_Liverpool,2017-2018,7,Newcastle,Liverpool,D,2,25.0,6.0,2.0,0.0,2.0,"Disciplined, ChaosInducer",0
2017-2018_Burnley_West Ham,2017-2018,8,Burnley,West Ham,D,2,28.0,11.0,4.0,1.0,6.0,"AggressiveTackler, HighPressure, Opportunistic",1
2017-2018_Crystal Palace_Chelsea,2017-2018,8,Crystal Palace,Chelsea,H,3,29.0,13.0,3.0,0.0,3.0,"RiskTaker, HighPressure",0
2017-2018_Liverpool_Man United,2017-2018,8,Liverpool,Man United,D,0,25.0,10.0,2.0,0.0,2.0,"Disciplined, DirectPlay",0
2017-2018_Man City_Stoke,2017-2018,8,Man City,Stoke,H,9,25.0,5.0,1.0,0.0,1.0,"RiskTaker, ChaosInducer, Disciplined",1
2017-2018_Swansea_Huddersfield,2017-2018,8,Swansea,Huddersfield,H,2,14.0,8.0,6.0,0.0,6.0,"AggressiveTackler, LowTempoController",0
2017-2018_Tottenham_Bournemouth,2017-2018,8,Tottenham,Bournemouth,H,1,23.0,14.0,4.0,0.0,4.0,"HighPressure, LowTempoController",0
2017-2018_Watford_Arsenal,2017-2018,8,Watford,Arsenal,H,3,20.0,7.0,1.0,0.0,1.0,"Disciplined, AggressiveTackler",0
2017-2018_Brighton_Everton,2017-2018,8,Brighton,Everton,D,2,25.0,8.0,5.0,0.0,5.0,"RiskTaker, LowTempoController",0
2017-2018_Southampton_Newcastle,2017-2018,8,Southampton,Newcastle,D,4,31.0,11.0,3.0,0.0,3.0,"RiskTaker, HighPressure",0
2017-2018_Leicester_West Brom,2017-2018,8,Leicester,West Brom,D,2,16.0,5.0,4.0,0.0,4.0,"RiskTaker, Disciplined",0
2017-2018_West Ham_Brighton,2017-2018,9,West Ham,Brighton,A,3,23.0,13.0,1.0,0.0,1.0,"Disciplined, LowTempoController",0
2017-2018_Chelsea_Watford,2017-2018,9,Chelsea,Watford,H,6,30.0,12.0,5.0,0.0,5.0,"RiskTaker, HighPressure, ChaosInducer",1
2017-2018_Huddersfield_Man United,2017-2018,9,Huddersfield,Man United,H,3,14.0,11.0,6.0,0.0,6.0,"AggressiveTackler, ChaosInducer, LowTempoController",0
2017-2018_Man City_Burnley,2017-2018,9,Man City,Burnley,H,3,21.0,9.0,5.0,0.0,5.0,"ChaosInducer, HighPressure",1
2017-2018_Newcastle_Crystal Palace,2017-2018,9,Newcastle,Crystal Palace,H,1,17.0,8.0,6.0,0.0,6.0,"AggressiveTackler, LowTempoController",0
2017-2018_Southampton_West Brom,2017-2018,9,Southampton,West Brom,H,1,27.0,11.0,1.0,0.0,1.0,"Disciplined, Opportunistic",0
2017-2018_Stoke_Bournemouth,2017-2018,9,Stoke,Bournemouth,A,3,17.0,11.0,1.0,0.0,1.0,"Disciplined, LowTempoController",0
2017-2018_Swansea_Leicester,2017-2018,9,Swansea,Leicester,A,3,30.0,13.0,1.0,0.0,1.0,"RiskTaker, HighPressure, Disciplined",0
2017-2018_Everton_Arsenal,2017-2018,9,Everton,Arsenal,A,7,38.0,7.0,2.0,1.0,4.0,"RiskTaker, HighPressure, ChaosInducer",1
2017-2018_Tottenham_Liverpool,2017-2018,9,Tottenham,Liverpool,H,5,26.0,8.0,1.0,0.0,1.0,"RiskTaker, Disciplined",0
2017-2018_Arsenal_Swansea,2017-2018,10,Arsenal,Swansea,H,3,21.0,7.0,0.0,0.0,0.0,"Disciplined, Opportunistic",0
2017-2018_Bournemouth_Chelsea,2017-2018,10,Bournemouth,Chelsea,A,1,25.0,10.0,2.0,0.0,2.0,"Disciplined, RiskTaker",0
2017-2018_Crystal Palace_West Ham,2017-2018,10,Crystal Palace,West Ham,D,4,25.0,13.0,3.0,0.0,3.0,"RiskTaker, HighPressure",0
2017-2018_Liverpool_Huddersfield,2017-2018,10,Liverpool,Huddersfield,H,3,17.0,11.0,1.0,0.0,1.0,"Disciplined, LowTempoController",0
2017-2018_Man United_Tottenham,2017-2018,10,Man United,Tottenham,H,1,24.0,9.0,1.0,0.0,1.0,"Disciplined, LowTempoController",0
2017-2018_Watford_Stoke,2017-2018,10,Watford,Stoke,A,1,19.0,9.0,8.0,0.0,8.0,"AggressiveTackler, ChaosInducer",1
2017-2018_West Brom_Man City,2017-2018,10,West Brom,Man City,A,5,21.0,3.0,5.0,0.0,5.0,"RiskTaker, ChaosInducer",1
2017-2018_Brighton_Southampton,2017-2018,10,Brighton,Southampton,D,2,13.0,9.0,4.0,0.0,4.0,"LowTempoController, LowTempoController",0
2017-2018_Leicester_Everton,2017-2018,10,Leicester,Everton,H,2,25.0,13.0,2.0,0.0,2.0,"HighPressure, Disciplined",0
2017-2018_Burnley_Newcastle,2017-2018,10,Burnley,Newcastle,H,1,24.0,8.0,3.0,0.0,3.0,"LowTempoController, HighPressure",0
2017-2018_Huddersfield_West Brom,2017-2018,11,Huddersfield,West Brom,H,1,16.0,8.0,5.0,1.0,7.0,"AggressiveTackler, LowTempoController",0
2017-2018_Newcastle_Bournemouth,2017-2018,11,Newcastle,Bournemouth,A,1,32.0,20.0,4.0,0.0,4.0,"HighPressure, LowTempoController, Opportunistic",0
2017-2018_Southampton_Burnley,2017-2018,11,Southampton,Burnley,A,1,18.0,10.0,0.0,0.0,0.0,"Disciplined, LowTempoController",0
2017-2018_Stoke_Leicester,2017-2018,11,Stoke,Leicester,D,4,25.0,14.0,0.0,0.0,0.0,"RiskTaker, HighPressure, Disciplined, LowTempoController",0
2017-2018_Swansea_Brighton,2017-2018,11,Swansea,Brighton,A,1,17.0,15.0,3.0,0.0,3.0,"LowTempoController, Opportunistic",0
2017-2018_West Ham_Liverpool,2017-2018,11,West Ham,Liverpool,A,5,21.0,5.0,3.0,0.0,3.0,"RiskTaker, ChaosInducer",1
2017-2018_Chelsea_Man United,2017-2018,11,Chelsea,Man United,H,1,28.0,11.0,4.0,0.0,4.0,"HighPressure, Opportunistic",0
2017-2018_Everton_Watford,2017-2018,11,Everton,Watford,H,5,21.0,7.0,2.0,0.0,2.0,"RiskTaker, Disciplined",0
2017-2018_Man City_Arsenal,2017-2018,11,Man City,Arsenal,H,4,15.0,10.0,7.0,0.0,7.0,"AggressiveTackler, ChaosInducer, LowTempoController",1
2017-2018_Tottenham_Crystal Palace,2017-2018,11,Tottenham,Crystal Palace,H,1,23.0,19.0,2.0,0.0,2.0,"HighPressure, Disciplined, LowTempoController",0
2017-2018_Arsenal_Tottenham,2017-2018,12,Arsenal,Tottenham,H,2,28.0,11.0,5.0,0.0,5.0,"HighPressure, Opportunistic",0
2017-2018_Bournemouth_Huddersfield,2017-2018,12,Bournemouth,Huddersfield,H,4,31.0,19.0,5.0,1.0,7.0,"AggressiveTackler, RiskTaker, HighPressure, ChaosInducer, LowTempoController",1
2017-2018_Burnley_Swansea,2017-2018,12,Burnley,Swansea,H,2,29.0,14.0,2.0,0.0,2.0,"HighPressure, Disciplined, Opportunistic",0
2017-2018_Crystal Palace_Everton,2017-2018,12,Crystal Palace,Everton,D,4,24.0,13.0,5.0,0.0,5.0,"RiskTaker, HighPressure, ChaosInducer, LowTempoController",1
2017-2018_Leicester_Man City,2017-2018,12,Leicester,Man City,A,2,14.0,8.0,2.0,0.0,2.0,"Disciplined, LowTempoController",0
2017-2018_Liverpool_Southampton,2017-2018,12,Liverpool,Southampton,H,3,26.0,12.0,2.0,0.0,2.0,"HighPressure, Disciplined",0
2017-2018_Man United_Newcastle,2017-2018,12,Man United,Newcastle,H,5,28.0,15.0,2.0,0.0,2.0,"RiskTaker, HighPressure, Disciplined",0
2017-2018_West Brom_Chelsea,2017-2018,12,West Brom,Chelsea,A,4,18.0,7.0,5.0,0.0,5.0,"ChaosInducer, DirectPlay",1
2017-2018_Watford_West Ham,2017-2018,12,Watford,West Ham,H,2,27.0,4.0,5.0,0.0,5.0,"Opportunistic, ChaosInducer",1
2017-2018_Brighton_Stoke,2017-2018,12,Brighton,Stoke,D,4,22.0,13.0,1.0,0.0,1.0,"Disciplined, LowTempoController",0
2017-2018_West Ham_Leicester,2017-2018,13,West Ham,Leicester,D,2,15.0,10.0,2.0,0.0,2.0,"Disciplined, LowTempoController",0
2017-2018_Crystal Palace_Stoke,2017-2018,13,Crystal Palace,Stoke,H,3,19.0,7.0,2.0,0.0,2.0,"Disciplined, LowTempoController",0
2017-2018_Liverpool_Chelsea,2017-2018,13,Liverpool,Chelsea,D,2,27.0,15.0,0.0,0.0,0.0,"HighPressure, Disciplined, LowTempoController, Opportunistic",0
2017-2018_Man United_Brighton,2017-2018,13,Man United,Brighton,H,1,23.0,5.0,2.0,0.0,2.0,"Disciplined, AggressiveTackler",0
2017-2018_Newcastle_Watford,2017-2018,13,Newcastle,Watford,A,3,24.0,9.0,3.0,0.0,3.0,"DirectPlay, Disciplined",0
2017-2018_Swansea_Bournemouth,2017-2018,13,Swansea,Bournemouth,D,0,19.0,9.0,6.0,0.0,6.0,"AggressiveTackler, HighPressure",0
2017-2018_Tottenham_West Brom,2017-2018,13,Tottenham,West Brom,D,2,29.0,8.0,5.0,0.0,5.0,"Opportunistic, RiskTaker",0
2017-2018_Burnley_Arsenal,2017-2018,13,Burnley,Arsenal,A,1,25.0,10.0,2.0,0.0,2.0,"Disciplined, HighPressure",0
2017-2018_Huddersfield_Man City,2017-2018,13,Huddersfield,Man City,A,3,18.0,10.0,5.0,1.0,7.0,"AggressiveTackler, ChaosInducer, LowTempoController",0
2017-2018_Southampton_Everton,2017-2018,13,Southampton,Everton,H,5,22.0,9.0,0.0,0.0,0.0,"RiskTaker, Disciplined",0
2017-2018_Brighton_Crystal Palace,2017-2018,14,Brighton,Crystal Palace,D,0,20.0,15.0,2.0,0.0,2.0,"Disciplined, LowTempoController",0
2017-2018_Leicester_Tottenham,2017-2018,14,Leicester,Tottenham,H,3,25.0,13.0,3.0,0.0,3.0,"HighPressure, RiskTaker",0
2017-2018_Watford_Man United,2017-2018,14,Watford,Man United,A,6,27.0,10.0,3.0,0.0,3.0,"RiskTaker, ChaosInducer",1
2017-2018_West Brom_Newcastle,2017-2018,14,West Brom,Newcastle,D,4,22.0,7.0,0.0,0.0,0.0,"Disciplined, HighPressure",0
2017-2018_Arsenal_Huddersfield,2017-2018,14,Arsenal,Huddersfield,H,5,28.0,9.0,1.0,0.0,1.0,"RiskTaker, Disciplined",0
2017-2018_Bournemouth_Burnley,2017-2018,14,Bournemouth,Burnley,A,3,20.0,10.0,1.0,0.0,1.0,"Disciplined, RiskTaker",0
2017-2018_Chelsea_Swansea,2017-2018,14,Chelsea,Swansea,H,1,23.0,16.0,1.0,0.0,1.0,"HighPressure, Disciplined, LowTempoController",0
2017-2018_Everton_West Ham,2017-2018,14,Everton,West Ham,H,4,15.0,8.0,3.0,0.0,3.0,"LowTempoController, LowTempoController",0
2017-2018_Man City_Southampton,2017-2018,14,Man City,Southampton,H,3,33.0,11.0,2.0,0.0,2.0,"RiskTaker, HighPressure, Disciplined",0
2017-2018_Stoke_Liverpool,2017-2018,14,Stoke,Liverpool,A,3,24.0,14.0,6.0,0.0,6.0,"AggressiveTackler, HighPressure, ChaosInducer, LowTempoController",1
2017-2018_Arsenal_Man United,2017-2018,15,Arsenal,Man United,A,4,41.0,13.0,5.0,1.0,7.0,"AggressiveTackler, RiskTaker, HighPressure, ChaosInducer",1
2017-2018_Brighton_Liverpool,2017-2018,15,Brighton,Liverpool,A,6,18.0,4.0,1.0,0.0,1.0,"RiskTaker, Disciplined",0
2017-2018_Chelsea_Newcastle,2017-2018,15,Chelsea,Newcastle,H,4,31.0,15.0,1.0,0.0,1.0,"RiskTaker, HighPressure, Disciplined",0
2017-2018_Everton_Huddersfield,2017-2018,15,Everton,Huddersfield,H,2,11.0,7.0,3.0,0.0,3.0,"LowTempoController, ChaosInducer",0
2017-2018_Leicester_Burnley,2017-2018,15,Leicester,Burnley,H,1,30.0,17.0,2.0,0.0,2.0,"HighPressure, Disciplined, LowTempoController, Opportunistic",0
2017-2018_Stoke_Swansea,2017-2018,15,Stoke,Swansea,H,3,20.0,8.0,2.0,0.0,2.0,"Disciplined, RiskTaker",0
2017-2018_Watford_Tottenham,2017-2018,15,Watford,Tottenham,D,2,14.0,9.0,5.0,1.0,7.0,"AggressiveTackler, ChaosInducer, LowTempoController",1
2017-2018_West Brom_Crystal Palace,2017-2018,15,West Brom,Crystal Palace,D,0,30.0,10.0,4.0,0.0,4.0,"HighPressure, Opportunistic",0
2017-2018_Bournemouth_Southampton,2017-2018,15,Bournemouth,Southampton,D,2,31.0,9.0,3.0,0.0,3.0,"HighPressure, Opportunistic",0
2017-2018_Man City_West Ham,2017-2018,15,Man City,West Ham,H,3,31.0,14.0,4.0,0.0,4.0,"RiskTaker, HighPressure",0
2017-2018_Burnley_Watford,2017-2018,16,Burnley,Watford,H,1,19.0,8.0,1.0,1.0,3.0,"Opportunistic, RiskTaker",0
2017-2018_Crystal Palace_Bournemouth,2017-2018,16,Crystal Palace,Bournemouth,D,4,35.0,9.0,7.0,0.0,7.0,"AggressiveTackler, RiskTaker, HighPressure, ChaosInducer",1
2017-2018_Huddersfield_Brighton,2017-2018,16,Huddersfield,Brighton,H,2,26.0,9.0,0.0,0.0,0.0,"Disciplined, AggressiveTackler",0
2017-2018_Newcastle_Leicester,2017-2018,16,Newcastle,Leicester,A,5,23.0,11.0,3.0,0.0,3.0,"RiskTaker, ChaosInducer",1
2017-2018_Swansea_West Brom,2017-2018,16,Swansea,West Brom,H,1,25.0,9.0,7.0,0.0,7.0,"AggressiveTackler, RiskTaker",0
2017-2018_Tottenham_Stoke,2017-2018,16,Tottenham,Stoke,H,6,24.0,18.0,1.0,0.0,1.0,"RiskTaker, HighPressure, Disciplined, LowTempoController",0
2017-2018_West Ham_Chelsea,2017-2018,16,West Ham,Chelsea,H,1,24.0,7.0,7.0,0.0,7.0,"AggressiveTackler, AggressiveTackler",0
2017-2018_Liverpool_Everton,2017-2018,16,Liverpool,Everton,D,2,26.0,13.0,4.0,0.0,4.0,"HighPressure, Disciplined",0
2017-2018_Man United_Man City,2017-2018,16,Man United,Man City,A,3,22.0,10.0,6.0,0.0,6.0,"AggressiveTackler, ChaosInducer",1
2017-2018_Southampton_Arsenal,2017-2018,16,Southampton,Arsenal,D,2,17.0,9.0,4.0,0.0,4.0,"LowTempoController, LowTempoController",0
2017-2018_Burnley_Stoke,2017-2018,17,Burnley,Stoke,H,1,24.0,10.0,0.0,0.0,0.0,"Disciplined, AggressiveTackler",0
2017-2018_Crystal Palace_Watford,2017-2018,17,Crystal Palace,Watford,H,3,21.0,10.0,3.0,1.0,5.0,"ChaosInducer, ChaosInducer",1
2017-2018_Huddersfield_Chelsea,2017-2018,17,Huddersfield,Chelsea,A,4,19.0,4.0,0.0,0.0,0.0,"Disciplined, DirectPlay",0
2017-2018_Liverpool_West Brom,2017-2018,17,Liverpool,West Brom,D,0,20.0,12.0,1.0,0.0,1.0,"Disciplined, LowTempoController",0
2017-2018_Man United_Bournemouth,2017-2018,17,Man United,Bournemouth,H,1,23.0,13.0,3.0,0.0,3.0,"LowTempoController, LowTempoController",0
2017-2018_Newcastle_Everton,2017-2018,17,Newcastle,Everton,A,1,23.0,5.0,3.0,1.0,5.0,"AggressiveTackler, LowTempoController",0
2017-2018_Southampton_Leicester,2017-2018,17,Southampton,Leicester,A,5,28.0,18.0,1.0,0.0,1.0,"RiskTaker, HighPressure, Disciplined, LowTempoController",0
2017-2018_Swansea_Man City,2017-2018,17,Swansea,Man City,A,4,30.0,7.0,0.0,0.0,0.0,"RiskTaker, Disciplined",0
2017-2018_Tottenham_Brighton,2017-2018,17,Tottenham,Brighton,H,2,32.0,12.0,2.0,0.0,2.0,"HighPressure, Disciplined, Opportunistic",0
2017-2018_West Ham_Arsenal,2017-2018,17,West Ham,Arsenal,D,0,28.0,8.0,1.0,0.0,1.0,"Disciplined, Opportunistic",0
2017-2018_Arsenal_Newcastle,2017-2018,18,Arsenal,Newcastle,H,1,33.0,12.0,3.0,0.0,3.0,"HighPressure, Opportunistic",0
2017-2018_Brighton_Burnley,2017-2018,18,Brighton,Burnley,D,0,23.0,10.0,6.0,0.0,6.0,"AggressiveTackler, Opportunistic",0
2017-2018_Chelsea_Southampton,2017-2018,18,Chelsea,Southampton,H,1,30.0,12.0,4.0,0.0,4.0,"HighPressure, Opportunistic",0
2017-2018_Leicester_Crystal Palace,2017-2018,18,Leicester,Crystal Palace,A,3,24.0,10.0,4.0,1.0,6.0,"AggressiveTackler, ChaosInducer",1
2017-2018_Man City_Tottenham,2017-2018,18,Man City,Tottenham,H,5,27.0,6.0,6.0,0.0,6.0,"AggressiveTackler, RiskTaker, ChaosInducer",1
2017-2018_Stoke_West Ham,2017-2018,18,Stoke,West Ham,A,3,31.0,16.0,3.0,0.0,3.0,"RiskTaker, HighPressure",1
2017-2018_Watford_Huddersfield,2017-2018,18,Watford,Huddersfield,A,5,28.0,15.0,3.0,2.0,7.0,"AggressiveTackler, RiskTaker, HighPressure, ChaosInducer",1
2017-2018_Bournemouth_Liverpool,2017-2018,18,Bournemouth,Liverpool,A,4,27.0,5.0,2.0,0.0,2.0,"RiskTaker, Disciplined",0
2017-2018_West Brom_Man United,2017-2018,18,West Brom,Man United,A,3,20.0,9.0,4.0,0.0,4.0,"LowTempoController, LowTempoController",0
2017-2018_Everton_Swansea,2017-2018,18,Everton,Swansea,H,4,20.0,9.0,5.0,0.0,5.0,"ChaosInducer, Disciplined",0
2017-2018_Arsenal_Liverpool,2017-2018,19,Arsenal,Liverpool,D,6,25.0,15.0,1.0,0.0,1.0,"RiskTaker, HighPressure, Disciplined, LowTempoController",0
2017-2018_Brighton_Watford,2017-2018,19,Brighton,Watford,H,1,27.0,10.0,0.0,0.0,0.0,"Disciplined, Opportunistic",0
2017-2018_Burnley_Tottenham,2017-2018,19,Burnley,Tottenham,A,3,23.0,8.0,3.0,0.0,3.0,"ChaosInducer, HighPressure",0
2017-2018_Everton_Chelsea,2017-2018,19,Everton,Chelsea,D,0,30.0,9.0,3.0,0.0,3.0,"Opportunistic, HighPressure",0
2017-2018_Leicester_Man United,2017-2018,19,Leicester,Man United,D,4,30.0,10.0,4.0,1.0,6.0,"AggressiveTackler, RiskTaker, HighPressure, ChaosInducer",1
2017-2018_Man City_Bournemouth,2017-2018,19,Man City,Bournemouth,H,4,19.0,10.0,1.0,0.0,1.0,"Disciplined, LowTempoController",0
2017-2018_Southampton_Huddersfield,2017-2018,19,Southampton,Huddersfield,D,2,22.0,10.0,3.0,0.0,3.0,"AggressiveTackler, LowTempoController",0
2017-2018_Stoke_West Brom,2017-2018,19,Stoke,West Brom,H,4,26.0,12.0,1.0,0.0,1.0,"RiskTaker, HighPressure, Disciplined",0
2017-2018_Swansea_Crystal Palace,2017-2018,19,Swansea,Crystal Palace,D,2,20.0,9.0,5.0,0.0,5.0,"AggressiveTackler, Disciplined",0
2017-2018_West Ham_Newcastle,2017-2018,19,West Ham,Newcastle,A,5,30.0,9.0,2.0,0.0,2.0,"RiskTaker, Disciplined",0
2017-2018_Bournemouth_West Ham,2017-2018,20,Bournemouth,West Ham,D,6,36.0,11.0,7.0,0.0,7.0,"AggressiveTackler, RiskTaker, HighPressure, ChaosInducer",1
2017-2018_Chelsea_Brighton,2017-2018,20,Chelsea,Brighton,H,2,33.0,14.0,1.0,0.0,1.0,"HighPressure, Disciplined, Opportunistic",0
2017-2018_Huddersfield_Stoke,2017-2018,20,Huddersfield,Stoke,D,2,33.0,13.0,6.0,0.0,6.0,"AggressiveTackler, HighPressure, Opportunistic",1
2017-2018_Liverpool_Swansea,2017-2018,20,Liverpool,Swansea,H,5,29.0,6.0,1.0,0.0,1.0,"RiskTaker, Disciplined",0
2017-2018_Man United_Burnley,2017-2018,20,Man United,Burnley,D,4,26.0,14.0,10.0,0.0,10.0,"AggressiveTackler, RiskTaker, HighPressure, ChaosInducer, LowTempoController",1
2017-2018_Tottenham_Southampton,2017-2018,20,Tottenham,Southampton,H,7,32.0,11.0,2.0,0.0,2.0,"RiskTaker, HighPressure, ChaosInducer, Disciplined",1
2017-2018_Watford_Leicester,2017-2018,20,Watford,Leicester,H,3,22.0,16.0,6.0,0.0,6.0,"AggressiveTackler, HighPressure, ChaosInducer, LowTempoController",1
2017-2018_West Brom_Everton,2017-2018,20,West Brom,Everton,D,0,24.0,12.0,2.0,0.0,2.0,"Disciplined, Disciplined",0
2017-2018_Newcastle_Man City,2017-2018,20,Newcastle,Man City,A,1,28.0,11.0,1.0,0.0,1.0,"HighPressure, Disciplined, Opportunistic",0
2017-2018_Crystal Palace_Arsenal,2017-2018,20,Crystal Palace,Arsenal,A,5,32.0,9.0,1.0,0.0,1.0,"RiskTaker, HighPressure, Disciplined",0
2017-2018_Bournemouth_Everton,2017-2018,21,Bournemouth,Everton,H,3,25.0,8.0,0.0,0.0,0.0,"Disciplined, RiskTaker",0
2017-2018_Chelsea_Stoke,2017-2018,21,Chelsea,Stoke,H,5,22.0,7.0,2.0,0.0,2.0,"RiskTaker, Disciplined",0
2017-2018_Huddersfield_Burnley,2017-2018,21,Huddersfield,Burnley,D,0,14.0,9.0,3.0,0.0,3.0,"LowTempoController, Opportunistic",0
2017-2018_Liverpool_Leicester,2017-2018,21,Liverpool,Leicester,H,3,24.0,8.0,5.0,0.0,5.0,"ChaosInducer, Disciplined",0
2017-2018_Man United_Southampton,2017-2018,21,Man United,Southampton,D,0,23.0,17.0,6.0,0.0,6.0,"AggressiveTackler, HighPressure, LowTempoController",0
2017-2018_Newcastle_Brighton,2017-2018,21,Newcastle,Brighton,D,0,21.0,9.0,4.0,0.0,4.0,"RiskTaker, ChaosInducer",1
2017-2018_Watford_Swansea,2017-2018,21,Watford,Swansea,A,3,18.0,9.0,6.0,0.0,6.0,"AggressiveTackler, ChaosInducer",1
2017-2018_Crystal Palace_Man City,2017-2018,21,Crystal Palace,Man City,D,0,25.0,15.0,9.0,0.0,9.0,"AggressiveTackler, HighPressure, ChaosInducer, LowTempoController",1
2017-2018_West Brom_Arsenal,2017-2018,21,West Brom,Arsenal,D,2,28.0,11.0,6.0,0.0,6.0,"AggressiveTackler, HighPressure, Opportunistic",1
2017-2018_Brighton_Bournemouth,2017-2018,22,Brighton,Bournemouth,D,4,41.0,17.0,3.0,0.0,3.0,"RiskTaker, HighPressure",1
2017-2018_Burnley_Liverpool,2017-2018,22,Burnley,Liverpool,A,3,32.0,12.0,0.0,0.0,0.0,"RiskTaker, HighPressure, Disciplined",0
2017-2018_Everton_Man United,2017-2018,22,Everton,Man United,A,2,33.0,12.0,2.0,0.0,2.0,"HighPressure, Disciplined, Opportunistic",0
2017-2018_Leicester_Huddersfield,2017-2018,22,Leicester,Huddersfield,H,3,17.0,5.0,2.0,0.0,2.0,"Disciplined, AggressiveTackler",0
2017-2018_Stoke_Newcastle,2017-2018,22,Stoke,Newcastle,A,1,25.0,15.0,4.0,0.0,4.0,"HighPressure, LowTempoController",0
2017-2018_Man City_Watford,2017-2018,22,Man City,Watford,H,4,24.0,10.0,2.0,0.0,2.0,"RiskTaker, Disciplined",0
2017-2018_Southampton_Crystal Palace,2017-2018,22,Southampton,Crystal Palace,A,3,21.0,11.0,1.0,0.0,1.0,"Disciplined, LowTempoController",0
2017-2018_Swansea_Tottenham,2017-2018,22,Swansea,Tottenham,A,2,20.0,11.0,4.0,0.0,4.0,"LowTempoController, DirectPlay",0
2017-2018_West Ham_West Brom,2017-2018,22,West Ham,West Brom,H,3,23.0,7.0,5.0,0.0,5.0,"ChaosInducer, ChaosInducer",1
2017-2018_Arsenal_Chelsea,2017-2018,22,Arsenal,Chelsea,D,4,33.0,18.0,5.0,0.0,5.0,"RiskTaker, HighPressure, ChaosInducer",1
2017-2018_Tottenham_West Ham,2017-2018,22,Tottenham,West Ham,D,2,34.0,8.0,2.0,0.0,2.0,"HighPressure, Disciplined, Opportunistic",0
2017-2018_Chelsea_Leicester,2017-2018,23,Chelsea,Leicester,D,0,31.0,9.0,4.0,1.0,6.0,"AggressiveTackler, HighPressure, Opportunistic",1
2017-2018_Crystal Palace_Burnley,2017-2018,23,Crystal Palace,Burnley,H,1,25.0,5.0,3.0,0.0,3.0,"Disciplined, ChaosInducer",0
2017-2018_Huddersfield_West Ham,2017-2018,23,Huddersfield,West Ham,A,5,16.0,10.0,2.0,0.0,2.0,"Disciplined, LowTempoController",0
2017-2018_Newcastle_Swansea,2017-2018,23,Newcastle,Swansea,D,2,20.0,9.0,3.0,0.0,3.0,"ChaosInducer, Opportunistic",0
2017-2018_Tottenham_Everton,2017-2018,23,Tottenham,Everton,H,4,27.0,6.0,2.0,0.0,2.0,"RiskTaker, Disciplined",0
2017-2018_Watford_Southampton,2017-2018,23,Watford,Southampton,D,4,26.0,9.0,5.0,0.0,5.0,"RiskTaker, ChaosInducer",1
2017-2018_West Brom_Brighton,2017-2018,23,West Brom,Brighton,H,2,28.0,15.0,0.0,0.0,0.0,"HighPressure, Disciplined, Opportunistic",0
2017-2018_Bournemouth_Arsenal,2017-2018,23,Bournemouth,Arsenal,H,3,25.0,9.0,4.0,0.0,4.0,"Opportunistic, Opportunistic",0
2017-2018_Liverpool_Man City,2017-2018,23,Liverpool,Man City,H,7,27.0,11.0,5.0,0.0,5.0,"RiskTaker, ChaosInducer",1
2017-2018_Man United_Stoke,2017-2018,23,Man United,Stoke,H,3,31.0,7.0,3.0,0.0,3.0,"RiskTaker, ChaosInducer",1
2017-2018_Arsenal_Crystal Palace,2017-2018,24,Arsenal,Crystal Palace,H,5,25.0,15.0,0.0,0.0,0.0,"RiskTaker, HighPressure, Disciplined, LowTempoController",0
2017-2018_Brighton_Chelsea,2017-2018,24,Brighton,Chelsea,A,4,24.0,8.0,3.0,0.0,3.0,"RiskTaker, Disciplined",0
2017-2018_Burnley_Man United,2017-2018,24,Burnley,Man United,A,1,25.0,9.0,6.0,0.0,6.0,"AggressiveTackler, DirectPlay",0
2017-2018_Everton_West Brom,2017-2018,24,Everton,West Brom,D,2,24.0,3.0,3.0,0.0,3.0,"LowTempoController, ChaosInducer",0
2017-2018_Leicester_Watford,2017-2018,24,Leicester,Watford,H,2,20.0,9.0,0.0,0.0,0.0,"Disciplined, RiskTaker",0
2017-2018_Man City_Newcastle,2017-2018,24,Man City,Newcastle,H,4,27.0,18.0,1.0,0.0,1.0,"RiskTaker, HighPressure, Disciplined, LowTempoController",0
2017-2018_Stoke_Huddersfield,2017-2018,24,Stoke,Huddersfield,H,2,17.0,5.0,2.0,0.0,2.0,"Disciplined, Disciplined",0
2017-2018_West Ham_Bournemouth,2017-2018,24,West Ham,Bournemouth,D,2,20.0,9.0,4.0,0.0,4.0,"ChaosInducer, DirectPlay",0
2017-2018_Southampton_Tottenham,2017-2018,24,Southampton,Tottenham,D,2,27.0,11.0,5.0,0.0,5.0,"Opportunistic, LowTempoController",0
2017-2018_Swansea_Liverpool,2017-2018,24,Swansea,Liverpool,H,1,24.0,12.0,2.0,0.0,2.0,"Disciplined, Opportunistic",0
2017-2018_Huddersfield_Liverpool,2017-2018,25,Huddersfield,Liverpool,A,3,19.0,5.0,0.0,0.0,0.0,"Disciplined, Disciplined",0
2017-2018_Swansea_Arsenal,2017-2018,25,Swansea,Arsenal,H,4,21.0,7.0,3.0,0.0,3.0,"HighPressure, LowTempoController",0
2017-2018_West Ham_Crystal Palace,2017-2018,25,West Ham,Crystal Palace,D,2,17.0,8.0,4.0,0.0,4.0,"RiskTaker, ChaosInducer",1
2017-2018_Chelsea_Bournemouth,2017-2018,25,Chelsea,Bournemouth,A,3,32.0,13.0,1.0,0.0,1.0,"RiskTaker, HighPressure, Disciplined",0
2017-2018_Everton_Leicester,2017-2018,25,Everton,Leicester,H,3,17.0,10.0,2.0,0.0,2.0,"Disciplined, LowTempoController",0
2017-2018_Man City_West Brom,2017-2018,25,Man City,West Brom,H,3,22.0,10.0,4.0,0.0,4.0,"DirectPlay, HighPressure",0
2017-2018_Newcastle_Burnley,2017-2018,25,Newcastle,Burnley,D,2,25.0,11.0,3.0,0.0,3.0,"DirectPlay, HighPressure",0
2017-2018_Southampton_Brighton,2017-2018,25,Southampton,Brighton,D,2,27.0,9.0,4.0,0.0,4.0,"Opportunistic, Disciplined",0
2017-2018_Stoke_Watford,2017-2018,25,Stoke,Watford,D,0,23.0,8.0,7.0,0.0,7.0,"AggressiveTackler, HighPressure",1
2017-2018_Tottenham_Man United,2017-2018,25,Tottenham,Man United,H,2,28.0,9.0,4.0,0.0,4.0,"Opportunistic, RiskTaker",0
2017-2018_Arsenal_Everton,2017-2018,26,Arsenal,Everton,H,6,26.0,10.0,2.0,0.0,2.0,"RiskTaker, ChaosInducer, Disciplined",0
2017-2018_Bournemouth_Stoke,2017-2018,26,Bournemouth,Stoke,H,3,28.0,9.0,5.0,0.0,5.0,"RiskTaker, ChaosInducer",1
2017-2018_Brighton_West Ham,2017-2018,26,Brighton,West Ham,H,4,25.0,5.0,4.0,0.0,4.0,"RiskTaker, ChaosInducer",1
2017-2018_Burnley_Man City,2017-2018,26,Burnley,Man City,D,2,28.0,16.0,5.0,0.0,5.0,"HighPressure, LowTempoController, Opportunistic",0
2017-2018_Leicester_Swansea,2017-2018,26,Leicester,Swansea,D,2,16.0,6.0,1.0,0.0,1.0,"Disciplined, RiskTaker",0
2017-2018_Man United_Huddersfield,2017-2018,26,Man United,Huddersfield,H,2,20.0,7.0,6.0,0.0,6.0,"AggressiveTackler, AggressiveTackler",1
2017-2018_West Brom_Southampton,2017-2018,26,West Brom,Southampton,A,5,22.0,12.0,3.0,0.0,3.0,"RiskTaker, ChaosInducer, LowTempoController",1
2017-2018_Crystal Palace_Newcastle,2017-2018,26,Crystal Palace,Newcastle,D,2,32.0,11.0,2.0,0.0,2.0,"HighPressure, Disciplined, Opportunistic",0
2017-2018_Liverpool_Tottenham,2017-2018,26,Liverpool,Tottenham,D,4,22.0,10.0,4.0,0.0,4.0,"ChaosInducer, RiskTaker",1
2017-2018_Watford_Chelsea,2017-2018,26,Watford,Chelsea,H,5,28.0,8.0,4.0,1.0,6.0,"AggressiveTackler, RiskTaker, ChaosInducer",1
2017-2018_Everton_Crystal Palace,2017-2018,27,Everton,Crystal Palace,H,4,27.0,15.0,2.0,0.0,2.0,"RiskTaker, HighPressure, Disciplined, LowTempoController",0
2017-2018_Man City_Leicester,2017-2018,27,Man City,Leicester,H,6,21.0,10.0,5.0,0.0,5.0,"RiskTaker, ChaosInducer",1
2017-2018_Stoke_Brighton,2017-2018,27,Stoke,Brighton,D,2,29.0,11.0,0.0,0.0,0.0,"HighPressure, Disciplined, Opportunistic",0
2017-2018_Swansea_Burnley,2017-2018,27,Swansea,Burnley,H,1,25.0,7.0,3.0,0.0,3.0,"LowTempoController, HighPressure",0
2017-2018_Tottenham_Arsenal,2017-2018,27,Tottenham,Arsenal,H,1,24.0,12.0,3.0,0.0,3.0,"RiskTaker, Disciplined",0
2017-2018_West Ham_Watford,2017-2018,27,West Ham,Watford,H,2,19.0,15.0,2.0,0.0,2.0,"Disciplined, LowTempoController",0
2017-2018_Huddersfield_Bournemouth,2017-2018,27,Huddersfield,Bournemouth,H,5,22.0,8.0,3.0,0.0,3.0,"RiskTaker, ChaosInducer",1
2017-2018_Newcastle_Man United,2017-2018,27,Newcastle,Man United,H,1,23.0,10.0,2.0,0.0,2.0,"Disciplined, DirectPlay",0
2017-2018_Southampton_Liverpool,2017-2018,27,Southampton,Liverpool,A,2,22.0,4.0,3.0,0.0,3.0,"Opportunistic, DirectPlay",0
2017-2018_Chelsea_West Brom,2017-2018,27,Chelsea,West Brom,H,3,28.0,15.0,2.0,0.0,2.0,"RiskTaker, HighPressure, Disciplined",0
2017-2018_Bournemouth_Newcastle,2017-2018,28,Bournemouth,Newcastle,D,4,33.0,9.0,5.0,0.0,5.0,"RiskTaker, HighPressure, ChaosInducer",1
2017-2018_Brighton_Swansea,2017-2018,28,Brighton,Swansea,H,5,27.0,8.0,1.0,0.0,1.0,"RiskTaker, Disciplined",0
2017-2018_Burnley_Southampton,2017-2018,28,Burnley,Southampton,D,2,22.0,12.0,1.0,0.0,1.0,"Disciplined, LowTempoController",0
2017-2018_Leicester_Stoke,2017-2018,28,Leicester,Stoke,D,2,25.0,14.0,4.0,0.0,4.0,"HighPressure, LowTempoController",0
2017-2018_Liverpool_West Ham,2017-2018,28,Liverpool,West Ham,H,5,28.0,10.0,2.0,0.0,2.0,"RiskTaker, Disciplined",0
2017-2018_Watford_Everton,2017-2018,28,Watford,Everton,H,1,20.0,11.0,4.0,0.0,4.0,"LowTempoController, AggressiveTackler",0
2017-2018_West Brom_Huddersfield,2017-2018,28,West Brom,Huddersfield,A,3,26.0,9.0,2.0,0.0,2.0,"Disciplined, DirectPlay",0
2017-2018_Crystal Palace_Tottenham,2017-2018,28,Crystal Palace,Tottenham,A,1,19.0,15.0,1.0,0.0,1.0,"Disciplined, LowTempoController",0
2017-2018_Man United_Chelsea,2017-2018,28,Man United,Chelsea,H,3,24.0,7.0,4.0,0.0,4.0,"HighPressure, AggressiveTackler",0
2017-2018_Arsenal_Man City,2017-2018,28,Arsenal,Man City,A,3,19.0,7.0,2.0,0.0,2.0,"Disciplined, HighPressure",0
2017-2018_Burnley_Everton,2017-2018,29,Burnley,Everton,H,3,31.0,14.0,2.0,1.0,4.0,"RiskTaker, HighPressure",1
2017-2018_Leicester_Bournemouth,2017-2018,29,Leicester,Bournemouth,D,2,31.0,14.0,3.0,0.0,3.0,"HighPressure, Opportunistic",0
2017-2018_Liverpool_Newcastle,2017-2018,29,Liverpool,Newcastle,H,2,21.0,11.0,0.0,0.0,0.0,"Disciplined, LowTempoController",0
2017-2018_Southampton_Stoke,2017-2018,29,Southampton,Stoke,D,0,30.0,19.0,1.0,0.0,1.0,"HighPressure, Disciplined, LowTempoController, Opportunistic",0
2017-2018_Swansea_West Ham,2017-2018,29,Swansea,West Ham,H,5,16.0,9.0,3.0,0.0,3.0,"ChaosInducer, LowTempoController",0
2017-2018_Tottenham_Huddersfield,2017-2018,29,Tottenham,Huddersfield,H,2,18.0,9.0,2.0,0.0,2.0,"Disciplined, Disciplined",0
2017-2018_Watford_West Brom,2017-2018,29,Watford,West Brom,H,1,24.0,10.0,2.0,0.0,2.0,"Disciplined, AggressiveTackler",0
2017-2018_Brighton_Arsenal,2017-2018,29,Brighton,Arsenal,H,3,28.0,17.0,6.0,0.0,6.0,"AggressiveTackler, RiskTaker, HighPressure, ChaosInducer, LowTempoController",1
2017-2018_Man City_Chelsea,2017-2018,29,Man City,Chelsea,H,1,16.0,7.0,3.0,0.0,3.0,"ChaosInducer, LowTempoController",0
2017-2018_Crystal Palace_Man United,2017-2018,29,Crystal Palace,Man United,A,5,27.0,10.0,4.0,0.0,4.0,"RiskTaker, ChaosInducer",1
2017-2018_Chelsea_Crystal Palace,2017-2018,30,Chelsea,Crystal Palace,H,3,36.0,15.0,3.0,0.0,3.0,"RiskTaker, HighPressure",1
2017-2018_Everton_Brighton,2017-2018,30,Everton,Brighton,H,2,23.0,13.0,1.0,1.0,3.0,"LowTempoController, LowTempoController",0
2017-2018_Huddersfield_Swansea,2017-2018,30,Huddersfield,Swansea,D,0,30.0,12.0,5.0,1.0,7.0,"AggressiveTackler, HighPressure, Opportunistic",1
2017-2018_Man United_Liverpool,2017-2018,30,Man United,Liverpool,H,3,19.0,14.0,3.0,0.0,3.0,"LowTempoController, HighPressure",0
2017-2018_Newcastle_Southampton,2017-2018,30,Newcastle,Southampton,H,3,13.0,8.0,2.0,0.0,2.0,"Disciplined, LowTempoController",0
2017-2018_West Brom_Leicester,2017-2018,30,West Brom,Leicester,A,5,20.0,13.0,4.0,0.0,4.0,"RiskTaker, ChaosInducer, LowTempoController",1
2017-2018_West Ham_Burnley,2017-2018,30,West Ham,Burnley,A,3,20.0,6.0,4.0,0.0,4.0,"DirectPlay, Opportunistic",0
2017-2018_Arsenal_Watford,2017-2018,30,Arsenal,Watford,H,3,22.0,13.0,3.0,0.0,3.0,"LowTempoController, Opportunistic",0
2017-2018_Bournemouth_Tottenham,2017-2018,30,Bournemouth,Tottenham,A,5,26.0,9.0,2.0,0.0,2.0,"RiskTaker, Disciplined",0
2017-2018_Stoke_Man City,2017-2018,30,Stoke,Man City,A,2,20.0,13.0,1.0,0.0,1.0,"Disciplined, LowTempoController",0
2017-2018_Bournemouth_West Brom,2017-2018,31,Bournemouth,West Brom,H,3,28.0,5.0,3.0,0.0,3.0,"RiskTaker, ChaosInducer",1
2017-2018_Huddersfield_Crystal Palace,2017-2018,31,Huddersfield,Crystal Palace,A,2,23.0,11.0,5.0,0.0,5.0,"AggressiveTackler, ChaosInducer",1
2017-2018_Liverpool_Watford,2017-2018,31,Liverpool,Watford,H,5,17.0,7.0,1.0,0.0,1.0,"Disciplined, ChaosInducer",0
2017-2018_Stoke_Everton,2017-2018,31,Stoke,Everton,A,3,26.0,10.0,2.0,1.0,4.0,"DirectPlay, Opportunistic",0
2017-2018_Brighton_Leicester,2017-2018,32,Brighton,Leicester,A,2,21.0,7.0,6.0,1.0,8.0,"AggressiveTackler, ChaosInducer",1
2017-2018_Crystal Palace_Liverpool,2017-2018,32,Crystal Palace,Liverpool,A,3,22.0,10.0,4.0,0.0,4.0,"AggressiveTackler, Disciplined",0
2017-2018_Everton_Man City,2017-2018,32,Everton,Man City,A,4,24.0,13.0,0.0,0.0,0.0,"RiskTaker, HighPressure, Disciplined, LowTempoController",0
2017-2018_Man United_Swansea,2017-2018,32,Man United,Swansea,H,2,14.0,6.0,0.0,0.0,0.0,"Disciplined, DirectPlay",0
2017-2018_Newcastle_Huddersfield,2017-2018,32,Newcastle,Huddersfield,H,1,22.0,6.0,5.0,0.0,5.0,"ChaosInducer, ChaosInducer",0
2017-2018_Watford_Bournemouth,2017-2018,32,Watford,Bournemouth,D,4,29.0,11.0,4.0,0.0,4.0,"RiskTaker, HighPressure, ChaosInducer",1
2017-2018_West Brom_Burnley,2017-2018,32,West Brom,Burnley,A,3,19.0,7.0,4.0,0.0,4.0,"Disciplined, ChaosInducer",0
2017-2018_West Ham_Southampton,2017-2018,32,West Ham,Southampton,H,3,22.0,14.0,3.0,0.0,3.0,"LowTempoController, ChaosInducer",0
2017-2018_Arsenal_Stoke,2017-2018,32,Arsenal,Stoke,H,3,32.0,11.0,3.0,0.0,3.0,"RiskTaker, HighPressure",0
2017-2018_Chelsea_Tottenham,2017-2018,32,Chelsea,Tottenham,A,4,26.0,10.0,1.0,0.0,1.0,"RiskTaker, Disciplined",0
2017-2018_Bournemouth_Crystal Palace,2017-2018,33,Bournemouth,Crystal Palace,D,4,33.0,14.0,4.0,0.0,4.0,"RiskTaker, HighPressure, ChaosInducer",1
2017-2018_Brighton_Huddersfield,2017-2018,33,Brighton,Huddersfield,D,2,27.0,8.0,1.0,1.0,3.0,"Opportunistic, ChaosInducer",0
2017-2018_Everton_Liverpool,2017-2018,33,Everton,Liverpool,D,0,16.0,5.0,0.0,0.0,0.0,"Disciplined, LowTempoController",0
2017-2018_Leicester_Newcastle,2017-2018,33,Leicester,Newcastle,A,3,16.0,12.0,4.0,0.0,4.0,"LowTempoController, DirectPlay",0
2017-2018_Man City_Man United,2017-2018,33,Man City,Man United,A,5,25.0,12.0,9.0,0.0,9.0,"AggressiveTackler, RiskTaker, ChaosInducer",1
2017-2018_Stoke_Tottenham,2017-2018,33,Stoke,Tottenham,A,3,25.0,9.0,7.0,0.0,7.0,"AggressiveTackler, ChaosInducer",1
2017-2018_Watford_Burnley,2017-2018,33,Watford,Burnley,A,3,21.0,12.0,4.0,0.0,4.0,"LowTempoController, RiskTaker",0
2017-2018_West Brom_Swansea,2017-2018,33,West Brom,Swansea,D,2,22.0,6.0,5.0,0.0,5.0,"DirectPlay, Disciplined",0
2017-2018_Arsenal_Southampton,2017-2018,33,Arsenal,Southampton,H,5,28.0,14.0,3.0,2.0,7.0,"AggressiveTackler, RiskTaker, HighPressure, ChaosInducer",1
2017-2018_Chelsea_West Ham,2017-2018,33,Chelsea,West Ham,D,2,28.0,16.0,1.0,0.0,1.0,"HighPressure, Disciplined, LowTempoController, Opportunistic",0
2017-2018_Burnley_Leicester,2017-2018,34,Burnley,Leicester,H,3,23.0,12.0,3.0,0.0,3.0,"ChaosInducer, DirectPlay",1
2017-2018_Crystal Palace_Brighton,2017-2018,34,Crystal Palace,Brighton,H,5,27.0,11.0,5.0,0.0,5.0,"RiskTaker, ChaosInducer",1
2017-2018_Huddersfield_Watford,2017-2018,34,Huddersfield,Watford,H,1,13.0,15.0,4.0,0.0,4.0,"LowTempoController, LowTempoController",0
2017-2018_Liverpool_Bournemouth,2017-2018,34,Liverpool,Bournemouth,H,3,26.0,12.0,2.0,0.0,2.0,"HighPressure, Disciplined",0
2017-2018_Southampton_Chelsea,2017-2018,34,Southampton,Chelsea,A,5,27.0,11.0,8.0,0.0,8.0,"AggressiveTackler, RiskTaker, ChaosInducer",1
2017-2018_Swansea_Everton,2017-2018,34,Swansea,Everton,D,2,29.0,9.0,2.0,0.0,2.0,"Disciplined, Opportunistic",0
2017-2018_Tottenham_Man City,2017-2018,34,Tottenham,Man City,A,4,25.0,12.0,7.0,0.0,7.0,"AggressiveTackler, RiskTaker, ChaosInducer",1
2017-2018_Man United_West Brom,2017-2018,34,Man United,West Brom,A,1,24.0,8.0,2.0,0.0,2.0,"Disciplined, Opportunistic",0
2017-2018_Newcastle_Arsenal,2017-2018,34,Newcastle,Arsenal,H,3,23.0,7.0,1.0,0.0,1.0,"Disciplined, Disciplined",0
2017-2018_West Ham_Stoke,2017-2018,34,West Ham,Stoke,D,2,29.0,11.0,5.0,0.0,5.0,"HighPressure, Opportunistic",0
2017-2018_Brighton_Tottenham,2017-2018,34,Brighton,Tottenham,D,2,24.0,7.0,1.0,0.0,1.0,"Disciplined, HighPressure",0
2017-2018_Bournemouth_Man United,2017-2018,34,Bournemouth,Man United,A,2,26.0,13.0,4.0,0.0,4.0,"HighPressure, DirectPlay",0
2017-2018_Burnley_Chelsea,2017-2018,34,Burnley,Chelsea,A,3,21.0,5.0,1.0,0.0,1.0,"Disciplined, HighPressure",0
2017-2018_Leicester_Southampton,2017-2018,34,Leicester,Southampton,D,0,17.0,14.0,0.0,0.0,0.0,"Disciplined, LowTempoController",0
2017-2018_Watford_Crystal Palace,2017-2018,35,Watford,Crystal Palace,D,0,20.0,7.0,8.0,0.0,8.0,"AggressiveTackler, ChaosInducer",1
2017-2018_West Brom_Liverpool,2017-2018,35,West Brom,Liverpool,D,4,22.0,11.0,1.0,0.0,1.0,"Disciplined, LowTempoController",0
2017-2018_Arsenal_West Ham,2017-2018,35,Arsenal,West Ham,H,5,31.0,14.0,5.0,0.0,5.0,"RiskTaker, HighPressure, ChaosInducer",1
2017-2018_Man City_Swansea,2017-2018,35,Man City,Swansea,H,5,23.0,6.0,1.0,0.0,1.0,"RiskTaker, Disciplined",0
2017-2018_Stoke_Burnley,2017-2018,35,Stoke,Burnley,D,2,24.0,11.0,3.0,0.0,3.0,"LowTempoController, DirectPlay",0
2017-2018_Everton_Newcastle,2017-2018,35,Everton,Newcastle,H,1,18.0,10.0,3.0,0.0,3.0,"LowTempoController, Disciplined",0
2017-2018_Burnley_Brighton,2017-2018,36,Burnley,Brighton,D,0,19.0,7.0,2.0,0.0,2.0,"Disciplined, Disciplined",0
2017-2018_Crystal Palace_Leicester,2017-2018,36,Crystal Palace,Leicester,H,5,21.0,10.0,2.0,1.0,4.0,"RiskTaker, ChaosInducer",1
2017-2018_Huddersfield_Everton,2017-2018,36,Huddersfield,Everton,A,2,16.0,7.0,1.0,0.0,1.0,"Disciplined, LowTempoController",0
2017-2018_Liverpool_Stoke,2017-2018,36,Liverpool,Stoke,D,0,25.0,11.0,3.0,0.0,3.0,"Disciplined, LowTempoController",0
2017-2018_Newcastle_West Brom,2017-2018,36,Newcastle,West Brom,A,1,26.0,6.0,4.0,0.0,4.0,"DirectPlay, RiskTaker",0
2017-2018_Southampton_Bournemouth,2017-2018,36,Southampton,Bournemouth,H,3,28.0,13.0,6.0,0.0,6.0,"AggressiveTackler, RiskTaker, HighPressure, ChaosInducer",1
2017-2018_Swansea_Chelsea,2017-2018,36,Swansea,Chelsea,A,1,21.0,3.0,2.0,0.0,2.0,"Disciplined, LowTempoController",0
2017-2018_Man United_Arsenal,2017-2018,36,Man United,Arsenal,H,3,25.0,9.0,1.0,0.0,1.0,"Disciplined, HighPressure",0
2017-2018_West Ham_Man City,2017-2018,36,West Ham,Man City,A,5,23.0,7.0,1.0,0.0,1.0,"RiskTaker, Disciplined",0
2017-2018_Tottenham_Watford,2017-2018,36,Tottenham,Watford,H,2,26.0,4.0,1.0,0.0,1.0,"Disciplined, Disciplined",0
2017-2018_Brighton_Man United,2017-2018,37,Brighton,Man United,H,1,27.0,11.0,2.0,0.0,2.0,"Disciplined, Opportunistic",0
2017-2018_Bournemouth_Swansea,2017-2018,37,Bournemouth,Swansea,H,1,25.0,17.0,5.0,0.0,5.0,"HighPressure, LowTempoController",0
2017-2018_Everton_Southampton,2017-2018,37,Everton,Southampton,D,2,20.0,7.0,6.0,1.0,8.0,"AggressiveTackler, ChaosInducer",1
2017-2018_Leicester_West Ham,2017-2018,37,Leicester,West Ham,A,2,26.0,11.0,3.0,0.0,3.0,"LowTempoController, LowTempoController",0
2017-2018_Stoke_Crystal Palace,2017-2018,37,Stoke,Crystal Palace,A,3,20.0,8.0,7.0,0.0,7.0,"AggressiveTackler, ChaosInducer",1
2017-2018_Watford_Newcastle,2017-2018,37,Watford,Newcastle,H,3,20.0,7.0,3.0,0.0,3.0,"DirectPlay, Disciplined",0
2017-2018_West Brom_Tottenham,2017-2018,37,West Brom,Tottenham,H,1,27.0,14.0,5.0,0.0,5.0,"HighPressure, Opportunistic",0
2017-2018_Arsenal_Burnley,2017-2018,37,Arsenal,Burnley,H,5,22.0,9.0,1.0,0.0,1.0,"RiskTaker, Disciplined",0
2017-2018_Chelsea_Liverpool,2017-2018,37,Chelsea,Liverpool,H,1,22.0,4.0,5.0,0.0,5.0,"RiskTaker, DirectPlay",0
2017-2018_Man City_Huddersfield,2017-2018,37,Man City,Huddersfield,D,0,20.0,11.0,3.0,0.0,3.0,"LowTempoController, RiskTaker",0
2017-2018_Swansea_Southampton,2017-2018,37,Swansea,Southampton,A,1,24.0,13.0,3.0,0.0,3.0,"HighPressure, LowTempoController",0
2017-2018_Chelsea_Huddersfield,2017-2018,37,Chelsea,Huddersfield,D,2,25.0,9.0,1.0,0.0,1.0,"Disciplined, Opportunistic",0
2017-2018_Leicester_Arsenal,2017-2018,37,Leicester,Arsenal,H,4,33.0,12.0,4.0,1.0,6.0,"AggressiveTackler, RiskTaker, HighPressure, ChaosInducer",1
2017-2018_Man City_Brighton,2017-2018,37,Man City,Brighton,H,4,25.0,7.0,1.0,0.0,1.0,"RiskTaker, Disciplined",0
2017-2018_Tottenham_Newcastle,2017-2018,37,Tottenham,Newcastle,H,1,25.0,10.0,5.0,0.0,5.0,"DirectPlay, Disciplined",0
2017-2018_West Ham_Man United,2017-2018,37,West Ham,Man United,D,0,25.0,7.0,2.0,0.0,2.0,"Disciplined, AggressiveTackler",0
2017-2018_Burnley_Bournemouth,2017-2018,38,Burnley,Bournemouth,A,3,28.0,15.0,0.0,0.0,0.0,"RiskTaker, HighPressure, Disciplined",0
2017-2018_Crystal Palace_West Brom,2017-2018,38,Crystal Palace,West Brom,H,2,18.0,6.0,5.0,0.0,5.0,"Disciplined, Disciplined",0
2017-2018_Huddersfield_Arsenal,2017-2018,38,Huddersfield,Arsenal,A,1,27.0,11.0,1.0,0.0,1.0,"Disciplined, Opportunistic",0
2017-2018_Liverpool_Brighton,2017-2018,38,Liverpool,Brighton,H,4,24.0,10.0,0.0,0.0,0.0,"RiskTaker, Disciplined",0
2017-2018_Man United_Watford,2017-2018,38,Man United,Watford,H,1,14.0,11.0,4.0,0.0,4.0,"LowTempoController, RiskTaker",0
2017-2018_Newcastle_Chelsea,2017-2018,38,Newcastle,Chelsea,H,3,22.0,6.0,1.0,0.0,1.0,"Disciplined, RiskTaker",0
2017-2018_Southampton_Man City,2017-2018,38,Southampton,Man City,A,1,21.0,13.0,4.0,0.0,4.0,"LowTempoController, Disciplined",0
2017-2018_Swansea_Stoke,2017-2018,38,Swansea,Stoke,A,3,34.0,6.0,3.0,0.0,3.0,"RiskTaker, Disciplined",0
2017-2018_Tottenham_Leicester,2017-2018,38,Tottenham,Leicester,H,9,30.0,8.0,3.0,0.0,3.0,"RiskTaker, ChaosInducer",1
2017-2018_West Ham_Everton,2017-2018,38,West Ham,Everton,H,4,29.0,12.0,1.0,0.0,1.0,"RiskTaker, HighPressure, Disciplined",0
2018-2019_Man United_Leicester,2018-2019,1,Man United,Leicester,H,3,21.0,7.0,3.0,0.0,3.0,"Disciplined, RiskTaker",0
2018-2019_Bournemouth_Cardiff,2018-2019,1,Bournemouth,Cardiff,H,2,22.0,11.0,2.0,0.0,2.0,"Disciplined, Disciplined",0
2018-2019_Fulham_Crystal Palace,2018-2019,1,Fulham,Crystal Palace,A,2,25.0,10.0,3.0,0.0,3.0,"Disciplined, Opportunistic",0
2018-2019_Huddersfield_Chelsea,2018-2019,1,Huddersfield,Chelsea,A,3,19.0,7.0,3.0,0.0,3.0,"ChaosInducer, AggressiveTackler",1
2018-2019_Newcastle_Tottenham,2018-2019,1,Newcastle,Tottenham,A,3,30.0,8.0,4.0,0.0,4.0,"RiskTaker, HighPressure",0
2018-2019_Watford_Brighton,2018-2019,1,Watford,Brighton,H,2,25.0,10.0,4.0,0.0,4.0,"AggressiveTackler, ChaosInducer",1
2018-2019_Wolves_Everton,2018-2019,1,Wolves,Everton,D,4,17.0,9.0,1.0,1.0,3.0,"LowTempoController, HighPressure",0
2018-2019_Arsenal_Man City,2018-2019,1,Arsenal,Man City,A,2,26.0,11.0,4.0,0.0,4.0,"DirectPlay, Disciplined",0
2018-2019_Liverpool_West Ham,2018-2019,1,Liverpool,West Ham,H,4,23.0,9.0,3.0,0.0,3.0,"ChaosInducer, Opportunistic",1
2018-2019_Southampton_Burnley,2018-2019,1,Southampton,Burnley,D,0,34.0,13.0,1.0,0.0,1.0,"HighPressure, Disciplined, Opportunistic",0
2018-2019_Cardiff_Newcastle,2018-2019,2,Cardiff,Newcastle,D,0,24.0,10.0,4.0,1.0,6.0,"AggressiveTackler, DirectPlay",0
2018-2019_Chelsea_Arsenal,2018-2019,2,Chelsea,Arsenal,H,5,39.0,6.0,2.0,0.0,2.0,"RiskTaker, HighPressure, Disciplined",0
2018-2019_Everton_Southampton,2018-2019,2,Everton,Southampton,H,3,28.0,7.0,5.0,0.0,5.0,"RiskTaker, ChaosInducer",1
2018-2019_Leicester_Wolves,2018-2019,2,Leicester,Wolves,H,2,17.0,10.0,3.0,1.0,5.0,"LowTempoController, Disciplined",0
2018-2019_Tottenham_Fulham,2018-2019,2,Tottenham,Fulham,H,4,35.0,7.0,0.0,0.0,0.0,"RiskTaker, HighPressure, Disciplined",0
2018-2019_West Ham_Bournemouth,2018-2019,2,West Ham,Bournemouth,A,3,23.0,10.0,8.0,0.0,8.0,"AggressiveTackler, ChaosInducer",0
2018-2019_Brighton_Man United,2018-2019,2,Brighton,Man United,H,5,15.0,8.0,2.0,0.0,2.0,"Disciplined, LowTempoController",0
2018-2019_Burnley_Watford,2018-2019,2,Burnley,Watford,A,4,17.0,7.0,3.0,0.0,3.0,"RiskTaker, LowTempoController",0
2018-2019_Man City_Huddersfield,2018-2019,2,Man City,Huddersfield,H,7,37.0,13.0,2.0,0.0,2.0,"RiskTaker, HighPressure, ChaosInducer, Disciplined",1
2018-2019_Crystal Palace_Liverpool,2018-2019,2,Crystal Palace,Liverpool,A,2,24.0,13.0,2.0,1.0,4.0,"HighPressure, LowTempoController",0
2018-2019_Arsenal_West Ham,2018-2019,3,Arsenal,West Ham,H,4,30.0,12.0,4.0,0.0,4.0,"RiskTaker, HighPressure, ChaosInducer",1
2018-2019_Bournemouth_Everton,2018-2019,3,Bournemouth,Everton,D,4,28.0,8.0,3.0,2.0,7.0,"AggressiveTackler, RiskTaker, ChaosInducer",1
2018-2019_Huddersfield_Cardiff,2018-2019,3,Huddersfield,Cardiff,D,0,19.0,14.0,1.0,1.0,3.0,"LowTempoController, ChaosInducer",0
2018-2019_Liverpool_Brighton,2018-2019,3,Liverpool,Brighton,H,1,28.0,13.0,2.0,0.0,2.0,"HighPressure, Disciplined, Opportunistic",0
2018-2019_Southampton_Leicester,2018-2019,3,Southampton,Leicester,A,3,19.0,13.0,2.0,1.0,4.0,"LowTempoController, RiskTaker",0
2018-2019_Wolves_Man City,2018-2019,3,Wolves,Man City,D,2,29.0,14.0,3.0,0.0,3.0,"HighPressure, Opportunistic",0
2018-2019_Fulham_Burnley,2018-2019,3,Fulham,Burnley,H,6,37.0,10.0,3.0,0.0,3.0,"RiskTaker, HighPressure, ChaosInducer",1
2018-2019_Newcastle_Chelsea,2018-2019,3,Newcastle,Chelsea,A,3,21.0,9.0,4.0,0.0,4.0,"ChaosInducer, Opportunistic",0
2018-2019_Watford_Crystal Palace,2018-2019,3,Watford,Crystal Palace,H,3,22.0,9.0,6.0,0.0,6.0,"AggressiveTackler, ChaosInducer",1
2018-2019_Man United_Tottenham,2018-2019,3,Man United,Tottenham,A,3,32.0,7.0,6.0,0.0,6.0,"AggressiveTackler, RiskTaker, ChaosInducer",1
2018-2019_Brighton_Fulham,2018-2019,4,Brighton,Fulham,D,4,25.0,8.0,6.0,0.0,6.0,"AggressiveTackler, RiskTaker, ChaosInducer",1
2018-2019_Chelsea_Bournemouth,2018-2019,4,Chelsea,Bournemouth,H,2,32.0,13.0,4.0,0.0,4.0,"HighPressure, Opportunistic",0
2018-2019_Crystal Palace_Southampton,2018-2019,4,Crystal Palace,Southampton,A,2,39.0,11.0,2.0,0.0,2.0,"HighPressure, Disciplined, Opportunistic",0
2018-2019_Everton_Huddersfield,2018-2019,4,Everton,Huddersfield,D,2,20.0,7.0,6.0,0.0,6.0,"AggressiveTackler, ChaosInducer",1
2018-2019_Leicester_Liverpool,2018-2019,4,Leicester,Liverpool,A,3,22.0,8.0,5.0,0.0,5.0,"ChaosInducer, RiskTaker",1
2018-2019_Man City_Newcastle,2018-2019,4,Man City,Newcastle,H,3,27.0,4.0,0.0,0.0,0.0,"RiskTaker, Disciplined",0
2018-2019_West Ham_Wolves,2018-2019,4,West Ham,Wolves,A,1,28.0,8.0,3.0,0.0,3.0,"Opportunistic, Opportunistic",0
2018-2019_Burnley_Man United,2018-2019,4,Burnley,Man United,A,2,30.0,7.0,5.0,1.0,7.0,"AggressiveTackler, ChaosInducer, Opportunistic",1
2018-2019_Cardiff_Arsenal,2018-2019,4,Cardiff,Arsenal,A,5,31.0,12.0,7.0,0.0,7.0,"AggressiveTackler, RiskTaker, HighPressure, ChaosInducer",1
2018-2019_Watford_Tottenham,2018-2019,4,Watford,Tottenham,H,3,18.0,13.0,3.0,0.0,3.0,"LowTempoController, HighPressure",0
2018-2019_Bournemouth_Leicester,2018-2019,5,Bournemouth,Leicester,H,6,24.0,10.0,5.0,1.0,7.0,"AggressiveTackler, RiskTaker, ChaosInducer",1
2018-2019_Chelsea_Cardiff,2018-2019,5,Chelsea,Cardiff,H,5,24.0,9.0,0.0,0.0,0.0,"RiskTaker, Disciplined",0
2018-2019_Huddersfield_Crystal Palace,2018-2019,5,Huddersfield,Crystal Palace,A,1,22.0,8.0,3.0,0.0,3.0,"AggressiveTackler, Disciplined",0
2018-2019_Man City_Fulham,2018-2019,5,Man City,Fulham,H,3,37.0,14.0,0.0,0.0,0.0,"RiskTaker, HighPressure, Disciplined",0
2018-2019_Newcastle_Arsenal,2018-2019,5,Newcastle,Arsenal,A,3,16.0,14.0,0.0,0.0,0.0,"Disciplined, LowTempoController",0
2018-2019_Tottenham_Liverpool,2018-2019,5,Tottenham,Liverpool,A,3,28.0,9.0,0.0,0.0,0.0,"RiskTaker, Disciplined",0
2018-2019_Watford_Man United,2018-2019,5,Watford,Man United,A,3,23.0,14.0,3.0,1.0,5.0,"HighPressure, ChaosInducer, LowTempoController",0
2018-2019_Everton_West Ham,2018-2019,5,Everton,West Ham,A,4,25.0,6.0,7.0,0.0,7.0,"AggressiveTackler, RiskTaker, ChaosInducer",1
2018-2019_Wolves_Burnley,2018-2019,5,Wolves,Burnley,H,1,37.0,10.0,6.0,0.0,6.0,"AggressiveTackler, HighPressure, Opportunistic",1
2018-2019_Southampton_Brighton,2018-2019,5,Southampton,Brighton,D,4,26.0,5.0,5.0,0.0,5.0,"RiskTaker, ChaosInducer",1
2018-2019_Brighton_Tottenham,2018-2019,6,Brighton,Tottenham,A,3,24.0,12.0,3.0,0.0,3.0,"ChaosInducer, Disciplined",0
2018-2019_Burnley_Bournemouth,2018-2019,6,Burnley,Bournemouth,H,4,31.0,11.0,2.0,0.0,2.0,"RiskTaker, HighPressure, Disciplined",0
2018-2019_Cardiff_Man City,2018-2019,6,Cardiff,Man City,A,5,23.0,10.0,2.0,0.0,2.0,"RiskTaker, Disciplined",0
2018-2019_Crystal Palace_Newcastle,2018-2019,6,Crystal Palace,Newcastle,D,0,22.0,14.0,2.0,0.0,2.0,"Disciplined, LowTempoController",0
2018-2019_Fulham_Watford,2018-2019,6,Fulham,Watford,D,2,26.0,16.0,3.0,0.0,3.0,"HighPressure, LowTempoController",0
2018-2019_Leicester_Huddersfield,2018-2019,6,Leicester,Huddersfield,H,4,27.0,4.0,3.0,0.0,3.0,"RiskTaker, LowTempoController",0
2018-2019_Liverpool_Southampton,2018-2019,6,Liverpool,Southampton,H,3,19.0,9.0,2.0,0.0,2.0,"Disciplined, RiskTaker",0
2018-2019_Man United_Wolves,2018-2019,6,Man United,Wolves,D,2,26.0,9.0,2.0,0.0,2.0,"Disciplined, Disciplined",0
2018-2019_Arsenal_Everton,2018-2019,6,Arsenal,Everton,H,2,18.0,14.0,3.0,0.0,3.0,"LowTempoController, RiskTaker",0
2018-2019_West Ham_Chelsea,2018-2019,6,West Ham,Chelsea,D,0,23.0,9.0,3.0,0.0,3.0,"Disciplined, AggressiveTackler",0
2018-2019_Arsenal_Watford,2018-2019,7,Arsenal,Watford,H,2,22.0,12.0,4.0,0.0,4.0,"LowTempoController, AggressiveTackler",0
2018-2019_Chelsea_Liverpool,2018-2019,7,Chelsea,Liverpool,D,2,23.0,8.0,2.0,0.0,2.0,"Disciplined, Opportunistic",0
2018-2019_Everton_Fulham,2018-2019,7,Everton,Fulham,H,3,25.0,13.0,3.0,0.0,3.0,"HighPressure, AggressiveTackler",1
2018-2019_Huddersfield_Tottenham,2018-2019,7,Huddersfield,Tottenham,A,2,19.0,3.0,4.0,0.0,4.0,"Opportunistic, AggressiveTackler",0
2018-2019_Man City_Brighton,2018-2019,7,Man City,Brighton,H,2,32.0,13.0,3.0,0.0,3.0,"HighPressure, Opportunistic",0
2018-2019_Newcastle_Leicester,2018-2019,7,Newcastle,Leicester,A,2,18.0,14.0,0.0,0.0,0.0,"Disciplined, LowTempoController",0
2018-2019_West Ham_Man United,2018-2019,7,West Ham,Man United,H,4,17.0,13.0,1.0,0.0,1.0,"Disciplined, LowTempoController",0
2018-2019_Wolves_Southampton,2018-2019,7,Wolves,Southampton,H,2,31.0,14.0,4.0,0.0,4.0,"HighPressure, Opportunistic",0
2018-2019_Cardiff_Burnley,2018-2019,7,Cardiff,Burnley,A,3,22.0,12.0,4.0,0.0,4.0,"LowTempoController, AggressiveTackler",0
2018-2019_Bournemouth_Crystal Palace,2018-2019,7,Bournemouth,Crystal Palace,H,3,21.0,6.0,7.0,0.0,7.0,"AggressiveTackler, ChaosInducer",1
2018-2019_Brighton_West Ham,2018-2019,8,Brighton,West Ham,H,1,26.0,11.0,5.0,0.0,5.0,"AggressiveTackler, RiskTaker",1
2018-2019_Burnley_Huddersfield,2018-2019,8,Burnley,Huddersfield,D,2,25.0,11.0,4.0,0.0,4.0,"ChaosInducer, Opportunistic",0
2018-2019_Crystal Palace_Wolves,2018-2019,8,Crystal Palace,Wolves,A,1,18.0,9.0,7.0,0.0,7.0,"AggressiveTackler, Disciplined",0
2018-2019_Leicester_Everton,2018-2019,8,Leicester,Everton,A,3,25.0,12.0,3.0,1.0,5.0,"ChaosInducer, AggressiveTackler",1
2018-2019_Man United_Newcastle,2018-2019,8,Man United,Newcastle,H,5,31.0,16.0,4.0,0.0,4.0,"RiskTaker, HighPressure, ChaosInducer",1
2018-2019_Tottenham_Cardiff,2018-2019,8,Tottenham,Cardiff,H,1,27.0,8.0,3.0,1.0,5.0,"Opportunistic, RiskTaker",0
2018-2019_Watford_Bournemouth,2018-2019,8,Watford,Bournemouth,A,4,24.0,17.0,4.0,1.0,6.0,"AggressiveTackler, RiskTaker, HighPressure, ChaosInducer, LowTempoController",1
2018-2019_Fulham_Arsenal,2018-2019,8,Fulham,Arsenal,A,6,30.0,6.0,2.0,0.0,2.0,"RiskTaker, ChaosInducer, Disciplined",0
2018-2019_Liverpool_Man City,2018-2019,8,Liverpool,Man City,D,0,13.0,8.0,4.0,0.0,4.0,"LowTempoController, RiskTaker",0
2018-2019_Southampton_Chelsea,2018-2019,8,Southampton,Chelsea,A,3,36.0,16.0,6.0,0.0,6.0,"AggressiveTackler, RiskTaker, HighPressure, ChaosInducer",1
2018-2019_Bournemouth_Southampton,2018-2019,9,Bournemouth,Southampton,D,0,18.0,10.0,3.0,0.0,3.0,"LowTempoController, RiskTaker",0
2018-2019_Cardiff_Fulham,2018-2019,9,Cardiff,Fulham,H,6,31.0,8.0,6.0,0.0,6.0,"AggressiveTackler, RiskTaker, ChaosInducer",1
2018-2019_Chelsea_Man United,2018-2019,9,Chelsea,Man United,D,4,28.0,8.0,7.0,0.0,7.0,"AggressiveTackler, RiskTaker, ChaosInducer",1
2018-2019_Huddersfield_Liverpool,2018-2019,9,Huddersfield,Liverpool,A,1,24.0,6.0,2.0,0.0,2.0,"Disciplined, Opportunistic",0
2018-2019_Man City_Burnley,2018-2019,9,Man City,Burnley,H,5,29.0,11.0,4.0,0.0,4.0,"RiskTaker, HighPressure, ChaosInducer",1
2018-2019_Newcastle_Brighton,2018-2019,9,Newcastle,Brighton,A,1,35.0,12.0,2.0,0.0,2.0,"HighPressure, Disciplined, Opportunistic",0
2018-2019_West Ham_Tottenham,2018-2019,9,West Ham,Tottenham,A,1,23.0,16.0,3.0,0.0,3.0,"HighPressure, LowTempoController",0
2018-2019_Wolves_Watford,2018-2019,9,Wolves,Watford,A,2,19.0,10.0,4.0,0.0,4.0,"LowTempoController, ChaosInducer",0
2018-2019_Everton_Crystal Palace,2018-2019,9,Everton,Crystal Palace,H,2,27.0,15.0,3.0,0.0,3.0,"HighPressure, LowTempoController, Opportunistic",0
2018-2019_Arsenal_Leicester,2018-2019,9,Arsenal,Leicester,H,4,27.0,10.0,4.0,0.0,4.0,"RiskTaker, ChaosInducer",1
2018-2019_Brighton_Wolves,2018-2019,10,Brighton,Wolves,H,1,27.0,11.0,3.0,0.0,3.0,"Opportunistic, Opportunistic",0
2018-2019_Fulham_Bournemouth,2018-2019,10,Fulham,Bournemouth,A,3,23.0,10.0,3.0,1.0,5.0,"ChaosInducer, Disciplined",0
2018-2019_Leicester_West Ham,2018-2019,10,Leicester,West Ham,D,2,32.0,8.0,2.0,1.0,4.0,"HighPressure, Opportunistic",0
2018-2019_Liverpool_Cardiff,2018-2019,10,Liverpool,Cardiff,H,5,21.0,8.0,0.0,0.0,0.0,"RiskTaker, Disciplined",0
2018-2019_Southampton_Newcastle,2018-2019,10,Southampton,Newcastle,D,0,28.0,9.0,1.0,0.0,1.0,"Disciplined, Opportunistic",0
2018-2019_Watford_Huddersfield,2018-2019,10,Watford,Huddersfield,H,3,25.0,6.0,3.0,0.0,3.0,"ChaosInducer, HighPressure",1
2018-2019_Burnley_Chelsea,2018-2019,10,Burnley,Chelsea,A,4,31.0,8.0,6.0,0.0,6.0,"AggressiveTackler, RiskTaker, ChaosInducer",1
2018-2019_Crystal Palace_Arsenal,2018-2019,10,Crystal Palace,Arsenal,D,4,23.0,10.0,3.0,0.0,3.0,"DirectPlay, RiskTaker",0
2018-2019_Man United_Everton,2018-2019,10,Man United,Everton,H,3,28.0,12.0,3.0,0.0,3.0,"RiskTaker, HighPressure",0
2018-2019_Tottenham_Man City,2018-2019,10,Tottenham,Man City,A,1,17.0,9.0,4.0,0.0,4.0,"LowTempoController, Opportunistic",0
2018-2019_Arsenal_Liverpool,2018-2019,11,Arsenal,Liverpool,D,2,25.0,13.0,2.0,0.0,2.0,"HighPressure, Disciplined",0
2018-2019_Bournemouth_Man United,2018-2019,11,Bournemouth,Man United,A,3,36.0,14.0,7.0,0.0,7.0,"AggressiveTackler, RiskTaker, HighPressure, ChaosInducer",1
2018-2019_Cardiff_Leicester,2018-2019,11,Cardiff,Leicester,A,1,24.0,18.0,4.0,0.0,4.0,"HighPressure, LowTempoController",0
2018-2019_Everton_Brighton,2018-2019,11,Everton,Brighton,H,4,19.0,10.0,1.0,0.0,1.0,"Disciplined, LowTempoController",0
2018-2019_Newcastle_Watford,2018-2019,11,Newcastle,Watford,H,1,26.0,17.0,6.0,0.0,6.0,"AggressiveTackler, HighPressure, LowTempoController",0
2018-2019_West Ham_Burnley,2018-2019,11,West Ham,Burnley,H,6,28.0,14.0,5.0,0.0,5.0,"RiskTaker, HighPressure, ChaosInducer",1
2018-2019_Wolves_Tottenham,2018-2019,11,Wolves,Tottenham,A,5,26.0,6.0,3.0,0.0,3.0,"RiskTaker, ChaosInducer",1
2018-2019_Chelsea_Crystal Palace,2018-2019,11,Chelsea,Crystal Palace,H,4,22.0,6.0,1.0,0.0,1.0,"Disciplined, HighPressure",0
2018-2019_Man City_Southampton,2018-2019,11,Man City,Southampton,H,7,30.0,8.0,2.0,0.0,2.0,"RiskTaker, ChaosInducer, Disciplined",0
2018-2019_Huddersfield_Fulham,2018-2019,11,Huddersfield,Fulham,H,1,17.0,9.0,3.0,0.0,3.0,"LowTempoController, LowTempoController",0
2018-2019_Cardiff_Brighton,2018-2019,12,Cardiff,Brighton,H,3,27.0,5.0,3.0,1.0,5.0,"RiskTaker, ChaosInducer",1
2018-2019_Crystal Palace_Tottenham,2018-2019,12,Crystal Palace,Tottenham,A,1,22.0,16.0,2.0,0.0,2.0,"HighPressure, Disciplined, LowTempoController",0
2018-2019_Huddersfield_West Ham,2018-2019,12,Huddersfield,West Ham,D,2,27.0,11.0,2.0,0.0,2.0,"Disciplined, Opportunistic",0
2018-2019_Leicester_Burnley,2018-2019,12,Leicester,Burnley,D,0,28.0,13.0,2.0,0.0,2.0,"HighPressure, Disciplined, Opportunistic",0
2018-2019_Newcastle_Bournemouth,2018-2019,12,Newcastle,Bournemouth,H,3,32.0,17.0,3.0,0.0,3.0,"RiskTaker, HighPressure",0
2018-2019_Southampton_Watford,2018-2019,12,Southampton,Watford,D,2,26.0,13.0,5.0,0.0,5.0,"HighPressure, Opportunistic",0
2018-2019_Arsenal_Wolves,2018-2019,12,Arsenal,Wolves,D,2,22.0,13.0,4.0,0.0,4.0,"LowTempoController, AggressiveTackler",0
2018-2019_Chelsea_Everton,2018-2019,12,Chelsea,Everton,D,0,21.0,10.0,7.0,0.0,7.0,"AggressiveTackler, DirectPlay",0
2018-2019_Liverpool_Fulham,2018-2019,12,Liverpool,Fulham,H,2,28.0,9.0,2.0,0.0,2.0,"Disciplined, Opportunistic",0
2018-2019_Man City_Man United,2018-2019,12,Man City,Man United,H,4,23.0,6.0,2.0,0.0,2.0,"Disciplined, AggressiveTackler",0
2018-2019_Brighton_Leicester,2018-2019,13,Brighton,Leicester,D,2,22.0,7.0,4.0,1.0,6.0,"AggressiveTackler, ChaosInducer",1
2018-2019_Everton_Cardiff,2018-2019,13,Everton,Cardiff,H,1,23.0,10.0,3.0,0.0,3.0,"DirectPlay, Opportunistic",0
2018-2019_Fulham_Southampton,2018-2019,13,Fulham,Southampton,H,5,29.0,7.0,5.0,0.0,5.0,"RiskTaker, ChaosInducer",1
2018-2019_Man United_Crystal Palace,2018-2019,13,Man United,Crystal Palace,D,0,25.0,13.0,3.0,0.0,3.0,"HighPressure, Disciplined",0
2018-2019_Tottenham_Chelsea,2018-2019,13,Tottenham,Chelsea,H,4,31.0,8.0,3.0,0.0,3.0,"RiskTaker, HighPressure",0
2018-2019_Watford_Liverpool,2018-2019,13,Watford,Liverpool,A,3,15.0,10.0,0.0,1.0,2.0,"Disciplined, LowTempoController",0
2018-2019_West Ham_Man City,2018-2019,13,West Ham,Man City,A,4,18.0,9.0,0.0,0.0,0.0,"Disciplined, Disciplined",0
2018-2019_Bournemouth_Arsenal,2018-2019,13,Bournemouth,Arsenal,A,3,31.0,13.0,3.0,0.0,3.0,"RiskTaker, HighPressure",0
2018-2019_Wolves_Huddersfield,2018-2019,13,Wolves,Huddersfield,A,2,26.0,8.0,3.0,0.0,3.0,"Opportunistic, ChaosInducer",0
2018-2019_Burnley_Newcastle,2018-2019,13,Burnley,Newcastle,A,3,31.0,10.0,1.0,0.0,1.0,"RiskTaker, HighPressure, Disciplined",0
2018-2019_Cardiff_Wolves,2018-2019,14,Cardiff,Wolves,H,3,32.0,13.0,3.0,0.0,3.0,"RiskTaker, HighPressure",0
2018-2019_Crystal Palace_Burnley,2018-2019,14,Crystal Palace,Burnley,H,2,33.0,12.0,2.0,0.0,2.0,"HighPressure, Disciplined, Opportunistic",0
2018-2019_Huddersfield_Brighton,2018-2019,14,Huddersfield,Brighton,A,3,21.0,8.0,2.0,1.0,4.0,"AggressiveTackler, DirectPlay",1
2018-2019_Leicester_Watford,2018-2019,14,Leicester,Watford,H,2,15.0,12.0,3.0,1.0,5.0,"LowTempoController, Disciplined",0
2018-2019_Man City_Bournemouth,2018-2019,14,Man City,Bournemouth,H,4,20.0,12.0,0.0,0.0,0.0,"Disciplined, LowTempoController",0
2018-2019_Newcastle_West Ham,2018-2019,14,Newcastle,West Ham,A,3,23.0,10.0,6.0,0.0,6.0,"AggressiveTackler, ChaosInducer",0
2018-2019_Southampton_Man United,2018-2019,14,Southampton,Man United,D,4,27.0,8.0,8.0,0.0,8.0,"AggressiveTackler, RiskTaker, ChaosInducer",1
2018-2019_Arsenal_Tottenham,2018-2019,14,Arsenal,Tottenham,H,6,33.0,13.0,6.0,1.0,8.0,"AggressiveTackler, RiskTaker, HighPressure, ChaosInducer",1
2018-2019_Chelsea_Fulham,2018-2019,14,Chelsea,Fulham,H,2,25.0,10.0,3.0,0.0,3.0,"Opportunistic, Disciplined",0
2018-2019_Liverpool_Everton,2018-2019,14,Liverpool,Everton,H,1,25.0,9.0,5.0,0.0,5.0,"Opportunistic, AggressiveTackler",0
2018-2019_Bournemouth_Huddersfield,2018-2019,15,Bournemouth,Huddersfield,H,3,29.0,12.0,6.0,0.0,6.0,"AggressiveTackler, RiskTaker, HighPressure, ChaosInducer",1
2018-2019_Brighton_Crystal Palace,2018-2019,15,Brighton,Crystal Palace,H,4,27.0,9.0,5.0,1.0,7.0,"AggressiveTackler, RiskTaker, ChaosInducer",1
2018-2019_Watford_Man City,2018-2019,15,Watford,Man City,A,3,26.0,14.0,1.0,0.0,1.0,"HighPressure, Disciplined, LowTempoController",0
2018-2019_West Ham_Cardiff,2018-2019,15,West Ham,Cardiff,H,4,26.0,14.0,3.0,0.0,3.0,"RiskTaker, HighPressure, LowTempoController",0
2018-2019_Burnley_Liverpool,2018-2019,15,Burnley,Liverpool,A,4,28.0,14.0,1.0,0.0,1.0,"RiskTaker, HighPressure, Disciplined",0
2018-2019_Everton_Newcastle,2018-2019,15,Everton,Newcastle,D,2,27.0,16.0,5.0,0.0,5.0,"HighPressure, LowTempoController, Opportunistic",0
2018-2019_Fulham_Leicester,2018-2019,15,Fulham,Leicester,D,2,38.0,18.0,0.0,0.0,0.0,"HighPressure, Disciplined, Opportunistic",0
2018-2019_Man United_Arsenal,2018-2019,15,Man United,Arsenal,D,4,19.0,8.0,6.0,0.0,6.0,"AggressiveTackler, ChaosInducer",1
2018-2019_Tottenham_Southampton,2018-2019,15,Tottenham,Southampton,H,4,31.0,14.0,0.0,0.0,0.0,"RiskTaker, HighPressure, Disciplined",0
2018-2019_Wolves_Chelsea,2018-2019,15,Wolves,Chelsea,H,3,23.0,6.0,8.0,0.0,8.0,"AggressiveTackler, ChaosInducer",1
2018-2019_Arsenal_Huddersfield,2018-2019,16,Arsenal,Huddersfield,H,1,20.0,8.0,9.0,0.0,9.0,"AggressiveTackler, ChaosInducer",1
2018-2019_Bournemouth_Liverpool,2018-2019,16,Bournemouth,Liverpool,A,4,18.0,12.0,3.0,0.0,3.0,"LowTempoController, DirectPlay",0
2018-2019_Burnley_Brighton,2018-2019,16,Burnley,Brighton,H,1,28.0,9.0,2.0,0.0,2.0,"Disciplined, Opportunistic",0
2018-2019_Cardiff_Southampton,2018-2019,16,Cardiff,Southampton,H,1,25.0,14.0,4.0,0.0,4.0,"HighPressure, LowTempoController",0
2018-2019_Chelsea_Man City,2018-2019,16,Chelsea,Man City,H,2,22.0,14.0,2.0,0.0,2.0,"Disciplined, LowTempoController",0
2018-2019_Leicester_Tottenham,2018-2019,16,Leicester,Tottenham,A,2,18.0,11.0,4.0,0.0,4.0,"LowTempoController, HighPressure",0
2018-2019_Man United_Fulham,2018-2019,16,Man United,Fulham,H,5,30.0,13.0,2.0,1.0,4.0,"RiskTaker, HighPressure, ChaosInducer",1
2018-2019_West Ham_Crystal Palace,2018-2019,16,West Ham,Crystal Palace,H,5,21.0,8.0,3.0,0.0,3.0,"RiskTaker, ChaosInducer",1
2018-2019_Newcastle_Wolves,2018-2019,16,Newcastle,Wolves,A,3,25.0,10.0,7.0,1.0,9.0,"AggressiveTackler, ChaosInducer",1
2018-2019_Everton_Watford,2018-2019,16,Everton,Watford,D,4,27.0,12.0,2.0,0.0,2.0,"RiskTaker, HighPressure, Disciplined",0
2018-2019_Crystal Palace_Leicester,2018-2019,17,Crystal Palace,Leicester,H,1,20.0,8.0,3.0,0.0,3.0,"AggressiveTackler, Disciplined",0
2018-2019_Fulham_West Ham,2018-2019,17,Fulham,West Ham,A,2,22.0,10.0,3.0,0.0,3.0,"HighPressure, Opportunistic",0
2018-2019_Huddersfield_Newcastle,2018-2019,17,Huddersfield,Newcastle,A,1,23.0,11.0,2.0,0.0,2.0,"Disciplined, HighPressure",0
2018-2019_Man City_Everton,2018-2019,17,Man City,Everton,H,4,22.0,8.0,3.0,0.0,3.0,"Opportunistic, AggressiveTackler",0
2018-2019_Tottenham_Burnley,2018-2019,17,Tottenham,Burnley,H,1,19.0,11.0,2.0,0.0,2.0,"Disciplined, LowTempoController",0
2018-2019_Watford_Cardiff,2018-2019,17,Watford,Cardiff,H,5,27.0,5.0,0.0,0.0,0.0,"RiskTaker, Disciplined",0
2018-2019_Wolves_Bournemouth,2018-2019,17,Wolves,Bournemouth,H,2,22.0,8.0,3.0,0.0,3.0,"Disciplined, ChaosInducer",0
2018-2019_Brighton_Chelsea,2018-2019,17,Brighton,Chelsea,A,3,16.0,5.0,4.0,0.0,4.0,"Disciplined, Opportunistic",0
2018-2019_Liverpool_Man United,2018-2019,17,Liverpool,Man United,H,4,42.0,15.0,2.0,0.0,2.0,"RiskTaker, HighPressure, Disciplined",0
2018-2019_Southampton_Arsenal,2018-2019,17,Southampton,Arsenal,H,5,25.0,9.0,4.0,0.0,4.0,"RiskTaker, ChaosInducer",1
2018-2019_Wolves_Liverpool,2018-2019,18,Wolves,Liverpool,A,2,26.0,11.0,0.0,0.0,0.0,"Disciplined, RiskTaker",0
2018-2019_Arsenal_Burnley,2018-2019,18,Arsenal,Burnley,H,4,17.0,4.0,7.0,0.0,7.0,"AggressiveTackler, ChaosInducer",1
2018-2019_Bournemouth_Brighton,2018-2019,18,Bournemouth,Brighton,H,2,24.0,11.0,2.0,1.0,4.0,"DirectPlay, LowTempoController",0
2018-2019_Cardiff_Man United,2018-2019,18,Cardiff,Man United,A,6,26.0,11.0,3.0,0.0,3.0,"RiskTaker, ChaosInducer",1
2018-2019_Chelsea_Leicester,2018-2019,18,Chelsea,Leicester,A,1,25.0,14.0,2.0,0.0,2.0,"HighPressure, Disciplined, LowTempoController",0
2018-2019_Huddersfield_Southampton,2018-2019,18,Huddersfield,Southampton,A,4,29.0,10.0,5.0,0.0,5.0,"RiskTaker, HighPressure, ChaosInducer",1
2018-2019_Man City_Crystal Palace,2018-2019,18,Man City,Crystal Palace,A,5,24.0,13.0,4.0,0.0,4.0,"RiskTaker, HighPressure, ChaosInducer, LowTempoController",1
2018-2019_Newcastle_Fulham,2018-2019,18,Newcastle,Fulham,D,0,13.0,6.0,3.0,0.0,3.0,"LowTempoController, ChaosInducer",0
2018-2019_West Ham_Watford,2018-2019,18,West Ham,Watford,A,2,29.0,14.0,5.0,0.0,5.0,"HighPressure, Opportunistic",0
2018-2019_Everton_Tottenham,2018-2019,18,Everton,Tottenham,A,8,27.0,3.0,2.0,0.0,2.0,"RiskTaker, ChaosInducer, Disciplined",1
2018-2019_Brighton_Arsenal,2018-2019,19,Brighton,Arsenal,D,2,19.0,13.0,3.0,0.0,3.0,"LowTempoController, HighPressure",0
2018-2019_Burnley_Everton,2018-2019,19,Burnley,Everton,A,6,24.0,12.0,6.0,0.0,6.0,"AggressiveTackler, RiskTaker, ChaosInducer",1
2018-2019_Crystal Palace_Cardiff,2018-2019,19,Crystal Palace,Cardiff,D,0,40.0,13.0,3.0,0.0,3.0,"HighPressure, Opportunistic",0
2018-2019_Fulham_Wolves,2018-2019,19,Fulham,Wolves,D,2,25.0,2.0,3.0,0.0,3.0,"ChaosInducer, DirectPlay",0
2018-2019_Leicester_Man City,2018-2019,19,Leicester,Man City,H,3,21.0,10.0,4.0,1.0,6.0,"AggressiveTackler, ChaosInducer",1
2018-2019_Liverpool_Newcastle,2018-2019,19,Liverpool,Newcastle,H,4,22.0,12.0,0.0,0.0,0.0,"Disciplined, LowTempoController",0
2018-2019_Man United_Huddersfield,2018-2019,19,Man United,Huddersfield,H,4,26.0,8.0,2.0,0.0,2.0,"RiskTaker, Disciplined",0
2018-2019_Tottenham_Bournemouth,2018-2019,19,Tottenham,Bournemouth,H,5,24.0,7.0,3.0,0.0,3.0,"RiskTaker, ChaosInducer",1
2018-2019_Watford_Chelsea,2018-2019,19,Watford,Chelsea,A,3,20.0,7.0,1.0,0.0,1.0,"Disciplined, HighPressure",0
2018-2019_Southampton_West Ham,2018-2019,19,Southampton,West Ham,A,3,27.0,9.0,2.0,0.0,2.0,"RiskTaker, Disciplined",0
2018-2019_Brighton_Everton,2018-2019,20,Brighton,Everton,H,1,24.0,12.0,2.0,0.0,2.0,"Disciplined, DirectPlay",0
2018-2019_Fulham_Huddersfield,2018-2019,20,Fulham,Huddersfield,H,1,23.0,7.0,4.0,0.0,4.0,"HighPressure, ChaosInducer",1
2018-2019_Leicester_Cardiff,2018-2019,20,Leicester,Cardiff,A,1,28.0,14.0,2.0,0.0,2.0,"HighPressure, Disciplined, Opportunistic",0
2018-2019_Liverpool_Arsenal,2018-2019,20,Liverpool,Arsenal,H,6,23.0,8.0,3.0,0.0,3.0,"RiskTaker, ChaosInducer",1
2018-2019_Tottenham_Wolves,2018-2019,20,Tottenham,Wolves,A,4,21.0,13.0,5.0,0.0,5.0,"ChaosInducer, LowTempoController",0
2018-2019_Watford_Newcastle,2018-2019,20,Watford,Newcastle,D,2,20.0,9.0,3.0,0.0,3.0,"HighPressure, HighPressure",0
2018-2019_Burnley_West Ham,2018-2019,20,Burnley,West Ham,H,2,28.0,10.0,5.0,0.0,5.0,"Opportunistic, RiskTaker",0
2018-2019_Crystal Palace_Chelsea,2018-2019,20,Crystal Palace,Chelsea,A,1,16.0,7.0,1.0,0.0,1.0,"Disciplined, Disciplined",0
2018-2019_Man United_Bournemouth,2018-2019,20,Man United,Bournemouth,H,5,18.0,9.0,2.0,1.0,4.0,"ChaosInducer, Disciplined",0
2018-2019_Southampton_Man City,2018-2019,20,Southampton,Man City,A,4,19.0,11.0,5.0,1.0,7.0,"AggressiveTackler, ChaosInducer, LowTempoController",0
2018-2019_Arsenal_Fulham,2018-2019,21,Arsenal,Fulham,H,5,25.0,11.0,1.0,0.0,1.0,"RiskTaker, Disciplined",0
2018-2019_Cardiff_Tottenham,2018-2019,21,Cardiff,Tottenham,A,3,19.0,8.0,1.0,0.0,1.0,"Disciplined, LowTempoController",0
2018-2019_Everton_Leicester,2018-2019,21,Everton,Leicester,A,1,25.0,11.0,4.0,0.0,4.0,"LowTempoController, Opportunistic",0
2018-2019_Bournemouth_Watford,2018-2019,21,Bournemouth,Watford,D,6,36.0,6.0,5.0,0.0,5.0,"RiskTaker, HighPressure, ChaosInducer",1
2018-2019_Chelsea_Southampton,2018-2019,21,Chelsea,Southampton,D,0,23.0,9.0,3.0,0.0,3.0,"Opportunistic, Opportunistic",0
2018-2019_Huddersfield_Burnley,2018-2019,21,Huddersfield,Burnley,A,3,25.0,7.0,4.0,2.0,8.0,"AggressiveTackler, ChaosInducer",1
2018-2019_Newcastle_Man United,2018-2019,21,Newcastle,Man United,A,2,30.0,3.0,3.0,0.0,3.0,"Opportunistic, RiskTaker",0
2018-2019_West Ham_Brighton,2018-2019,21,West Ham,Brighton,D,4,26.0,6.0,1.0,0.0,1.0,"RiskTaker, Disciplined",0
2018-2019_Wolves_Crystal Palace,2018-2019,21,Wolves,Crystal Palace,A,2,26.0,13.0,5.0,0.0,5.0,"HighPressure, LowTempoController",0
2018-2019_Man City_Liverpool,2018-2019,21,Man City,Liverpool,H,3,16.0,3.0,6.0,0.0,6.0,"AggressiveTackler, ChaosInducer",1
2018-2019_Brighton_Liverpool,2018-2019,22,Brighton,Liverpool,A,1,17.0,9.0,0.0,0.0,0.0,"Disciplined, LowTempoController",0
2018-2019_Burnley_Fulham,2018-2019,22,Burnley,Fulham,H,3,23.0,8.0,3.0,0.0,3.0,"DirectPlay, Opportunistic",0
2018-2019_Cardiff_Huddersfield,2018-2019,22,Cardiff,Huddersfield,D,0,17.0,13.0,4.0,0.0,4.0,"LowTempoController, Opportunistic",0
2018-2019_Chelsea_Newcastle,2018-2019,22,Chelsea,Newcastle,H,3,19.0,13.0,2.0,0.0,2.0,"Disciplined, LowTempoController",0
2018-2019_Crystal Palace_Watford,2018-2019,22,Crystal Palace,Watford,A,3,31.0,14.0,5.0,0.0,5.0,"RiskTaker, HighPressure, ChaosInducer",1
2018-2019_Leicester_Southampton,2018-2019,22,Leicester,Southampton,A,3,31.0,13.0,3.0,1.0,5.0,"RiskTaker, HighPressure, ChaosInducer",1
2018-2019_West Ham_Arsenal,2018-2019,22,West Ham,Arsenal,H,1,22.0,10.0,2.0,0.0,2.0,"Disciplined, ChaosInducer",0
2018-2019_Everton_Bournemouth,2018-2019,22,Everton,Bournemouth,H,2,31.0,14.0,5.0,0.0,5.0,"HighPressure, Opportunistic",0
2018-2019_Tottenham_Man United,2018-2019,22,Tottenham,Man United,A,1,34.0,11.0,3.0,0.0,3.0,"HighPressure, Opportunistic",0
2018-2019_Man City_Wolves,2018-2019,22,Man City,Wolves,H,3,27.0,13.0,1.0,1.0,3.0,"RiskTaker, HighPressure",1
2018-2019_Arsenal_Chelsea,2018-2019,23,Arsenal,Chelsea,H,2,26.0,11.0,2.0,0.0,2.0,"Disciplined, AggressiveTackler",0
2018-2019_Bournemouth_West Ham,2018-2019,23,Bournemouth,West Ham,H,2,19.0,5.0,1.0,0.0,1.0,"Disciplined, DirectPlay",0
2018-2019_Liverpool_Crystal Palace,2018-2019,23,Liverpool,Crystal Palace,H,7,28.0,11.0,1.0,1.0,3.0,"RiskTaker, HighPressure, ChaosInducer",1
2018-2019_Man United_Brighton,2018-2019,23,Man United,Brighton,H,3,27.0,11.0,1.0,0.0,1.0,"RiskTaker, Disciplined",0
2018-2019_Newcastle_Cardiff,2018-2019,23,Newcastle,Cardiff,H,3,25.0,17.0,1.0,0.0,1.0,"HighPressure, Disciplined, LowTempoController",0
2018-2019_Southampton_Everton,2018-2019,23,Southampton,Everton,H,3,18.0,13.0,3.0,0.0,3.0,"LowTempoController, Opportunistic",0
2018-2019_Watford_Burnley,2018-2019,23,Watford,Burnley,D,0,20.0,8.0,3.0,0.0,3.0,"Opportunistic, Opportunistic",0
2018-2019_Wolves_Leicester,2018-2019,23,Wolves,Leicester,H,7,28.0,14.0,6.0,0.0,6.0,"AggressiveTackler, RiskTaker, HighPressure, ChaosInducer",1
2018-2019_Fulham_Tottenham,2018-2019,23,Fulham,Tottenham,A,3,26.0,17.0,5.0,0.0,5.0,"HighPressure, ChaosInducer, LowTempoController",0
2018-2019_Huddersfield_Man City,2018-2019,23,Huddersfield,Man City,A,3,17.0,5.0,4.0,0.0,4.0,"AggressiveTackler, AggressiveTackler",0
2018-2019_Arsenal_Cardiff,2018-2019,24,Arsenal,Cardiff,H,3,34.0,11.0,6.0,0.0,6.0,"AggressiveTackler, RiskTaker, HighPressure, ChaosInducer",1
2018-2019_Fulham_Brighton,2018-2019,24,Fulham,Brighton,H,6,39.0,11.0,5.0,0.0,5.0,"RiskTaker, HighPressure, ChaosInducer",1
2018-2019_Huddersfield_Everton,2018-2019,24,Huddersfield,Everton,A,1,20.0,7.0,5.0,1.0,7.0,"AggressiveTackler, RiskTaker",0
2018-2019_Man United_Burnley,2018-2019,24,Man United,Burnley,D,4,34.0,14.0,4.0,0.0,4.0,"RiskTaker, HighPressure, ChaosInducer",1
2018-2019_Newcastle_Man City,2018-2019,24,Newcastle,Man City,H,3,18.0,9.0,5.0,0.0,5.0,"ChaosInducer, DirectPlay",0
2018-2019_Wolves_West Ham,2018-2019,24,Wolves,West Ham,H,3,24.0,6.0,5.0,0.0,5.0,"ChaosInducer, RiskTaker",1
2018-2019_Bournemouth_Chelsea,2018-2019,24,Bournemouth,Chelsea,H,4,23.0,10.0,1.0,0.0,1.0,"Disciplined, HighPressure",0
2018-2019_Liverpool_Leicester,2018-2019,24,Liverpool,Leicester,D,2,15.0,8.0,4.0,0.0,4.0,"LowTempoController, AggressiveTackler",0
2018-2019_Southampton_Crystal Palace,2018-2019,24,Southampton,Crystal Palace,D,2,28.0,11.0,4.0,1.0,6.0,"AggressiveTackler, HighPressure, Opportunistic",1
2018-2019_Tottenham_Watford,2018-2019,24,Tottenham,Watford,H,3,26.0,14.0,4.0,0.0,4.0,"HighPressure, LowTempoController",0
2018-2019_Brighton_Watford,2018-2019,25,Brighton,Watford,D,0,26.0,7.0,1.0,0.0,1.0,"Disciplined, ChaosInducer",0
2018-2019_Burnley_Southampton,2018-2019,25,Burnley,Southampton,D,2,25.0,6.0,4.0,0.0,4.0,"LowTempoController, ChaosInducer",0
2018-2019_Cardiff_Bournemouth,2018-2019,25,Cardiff,Bournemouth,H,2,21.0,13.0,3.0,0.0,3.0,"LowTempoController, LowTempoController",0
2018-2019_Chelsea_Huddersfield,2018-2019,25,Chelsea,Huddersfield,H,5,28.0,13.0,0.0,0.0,0.0,"RiskTaker, HighPressure, Disciplined",0
2018-2019_Crystal Palace_Fulham,2018-2019,25,Crystal Palace,Fulham,H,2,25.0,12.0,5.0,0.0,5.0,"AggressiveTackler, AggressiveTackler",1
2018-2019_Everton_Wolves,2018-2019,25,Everton,Wolves,A,4,21.0,4.0,4.0,0.0,4.0,"ChaosInducer, AggressiveTackler",1
2018-2019_Tottenham_Newcastle,2018-2019,25,Tottenham,Newcastle,H,1,29.0,9.0,1.0,0.0,1.0,"Disciplined, Opportunistic",0
2018-2019_Leicester_Man United,2018-2019,25,Leicester,Man United,A,1,27.0,9.0,8.0,0.0,8.0,"AggressiveTackler, ChaosInducer, Opportunistic",1
2018-2019_Man City_Arsenal,2018-2019,25,Man City,Arsenal,H,4,23.0,6.0,2.0,0.0,2.0,"Disciplined, RiskTaker",0
2018-2019_West Ham_Liverpool,2018-2019,25,West Ham,Liverpool,D,2,24.0,7.0,2.0,0.0,2.0,"Disciplined, DirectPlay",0
2018-2019_Everton_Man City,2018-2019,25,Everton,Man City,A,2,19.0,11.0,2.0,0.0,2.0,"Disciplined, LowTempoController",0
2018-2019_Brighton_Burnley,2018-2019,26,Brighton,Burnley,A,4,25.0,12.0,2.0,0.0,2.0,"RiskTaker, Disciplined",0
2018-2019_Crystal Palace_West Ham,2018-2019,26,Crystal Palace,West Ham,D,2,31.0,14.0,3.0,0.0,3.0,"HighPressure, Opportunistic",0
2018-2019_Fulham_Man United,2018-2019,26,Fulham,Man United,A,3,30.0,9.0,5.0,0.0,5.0,"RiskTaker, ChaosInducer",1
2018-2019_Huddersfield_Arsenal,2018-2019,26,Huddersfield,Arsenal,A,3,24.0,5.0,5.0,0.0,5.0,"ChaosInducer, LowTempoController",0
2018-2019_Liverpool_Bournemouth,2018-2019,26,Liverpool,Bournemouth,H,3,32.0,13.0,4.0,0.0,4.0,"RiskTaker, HighPressure",1
2018-2019_Southampton_Cardiff,2018-2019,26,Southampton,Cardiff,A,3,20.0,10.0,6.0,0.0,6.0,"AggressiveTackler, ChaosInducer",1
2018-2019_Watford_Everton,2018-2019,26,Watford,Everton,H,1,16.0,10.0,2.0,1.0,4.0,"LowTempoController, DirectPlay",0
2018-2019_Man City_Chelsea,2018-2019,26,Man City,Chelsea,H,6,27.0,4.0,3.0,0.0,3.0,"RiskTaker, ChaosInducer",1
2018-2019_Tottenham_Leicester,2018-2019,26,Tottenham,Leicester,H,4,32.0,11.0,4.0,0.0,4.0,"RiskTaker, HighPressure, ChaosInducer",1
2018-2019_Wolves_Newcastle,2018-2019,26,Wolves,Newcastle,D,2,31.0,14.0,4.0,0.0,4.0,"HighPressure, Opportunistic",0
2018-2019_Cardiff_Watford,2018-2019,27,Cardiff,Watford,A,6,27.0,6.0,3.0,0.0,3.0,"RiskTaker, ChaosInducer",1
2018-2019_West Ham_Fulham,2018-2019,27,West Ham,Fulham,H,4,29.0,12.0,2.0,0.0,2.0,"RiskTaker, HighPressure, Disciplined",0
2018-2019_Bournemouth_Wolves,2018-2019,27,Bournemouth,Wolves,D,2,20.0,17.0,9.0,0.0,9.0,"AggressiveTackler, HighPressure, ChaosInducer, LowTempoController",1
2018-2019_Burnley_Tottenham,2018-2019,27,Burnley,Tottenham,H,3,27.0,13.0,4.0,0.0,4.0,"RiskTaker, HighPressure",0
2018-2019_Leicester_Crystal Palace,2018-2019,27,Leicester,Crystal Palace,A,5,34.0,11.0,3.0,0.0,3.0,"RiskTaker, HighPressure, ChaosInducer",1
2018-2019_Newcastle_Huddersfield,2018-2019,27,Newcastle,Huddersfield,H,2,32.0,12.0,2.0,1.0,4.0,"HighPressure, Opportunistic",0
2018-2019_Arsenal_Southampton,2018-2019,27,Arsenal,Southampton,H,2,22.0,10.0,0.0,0.0,0.0,"Disciplined, RiskTaker",0
2018-2019_Man United_Liverpool,2018-2019,27,Man United,Liverpool,D,0,13.0,10.0,4.0,0.0,4.0,"LowTempoController, RiskTaker",0
2018-2019_Cardiff_Everton,2018-2019,28,Cardiff,Everton,A,3,18.0,7.0,4.0,0.0,4.0,"Disciplined, ChaosInducer",0
2018-2019_Huddersfield_Wolves,2018-2019,28,Huddersfield,Wolves,H,1,22.0,8.0,4.0,0.0,4.0,"ChaosInducer, HighPressure",1
2018-2019_Leicester_Brighton,2018-2019,28,Leicester,Brighton,H,3,34.0,12.0,2.0,0.0,2.0,"RiskTaker, HighPressure, Disciplined",0
2018-2019_Newcastle_Burnley,2018-2019,28,Newcastle,Burnley,H,2,24.0,11.0,4.0,0.0,4.0,"Opportunistic, RiskTaker",0
2018-2019_Arsenal_Bournemouth,2018-2019,28,Arsenal,Bournemouth,H,6,29.0,13.0,4.0,0.0,4.0,"RiskTaker, HighPressure, ChaosInducer",1
2018-2019_Chelsea_Tottenham,2018-2019,28,Chelsea,Tottenham,H,2,20.0,4.0,2.0,0.0,2.0,"Disciplined, LowTempoController",0
2018-2019_Crystal Palace_Man United,2018-2019,28,Crystal Palace,Man United,A,4,30.0,11.0,5.0,0.0,5.0,"RiskTaker, HighPressure, ChaosInducer",1
2018-2019_Liverpool_Watford,2018-2019,28,Liverpool,Watford,H,5,24.0,10.0,2.0,0.0,2.0,"RiskTaker, Disciplined",0
2018-2019_Man City_West Ham,2018-2019,28,Man City,West Ham,H,1,22.0,14.0,2.0,0.0,2.0,"Disciplined, LowTempoController",0
2018-2019_Southampton_Fulham,2018-2019,28,Southampton,Fulham,H,2,28.0,11.0,1.0,0.0,1.0,"HighPressure, Disciplined, Opportunistic",0
2018-2019_Bournemouth_Man City,2018-2019,29,Bournemouth,Man City,A,1,23.0,14.0,3.0,0.0,3.0,"HighPressure, LowTempoController",0
2018-2019_Brighton_Huddersfield,2018-2019,29,Brighton,Huddersfield,H,1,19.0,9.0,4.0,0.0,4.0,"Disciplined, Disciplined",0
2018-2019_Burnley_Crystal Palace,2018-2019,29,Burnley,Crystal Palace,A,4,28.0,13.0,3.0,0.0,3.0,"RiskTaker, HighPressure",1
2018-2019_Man United_Southampton,2018-2019,29,Man United,Southampton,H,5,22.0,16.0,3.0,0.0,3.0,"RiskTaker, HighPressure, ChaosInducer, LowTempoController",1
2018-2019_Tottenham_Arsenal,2018-2019,29,Tottenham,Arsenal,D,2,19.0,7.0,5.0,1.0,7.0,"AggressiveTackler, ChaosInducer",1
2018-2019_West Ham_Newcastle,2018-2019,29,West Ham,Newcastle,H,2,27.0,7.0,7.0,0.0,7.0,"AggressiveTackler, ChaosInducer, Opportunistic",1
2018-2019_Wolves_Cardiff,2018-2019,29,Wolves,Cardiff,H,2,25.0,15.0,3.0,0.0,3.0,"HighPressure, LowTempoController",0
2018-2019_Everton_Liverpool,2018-2019,29,Everton,Liverpool,D,0,17.0,10.0,3.0,0.0,3.0,"LowTempoController, Opportunistic",0
2018-2019_Fulham_Chelsea,2018-2019,29,Fulham,Chelsea,A,3,32.0,9.0,3.0,0.0,3.0,"RiskTaker, HighPressure",0
2018-2019_Watford_Leicester,2018-2019,29,Watford,Leicester,H,3,20.0,6.0,6.0,0.0,6.0,"AggressiveTackler, ChaosInducer",1
2018-2019_Cardiff_West Ham,2018-2019,30,Cardiff,West Ham,H,2,25.0,12.0,3.0,0.0,3.0,"DirectPlay, Opportunistic",0
2018-2019_Crystal Palace_Brighton,2018-2019,30,Crystal Palace,Brighton,A,3,19.0,8.0,6.0,0.0,6.0,"AggressiveTackler, ChaosInducer",1
2018-2019_Huddersfield_Bournemouth,2018-2019,30,Huddersfield,Bournemouth,A,2,16.0,11.0,4.0,0.0,4.0,"LowTempoController, Opportunistic",0
2018-2019_Leicester_Fulham,2018-2019,30,Leicester,Fulham,H,4,24.0,11.0,2.0,0.0,2.0,"RiskTaker, Disciplined",0
2018-2019_Man City_Watford,2018-2019,30,Man City,Watford,H,4,21.0,10.0,2.0,0.0,2.0,"Disciplined, Opportunistic",0
2018-2019_Newcastle_Everton,2018-2019,30,Newcastle,Everton,H,5,26.0,10.0,4.0,0.0,4.0,"RiskTaker, ChaosInducer",1
2018-2019_Southampton_Tottenham,2018-2019,30,Southampton,Tottenham,H,3,28.0,11.0,6.0,0.0,6.0,"AggressiveTackler, RiskTaker, HighPressure, ChaosInducer",1
2018-2019_Arsenal_Man United,2018-2019,30,Arsenal,Man United,H,2,28.0,7.0,4.0,0.0,4.0,"Opportunistic, ChaosInducer",0
2018-2019_Chelsea_Wolves,2018-2019,30,Chelsea,Wolves,D,2,24.0,13.0,5.0,0.0,5.0,"HighPressure, LowTempoController",0
2018-2019_Liverpool_Burnley,2018-2019,30,Liverpool,Burnley,H,6,26.0,10.0,2.0,0.0,2.0,"RiskTaker, ChaosInducer, Disciplined",0
2018-2019_Bournemouth_Newcastle,2018-2019,31,Bournemouth,Newcastle,D,4,22.0,12.0,5.0,0.0,5.0,"ChaosInducer, LowTempoController",0
2018-2019_Burnley_Leicester,2018-2019,31,Burnley,Leicester,A,3,22.0,12.0,2.0,1.0,4.0,"LowTempoController, RiskTaker",0
2018-2019_West Ham_Huddersfield,2018-2019,31,West Ham,Huddersfield,H,7,31.0,13.0,2.0,0.0,2.0,"RiskTaker, HighPressure, ChaosInducer, Disciplined",1
2018-2019_Everton_Chelsea,2018-2019,31,Everton,Chelsea,H,2,31.0,7.0,3.0,0.0,3.0,"Opportunistic, HighPressure",0
2018-2019_Fulham_Liverpool,2018-2019,31,Fulham,Liverpool,A,3,23.0,11.0,3.0,0.0,3.0,"RiskTaker, DirectPlay",1
2018-2019_Brighton_Southampton,2018-2019,32,Brighton,Southampton,A,1,22.0,11.0,3.0,0.0,3.0,"AggressiveTackler, Opportunistic",0
2018-2019_Burnley_Wolves,2018-2019,32,Burnley,Wolves,H,2,13.0,6.0,2.0,0.0,2.0,"Disciplined, LowTempoController",0
2018-2019_Crystal Palace_Huddersfield,2018-2019,32,Crystal Palace,Huddersfield,H,2,34.0,10.0,0.0,0.0,0.0,"HighPressure, Disciplined, Opportunistic",0
2018-2019_Fulham_Man City,2018-2019,32,Fulham,Man City,A,2,29.0,11.0,2.0,0.0,2.0,"HighPressure, Disciplined, Opportunistic",0
2018-2019_Leicester_Bournemouth,2018-2019,32,Leicester,Bournemouth,H,2,26.0,7.0,2.0,0.0,2.0,"Disciplined, RiskTaker",0
2018-2019_Man United_Watford,2018-2019,32,Man United,Watford,H,3,28.0,8.0,3.0,0.0,3.0,"RiskTaker, DirectPlay",0
2018-2019_West Ham_Everton,2018-2019,32,West Ham,Everton,A,2,20.0,13.0,2.0,0.0,2.0,"Disciplined, LowTempoController",0
2018-2019_Cardiff_Chelsea,2018-2019,32,Cardiff,Chelsea,A,3,29.0,9.0,5.0,0.0,5.0,"RiskTaker, ChaosInducer",1
2018-2019_Liverpool_Tottenham,2018-2019,32,Liverpool,Tottenham,H,3,25.0,13.0,1.0,0.0,1.0,"HighPressure, Disciplined",0
2018-2019_Arsenal_Newcastle,2018-2019,32,Arsenal,Newcastle,H,2,10.0,8.0,2.0,0.0,2.0,"Disciplined, LowTempoController",0
2018-2019_Watford_Fulham,2018-2019,32,Watford,Fulham,H,5,32.0,10.0,5.0,0.0,5.0,"RiskTaker, HighPressure, ChaosInducer",1
2018-2019_Wolves_Man United,2018-2019,32,Wolves,Man United,H,3,27.0,8.0,3.0,1.0,5.0,"RiskTaker, ChaosInducer",1
2018-2019_Chelsea_Brighton,2018-2019,32,Chelsea,Brighton,H,3,20.0,8.0,0.0,0.0,0.0,"Disciplined, AggressiveTackler",0
2018-2019_Man City_Cardiff,2018-2019,32,Man City,Cardiff,H,2,31.0,11.0,3.0,0.0,3.0,"HighPressure, Opportunistic",0
2018-2019_Tottenham_Crystal Palace,2018-2019,32,Tottenham,Crystal Palace,H,2,31.0,10.0,1.0,0.0,1.0,"HighPressure, Disciplined, Opportunistic",0
2018-2019_Southampton_Liverpool,2018-2019,33,Southampton,Liverpool,A,4,28.0,12.0,6.0,0.0,6.0,"AggressiveTackler, RiskTaker, HighPressure, ChaosInducer",1
2018-2019_Bournemouth_Burnley,2018-2019,33,Bournemouth,Burnley,A,4,21.0,9.0,5.0,0.0,5.0,"ChaosInducer, AggressiveTackler",1
2018-2019_Huddersfield_Leicester,2018-2019,33,Huddersfield,Leicester,A,5,28.0,13.0,3.0,0.0,3.0,"RiskTaker, HighPressure, ChaosInducer",1
2018-2019_Newcastle_Crystal Palace,2018-2019,33,Newcastle,Crystal Palace,A,1,21.0,13.0,3.0,0.0,3.0,"LowTempoController, Opportunistic",0
2018-2019_Everton_Arsenal,2018-2019,33,Everton,Arsenal,H,1,30.0,15.0,5.0,0.0,5.0,"HighPressure, Opportunistic",0
2018-2019_Chelsea_West Ham,2018-2019,33,Chelsea,West Ham,H,2,25.0,11.0,3.0,0.0,3.0,"HighPressure, LowTempoController",0
2018-2019_Leicester_Newcastle,2018-2019,34,Leicester,Newcastle,A,1,23.0,5.0,5.0,0.0,5.0,"ChaosInducer, RiskTaker",1
2018-2019_Brighton_Bournemouth,2018-2019,34,Brighton,Bournemouth,A,5,22.0,5.0,6.0,1.0,8.0,"AggressiveTackler, RiskTaker, ChaosInducer",1
2018-2019_Burnley_Cardiff,2018-2019,34,Burnley,Cardiff,H,2,28.0,12.0,5.0,0.0,5.0,"HighPressure, Opportunistic",0
2018-2019_Fulham_Everton,2018-2019,34,Fulham,Everton,H,2,20.0,10.0,3.0,0.0,3.0,"AggressiveTackler, RiskTaker",1
2018-2019_Man United_West Ham,2018-2019,34,Man United,West Ham,H,3,32.0,14.0,2.0,0.0,2.0,"RiskTaker, HighPressure, Disciplined",0
2018-2019_Southampton_Wolves,2018-2019,34,Southampton,Wolves,H,4,30.0,13.0,4.0,0.0,4.0,"RiskTaker, HighPressure, ChaosInducer",1
2018-2019_Tottenham_Huddersfield,2018-2019,34,Tottenham,Huddersfield,H,4,29.0,6.0,4.0,0.0,4.0,"RiskTaker, ChaosInducer",1
2018-2019_Crystal Palace_Man City,2018-2019,34,Crystal Palace,Man City,A,4,27.0,11.0,0.0,0.0,0.0,"RiskTaker, Disciplined",0
2018-2019_Liverpool_Chelsea,2018-2019,34,Liverpool,Chelsea,H,2,21.0,11.0,1.0,0.0,1.0,"Disciplined, LowTempoController",0
2018-2019_Watford_Arsenal,2018-2019,34,Watford,Arsenal,A,1,30.0,10.0,2.0,1.0,4.0,"HighPressure, Opportunistic",0
2018-2019_Brighton_Cardiff,2018-2019,34,Brighton,Cardiff,A,2,24.0,9.0,1.0,0.0,1.0,"Disciplined, LowTempoController",0
2018-2019_Bournemouth_Fulham,2018-2019,35,Bournemouth,Fulham,A,1,32.0,10.0,4.0,0.0,4.0,"HighPressure, Opportunistic",0
2018-2019_Huddersfield_Watford,2018-2019,35,Huddersfield,Watford,A,3,24.0,4.0,4.0,0.0,4.0,"ChaosInducer, LowTempoController",0
2018-2019_Man City_Tottenham,2018-2019,35,Man City,Tottenham,H,1,25.0,8.0,3.0,0.0,3.0,"ChaosInducer, Disciplined",0
2018-2019_Newcastle_Southampton,2018-2019,35,Newcastle,Southampton,H,4,30.0,15.0,2.0,0.0,2.0,"RiskTaker, HighPressure, Disciplined",0
2018-2019_West Ham_Leicester,2018-2019,35,West Ham,Leicester,D,4,22.0,14.0,2.0,0.0,2.0,"Disciplined, LowTempoController",0
2018-2019_Wolves_Brighton,2018-2019,35,Wolves,Brighton,D,0,27.0,15.0,1.0,0.0,1.0,"HighPressure, Disciplined, LowTempoController, Opportunistic",0
2018-2019_Arsenal_Crystal Palace,2018-2019,35,Arsenal,Crystal Palace,A,5,28.0,11.0,5.0,0.0,5.0,"RiskTaker, HighPressure, ChaosInducer",1
2018-2019_Cardiff_Liverpool,2018-2019,35,Cardiff,Liverpool,A,2,24.0,15.0,2.0,0.0,2.0,"HighPressure, Disciplined, LowTempoController",0
2018-2019_Everton_Man United,2018-2019,35,Everton,Man United,H,4,22.0,12.0,2.0,0.0,2.0,"Disciplined, LowTempoController",0
2018-2019_Chelsea_Burnley,2018-2019,35,Chelsea,Burnley,D,4,28.0,11.0,3.0,0.0,3.0,"RiskTaker, HighPressure",0
2018-2019_Tottenham_Brighton,2018-2019,35,Tottenham,Brighton,H,1,35.0,9.0,3.0,0.0,3.0,"HighPressure, Opportunistic",0
2018-2019_Watford_Southampton,2018-2019,35,Watford,Southampton,D,2,23.0,7.0,7.0,0.0,7.0,"AggressiveTackler, ChaosInducer",1
2018-2019_Man United_Man City,2018-2019,35,Man United,Man City,A,2,20.0,2.0,4.0,0.0,4.0,"ChaosInducer, Opportunistic",0
2018-2019_Wolves_Arsenal,2018-2019,35,Wolves,Arsenal,H,4,22.0,10.0,5.0,0.0,5.0,"ChaosInducer, HighPressure",1
2018-2019_Liverpool_Huddersfield,2018-2019,36,Liverpool,Huddersfield,H,5,26.0,8.0,0.0,0.0,0.0,"RiskTaker, Disciplined",0
2018-2019_Brighton_Newcastle,2018-2019,36,Brighton,Newcastle,D,2,18.0,11.0,5.0,0.0,5.0,"LowTempoController, LowTempoController",0
2018-2019_Crystal Palace_Everton,2018-2019,36,Crystal Palace,Everton,D,0,30.0,15.0,2.0,0.0,2.0,"HighPressure, Disciplined, Opportunistic",0
2018-2019_Fulham_Cardiff,2018-2019,36,Fulham,Cardiff,H,1,21.0,13.0,0.0,0.0,0.0,"Disciplined, LowTempoController",0
2018-2019_Southampton_Bournemouth,2018-2019,36,Southampton,Bournemouth,D,6,31.0,12.0,3.0,0.0,3.0,"RiskTaker, HighPressure, ChaosInducer",1
2018-2019_Tottenham_West Ham,2018-2019,36,Tottenham,West Ham,A,1,30.0,9.0,2.0,0.0,2.0,"Disciplined, Opportunistic",0
2018-2019_Watford_Wolves,2018-2019,36,Watford,Wolves,A,3,21.0,9.0,5.0,0.0,5.0,"ChaosInducer, AggressiveTackler",1
2018-2019_Burnley_Man City,2018-2019,36,Burnley,Man City,A,1,27.0,6.0,2.0,0.0,2.0,"Disciplined, Opportunistic",0
2018-2019_Leicester_Arsenal,2018-2019,36,Leicester,Arsenal,H,3,30.0,14.0,4.0,1.0,6.0,"AggressiveTackler, RiskTaker, HighPressure, ChaosInducer",1
2018-2019_Man United_Chelsea,2018-2019,36,Man United,Chelsea,D,2,23.0,12.0,5.0,0.0,5.0,"Opportunistic, Disciplined",0
2018-2019_Everton_Burnley,2018-2019,37,Everton,Burnley,H,2,25.0,9.0,2.0,0.0,2.0,"Disciplined, HighPressure",0
2018-2019_Bournemouth_Tottenham,2018-2019,37,Bournemouth,Tottenham,H,1,31.0,16.0,6.0,2.0,10.0,"AggressiveTackler, HighPressure, ChaosInducer, Opportunistic",1
2018-2019_Cardiff_Crystal Palace,2018-2019,37,Cardiff,Crystal Palace,A,5,39.0,15.0,0.0,0.0,0.0,"RiskTaker, HighPressure, Disciplined",0
2018-2019_Newcastle_Liverpool,2018-2019,37,Newcastle,Liverpool,A,5,25.0,5.0,2.0,0.0,2.0,"RiskTaker, Disciplined",0
2018-2019_West Ham_Southampton,2018-2019,37,West Ham,Southampton,H,3,28.0,9.0,2.0,0.0,2.0,"RiskTaker, Disciplined",0
2018-2019_Wolves_Fulham,2018-2019,37,Wolves,Fulham,H,1,25.0,8.0,4.0,0.0,4.0,"RiskTaker, Opportunistic",0
2018-2019_Arsenal_Brighton,2018-2019,37,Arsenal,Brighton,D,2,31.0,19.0,7.0,0.0,7.0,"AggressiveTackler, HighPressure, ChaosInducer, LowTempoController, Opportunistic",1
2018-2019_Chelsea_Watford,2018-2019,37,Chelsea,Watford,H,3,34.0,12.0,1.0,0.0,1.0,"RiskTaker, HighPressure, Disciplined",0
2018-2019_Huddersfield_Man United,2018-2019,37,Huddersfield,Man United,D,2,30.0,10.0,2.0,0.0,2.0,"HighPressure, Disciplined, Opportunistic",0
2018-2019_Man City_Leicester,2018-2019,37,Man City,Leicester,H,1,26.0,11.0,5.0,0.0,5.0,"LowTempoController, DirectPlay",0
2018-2019_Brighton_Man City,2018-2019,38,Brighton,Man City,A,5,26.0,8.0,0.0,0.0,0.0,"RiskTaker, Disciplined",0
2018-2019_Burnley_Arsenal,2018-2019,38,Burnley,Arsenal,A,4,31.0,9.0,6.0,0.0,6.0,"AggressiveTackler, RiskTaker, HighPressure, ChaosInducer",1
2018-2019_Crystal Palace_Bournemouth,2018-2019,38,Crystal Palace,Bournemouth,H,8,33.0,8.0,3.0,0.0,3.0,"RiskTaker, HighPressure, ChaosInducer",1
2018-2019_Fulham_Newcastle,2018-2019,38,Fulham,Newcastle,A,4,29.0,10.0,1.0,0.0,1.0,"RiskTaker, HighPressure, Disciplined",0
2018-2019_Leicester_Chelsea,2018-2019,38,Leicester,Chelsea,D,0,23.0,9.0,1.0,0.0,1.0,"Disciplined, DirectPlay",0
2018-2019_Liverpool_Wolves,2018-2019,38,Liverpool,Wolves,H,2,20.0,5.0,2.0,0.0,2.0,"Disciplined, AggressiveTackler",0
2018-2019_Man United_Cardiff,2018-2019,38,Man United,Cardiff,A,2,39.0,13.0,6.0,0.0,6.0,"AggressiveTackler, HighPressure, Opportunistic",1
2018-2019_Southampton_Huddersfield,2018-2019,38,Southampton,Huddersfield,D,2,20.0,7.0,1.0,0.0,1.0,"Disciplined, ChaosInducer",0
2018-2019_Tottenham_Everton,2018-2019,38,Tottenham,Everton,D,4,28.0,11.0,2.0,0.0,2.0,"RiskTaker, HighPressure, Disciplined",0
2018-2019_Watford_West Ham,2018-2019,38,Watford,West Ham,A,5,33.0,9.0,1.0,1.0,3.0,"RiskTaker, HighPressure, ChaosInducer",1
2019-2020_Liverpool_Norwich,2019-2020,1,Liverpool,Norwich,H,5,27.0,13.0,2.0,0.0,2.0,"RiskTaker, HighPressure, Disciplined",0
2019-2020_West Ham_Man City,2019-2020,1,West Ham,Man City,A,5,19.0,2.0,4.0,0.0,4.0,"ChaosInducer, AggressiveTackler",1
2019-2020_Bournemouth_Sheffield United,2019-2020,1,Bournemouth,Sheffield United,D,2,21.0,7.0,3.0,0.0,3.0,"DirectPlay, RiskTaker",0
2019-2020_Burnley_Southampton,2019-2020,1,Burnley,Southampton,H,3,21.0,9.0,0.0,0.0,0.0,"Disciplined, Disciplined",0
2019-2020_Crystal Palace_Everton,2019-2020,1,Crystal Palace,Everton,D,0,16.0,8.0,3.0,1.0,5.0,"LowTempoController, Disciplined",0
2019-2020_Watford_Brighton,2019-2020,1,Watford,Brighton,A,3,16.0,7.0,1.0,0.0,1.0,"Disciplined, LowTempoController",0
2019-2020_Tottenham_Aston Villa,2019-2020,1,Tottenham,Aston Villa,H,4,38.0,14.0,1.0,0.0,1.0,"RiskTaker, HighPressure, Disciplined",0
2019-2020_Leicester_Wolves,2019-2020,1,Leicester,Wolves,D,0,23.0,15.0,2.0,0.0,2.0,"HighPressure, Disciplined, LowTempoController",0
2019-2020_Newcastle_Arsenal,2019-2020,1,Newcastle,Arsenal,A,1,17.0,8.0,4.0,0.0,4.0,"Disciplined, LowTempoController",0
2019-2020_Man United_Chelsea,2019-2020,1,Man United,Chelsea,H,4,29.0,8.0,7.0,0.0,7.0,"AggressiveTackler, RiskTaker, ChaosInducer",1
2019-2020_Arsenal_Burnley,2019-2020,2,Arsenal,Burnley,H,3,34.0,17.0,3.0,0.0,3.0,"RiskTaker, HighPressure",1
2019-2020_Aston Villa_Bournemouth,2019-2020,2,Aston Villa,Bournemouth,A,3,34.0,15.0,2.0,0.0,2.0,"RiskTaker, HighPressure, Disciplined",0
2019-2020_Brighton_West Ham,2019-2020,2,Brighton,West Ham,D,2,24.0,14.0,2.0,0.0,2.0,"HighPressure, Disciplined, LowTempoController",0
2019-2020_Everton_Watford,2019-2020,2,Everton,Watford,H,1,20.0,11.0,5.0,0.0,5.0,"LowTempoController, Opportunistic",0
2019-2020_Norwich_Newcastle,2019-2020,2,Norwich,Newcastle,H,4,25.0,12.0,4.0,0.0,4.0,"RiskTaker, ChaosInducer",1
2019-2020_Southampton_Liverpool,2019-2020,2,Southampton,Liverpool,A,3,29.0,14.0,3.0,0.0,3.0,"RiskTaker, HighPressure",0
2019-2020_Man City_Tottenham,2019-2020,2,Man City,Tottenham,D,4,33.0,15.0,1.0,0.0,1.0,"RiskTaker, HighPressure, Disciplined",0
2019-2020_Sheffield United_Crystal Palace,2019-2020,2,Sheffield United,Crystal Palace,H,1,21.0,12.0,4.0,0.0,4.0,"LowTempoController, LowTempoController",0
2019-2020_Chelsea_Leicester,2019-2020,2,Chelsea,Leicester,D,2,26.0,9.0,1.0,0.0,1.0,"Disciplined, Opportunistic",0
2019-2020_Wolves_Man United,2019-2020,2,Wolves,Man United,D,2,15.0,10.0,4.0,0.0,4.0,"LowTempoController, LowTempoController",0
2019-2020_Aston Villa_Everton,2019-2020,3,Aston Villa,Everton,H,2,19.0,6.0,5.0,0.0,5.0,"DirectPlay, DirectPlay",0
2019-2020_Norwich_Chelsea,2019-2020,3,Norwich,Chelsea,A,5,29.0,9.0,2.0,0.0,2.0,"RiskTaker, Disciplined",0
2019-2020_Brighton_Southampton,2019-2020,3,Brighton,Southampton,A,2,24.0,13.0,4.0,1.0,6.0,"AggressiveTackler, HighPressure, LowTempoController",0
2019-2020_Man United_Crystal Palace,2019-2020,3,Man United,Crystal Palace,A,3,27.0,9.0,6.0,0.0,6.0,"AggressiveTackler, RiskTaker, ChaosInducer",1
2019-2020_Sheffield United_Leicester,2019-2020,3,Sheffield United,Leicester,A,3,18.0,11.0,1.0,0.0,1.0,"Disciplined, LowTempoController",0
2019-2020_Watford_West Ham,2019-2020,3,Watford,West Ham,A,4,39.0,15.0,2.0,0.0,2.0,"RiskTaker, HighPressure, Disciplined",0
2019-2020_Liverpool_Arsenal,2019-2020,3,Liverpool,Arsenal,H,4,34.0,10.0,2.0,0.0,2.0,"RiskTaker, HighPressure, Disciplined",0
2019-2020_Bournemouth_Man City,2019-2020,3,Bournemouth,Man City,A,4,29.0,9.0,4.0,0.0,4.0,"RiskTaker, ChaosInducer",1
2019-2020_Tottenham_Newcastle,2019-2020,3,Tottenham,Newcastle,A,1,25.0,12.0,4.0,0.0,4.0,"ChaosInducer, Opportunistic",0
2019-2020_Wolves_Burnley,2019-2020,3,Wolves,Burnley,D,2,30.0,7.0,2.0,0.0,2.0,"Disciplined, Opportunistic",0
2019-2020_Southampton_Man United,2019-2020,4,Southampton,Man United,D,2,31.0,5.0,3.0,1.0,5.0,"Opportunistic, HighPressure",0
2019-2020_Chelsea_Sheffield United,2019-2020,4,Chelsea,Sheffield United,D,4,21.0,7.0,1.0,0.0,1.0,"Disciplined, Opportunistic",0
2019-2020_Crystal Palace_Aston Villa,2019-2020,4,Crystal Palace,Aston Villa,H,1,32.0,15.0,6.0,1.0,8.0,"AggressiveTackler, HighPressure, ChaosInducer, Opportunistic",1
2019-2020_Leicester_Bournemouth,2019-2020,4,Leicester,Bournemouth,H,4,21.0,9.0,4.0,0.0,4.0,"ChaosInducer, LowTempoController",0
2019-2020_Man City_Brighton,2019-2020,4,Man City,Brighton,H,4,21.0,9.0,2.0,0.0,2.0,"Disciplined, LowTempoController",0
2019-2020_Newcastle_Watford,2019-2020,4,Newcastle,Watford,D,2,26.0,11.0,5.0,0.0,5.0,"HighPressure, AggressiveTackler",1
2019-2020_West Ham_Norwich,2019-2020,4,West Ham,Norwich,H,2,26.0,10.0,3.0,0.0,3.0,"LowTempoController, ChaosInducer",0
2019-2020_Burnley_Liverpool,2019-2020,4,Burnley,Liverpool,A,3,22.0,10.0,0.0,0.0,0.0,"Disciplined, Disciplined",0
2019-2020_Everton_Wolves,2019-2020,4,Everton,Wolves,H,5,23.0,14.0,5.0,1.0,7.0,"AggressiveTackler, RiskTaker, HighPressure, ChaosInducer, LowTempoController",1
2019-2020_Arsenal_Tottenham,2019-2020,4,Arsenal,Tottenham,D,4,39.0,17.0,8.0,0.0,8.0,"AggressiveTackler, RiskTaker, HighPressure, ChaosInducer",1
2019-2020_Liverpool_Newcastle,2019-2020,5,Liverpool,Newcastle,H,4,29.0,11.0,0.0,0.0,0.0,"RiskTaker, HighPressure, Disciplined",0
2019-2020_Brighton_Burnley,2019-2020,5,Brighton,Burnley,D,2,21.0,9.0,2.0,0.0,2.0,"Disciplined, Disciplined",0
2019-2020_Man United_Leicester,2019-2020,5,Man United,Leicester,H,1,19.0,12.0,3.0,0.0,3.0,"LowTempoController, RiskTaker",0
2019-2020_Sheffield United_Southampton,2019-2020,5,Sheffield United,Southampton,A,1,28.0,18.0,2.0,1.0,4.0,"HighPressure, LowTempoController, Opportunistic",0
2019-2020_Tottenham_Crystal Palace,2019-2020,5,Tottenham,Crystal Palace,H,4,24.0,7.0,6.0,0.0,6.0,"AggressiveTackler, RiskTaker, ChaosInducer",1
2019-2020_Wolves_Chelsea,2019-2020,5,Wolves,Chelsea,A,7,26.0,12.0,3.0,0.0,3.0,"RiskTaker, HighPressure, ChaosInducer",1
2019-2020_Norwich_Man City,2019-2020,5,Norwich,Man City,H,5,32.0,19.0,4.0,0.0,4.0,"RiskTaker, HighPressure, ChaosInducer, LowTempoController",1
2019-2020_Bournemouth_Everton,2019-2020,5,Bournemouth,Everton,H,4,27.0,14.0,4.0,0.0,4.0,"RiskTaker, HighPressure, ChaosInducer",1
2019-2020_Watford_Arsenal,2019-2020,5,Watford,Arsenal,D,4,41.0,8.0,6.0,0.0,6.0,"AggressiveTackler, RiskTaker, HighPressure, ChaosInducer",1
2019-2020_Aston Villa_West Ham,2019-2020,5,Aston Villa,West Ham,D,0,23.0,6.0,3.0,1.0,5.0,"RiskTaker, Disciplined",0
2019-2020_Southampton_Bournemouth,2019-2020,6,Southampton,Bournemouth,A,4,31.0,9.0,4.0,0.0,4.0,"RiskTaker, HighPressure, ChaosInducer",1
2019-2020_Leicester_Tottenham,2019-2020,6,Leicester,Tottenham,H,3,27.0,10.0,3.0,0.0,3.0,"RiskTaker, Disciplined",0
2019-2020_Burnley_Norwich,2019-2020,6,Burnley,Norwich,H,2,24.0,10.0,1.0,0.0,1.0,"Disciplined, DirectPlay",0
2019-2020_Everton_Sheffield United,2019-2020,6,Everton,Sheffield United,A,2,18.0,15.0,4.0,0.0,4.0,"LowTempoController, ChaosInducer",0
2019-2020_Man City_Watford,2019-2020,6,Man City,Watford,H,8,33.0,9.0,4.0,0.0,4.0,"RiskTaker, HighPressure, ChaosInducer",1
2019-2020_Newcastle_Brighton,2019-2020,6,Newcastle,Brighton,D,0,27.0,8.0,3.0,0.0,3.0,"Opportunistic, HighPressure",0
2019-2020_Crystal Palace_Wolves,2019-2020,6,Crystal Palace,Wolves,D,2,27.0,13.0,3.0,1.0,5.0,"HighPressure, Opportunistic",0
2019-2020_West Ham_Man United,2019-2020,6,West Ham,Man United,H,2,17.0,10.0,4.0,0.0,4.0,"LowTempoController, RiskTaker",0
2019-2020_Arsenal_Aston Villa,2019-2020,6,Arsenal,Aston Villa,H,5,35.0,13.0,6.0,1.0,8.0,"AggressiveTackler, RiskTaker, HighPressure, ChaosInducer",1
2019-2020_Chelsea_Liverpool,2019-2020,6,Chelsea,Liverpool,A,3,19.0,10.0,6.0,0.0,6.0,"AggressiveTackler, ChaosInducer, LowTempoController",0
2019-2020_Sheffield United_Liverpool,2019-2020,7,Sheffield United,Liverpool,A,1,28.0,11.0,2.0,0.0,2.0,"HighPressure, Disciplined, Opportunistic",0
2019-2020_Aston Villa_Burnley,2019-2020,7,Aston Villa,Burnley,D,4,26.0,10.0,5.0,0.0,5.0,"RiskTaker, ChaosInducer",1
2019-2020_Bournemouth_West Ham,2019-2020,7,Bournemouth,West Ham,D,4,30.0,12.0,4.0,0.0,4.0,"RiskTaker, HighPressure, ChaosInducer",1
2019-2020_Chelsea_Brighton,2019-2020,7,Chelsea,Brighton,H,2,32.0,7.0,5.0,0.0,5.0,"Opportunistic, DirectPlay",0
2019-2020_Crystal Palace_Norwich,2019-2020,7,Crystal Palace,Norwich,H,2,25.0,10.0,4.0,0.0,4.0,"DirectPlay, HighPressure",0
2019-2020_Tottenham_Southampton,2019-2020,7,Tottenham,Southampton,H,3,23.0,12.0,2.0,1.0,4.0,"DirectPlay, Opportunistic",0
2019-2020_Wolves_Watford,2019-2020,7,Wolves,Watford,H,2,20.0,7.0,1.0,0.0,1.0,"Disciplined, ChaosInducer",0
2019-2020_Everton_Man City,2019-2020,7,Everton,Man City,A,4,32.0,7.0,4.0,0.0,4.0,"RiskTaker, ChaosInducer",1
2019-2020_Leicester_Newcastle,2019-2020,7,Leicester,Newcastle,H,5,16.0,9.0,2.0,1.0,4.0,"ChaosInducer, LowTempoController",0
2019-2020_Man United_Arsenal,2019-2020,7,Man United,Arsenal,D,2,26.0,15.0,6.0,0.0,6.0,"AggressiveTackler, HighPressure, LowTempoController",0
2019-2020_Brighton_Tottenham,2019-2020,8,Brighton,Tottenham,H,3,25.0,8.0,3.0,0.0,3.0,"Disciplined, LowTempoController",0
2019-2020_Burnley_Everton,2019-2020,8,Burnley,Everton,H,1,20.0,16.0,3.0,1.0,5.0,"HighPressure, LowTempoController",0
2019-2020_Liverpool_Leicester,2019-2020,8,Liverpool,Leicester,H,3,20.0,10.0,5.0,0.0,5.0,"ChaosInducer, HighPressure",0
2019-2020_Norwich_Aston Villa,2019-2020,8,Norwich,Aston Villa,A,6,43.0,16.0,4.0,0.0,4.0,"RiskTaker, HighPressure, ChaosInducer",1
2019-2020_Watford_Sheffield United,2019-2020,8,Watford,Sheffield United,D,0,17.0,14.0,2.0,0.0,2.0,"Disciplined, LowTempoController",0
2019-2020_West Ham_Crystal Palace,2019-2020,8,West Ham,Crystal Palace,A,3,16.0,4.0,5.0,0.0,5.0,"ChaosInducer, Disciplined",0
2019-2020_Arsenal_Bournemouth,2019-2020,8,Arsenal,Bournemouth,H,1,22.0,19.0,3.0,0.0,3.0,"HighPressure, LowTempoController",0
2019-2020_Man City_Wolves,2019-2020,8,Man City,Wolves,A,2,25.0,10.0,7.0,0.0,7.0,"AggressiveTackler, ChaosInducer",1
2019-2020_Southampton_Chelsea,2019-2020,8,Southampton,Chelsea,A,5,23.0,7.0,1.0,0.0,1.0,"RiskTaker, Disciplined",0
2019-2020_Newcastle_Man United,2019-2020,8,Newcastle,Man United,H,1,24.0,10.0,6.0,0.0,6.0,"AggressiveTackler, Disciplined",0
2019-2020_Everton_West Ham,2019-2020,9,Everton,West Ham,H,2,27.0,13.0,4.0,0.0,4.0,"HighPressure, Opportunistic",0
2019-2020_Aston Villa_Brighton,2019-2020,9,Aston Villa,Brighton,H,3,44.0,12.0,3.0,1.0,5.0,"RiskTaker, HighPressure, ChaosInducer",1
2019-2020_Bournemouth_Norwich,2019-2020,9,Bournemouth,Norwich,D,0,21.0,13.0,4.0,0.0,4.0,"LowTempoController, AggressiveTackler",0
2019-2020_Chelsea_Newcastle,2019-2020,9,Chelsea,Newcastle,H,1,21.0,11.0,3.0,0.0,3.0,"LowTempoController, Opportunistic",0
2019-2020_Leicester_Burnley,2019-2020,9,Leicester,Burnley,H,3,32.0,13.0,3.0,0.0,3.0,"RiskTaker, HighPressure",0
2019-2020_Tottenham_Watford,2019-2020,9,Tottenham,Watford,D,2,19.0,13.0,7.0,0.0,7.0,"AggressiveTackler, ChaosInducer, LowTempoController",0
2019-2020_Wolves_Southampton,2019-2020,9,Wolves,Southampton,D,2,18.0,4.0,5.0,0.0,5.0,"HighPressure, DirectPlay",0
2019-2020_Crystal Palace_Man City,2019-2020,9,Crystal Palace,Man City,A,2,28.0,9.0,2.0,0.0,2.0,"Disciplined, Opportunistic",0
2019-2020_Man United_Liverpool,2019-2020,9,Man United,Liverpool,D,2,17.0,4.0,1.0,0.0,1.0,"Disciplined, LowTempoController",0
2019-2020_Sheffield United_Arsenal,2019-2020,9,Sheffield United,Arsenal,H,1,17.0,19.0,8.0,0.0,8.0,"AggressiveTackler, HighPressure, ChaosInducer, LowTempoController",1
2019-2020_Southampton_Leicester,2019-2020,10,Southampton,Leicester,A,9,31.0,9.0,0.0,1.0,2.0,"RiskTaker, HighPressure, ChaosInducer, Disciplined",1
2019-2020_Man City_Aston Villa,2019-2020,10,Man City,Aston Villa,H,3,36.0,20.0,2.0,1.0,4.0,"RiskTaker, HighPressure",1
2019-2020_Brighton_Everton,2019-2020,10,Brighton,Everton,H,5,18.0,5.0,3.0,0.0,3.0,"ChaosInducer, HighPressure",0
2019-2020_Watford_Bournemouth,2019-2020,10,Watford,Bournemouth,D,0,22.0,15.0,8.0,0.0,8.0,"AggressiveTackler, HighPressure, LowTempoController",0
2019-2020_West Ham_Sheffield United,2019-2020,10,West Ham,Sheffield United,D,2,22.0,14.0,4.0,0.0,4.0,"LowTempoController, DirectPlay",0
2019-2020_Burnley_Chelsea,2019-2020,10,Burnley,Chelsea,A,6,29.0,11.0,5.0,0.0,5.0,"RiskTaker, HighPressure, ChaosInducer",1
2019-2020_Newcastle_Wolves,2019-2020,10,Newcastle,Wolves,D,2,26.0,9.0,4.0,1.0,6.0,"AggressiveTackler, Disciplined",0
2019-2020_Arsenal_Crystal Palace,2019-2020,10,Arsenal,Crystal Palace,D,4,25.0,17.0,2.0,0.0,2.0,"RiskTaker, HighPressure, Disciplined, LowTempoController",0
2019-2020_Liverpool_Tottenham,2019-2020,10,Liverpool,Tottenham,H,3,32.0,11.0,6.0,0.0,6.0,"AggressiveTackler, RiskTaker, HighPressure, ChaosInducer",1
2019-2020_Norwich_Man United,2019-2020,10,Norwich,Man United,A,4,31.0,11.0,4.0,0.0,4.0,"RiskTaker, HighPressure, ChaosInducer",1
2019-2020_Bournemouth_Man United,2019-2020,11,Bournemouth,Man United,H,1,27.0,14.0,7.0,0.0,7.0,"AggressiveTackler, HighPressure, Opportunistic",0
2019-2020_Arsenal_Wolves,2019-2020,11,Arsenal,Wolves,D,2,35.0,17.0,2.0,0.0,2.0,"HighPressure, Disciplined, Opportunistic",0
2019-2020_Aston Villa_Liverpool,2019-2020,11,Aston Villa,Liverpool,A,3,30.0,12.0,3.0,0.0,3.0,"RiskTaker, HighPressure",1
2019-2020_Brighton_Norwich,2019-2020,11,Brighton,Norwich,H,2,28.0,11.0,1.0,0.0,1.0,"HighPressure, Disciplined, Opportunistic",0
2019-2020_Man City_Southampton,2019-2020,11,Man City,Southampton,H,3,29.0,17.0,4.0,0.0,4.0,"RiskTaker, HighPressure, LowTempoController",0
2019-2020_Sheffield United_Burnley,2019-2020,11,Sheffield United,Burnley,H,3,19.0,13.0,3.0,0.0,3.0,"LowTempoController, LowTempoController",0
2019-2020_West Ham_Newcastle,2019-2020,11,West Ham,Newcastle,A,5,28.0,10.0,3.0,0.0,3.0,"RiskTaker, ChaosInducer",1
2019-2020_Watford_Chelsea,2019-2020,11,Watford,Chelsea,A,3,28.0,7.0,6.0,0.0,6.0,"AggressiveTackler, RiskTaker, ChaosInducer",1
2019-2020_Crystal Palace_Leicester,2019-2020,11,Crystal Palace,Leicester,A,2,26.0,11.0,4.0,0.0,4.0,"DirectPlay, ChaosInducer",1
2019-2020_Everton_Tottenham,2019-2020,11,Everton,Tottenham,D,2,11.0,7.0,3.0,1.0,5.0,"LowTempoController, DirectPlay",0
2019-2020_Norwich_Watford,2019-2020,12,Norwich,Watford,A,2,29.0,14.0,3.0,1.0,5.0,"HighPressure, Opportunistic",0
2019-2020_Chelsea_Crystal Palace,2019-2020,12,Chelsea,Crystal Palace,H,2,26.0,7.0,5.0,0.0,5.0,"AggressiveTackler, Opportunistic",0
2019-2020_Burnley_West Ham,2019-2020,12,Burnley,West Ham,H,3,21.0,15.0,3.0,0.0,3.0,"HighPressure, LowTempoController",0
2019-2020_Newcastle_Bournemouth,2019-2020,12,Newcastle,Bournemouth,H,3,36.0,9.0,2.0,0.0,2.0,"RiskTaker, HighPressure, Disciplined",0
2019-2020_Southampton_Everton,2019-2020,12,Southampton,Everton,A,3,28.0,14.0,2.0,0.0,2.0,"RiskTaker, HighPressure, Disciplined",0
2019-2020_Tottenham_Sheffield United,2019-2020,12,Tottenham,Sheffield United,D,2,31.0,8.0,4.0,0.0,4.0,"Opportunistic, Disciplined",0
2019-2020_Leicester_Arsenal,2019-2020,12,Leicester,Arsenal,H,2,27.0,9.0,2.0,0.0,2.0,"Disciplined, Opportunistic",0
2019-2020_Man United_Brighton,2019-2020,12,Man United,Brighton,H,4,27.0,7.0,7.0,0.0,7.0,"AggressiveTackler, RiskTaker, ChaosInducer",1
2019-2020_Wolves_Aston Villa,2019-2020,12,Wolves,Aston Villa,H,3,30.0,9.0,7.0,0.0,7.0,"AggressiveTackler, RiskTaker, ChaosInducer",1
2019-2020_Liverpool_Man City,2019-2020,12,Liverpool,Man City,H,4,30.0,17.0,2.0,0.0,2.0,"RiskTaker, HighPressure, Disciplined, LowTempoController",0
2019-2020_West Ham_Tottenham,2019-2020,13,West Ham,Tottenham,A,5,26.0,10.0,5.0,0.0,5.0,"RiskTaker, ChaosInducer",1
2019-2020_Arsenal_Southampton,2019-2020,13,Arsenal,Southampton,D,4,33.0,14.0,8.0,0.0,8.0,"AggressiveTackler, RiskTaker, HighPressure, ChaosInducer",1
2019-2020_Bournemouth_Wolves,2019-2020,13,Bournemouth,Wolves,A,3,26.0,14.0,3.0,1.0,5.0,"HighPressure, ChaosInducer, LowTempoController",0
2019-2020_Brighton_Leicester,2019-2020,13,Brighton,Leicester,A,2,26.0,13.0,2.0,0.0,2.0,"HighPressure, Disciplined",0
2019-2020_Crystal Palace_Liverpool,2019-2020,13,Crystal Palace,Liverpool,A,3,28.0,17.0,1.0,0.0,1.0,"RiskTaker, HighPressure, Disciplined, LowTempoController",0
2019-2020_Everton_Norwich,2019-2020,13,Everton,Norwich,A,2,31.0,14.0,8.0,0.0,8.0,"AggressiveTackler, HighPressure, ChaosInducer, Opportunistic",1
2019-2020_Watford_Burnley,2019-2020,13,Watford,Burnley,A,3,26.0,12.0,3.0,0.0,3.0,"HighPressure, DirectPlay",0
2019-2020_Man City_Chelsea,2019-2020,13,Man City,Chelsea,H,3,26.0,10.0,2.0,0.0,2.0,"Disciplined, Opportunistic",0
2019-2020_Sheffield United_Man United,2019-2020,13,Sheffield United,Man United,D,6,23.0,9.0,3.0,0.0,3.0,"RiskTaker, ChaosInducer",1
2019-2020_Aston Villa_Newcastle,2019-2020,13,Aston Villa,Newcastle,H,2,28.0,17.0,2.0,0.0,2.0,"HighPressure, Disciplined, LowTempoController, Opportunistic",0
2019-2020_Newcastle_Man City,2019-2020,14,Newcastle,Man City,D,4,30.0,11.0,3.0,0.0,3.0,"RiskTaker, HighPressure",0
2019-2020_Burnley_Crystal Palace,2019-2020,14,Burnley,Crystal Palace,A,2,22.0,11.0,2.0,0.0,2.0,"Disciplined, RiskTaker",0
2019-2020_Chelsea_West Ham,2019-2020,14,Chelsea,West Ham,A,1,24.0,12.0,3.0,0.0,3.0,"RiskTaker, Opportunistic",0
2019-2020_Liverpool_Brighton,2019-2020,14,Liverpool,Brighton,H,3,27.0,9.0,0.0,1.0,2.0,"RiskTaker, Disciplined",0
2019-2020_Tottenham_Bournemouth,2019-2020,14,Tottenham,Bournemouth,H,5,35.0,12.0,2.0,0.0,2.0,"RiskTaker, HighPressure, Disciplined",0
2019-2020_Southampton_Watford,2019-2020,14,Southampton,Watford,H,3,17.0,13.0,1.0,0.0,1.0,"Disciplined, LowTempoController",0
2019-2020_Norwich_Arsenal,2019-2020,14,Norwich,Arsenal,D,4,31.0,19.0,3.0,0.0,3.0,"RiskTaker, HighPressure, LowTempoController",0
2019-2020_Wolves_Sheffield United,2019-2020,14,Wolves,Sheffield United,D,2,22.0,9.0,5.0,0.0,5.0,"Opportunistic, AggressiveTackler",0
2019-2020_Leicester_Everton,2019-2020,14,Leicester,Everton,H,3,27.0,8.0,1.0,0.0,1.0,"RiskTaker, Disciplined",0
2019-2020_Man United_Aston Villa,2019-2020,14,Man United,Aston Villa,D,4,25.0,18.0,5.0,0.0,5.0,"RiskTaker, HighPressure, ChaosInducer, LowTempoController",1
2019-2020_Crystal Palace_Bournemouth,2019-2020,15,Crystal Palace,Bournemouth,H,1,13.0,15.0,6.0,1.0,8.0,"AggressiveTackler, ChaosInducer, LowTempoController",0
2019-2020_Burnley_Man City,2019-2020,15,Burnley,Man City,A,5,21.0,9.0,2.0,0.0,2.0,"RiskTaker, Disciplined",0
2019-2020_Chelsea_Aston Villa,2019-2020,15,Chelsea,Aston Villa,H,3,34.0,14.0,3.0,0.0,3.0,"RiskTaker, HighPressure",1
2019-2020_Leicester_Watford,2019-2020,15,Leicester,Watford,H,2,16.0,9.0,5.0,0.0,5.0,"LowTempoController, ChaosInducer",0
2019-2020_Man United_Tottenham,2019-2020,15,Man United,Tottenham,H,3,20.0,7.0,1.0,0.0,1.0,"Disciplined, Disciplined",0
2019-2020_Southampton_Norwich,2019-2020,15,Southampton,Norwich,H,3,24.0,7.0,2.0,0.0,2.0,"Disciplined, HighPressure",0
2019-2020_Wolves_West Ham,2019-2020,15,Wolves,West Ham,H,2,19.0,9.0,3.0,0.0,3.0,"AggressiveTackler, ChaosInducer",0
2019-2020_Liverpool_Everton,2019-2020,15,Liverpool,Everton,H,7,23.0,11.0,3.0,0.0,3.0,"RiskTaker, ChaosInducer",1
2019-2020_Sheffield United_Newcastle,2019-2020,15,Sheffield United,Newcastle,A,2,19.0,9.0,2.0,0.0,2.0,"Disciplined, Opportunistic",0
2019-2020_Arsenal_Brighton,2019-2020,15,Arsenal,Brighton,A,3,32.0,18.0,4.0,0.0,4.0,"RiskTaker, HighPressure, LowTempoController",0
2019-2020_Everton_Chelsea,2019-2020,16,Everton,Chelsea,H,4,28.0,6.0,3.0,0.0,3.0,"RiskTaker, HighPressure",1
2019-2020_Bournemouth_Liverpool,2019-2020,16,Bournemouth,Liverpool,A,3,24.0,4.0,1.0,0.0,1.0,"Disciplined, Opportunistic",0
2019-2020_Tottenham_Burnley,2019-2020,16,Tottenham,Burnley,H,5,20.0,2.0,2.0,0.0,2.0,"RiskTaker, Disciplined",0
2019-2020_Watford_Crystal Palace,2019-2020,16,Watford,Crystal Palace,D,0,16.0,8.0,6.0,0.0,6.0,"AggressiveTackler, LowTempoController",0
2019-2020_Man City_Man United,2019-2020,16,Man City,Man United,A,3,33.0,19.0,5.0,0.0,5.0,"RiskTaker, HighPressure, ChaosInducer, LowTempoController",1
2019-2020_Aston Villa_Leicester,2019-2020,16,Aston Villa,Leicester,A,5,38.0,13.0,8.0,0.0,8.0,"AggressiveTackler, RiskTaker, HighPressure, ChaosInducer",1
2019-2020_Newcastle_Southampton,2019-2020,16,Newcastle,Southampton,H,3,31.0,15.0,4.0,0.0,4.0,"RiskTaker, HighPressure",1
2019-2020_Norwich_Sheffield United,2019-2020,16,Norwich,Sheffield United,A,3,23.0,10.0,4.0,0.0,4.0,"Opportunistic, RiskTaker",0
2019-2020_Brighton_Wolves,2019-2020,16,Brighton,Wolves,D,4,26.0,7.0,3.0,0.0,3.0,"RiskTaker, RiskTaker",0
2019-2020_West Ham_Arsenal,2019-2020,16,West Ham,Arsenal,A,4,21.0,7.0,2.0,0.0,2.0,"Disciplined, HighPressure",0
2019-2020_Liverpool_Watford,2019-2020,17,Liverpool,Watford,H,2,24.0,9.0,3.0,0.0,3.0,"AggressiveTackler, RiskTaker",1
2019-2020_Burnley_Newcastle,2019-2020,17,Burnley,Newcastle,H,1,16.0,7.0,2.0,0.0,2.0,"Disciplined, Disciplined",0
2019-2020_Chelsea_Bournemouth,2019-2020,17,Chelsea,Bournemouth,A,1,29.0,13.0,3.0,0.0,3.0,"HighPressure, Opportunistic",0
2019-2020_Leicester_Norwich,2019-2020,17,Leicester,Norwich,D,2,28.0,16.0,4.0,0.0,4.0,"HighPressure, LowTempoController, Opportunistic",0
2019-2020_Sheffield United_Aston Villa,2019-2020,17,Sheffield United,Aston Villa,H,2,15.0,5.0,4.0,0.0,4.0,"Opportunistic, LowTempoController",0
2019-2020_Southampton_West Ham,2019-2020,17,Southampton,West Ham,A,1,22.0,13.0,4.0,0.0,4.0,"LowTempoController, DirectPlay",0
2019-2020_Man United_Everton,2019-2020,17,Man United,Everton,D,2,32.0,11.0,3.0,0.0,3.0,"HighPressure, Opportunistic",0
2019-2020_Wolves_Tottenham,2019-2020,17,Wolves,Tottenham,A,3,27.0,13.0,8.0,0.0,8.0,"AggressiveTackler, RiskTaker, HighPressure, ChaosInducer",1
2019-2020_Arsenal_Man City,2019-2020,17,Arsenal,Man City,A,3,20.0,6.0,5.0,0.0,5.0,"ChaosInducer, HighPressure",0
2019-2020_Crystal Palace_Brighton,2019-2020,17,Crystal Palace,Brighton,D,2,26.0,10.0,2.0,0.0,2.0,"Disciplined, HighPressure",0
2019-2020_Everton_Arsenal,2019-2020,18,Everton,Arsenal,D,0,15.0,9.0,5.0,0.0,5.0,"LowTempoController, RiskTaker",0
2019-2020_Aston Villa_Southampton,2019-2020,18,Aston Villa,Southampton,A,4,36.0,12.0,3.0,0.0,3.0,"RiskTaker, HighPressure",0
2019-2020_Bournemouth_Burnley,2019-2020,18,Bournemouth,Burnley,A,1,5.0,9.0,6.0,0.0,6.0,"AggressiveTackler, LowTempoController",0
2019-2020_Brighton_Sheffield United,2019-2020,18,Brighton,Sheffield United,A,1,16.0,7.0,4.0,0.0,4.0,"AggressiveTackler, Opportunistic",0
2019-2020_Newcastle_Crystal Palace,2019-2020,18,Newcastle,Crystal Palace,H,1,24.0,9.0,2.0,0.0,2.0,"Disciplined, Disciplined",0
2019-2020_Norwich_Wolves,2019-2020,18,Norwich,Wolves,A,3,27.0,14.0,6.0,0.0,6.0,"AggressiveTackler, RiskTaker, HighPressure, ChaosInducer",1
2019-2020_Man City_Leicester,2019-2020,18,Man City,Leicester,H,4,28.0,7.0,4.0,0.0,4.0,"RiskTaker, ChaosInducer",1
2019-2020_Watford_Man United,2019-2020,18,Watford,Man United,H,2,28.0,8.0,4.0,0.0,4.0,"Opportunistic, AggressiveTackler",0
2019-2020_Tottenham_Chelsea,2019-2020,18,Tottenham,Chelsea,A,2,18.0,8.0,7.0,1.0,9.0,"AggressiveTackler, ChaosInducer",1
2019-2020_Tottenham_Brighton,2019-2020,19,Tottenham,Brighton,H,3,22.0,11.0,6.0,0.0,6.0,"AggressiveTackler, ChaosInducer",1
2019-2020_Aston Villa_Norwich,2019-2020,19,Aston Villa,Norwich,H,1,27.0,13.0,5.0,0.0,5.0,"HighPressure, Opportunistic",0
2019-2020_Bournemouth_Arsenal,2019-2020,19,Bournemouth,Arsenal,D,2,29.0,11.0,8.0,0.0,8.0,"AggressiveTackler, HighPressure, ChaosInducer, Opportunistic",1
2019-2020_Chelsea_Southampton,2019-2020,19,Chelsea,Southampton,A,2,15.0,9.0,5.0,0.0,5.0,"LowTempoController, ChaosInducer",0
2019-2020_Crystal Palace_West Ham,2019-2020,19,Crystal Palace,West Ham,H,3,23.0,13.0,2.0,0.0,2.0,"Disciplined, LowTempoController",0
2019-2020_Everton_Burnley,2019-2020,19,Everton,Burnley,H,1,27.0,12.0,0.0,0.0,0.0,"HighPressure, Disciplined, Opportunistic",0
2019-2020_Sheffield United_Watford,2019-2020,19,Sheffield United,Watford,D,2,21.0,10.0,4.0,0.0,4.0,"ChaosInducer, LowTempoController",0
2019-2020_Man United_Newcastle,2019-2020,19,Man United,Newcastle,H,5,29.0,5.0,4.0,0.0,4.0,"RiskTaker, ChaosInducer",1
2019-2020_Leicester_Liverpool,2019-2020,19,Leicester,Liverpool,A,4,18.0,10.0,2.0,0.0,2.0,"Disciplined, LowTempoController",0
2019-2020_Wolves_Man City,2019-2020,19,Wolves,Man City,H,5,27.0,4.0,1.0,1.0,3.0,"RiskTaker, ChaosInducer",1
2019-2020_Brighton_Bournemouth,2019-2020,20,Brighton,Bournemouth,H,2,26.0,11.0,2.0,0.0,2.0,"Disciplined, RiskTaker",0
2019-2020_Newcastle_Everton,2019-2020,20,Newcastle,Everton,A,3,42.0,13.0,4.0,0.0,4.0,"RiskTaker, HighPressure",1
2019-2020_Southampton_Crystal Palace,2019-2020,20,Southampton,Crystal Palace,D,2,19.0,16.0,3.0,0.0,3.0,"HighPressure, LowTempoController",0
2019-2020_Watford_Aston Villa,2019-2020,20,Watford,Aston Villa,H,3,31.0,9.0,4.0,1.0,6.0,"AggressiveTackler, RiskTaker, HighPressure, ChaosInducer",1
2019-2020_Norwich_Tottenham,2019-2020,20,Norwich,Tottenham,D,4,20.0,10.0,6.0,0.0,6.0,"AggressiveTackler, ChaosInducer",1
2019-2020_West Ham_Leicester,2019-2020,20,West Ham,Leicester,A,3,27.0,10.0,5.0,0.0,5.0,"RiskTaker, ChaosInducer",1
2019-2020_Burnley_Man United,2019-2020,20,Burnley,Man United,A,2,22.0,9.0,7.0,0.0,7.0,"AggressiveTackler, ChaosInducer",1
2019-2020_Arsenal_Chelsea,2019-2020,20,Arsenal,Chelsea,A,3,20.0,5.0,9.0,0.0,9.0,"AggressiveTackler, ChaosInducer",1
2019-2020_Liverpool_Wolves,2019-2020,20,Liverpool,Wolves,H,1,20.0,11.0,1.0,0.0,1.0,"Disciplined, LowTempoController",0
2019-2020_Man City_Sheffield United,2019-2020,20,Man City,Sheffield United,H,2,24.0,13.0,2.0,0.0,2.0,"HighPressure, Disciplined, LowTempoController",0
2019-2020_Brighton_Chelsea,2019-2020,21,Brighton,Chelsea,D,2,32.0,8.0,5.0,0.0,5.0,"HighPressure, Opportunistic",0
2019-2020_Burnley_Aston Villa,2019-2020,21,Burnley,Aston Villa,A,3,31.0,12.0,2.0,0.0,2.0,"RiskTaker, HighPressure, Disciplined",0
2019-2020_Newcastle_Leicester,2019-2020,21,Newcastle,Leicester,A,3,22.0,9.0,2.0,0.0,2.0,"Disciplined, RiskTaker",0
2019-2020_Southampton_Tottenham,2019-2020,21,Southampton,Tottenham,H,1,23.0,15.0,7.0,0.0,7.0,"AggressiveTackler, HighPressure, LowTempoController",0
2019-2020_Watford_Wolves,2019-2020,21,Watford,Wolves,H,3,25.0,11.0,4.0,1.0,6.0,"AggressiveTackler, ChaosInducer",1
2019-2020_Man City_Everton,2019-2020,21,Man City,Everton,H,3,23.0,9.0,4.0,0.0,4.0,"RiskTaker, LowTempoController",0
2019-2020_Norwich_Crystal Palace,2019-2020,21,Norwich,Crystal Palace,D,2,27.0,7.0,5.0,0.0,5.0,"Opportunistic, ChaosInducer",0
2019-2020_West Ham_Bournemouth,2019-2020,21,West Ham,Bournemouth,H,4,17.0,11.0,3.0,0.0,3.0,"LowTempoController, AggressiveTackler",0
2019-2020_Arsenal_Man United,2019-2020,21,Arsenal,Man United,H,2,20.0,5.0,2.0,0.0,2.0,"Disciplined, LowTempoController",0
2019-2020_Liverpool_Sheffield United,2019-2020,21,Liverpool,Sheffield United,H,2,22.0,12.0,0.0,0.0,0.0,"Disciplined, LowTempoController",0
2019-2020_Sheffield United_West Ham,2019-2020,22,Sheffield United,West Ham,H,1,20.0,10.0,1.0,0.0,1.0,"Disciplined, LowTempoController",0
2019-2020_Crystal Palace_Arsenal,2019-2020,22,Crystal Palace,Arsenal,D,2,13.0,5.0,5.0,1.0,7.0,"AggressiveTackler, ChaosInducer",1
2019-2020_Chelsea_Burnley,2019-2020,22,Chelsea,Burnley,H,3,25.0,13.0,3.0,0.0,3.0,"HighPressure, AggressiveTackler",1
2019-2020_Everton_Brighton,2019-2020,22,Everton,Brighton,H,1,23.0,7.0,3.0,0.0,3.0,"RiskTaker, Disciplined",0
2019-2020_Leicester_Southampton,2019-2020,22,Leicester,Southampton,A,3,21.0,6.0,3.0,0.0,3.0,"AggressiveTackler, ChaosInducer",0
2019-2020_Man United_Norwich,2019-2020,22,Man United,Norwich,H,4,21.0,6.0,0.0,0.0,0.0,"Disciplined, HighPressure",0
2019-2020_Wolves_Newcastle,2019-2020,22,Wolves,Newcastle,D,2,14.0,7.0,3.0,0.0,3.0,"LowTempoController, Opportunistic",0
2019-2020_Tottenham_Liverpool,2019-2020,22,Tottenham,Liverpool,A,1,27.0,7.0,2.0,0.0,2.0,"Disciplined, Opportunistic",0
2019-2020_Bournemouth_Watford,2019-2020,22,Bournemouth,Watford,A,3,28.0,10.0,2.0,0.0,2.0,"RiskTaker, Disciplined",0
2019-2020_Aston Villa_Man City,2019-2020,22,Aston Villa,Man City,A,7,29.0,6.0,3.0,0.0,3.0,"RiskTaker, ChaosInducer",1
2019-2020_Watford_Tottenham,2019-2020,23,Watford,Tottenham,D,0,32.0,6.0,5.0,0.0,5.0,"Opportunistic, HighPressure",0
2019-2020_Arsenal_Sheffield United,2019-2020,23,Arsenal,Sheffield United,D,2,23.0,9.0,3.0,0.0,3.0,"DirectPlay, DirectPlay",0
2019-2020_Brighton_Aston Villa,2019-2020,23,Brighton,Aston Villa,D,2,18.0,7.0,6.0,0.0,6.0,"AggressiveTackler, LowTempoController",0
2019-2020_Man City_Crystal Palace,2019-2020,23,Man City,Crystal Palace,D,4,30.0,16.0,3.0,0.0,3.0,"RiskTaker, HighPressure",0
2019-2020_Norwich_Bournemouth,2019-2020,23,Norwich,Bournemouth,H,1,22.0,9.0,4.0,2.0,8.0,"AggressiveTackler, ChaosInducer",1
2019-2020_Southampton_Wolves,2019-2020,23,Southampton,Wolves,A,5,19.0,4.0,3.0,0.0,3.0,"ChaosInducer, Opportunistic",0
2019-2020_West Ham_Everton,2019-2020,23,West Ham,Everton,D,2,23.0,13.0,1.0,0.0,1.0,"Disciplined, LowTempoController",0
2019-2020_Newcastle_Chelsea,2019-2020,23,Newcastle,Chelsea,H,1,26.0,11.0,2.0,0.0,2.0,"Disciplined, HighPressure",0
2019-2020_Burnley_Leicester,2019-2020,23,Burnley,Leicester,H,3,26.0,9.0,1.0,0.0,1.0,"Disciplined, Disciplined",0
2019-2020_Liverpool_Man United,2019-2020,23,Liverpool,Man United,H,2,25.0,16.0,4.0,0.0,4.0,"HighPressure, LowTempoController",0
2019-2020_Aston Villa_Watford,2019-2020,24,Aston Villa,Watford,H,3,24.0,9.0,4.0,0.0,4.0,"RiskTaker, ChaosInducer",1
2019-2020_Bournemouth_Brighton,2019-2020,24,Bournemouth,Brighton,H,4,32.0,13.0,2.0,0.0,2.0,"RiskTaker, HighPressure, Disciplined",0
2019-2020_Crystal Palace_Southampton,2019-2020,24,Crystal Palace,Southampton,A,2,21.0,8.0,3.0,0.0,3.0,"DirectPlay, Disciplined",0
2019-2020_Everton_Newcastle,2019-2020,24,Everton,Newcastle,D,4,25.0,10.0,2.0,0.0,2.0,"RiskTaker, Disciplined",0
2019-2020_Sheffield United_Man City,2019-2020,24,Sheffield United,Man City,A,1,22.0,18.0,7.0,0.0,7.0,"AggressiveTackler, HighPressure, LowTempoController",0
2019-2020_Chelsea_Arsenal,2019-2020,24,Chelsea,Arsenal,D,4,21.0,22.0,3.0,1.0,5.0,"HighPressure, ChaosInducer, LowTempoController",0
2019-2020_Leicester_West Ham,2019-2020,24,Leicester,West Ham,H,5,25.0,15.0,2.0,0.0,2.0,"RiskTaker, HighPressure, Disciplined, LowTempoController",0
2019-2020_Tottenham_Norwich,2019-2020,24,Tottenham,Norwich,H,3,26.0,10.0,1.0,0.0,1.0,"Disciplined, ChaosInducer",0
2019-2020_Man United_Burnley,2019-2020,24,Man United,Burnley,A,2,29.0,7.0,2.0,0.0,2.0,"Disciplined, Opportunistic",0
2019-2020_Wolves_Liverpool,2019-2020,24,Wolves,Liverpool,A,3,23.0,6.0,1.0,0.0,1.0,"Disciplined, ChaosInducer",0
2019-2020_West Ham_Liverpool,2019-2020,24,West Ham,Liverpool,A,2,20.0,10.0,2.0,0.0,2.0,"Disciplined, RiskTaker",0
2019-2020_Leicester_Chelsea,2019-2020,25,Leicester,Chelsea,D,4,21.0,10.0,4.0,0.0,4.0,"ChaosInducer, Opportunistic",0
2019-2020_Bournemouth_Aston Villa,2019-2020,25,Bournemouth,Aston Villa,H,3,34.0,9.0,4.0,1.0,6.0,"AggressiveTackler, RiskTaker, HighPressure, ChaosInducer",1
2019-2020_Crystal Palace_Sheffield United,2019-2020,25,Crystal Palace,Sheffield United,A,1,23.0,14.0,5.0,0.0,5.0,"HighPressure, LowTempoController",0
2019-2020_Liverpool_Southampton,2019-2020,25,Liverpool,Southampton,H,4,33.0,17.0,2.0,0.0,2.0,"RiskTaker, HighPressure, Disciplined",0
2019-2020_Newcastle_Norwich,2019-2020,25,Newcastle,Norwich,D,0,34.0,20.0,3.0,0.0,3.0,"HighPressure, LowTempoController, Opportunistic",0
2019-2020_Watford_Everton,2019-2020,25,Watford,Everton,A,5,23.0,8.0,4.0,1.0,6.0,"AggressiveTackler, RiskTaker, ChaosInducer",1
2019-2020_West Ham_Brighton,2019-2020,25,West Ham,Brighton,D,6,31.0,10.0,2.0,0.0,2.0,"RiskTaker, HighPressure, ChaosInducer, Disciplined",1
2019-2020_Man United_Wolves,2019-2020,25,Man United,Wolves,D,0,29.0,10.0,5.0,0.0,5.0,"HighPressure, Opportunistic",0
2019-2020_Burnley_Arsenal,2019-2020,25,Burnley,Arsenal,D,0,28.0,12.0,4.0,0.0,4.0,"HighPressure, Opportunistic",0
2019-2020_Tottenham_Man City,2019-2020,25,Tottenham,Man City,H,2,21.0,8.0,5.0,1.0,7.0,"AggressiveTackler, ChaosInducer",1
2019-2020_Everton_Crystal Palace,2019-2020,26,Everton,Crystal Palace,H,4,24.0,10.0,1.0,0.0,1.0,"RiskTaker, Disciplined",0
2019-2020_Brighton_Watford,2019-2020,26,Brighton,Watford,D,2,15.0,5.0,4.0,0.0,4.0,"LowTempoController, HighPressure",0
2019-2020_Sheffield United_Bournemouth,2019-2020,26,Sheffield United,Bournemouth,H,3,26.0,12.0,4.0,0.0,4.0,"HighPressure, RiskTaker",0
2019-2020_Wolves_Leicester,2019-2020,26,Wolves,Leicester,D,0,24.0,7.0,4.0,1.0,6.0,"AggressiveTackler, Disciplined",0
2019-2020_Southampton_Burnley,2019-2020,26,Southampton,Burnley,A,3,19.0,7.0,4.0,0.0,4.0,"LowTempoController, Disciplined",0
2019-2020_Norwich_Liverpool,2019-2020,26,Norwich,Liverpool,A,1,22.0,9.0,3.0,0.0,3.0,"LowTempoController, Opportunistic",0
2019-2020_Aston Villa_Tottenham,2019-2020,26,Aston Villa,Tottenham,A,5,41.0,19.0,2.0,0.0,2.0,"RiskTaker, HighPressure, Disciplined",0
2019-2020_Arsenal_Newcastle,2019-2020,26,Arsenal,Newcastle,H,4,25.0,11.0,2.0,0.0,2.0,"RiskTaker, Disciplined",0
2019-2020_Chelsea_Man United,2019-2020,26,Chelsea,Man United,A,2,26.0,17.0,7.0,0.0,7.0,"AggressiveTackler, HighPressure, ChaosInducer, LowTempoController",1
2019-2020_Man City_West Ham,2019-2020,26,Man City,West Ham,H,2,23.0,7.0,1.0,0.0,1.0,"Disciplined, DirectPlay",0
2019-2020_Chelsea_Tottenham,2019-2020,27,Chelsea,Tottenham,H,3,22.0,8.0,3.0,0.0,3.0,"Disciplined, RiskTaker",0
2019-2020_Burnley_Bournemouth,2019-2020,27,Burnley,Bournemouth,H,3,28.0,10.0,7.0,0.0,7.0,"AggressiveTackler, RiskTaker, ChaosInducer",1
2019-2020_Crystal Palace_Newcastle,2019-2020,27,Crystal Palace,Newcastle,H,1,26.0,12.0,8.0,1.0,10.0,"AggressiveTackler, HighPressure, ChaosInducer",1
2019-2020_Sheffield United_Brighton,2019-2020,27,Sheffield United,Brighton,D,2,22.0,14.0,2.0,0.0,2.0,"Disciplined, LowTempoController",0
2019-2020_Southampton_Aston Villa,2019-2020,27,Southampton,Aston Villa,H,2,32.0,15.0,5.0,0.0,5.0,"HighPressure, Opportunistic",0
2019-2020_Leicester_Man City,2019-2020,27,Leicester,Man City,A,1,28.0,10.0,0.0,0.0,0.0,"Disciplined, Opportunistic",0
2019-2020_Man United_Watford,2019-2020,27,Man United,Watford,H,3,28.0,8.0,1.0,0.0,1.0,"RiskTaker, Disciplined",0
2019-2020_Wolves_Norwich,2019-2020,27,Wolves,Norwich,H,3,25.0,5.0,5.0,0.0,5.0,"ChaosInducer, LowTempoController",0
2019-2020_Arsenal_Everton,2019-2020,27,Arsenal,Everton,H,5,26.0,9.0,4.0,0.0,4.0,"RiskTaker, ChaosInducer",1
2019-2020_Liverpool_West Ham,2019-2020,27,Liverpool,West Ham,H,5,32.0,24.0,3.0,0.0,3.0,"RiskTaker, HighPressure, ChaosInducer, LowTempoController",1
2019-2020_Norwich_Leicester,2019-2020,28,Norwich,Leicester,H,1,30.0,13.0,3.0,0.0,3.0,"HighPressure, Opportunistic",0
2019-2020_Brighton_Crystal Palace,2019-2020,28,Brighton,Crystal Palace,A,1,36.0,15.0,2.0,0.0,2.0,"HighPressure, Disciplined, Opportunistic",0
2019-2020_Bournemouth_Chelsea,2019-2020,28,Bournemouth,Chelsea,D,4,32.0,18.0,4.0,0.0,4.0,"RiskTaker, HighPressure, ChaosInducer, LowTempoController",1
2019-2020_Newcastle_Burnley,2019-2020,28,Newcastle,Burnley,D,0,29.0,18.0,7.0,0.0,7.0,"AggressiveTackler, HighPressure, LowTempoController, Opportunistic",1
2019-2020_West Ham_Southampton,2019-2020,28,West Ham,Southampton,H,4,24.0,13.0,2.0,0.0,2.0,"RiskTaker, HighPressure, Disciplined, LowTempoController",0
2019-2020_Watford_Liverpool,2019-2020,28,Watford,Liverpool,H,3,21.0,8.0,0.0,0.0,0.0,"Disciplined, LowTempoController",0
2019-2020_Everton_Man United,2019-2020,28,Everton,Man United,D,2,30.0,21.0,7.0,0.0,7.0,"AggressiveTackler, HighPressure, ChaosInducer, LowTempoController, Opportunistic",1
2019-2020_Tottenham_Wolves,2019-2020,28,Tottenham,Wolves,A,5,27.0,9.0,5.0,0.0,5.0,"RiskTaker, ChaosInducer",1
2019-2020_Liverpool_Bournemouth,2019-2020,29,Liverpool,Bournemouth,H,3,20.0,13.0,1.0,0.0,1.0,"Disciplined, LowTempoController",0
2019-2020_Arsenal_West Ham,2019-2020,29,Arsenal,West Ham,H,1,23.0,13.0,3.0,0.0,3.0,"LowTempoController, ChaosInducer",0
2019-2020_Crystal Palace_Watford,2019-2020,29,Crystal Palace,Watford,H,1,20.0,16.0,8.0,0.0,8.0,"AggressiveTackler, HighPressure, ChaosInducer, LowTempoController",1
2019-2020_Sheffield United_Norwich,2019-2020,29,Sheffield United,Norwich,H,1,22.0,15.0,0.0,0.0,0.0,"HighPressure, Disciplined, LowTempoController",0
2019-2020_Southampton_Newcastle,2019-2020,29,Southampton,Newcastle,A,1,20.0,13.0,3.0,1.0,5.0,"LowTempoController, ChaosInducer",0
2019-2020_Wolves_Brighton,2019-2020,29,Wolves,Brighton,D,0,18.0,2.0,4.0,0.0,4.0,"AggressiveTackler, Disciplined",0
2019-2020_Burnley_Tottenham,2019-2020,29,Burnley,Tottenham,D,2,34.0,8.0,9.0,0.0,9.0,"AggressiveTackler, HighPressure, ChaosInducer, Opportunistic",1
2019-2020_Chelsea_Everton,2019-2020,29,Chelsea,Everton,H,4,20.0,7.0,3.0,0.0,3.0,"ChaosInducer, AggressiveTackler",0
2019-2020_Man United_Man City,2019-2020,29,Man United,Man City,H,2,19.0,13.0,6.0,0.0,6.0,"AggressiveTackler, LowTempoController",0
2019-2020_Leicester_Aston Villa,2019-2020,29,Leicester,Aston Villa,H,4,19.0,9.0,3.0,0.0,3.0,"DirectPlay, DirectPlay",0
2019-2020_Aston Villa_Sheffield United,2019-2020,30,Aston Villa,Sheffield United,D,0,19.0,16.0,2.0,0.0,2.0,"HighPressure, Disciplined, LowTempoController",0
2019-2020_Man City_Arsenal,2019-2020,30,Man City,Arsenal,H,3,23.0,7.0,2.0,1.0,4.0,"ChaosInducer, Disciplined",0
2019-2020_Norwich_Southampton,2019-2020,30,Norwich,Southampton,A,3,31.0,16.0,2.0,0.0,2.0,"RiskTaker, HighPressure, Disciplined",0
2019-2020_Tottenham_Man United,2019-2020,30,Tottenham,Man United,D,2,22.0,13.0,1.0,0.0,1.0,"Disciplined, LowTempoController",0
2019-2020_Watford_Leicester,2019-2020,30,Watford,Leicester,D,2,23.0,9.0,1.0,0.0,1.0,"Disciplined, LowTempoController",0
2019-2020_Brighton_Arsenal,2019-2020,30,Brighton,Arsenal,H,3,22.0,17.0,3.0,0.0,3.0,"HighPressure, LowTempoController",0
2019-2020_West Ham_Wolves,2019-2020,30,West Ham,Wolves,A,2,17.0,12.0,2.0,0.0,2.0,"Disciplined, LowTempoController",0
2019-2020_Bournemouth_Crystal Palace,2019-2020,30,Bournemouth,Crystal Palace,A,2,19.0,15.0,5.0,0.0,5.0,"LowTempoController, HighPressure",0
2019-2020_Newcastle_Sheffield United,2019-2020,30,Newcastle,Sheffield United,H,3,19.0,6.0,2.0,1.0,4.0,"Opportunistic, Disciplined",0
2019-2020_Aston Villa_Chelsea,2019-2020,30,Aston Villa,Chelsea,A,3,27.0,12.0,3.0,0.0,3.0,"RiskTaker, HighPressure",0
2019-2020_Everton_Liverpool,2019-2020,30,Everton,Liverpool,D,0,19.0,7.0,4.0,0.0,4.0,"Opportunistic, RiskTaker",0
2019-2020_Man City_Burnley,2019-2020,30,Man City,Burnley,H,5,20.0,4.0,2.0,0.0,2.0,"RiskTaker, Disciplined",0
2019-2020_Leicester_Brighton,2019-2020,31,Leicester,Brighton,D,0,21.0,13.0,4.0,0.0,4.0,"LowTempoController, DirectPlay",0
2019-2020_Tottenham_West Ham,2019-2020,31,Tottenham,West Ham,H,2,25.0,13.0,4.0,0.0,4.0,"HighPressure, ChaosInducer",1
2019-2020_Man United_Sheffield United,2019-2020,31,Man United,Sheffield United,H,3,19.0,15.0,1.0,0.0,1.0,"Disciplined, LowTempoController",0
2019-2020_Newcastle_Aston Villa,2019-2020,31,Newcastle,Aston Villa,D,2,27.0,15.0,4.0,0.0,4.0,"HighPressure, LowTempoController, Opportunistic",0
2019-2020_Norwich_Everton,2019-2020,31,Norwich,Everton,A,1,21.0,11.0,1.0,0.0,1.0,"Disciplined, LowTempoController",0
2019-2020_Wolves_Bournemouth,2019-2020,31,Wolves,Bournemouth,H,1,14.0,10.0,6.0,0.0,6.0,"AggressiveTackler, LowTempoController",0
2019-2020_Liverpool_Crystal Palace,2019-2020,31,Liverpool,Crystal Palace,H,4,24.0,6.0,0.0,0.0,0.0,"RiskTaker, Disciplined",0
2019-2020_Burnley_Watford,2019-2020,31,Burnley,Watford,H,1,19.0,8.0,1.0,0.0,1.0,"Disciplined, ChaosInducer",0
2019-2020_Southampton_Arsenal,2019-2020,31,Southampton,Arsenal,A,2,22.0,10.0,2.0,1.0,4.0,"Opportunistic, LowTempoController",0
2019-2020_Chelsea_Man City,2019-2020,31,Chelsea,Man City,H,3,26.0,12.0,2.0,1.0,4.0,"HighPressure, Opportunistic",0
2019-2020_Aston Villa_Wolves,2019-2020,32,Aston Villa,Wolves,A,1,20.0,4.0,2.0,0.0,2.0,"Disciplined, RiskTaker",0
2019-2020_Watford_Southampton,2019-2020,32,Watford,Southampton,A,4,19.0,8.0,3.0,0.0,3.0,"LowTempoController, RiskTaker",0
2019-2020_Crystal Palace_Burnley,2019-2020,32,Crystal Palace,Burnley,A,1,25.0,10.0,2.0,0.0,2.0,"Disciplined, HighPressure",0
2019-2020_Brighton_Man United,2019-2020,32,Brighton,Man United,A,3,20.0,9.0,1.0,0.0,1.0,"Disciplined, DirectPlay",0
2019-2020_Arsenal_Norwich,2019-2020,32,Arsenal,Norwich,H,4,21.0,8.0,5.0,0.0,5.0,"ChaosInducer, ChaosInducer",1
2019-2020_Bournemouth_Newcastle,2019-2020,32,Bournemouth,Newcastle,A,5,24.0,9.0,2.0,0.0,2.0,"RiskTaker, Disciplined",0
2019-2020_Everton_Leicester,2019-2020,32,Everton,Leicester,H,3,22.0,8.0,2.0,0.0,2.0,"Disciplined, ChaosInducer",0
2019-2020_West Ham_Chelsea,2019-2020,32,West Ham,Chelsea,H,5,27.0,5.0,3.0,0.0,3.0,"RiskTaker, ChaosInducer",1
2019-2020_Sheffield United_Tottenham,2019-2020,32,Sheffield United,Tottenham,H,4,16.0,7.0,2.0,0.0,2.0,"Disciplined, HighPressure",0
2019-2020_Man City_Liverpool,2019-2020,32,Man City,Liverpool,H,4,25.0,6.0,4.0,0.0,4.0,"RiskTaker, ChaosInducer",1
2019-2020_Norwich_Brighton,2019-2020,33,Norwich,Brighton,A,1,20.0,2.0,4.0,0.0,4.0,"AggressiveTackler, DirectPlay",0
2019-2020_Leicester_Crystal Palace,2019-2020,33,Leicester,Crystal Palace,H,3,22.0,10.0,3.0,0.0,3.0,"LowTempoController, HighPressure",0
2019-2020_Man United_Bournemouth,2019-2020,33,Man United,Bournemouth,H,7,26.0,11.0,1.0,0.0,1.0,"RiskTaker, ChaosInducer, Disciplined",1
2019-2020_Wolves_Arsenal,2019-2020,33,Wolves,Arsenal,A,2,18.0,8.0,6.0,0.0,6.0,"AggressiveTackler, LowTempoController",0
2019-2020_Chelsea_Watford,2019-2020,33,Chelsea,Watford,H,3,28.0,8.0,2.0,0.0,2.0,"RiskTaker, Disciplined",0
2019-2020_Burnley_Sheffield United,2019-2020,33,Burnley,Sheffield United,D,2,19.0,12.0,0.0,0.0,0.0,"Disciplined, LowTempoController",0
2019-2020_Newcastle_West Ham,2019-2020,33,Newcastle,West Ham,D,4,28.0,10.0,0.0,0.0,0.0,"RiskTaker, Disciplined",0
2019-2020_Liverpool_Aston Villa,2019-2020,33,Liverpool,Aston Villa,H,2,15.0,12.0,2.0,0.0,2.0,"Disciplined, LowTempoController",0
2019-2020_Southampton_Man City,2019-2020,33,Southampton,Man City,H,1,34.0,15.0,3.0,0.0,3.0,"HighPressure, Opportunistic",0
2019-2020_Tottenham_Everton,2019-2020,33,Tottenham,Everton,H,1,23.0,11.0,5.0,0.0,5.0,"Opportunistic, Disciplined",0
2019-2020_Crystal Palace_Chelsea,2019-2020,34,Crystal Palace,Chelsea,A,5,27.0,16.0,1.0,0.0,1.0,"RiskTaker, HighPressure, Disciplined, LowTempoController",0
2019-2020_Watford_Norwich,2019-2020,34,Watford,Norwich,H,3,21.0,7.0,6.0,0.0,6.0,"AggressiveTackler, ChaosInducer",1
2019-2020_Arsenal_Leicester,2019-2020,34,Arsenal,Leicester,D,2,24.0,11.0,1.0,1.0,3.0,"ChaosInducer, LowTempoController",0
2019-2020_Man City_Newcastle,2019-2020,34,Man City,Newcastle,H,5,29.0,9.0,0.0,0.0,0.0,"RiskTaker, Disciplined",0
2019-2020_Sheffield United_Wolves,2019-2020,34,Sheffield United,Wolves,H,1,13.0,7.0,2.0,0.0,2.0,"Disciplined, LowTempoController",0
2019-2020_West Ham_Burnley,2019-2020,34,West Ham,Burnley,A,1,29.0,13.0,2.0,0.0,2.0,"HighPressure, Disciplined, Opportunistic",0
2019-2020_Brighton_Liverpool,2019-2020,34,Brighton,Liverpool,A,4,31.0,16.0,5.0,0.0,5.0,"RiskTaker, HighPressure, ChaosInducer",1
2019-2020_Bournemouth_Tottenham,2019-2020,34,Bournemouth,Tottenham,D,0,18.0,20.0,5.0,0.0,5.0,"HighPressure, LowTempoController",0
2019-2020_Everton_Southampton,2019-2020,34,Everton,Southampton,D,2,28.0,8.0,6.0,0.0,6.0,"AggressiveTackler, Opportunistic",0
2019-2020_Aston Villa_Man United,2019-2020,34,Aston Villa,Man United,A,3,23.0,8.0,5.0,0.0,5.0,"ChaosInducer, RiskTaker",1
2019-2020_Norwich_West Ham,2019-2020,35,Norwich,West Ham,A,4,30.0,7.0,1.0,0.0,1.0,"RiskTaker, Disciplined",0
2019-2020_Watford_Newcastle,2019-2020,35,Watford,Newcastle,H,3,25.0,6.0,5.0,0.0,5.0,"ChaosInducer, LowTempoController",0
2019-2020_Liverpool_Burnley,2019-2020,35,Liverpool,Burnley,D,2,29.0,18.0,3.0,0.0,3.0,"HighPressure, LowTempoController, Opportunistic",0
2019-2020_Sheffield United_Chelsea,2019-2020,35,Sheffield United,Chelsea,H,3,24.0,10.0,1.0,0.0,1.0,"Disciplined, Disciplined",0
2019-2020_Brighton_Man City,2019-2020,35,Brighton,Man City,A,5,29.0,9.0,1.0,0.0,1.0,"RiskTaker, Disciplined",0
2019-2020_Wolves_Everton,2019-2020,35,Wolves,Everton,H,3,20.0,7.0,2.0,0.0,2.0,"Disciplined, DirectPlay",0
2019-2020_Aston Villa_Crystal Palace,2019-2020,35,Aston Villa,Crystal Palace,H,2,21.0,6.0,6.0,1.0,8.0,"AggressiveTackler, ChaosInducer",1
2019-2020_Tottenham_Arsenal,2019-2020,35,Tottenham,Arsenal,H,3,28.0,11.0,8.0,0.0,8.0,"AggressiveTackler, RiskTaker, HighPressure, ChaosInducer",1
2019-2020_Bournemouth_Leicester,2019-2020,35,Bournemouth,Leicester,H,5,23.0,8.0,3.0,1.0,5.0,"RiskTaker, ChaosInducer",1
2019-2020_Man United_Southampton,2019-2020,35,Man United,Southampton,D,4,17.0,10.0,4.0,0.0,4.0,"ChaosInducer, LowTempoController",0
2019-2020_Chelsea_Norwich,2019-2020,36,Chelsea,Norwich,H,1,24.0,9.0,4.0,0.0,4.0,"ChaosInducer, Opportunistic",0
2019-2020_Burnley_Wolves,2019-2020,36,Burnley,Wolves,D,2,23.0,11.0,0.0,0.0,0.0,"Disciplined, HighPressure",0
2019-2020_Man City_Bournemouth,2019-2020,36,Man City,Bournemouth,H,3,23.0,8.0,2.0,0.0,2.0,"Disciplined, Opportunistic",0
2019-2020_Newcastle_Tottenham,2019-2020,36,Newcastle,Tottenham,A,4,30.0,9.0,5.0,0.0,5.0,"RiskTaker, ChaosInducer",1
2019-2020_Arsenal_Liverpool,2019-2020,36,Arsenal,Liverpool,H,3,27.0,15.0,4.0,0.0,4.0,"RiskTaker, HighPressure, LowTempoController",0
2019-2020_Everton_Aston Villa,2019-2020,36,Everton,Aston Villa,D,2,24.0,10.0,3.0,0.0,3.0,"Disciplined, ChaosInducer",0
2019-2020_Leicester_Sheffield United,2019-2020,36,Leicester,Sheffield United,H,2,20.0,14.0,3.0,0.0,3.0,"LowTempoController, LowTempoController",0
2019-2020_Crystal Palace_Man United,2019-2020,36,Crystal Palace,Man United,A,2,30.0,9.0,3.0,0.0,3.0,"Opportunistic, DirectPlay",0
2019-2020_Southampton_Brighton,2019-2020,36,Southampton,Brighton,D,2,31.0,10.0,1.0,0.0,1.0,"HighPressure, Disciplined, Opportunistic",0
2019-2020_West Ham_Watford,2019-2020,36,West Ham,Watford,H,4,24.0,12.0,2.0,0.0,2.0,"RiskTaker, Disciplined",0
2019-2020_Norwich_Burnley,2019-2020,37,Norwich,Burnley,A,2,29.0,14.0,0.0,2.0,4.0,"HighPressure, Opportunistic",0
2019-2020_Bournemouth_Southampton,2019-2020,37,Bournemouth,Southampton,A,2,27.0,18.0,4.0,0.0,4.0,"HighPressure, LowTempoController, Opportunistic",0
2019-2020_Tottenham_Leicester,2019-2020,37,Tottenham,Leicester,H,3,31.0,17.0,3.0,0.0,3.0,"RiskTaker, HighPressure",1
2019-2020_Brighton_Newcastle,2019-2020,37,Brighton,Newcastle,D,0,23.0,16.0,6.0,0.0,6.0,"AggressiveTackler, HighPressure, LowTempoController",0
2019-2020_Sheffield United_Everton,2019-2020,37,Sheffield United,Everton,A,1,13.0,8.0,4.0,0.0,4.0,"LowTempoController, AggressiveTackler",0
2019-2020_Wolves_Crystal Palace,2019-2020,37,Wolves,Crystal Palace,H,2,18.0,7.0,3.0,0.0,3.0,"DirectPlay, AggressiveTackler",0
2019-2020_Watford_Man City,2019-2020,37,Watford,Man City,A,4,28.0,8.0,2.0,0.0,2.0,"RiskTaker, Disciplined",0
2019-2020_Aston Villa_Arsenal,2019-2020,37,Aston Villa,Arsenal,H,1,15.0,17.0,6.0,0.0,6.0,"AggressiveTackler, LowTempoController",0
2019-2020_Man United_West Ham,2019-2020,37,Man United,West Ham,D,2,23.0,5.0,4.0,0.0,4.0,"RiskTaker, DirectPlay",0
2019-2020_Liverpool_Chelsea,2019-2020,37,Liverpool,Chelsea,H,8,20.0,6.0,1.0,0.0,1.0,"RiskTaker, ChaosInducer, Disciplined",0
2019-2020_Arsenal_Watford,2019-2020,38,Arsenal,Watford,H,5,32.0,12.0,6.0,0.0,6.0,"AggressiveTackler, RiskTaker, HighPressure, ChaosInducer",1
2019-2020_Burnley_Brighton,2019-2020,38,Burnley,Brighton,A,3,27.0,13.0,3.0,0.0,3.0,"RiskTaker, HighPressure",0
2019-2020_Chelsea_Wolves,2019-2020,38,Chelsea,Wolves,H,2,16.0,6.0,5.0,0.0,5.0,"ChaosInducer, AggressiveTackler",1
2019-2020_Crystal Palace_Tottenham,2019-2020,38,Crystal Palace,Tottenham,D,2,20.0,9.0,5.0,0.0,5.0,"HighPressure, ChaosInducer",1
2019-2020_Everton_Bournemouth,2019-2020,38,Everton,Bournemouth,A,4,26.0,7.0,1.0,0.0,1.0,"RiskTaker, Disciplined",0
2019-2020_Leicester_Man United,2019-2020,38,Leicester,Man United,A,2,21.0,6.0,5.0,1.0,7.0,"AggressiveTackler, ChaosInducer",1
2019-2020_Man City_Norwich,2019-2020,38,Man City,Norwich,H,5,36.0,9.0,2.0,0.0,2.0,"RiskTaker, HighPressure, Disciplined",0
2019-2020_Newcastle_Liverpool,2019-2020,38,Newcastle,Liverpool,A,4,17.0,6.0,1.0,0.0,1.0,"Disciplined, HighPressure",0
2019-2020_Southampton_Sheffield United,2019-2020,38,Southampton,Sheffield United,H,4,18.0,10.0,1.0,0.0,1.0,"Disciplined, LowTempoController",0
2019-2020_West Ham_Aston Villa,2019-2020,38,West Ham,Aston Villa,D,2,23.0,7.0,3.0,0.0,3.0,"DirectPlay, HighPressure",0
2020-2021_Fulham_Arsenal,2020-2021,1,Fulham,Arsenal,A,3,18.0,5.0,4.0,0.0,4.0,"AggressiveTackler, ChaosInducer",1
2020-2021_Crystal Palace_Southampton,2020-2021,1,Crystal Palace,Southampton,H,1,14.0,10.0,3.0,0.0,3.0,"LowTempoController, LowTempoController",0
2020-2021_Liverpool_Leeds,2020-2021,1,Liverpool,Leeds,H,7,28.0,9.0,1.0,0.0,1.0,"RiskTaker, ChaosInducer, Disciplined",1
2020-2021_West Ham_Newcastle,2020-2021,1,West Ham,Newcastle,A,2,30.0,15.0,4.0,0.0,4.0,"HighPressure, Opportunistic",0
2020-2021_West Brom_Leicester,2020-2021,1,West Brom,Leicester,A,3,20.0,7.0,2.0,0.0,2.0,"Disciplined, Disciplined",0
2020-2021_Tottenham_Everton,2020-2021,1,Tottenham,Everton,A,1,24.0,8.0,1.0,0.0,1.0,"Disciplined, AggressiveTackler",0
2020-2021_Brighton_Chelsea,2020-2021,1,Brighton,Chelsea,A,4,23.0,7.0,1.0,0.0,1.0,"Disciplined, AggressiveTackler",0
2020-2021_Sheffield United_Wolves,2020-2021,1,Sheffield United,Wolves,A,2,20.0,17.0,3.0,0.0,3.0,"HighPressure, LowTempoController",0
2020-2021_Everton_West Brom,2020-2021,2,Everton,West Brom,H,7,23.0,12.0,1.0,1.0,3.0,"RiskTaker, ChaosInducer",1
2020-2021_Leeds_Fulham,2020-2021,2,Leeds,Fulham,H,7,24.0,8.0,3.0,0.0,3.0,"RiskTaker, ChaosInducer",1
2020-2021_Man United_Crystal Palace,2020-2021,2,Man United,Crystal Palace,A,4,27.0,12.0,3.0,0.0,3.0,"RiskTaker, HighPressure",0
2020-2021_Arsenal_West Ham,2020-2021,2,Arsenal,West Ham,H,3,21.0,12.0,1.0,0.0,1.0,"Disciplined, LowTempoController",0
2020-2021_Southampton_Tottenham,2020-2021,2,Southampton,Tottenham,A,7,23.0,5.0,7.0,0.0,7.0,"AggressiveTackler, RiskTaker, ChaosInducer",1
2020-2021_Newcastle_Brighton,2020-2021,2,Newcastle,Brighton,A,3,19.0,8.0,3.0,1.0,5.0,"ChaosInducer, LowTempoController",0
2020-2021_Chelsea_Liverpool,2020-2021,2,Chelsea,Liverpool,A,2,23.0,12.0,0.0,1.0,2.0,"Disciplined, ChaosInducer",0
2020-2021_Leicester_Burnley,2020-2021,2,Leicester,Burnley,H,6,30.0,19.0,3.0,0.0,3.0,"RiskTaker, HighPressure, ChaosInducer, LowTempoController",1
2020-2021_Aston Villa_Sheffield United,2020-2021,2,Aston Villa,Sheffield United,H,1,22.0,14.0,4.0,1.0,6.0,"AggressiveTackler, LowTempoController",0
2020-2021_Wolves_Man City,2020-2021,2,Wolves,Man City,A,4,24.0,10.0,3.0,0.0,3.0,"RiskTaker, ChaosInducer",1
2020-2021_Brighton_Man United,2020-2021,3,Brighton,Man United,A,5,25.0,8.0,6.0,0.0,6.0,"AggressiveTackler, RiskTaker, ChaosInducer",1
2020-2021_Crystal Palace_Everton,2020-2021,3,Crystal Palace,Everton,A,3,18.0,13.0,4.0,0.0,4.0,"LowTempoController, Opportunistic",0
2020-2021_West Brom_Chelsea,2020-2021,3,West Brom,Chelsea,D,6,31.0,12.0,4.0,0.0,4.0,"RiskTaker, HighPressure, ChaosInducer",1
2020-2021_Burnley_Southampton,2020-2021,3,Burnley,Southampton,A,1,15.0,10.0,1.0,0.0,1.0,"Disciplined, LowTempoController",0
2020-2021_Sheffield United_Leeds,2020-2021,3,Sheffield United,Leeds,A,1,31.0,12.0,3.0,0.0,3.0,"HighPressure, Opportunistic",0
2020-2021_Tottenham_Newcastle,2020-2021,3,Tottenham,Newcastle,D,2,29.0,14.0,5.0,0.0,5.0,"HighPressure, Opportunistic",0
2020-2021_Man City_Leicester,2020-2021,3,Man City,Leicester,A,7,23.0,7.0,4.0,0.0,4.0,"RiskTaker, ChaosInducer",1
2020-2021_West Ham_Wolves,2020-2021,3,West Ham,Wolves,H,4,26.0,4.0,1.0,0.0,1.0,"RiskTaker, Disciplined",0
2020-2021_Fulham_Aston Villa,2020-2021,3,Fulham,Aston Villa,A,3,28.0,8.0,9.0,0.0,9.0,"AggressiveTackler, RiskTaker, ChaosInducer",1
2020-2021_Liverpool_Arsenal,2020-2021,3,Liverpool,Arsenal,H,4,25.0,10.0,4.0,0.0,4.0,"RiskTaker, ChaosInducer",1
2020-2021_Chelsea_Crystal Palace,2020-2021,4,Chelsea,Crystal Palace,H,4,21.0,13.0,2.0,0.0,2.0,"Disciplined, LowTempoController",0
2020-2021_Everton_Brighton,2020-2021,4,Everton,Brighton,H,6,22.0,13.0,1.0,0.0,1.0,"RiskTaker, Disciplined, LowTempoController",0
2020-2021_Leeds_Man City,2020-2021,4,Leeds,Man City,D,2,35.0,17.0,3.0,0.0,3.0,"HighPressure, Opportunistic",0
2020-2021_Newcastle_Burnley,2020-2021,4,Newcastle,Burnley,H,4,17.0,7.0,5.0,0.0,5.0,"ChaosInducer, DirectPlay",1
2020-2021_Leicester_West Ham,2020-2021,4,Leicester,West Ham,A,3,18.0,10.0,4.0,0.0,4.0,"LowTempoController, HighPressure",0
2020-2021_Southampton_West Brom,2020-2021,4,Southampton,West Brom,H,2,18.0,6.0,3.0,0.0,3.0,"DirectPlay, LowTempoController",0
2020-2021_Arsenal_Sheffield United,2020-2021,4,Arsenal,Sheffield United,H,3,12.0,6.0,1.0,0.0,1.0,"Disciplined, LowTempoController",0
2020-2021_Wolves_Fulham,2020-2021,4,Wolves,Fulham,H,1,24.0,8.0,2.0,0.0,2.0,"Disciplined, DirectPlay",0
2020-2021_Man United_Tottenham,2020-2021,4,Man United,Tottenham,A,7,27.0,6.0,3.0,1.0,5.0,"RiskTaker, ChaosInducer",1
2020-2021_Aston Villa_Liverpool,2020-2021,4,Aston Villa,Liverpool,H,9,32.0,9.0,3.0,0.0,3.0,"RiskTaker, HighPressure, ChaosInducer",1
2020-2021_Everton_Liverpool,2020-2021,5,Everton,Liverpool,D,4,33.0,7.0,5.0,1.0,7.0,"AggressiveTackler, RiskTaker, ChaosInducer",1
2020-2021_Chelsea_Southampton,2020-2021,5,Chelsea,Southampton,D,6,24.0,8.0,2.0,0.0,2.0,"RiskTaker, ChaosInducer, Disciplined",1
2020-2021_Man City_Arsenal,2020-2021,5,Man City,Arsenal,H,1,24.0,12.0,5.0,0.0,5.0,"LowTempoController, ChaosInducer",0
2020-2021_Newcastle_Man United,2020-2021,5,Newcastle,Man United,A,5,35.0,7.0,2.0,0.0,2.0,"RiskTaker, HighPressure, Disciplined",0
2020-2021_Sheffield United_Fulham,2020-2021,5,Sheffield United,Fulham,D,2,25.0,7.0,2.0,0.0,2.0,"Disciplined, HighPressure",0
2020-2021_Crystal Palace_Brighton,2020-2021,5,Crystal Palace,Brighton,D,2,21.0,7.0,5.0,1.0,7.0,"AggressiveTackler, ChaosInducer",1
2020-2021_Tottenham_West Ham,2020-2021,5,Tottenham,West Ham,D,6,24.0,10.0,5.0,0.0,5.0,"RiskTaker, ChaosInducer",1
2020-2021_Leicester_Aston Villa,2020-2021,5,Leicester,Aston Villa,A,1,21.0,9.0,7.0,0.0,7.0,"AggressiveTackler, DirectPlay",1
2020-2021_West Brom_Burnley,2020-2021,5,West Brom,Burnley,D,0,22.0,10.0,4.0,0.0,4.0,"AggressiveTackler, RiskTaker",0
2020-2021_Leeds_Wolves,2020-2021,5,Leeds,Wolves,A,1,20.0,11.0,3.0,0.0,3.0,"LowTempoController, Opportunistic",0
2020-2021_Aston Villa_Leeds,2020-2021,6,Aston Villa,Leeds,A,3,39.0,11.0,4.0,0.0,4.0,"RiskTaker, HighPressure",0
2020-2021_West Ham_Man City,2020-2021,6,West Ham,Man City,D,2,20.0,12.0,2.0,0.0,2.0,"Disciplined, LowTempoController",0
2020-2021_Fulham_Crystal Palace,2020-2021,6,Fulham,Crystal Palace,A,3,30.0,8.0,1.0,1.0,3.0,"RiskTaker, Disciplined",0
2020-2021_Man United_Chelsea,2020-2021,6,Man United,Chelsea,D,0,20.0,15.0,4.0,0.0,4.0,"LowTempoController, AggressiveTackler",0
2020-2021_Liverpool_Sheffield United,2020-2021,6,Liverpool,Sheffield United,H,3,30.0,10.0,3.0,0.0,3.0,"RiskTaker, HighPressure",1
2020-2021_Southampton_Everton,2020-2021,6,Southampton,Everton,H,2,18.0,9.0,3.0,1.0,5.0,"ChaosInducer, Disciplined",0
2020-2021_Wolves_Newcastle,2020-2021,6,Wolves,Newcastle,D,2,21.0,5.0,1.0,0.0,1.0,"Disciplined, RiskTaker",0
2020-2021_Arsenal_Leicester,2020-2021,6,Arsenal,Leicester,A,1,18.0,12.0,8.0,0.0,8.0,"AggressiveTackler, ChaosInducer, LowTempoController",0
2020-2021_Brighton_West Brom,2020-2021,6,Brighton,West Brom,D,2,14.0,8.0,2.0,0.0,2.0,"Disciplined, LowTempoController",0
2020-2021_Burnley_Tottenham,2020-2021,6,Burnley,Tottenham,A,1,22.0,9.0,2.0,0.0,2.0,"Disciplined, RiskTaker",0
2020-2021_Wolves_Crystal Palace,2020-2021,7,Wolves,Crystal Palace,H,2,26.0,13.0,2.0,1.0,4.0,"HighPressure, HighPressure",0
2020-2021_Sheffield United_Man City,2020-2021,7,Sheffield United,Man City,A,1,21.0,7.0,0.0,0.0,0.0,"Disciplined, Disciplined",0
2020-2021_Burnley_Chelsea,2020-2021,7,Burnley,Chelsea,A,3,19.0,7.0,1.0,0.0,1.0,"Disciplined, HighPressure",0
2020-2021_Liverpool_West Ham,2020-2021,7,Liverpool,West Ham,H,3,13.0,3.0,1.0,0.0,1.0,"Disciplined, AggressiveTackler",0
2020-2021_Aston Villa_Southampton,2020-2021,7,Aston Villa,Southampton,A,7,28.0,12.0,3.0,0.0,3.0,"RiskTaker, HighPressure, ChaosInducer",1
2020-2021_Newcastle_Everton,2020-2021,7,Newcastle,Everton,H,3,26.0,9.0,6.0,0.0,6.0,"AggressiveTackler, ChaosInducer",1
2020-2021_Man United_Arsenal,2020-2021,7,Man United,Arsenal,A,1,15.0,9.0,6.0,0.0,6.0,"AggressiveTackler, LowTempoController",0
2020-2021_Tottenham_Brighton,2020-2021,7,Tottenham,Brighton,H,3,15.0,9.0,3.0,0.0,3.0,"LowTempoController, LowTempoController",0
2020-2021_Fulham_West Brom,2020-2021,7,Fulham,West Brom,H,2,23.0,7.0,5.0,0.0,5.0,"LowTempoController, LowTempoController",0
2020-2021_Leeds_Leicester,2020-2021,7,Leeds,Leicester,A,5,21.0,13.0,2.0,0.0,2.0,"RiskTaker, Disciplined, LowTempoController",0
2020-2021_Brighton_Burnley,2020-2021,8,Brighton,Burnley,D,0,23.0,8.0,1.0,0.0,1.0,"Disciplined, Disciplined",0
2020-2021_Southampton_Newcastle,2020-2021,8,Southampton,Newcastle,H,2,19.0,11.0,3.0,0.0,3.0,"LowTempoController, LowTempoController",0
2020-2021_Everton_Man United,2020-2021,8,Everton,Man United,A,4,20.0,7.0,6.0,0.0,6.0,"AggressiveTackler, ChaosInducer",1
2020-2021_Crystal Palace_Leeds,2020-2021,8,Crystal Palace,Leeds,H,5,19.0,9.0,2.0,0.0,2.0,"Disciplined, AggressiveTackler",0
2020-2021_Chelsea_Sheffield United,2020-2021,8,Chelsea,Sheffield United,H,5,26.0,13.0,2.0,0.0,2.0,"RiskTaker, HighPressure, Disciplined",0
2020-2021_West Ham_Fulham,2020-2021,8,West Ham,Fulham,H,1,29.0,14.0,4.0,0.0,4.0,"HighPressure, Opportunistic",0
2020-2021_West Brom_Tottenham,2020-2021,8,West Brom,Tottenham,A,1,31.0,15.0,1.0,0.0,1.0,"HighPressure, Disciplined, Opportunistic",0
2020-2021_Leicester_Wolves,2020-2021,8,Leicester,Wolves,H,1,17.0,9.0,5.0,0.0,5.0,"LowTempoController, HighPressure",0
2020-2021_Man City_Liverpool,2020-2021,8,Man City,Liverpool,D,2,17.0,3.0,4.0,0.0,4.0,"Disciplined, HighPressure",0
2020-2021_Arsenal_Aston Villa,2020-2021,8,Arsenal,Aston Villa,A,3,28.0,11.0,0.0,0.0,0.0,"RiskTaker, HighPressure, Disciplined",0
2020-2021_Newcastle_Chelsea,2020-2021,9,Newcastle,Chelsea,A,2,22.0,11.0,2.0,0.0,2.0,"Disciplined, Disciplined",0
2020-2021_Aston Villa_Brighton,2020-2021,9,Aston Villa,Brighton,A,3,22.0,15.0,3.0,1.0,5.0,"HighPressure, ChaosInducer, LowTempoController",0
2020-2021_Tottenham_Man City,2020-2021,9,Tottenham,Man City,H,2,26.0,10.0,4.0,0.0,4.0,"HighPressure, RiskTaker",0
2020-2021_Man United_West Brom,2020-2021,9,Man United,West Brom,H,1,24.0,10.0,2.0,0.0,2.0,"Disciplined, HighPressure",0
2020-2021_Fulham_Everton,2020-2021,9,Fulham,Everton,A,5,23.0,7.0,2.0,0.0,2.0,"RiskTaker, Disciplined",0
2020-2021_Sheffield United_West Ham,2020-2021,9,Sheffield United,West Ham,A,1,24.0,8.0,0.0,0.0,0.0,"Disciplined, LowTempoController",0
2020-2021_Leeds_Arsenal,2020-2021,9,Leeds,Arsenal,D,0,34.0,8.0,3.0,1.0,5.0,"HighPressure, Opportunistic",0
2020-2021_Liverpool_Leicester,2020-2021,9,Liverpool,Leicester,H,3,35.0,13.0,2.0,0.0,2.0,"RiskTaker, HighPressure, Disciplined",0
2020-2021_Burnley_Crystal Palace,2020-2021,9,Burnley,Crystal Palace,H,1,25.0,11.0,2.0,0.0,2.0,"Disciplined, RiskTaker",0
2020-2021_Wolves_Southampton,2020-2021,9,Wolves,Southampton,D,2,27.0,11.0,2.0,0.0,2.0,"Disciplined, Opportunistic",0
2020-2021_Crystal Palace_Newcastle,2020-2021,10,Crystal Palace,Newcastle,A,2,26.0,10.0,4.0,0.0,4.0,"HighPressure, Disciplined",0
2020-2021_Brighton_Liverpool,2020-2021,10,Brighton,Liverpool,D,2,17.0,7.0,3.0,0.0,3.0,"Disciplined, Opportunistic",0
2020-2021_Man City_Burnley,2020-2021,10,Man City,Burnley,H,5,28.0,10.0,0.0,0.0,0.0,"RiskTaker, Disciplined",0
2020-2021_Everton_Leeds,2020-2021,10,Everton,Leeds,A,1,38.0,6.0,3.0,0.0,3.0,"HighPressure, Opportunistic",0
2020-2021_West Brom_Sheffield United,2020-2021,10,West Brom,Sheffield United,H,1,38.0,23.0,5.0,0.0,5.0,"HighPressure, LowTempoController, Opportunistic",0
2020-2021_Southampton_Man United,2020-2021,10,Southampton,Man United,A,5,25.0,14.0,1.0,0.0,1.0,"RiskTaker, HighPressure, Disciplined, LowTempoController",0
2020-2021_Chelsea_Tottenham,2020-2021,10,Chelsea,Tottenham,D,0,18.0,6.0,6.0,0.0,6.0,"AggressiveTackler, Disciplined",0
2020-2021_Arsenal_Wolves,2020-2021,10,Arsenal,Wolves,A,3,24.0,12.0,7.0,0.0,7.0,"AggressiveTackler, ChaosInducer",0
2020-2021_Leicester_Fulham,2020-2021,10,Leicester,Fulham,A,3,26.0,11.0,2.0,0.0,2.0,"Disciplined, ChaosInducer",0
2020-2021_West Ham_Aston Villa,2020-2021,10,West Ham,Aston Villa,H,3,22.0,10.0,2.0,0.0,2.0,"Disciplined, AggressiveTackler",0
2020-2021_Burnley_Everton,2020-2021,11,Burnley,Everton,D,2,21.0,12.0,0.0,0.0,0.0,"Disciplined, LowTempoController",0
2020-2021_Man City_Fulham,2020-2021,11,Man City,Fulham,H,2,22.0,12.0,0.0,0.0,0.0,"Disciplined, LowTempoController",0
2020-2021_West Ham_Man United,2020-2021,11,West Ham,Man United,A,4,34.0,9.0,0.0,0.0,0.0,"RiskTaker, HighPressure, Disciplined",0
2020-2021_Chelsea_Leeds,2020-2021,11,Chelsea,Leeds,H,4,31.0,12.0,2.0,0.0,2.0,"RiskTaker, HighPressure, Disciplined",0
2020-2021_West Brom_Crystal Palace,2020-2021,11,West Brom,Crystal Palace,A,6,27.0,10.0,4.0,1.0,6.0,"AggressiveTackler, RiskTaker, ChaosInducer",1
2020-2021_Sheffield United_Leicester,2020-2021,11,Sheffield United,Leicester,A,3,17.0,11.0,4.0,0.0,4.0,"LowTempoController, Disciplined",0
2020-2021_Tottenham_Arsenal,2020-2021,11,Tottenham,Arsenal,H,2,17.0,12.0,3.0,0.0,3.0,"LowTempoController, RiskTaker",0
2020-2021_Liverpool_Wolves,2020-2021,11,Liverpool,Wolves,H,4,20.0,10.0,2.0,0.0,2.0,"Disciplined, Opportunistic",0
2020-2021_Brighton_Southampton,2020-2021,11,Brighton,Southampton,A,3,22.0,7.0,6.0,0.0,6.0,"AggressiveTackler, ChaosInducer",1
2020-2021_Leeds_West Ham,2020-2021,12,Leeds,West Ham,A,3,32.0,11.0,3.0,0.0,3.0,"RiskTaker, HighPressure",0
2020-2021_Wolves_Aston Villa,2020-2021,12,Wolves,Aston Villa,A,1,29.0,13.0,7.0,0.0,7.0,"AggressiveTackler, HighPressure, Opportunistic",1
2020-2021_Newcastle_West Brom,2020-2021,12,Newcastle,West Brom,H,3,25.0,7.0,5.0,0.0,5.0,"ChaosInducer, Disciplined",0
2020-2021_Man United_Man City,2020-2021,12,Man United,Man City,D,0,20.0,7.0,2.0,0.0,2.0,"Disciplined, ChaosInducer",0
2020-2021_Everton_Chelsea,2020-2021,12,Everton,Chelsea,H,1,19.0,12.0,5.0,0.0,5.0,"LowTempoController, LowTempoController",0
2020-2021_Southampton_Sheffield United,2020-2021,12,Southampton,Sheffield United,H,3,19.0,12.0,1.0,0.0,1.0,"Disciplined, LowTempoController",0
2020-2021_Crystal Palace_Tottenham,2020-2021,12,Crystal Palace,Tottenham,D,2,30.0,11.0,2.0,0.0,2.0,"HighPressure, Disciplined, Opportunistic",0
2020-2021_Fulham_Liverpool,2020-2021,12,Fulham,Liverpool,D,2,22.0,14.0,4.0,0.0,4.0,"LowTempoController, RiskTaker",0
2020-2021_Arsenal_Burnley,2020-2021,12,Arsenal,Burnley,A,1,28.0,17.0,3.0,1.0,5.0,"HighPressure, LowTempoController, Opportunistic",0
2020-2021_Leicester_Brighton,2020-2021,12,Leicester,Brighton,H,3,27.0,14.0,3.0,0.0,3.0,"RiskTaker, HighPressure",0
2020-2021_Wolves_Chelsea,2020-2021,13,Wolves,Chelsea,H,3,25.0,11.0,4.0,0.0,4.0,"ChaosInducer, LowTempoController",0
2020-2021_Man City_West Brom,2020-2021,13,Man City,West Brom,D,2,31.0,15.0,5.0,0.0,5.0,"HighPressure, Opportunistic",0
2020-2021_Arsenal_Southampton,2020-2021,13,Arsenal,Southampton,D,2,22.0,9.0,4.0,1.0,6.0,"AggressiveTackler, DirectPlay",0
2020-2021_Leeds_Newcastle,2020-2021,13,Leeds,Newcastle,H,7,35.0,11.0,4.0,0.0,4.0,"RiskTaker, HighPressure, ChaosInducer",1
2020-2021_Leicester_Everton,2020-2021,13,Leicester,Everton,A,2,25.0,10.0,5.0,0.0,5.0,"DirectPlay, RiskTaker",0
2020-2021_Fulham_Brighton,2020-2021,13,Fulham,Brighton,D,0,18.0,9.0,1.0,0.0,1.0,"Disciplined, HighPressure",0
2020-2021_Liverpool_Tottenham,2020-2021,13,Liverpool,Tottenham,H,3,25.0,11.0,2.0,0.0,2.0,"Disciplined, AggressiveTackler",0
2020-2021_West Ham_Crystal Palace,2020-2021,13,West Ham,Crystal Palace,D,2,17.0,8.0,1.0,1.0,3.0,"Opportunistic, AggressiveTackler",0
2020-2021_Aston Villa_Burnley,2020-2021,13,Aston Villa,Burnley,D,0,33.0,12.0,2.0,0.0,2.0,"HighPressure, Disciplined, Opportunistic",0
2020-2021_Sheffield United_Man United,2020-2021,13,Sheffield United,Man United,A,5,26.0,9.0,5.0,0.0,5.0,"RiskTaker, ChaosInducer",1
2020-2021_Crystal Palace_Liverpool,2020-2021,14,Crystal Palace,Liverpool,A,7,19.0,9.0,1.0,0.0,1.0,"RiskTaker, ChaosInducer, Disciplined",1
2020-2021_Southampton_Man City,2020-2021,14,Southampton,Man City,A,1,20.0,12.0,4.0,0.0,4.0,"LowTempoController, ChaosInducer",0
2020-2021_Everton_Arsenal,2020-2021,14,Everton,Arsenal,H,3,22.0,7.0,4.0,0.0,4.0,"LowTempoController, AggressiveTackler",0
2020-2021_Newcastle_Fulham,2020-2021,14,Newcastle,Fulham,D,2,23.0,11.0,3.0,1.0,5.0,"LowTempoController, LowTempoController",0
2020-2021_Brighton_Sheffield United,2020-2021,14,Brighton,Sheffield United,D,2,26.0,16.0,6.0,1.0,8.0,"AggressiveTackler, HighPressure, ChaosInducer, LowTempoController",1
2020-2021_Tottenham_Leicester,2020-2021,14,Tottenham,Leicester,A,2,25.0,8.0,4.0,0.0,4.0,"ChaosInducer, ChaosInducer",1
2020-2021_Man United_Leeds,2020-2021,14,Man United,Leeds,H,8,43.0,24.0,1.0,0.0,1.0,"RiskTaker, HighPressure, ChaosInducer, Disciplined",1
2020-2021_West Brom_Aston Villa,2020-2021,14,West Brom,Aston Villa,A,3,20.0,8.0,3.0,1.0,5.0,"ChaosInducer, ChaosInducer",1
2020-2021_Burnley_Wolves,2020-2021,14,Burnley,Wolves,H,3,25.0,8.0,3.0,0.0,3.0,"AggressiveTackler, DirectPlay",0
2020-2021_Chelsea_West Ham,2020-2021,14,Chelsea,West Ham,H,3,17.0,9.0,0.0,0.0,0.0,"Disciplined, LowTempoController",0
2020-2021_Leicester_Man United,2020-2021,15,Leicester,Man United,D,4,19.0,5.0,3.0,0.0,3.0,"ChaosInducer, Opportunistic",0
2020-2021_Aston Villa_Crystal Palace,2020-2021,15,Aston Villa,Crystal Palace,H,3,34.0,8.0,5.0,1.0,7.0,"AggressiveTackler, RiskTaker, HighPressure, ChaosInducer",1
2020-2021_Fulham_Southampton,2020-2021,15,Fulham,Southampton,D,0,13.0,9.0,2.0,0.0,2.0,"Disciplined, LowTempoController",0
2020-2021_Arsenal_Chelsea,2020-2021,15,Arsenal,Chelsea,H,4,34.0,16.0,3.0,0.0,3.0,"RiskTaker, HighPressure",1
2020-2021_Man City_Newcastle,2020-2021,15,Man City,Newcastle,H,2,18.0,10.0,4.0,0.0,4.0,"LowTempoController, AggressiveTackler",0
2020-2021_Sheffield United_Everton,2020-2021,15,Sheffield United,Everton,A,1,17.0,9.0,6.0,0.0,6.0,"AggressiveTackler, LowTempoController",0
2020-2021_Leeds_Burnley,2020-2021,15,Leeds,Burnley,H,1,25.0,16.0,3.0,0.0,3.0,"HighPressure, LowTempoController",0
2020-2021_West Ham_Brighton,2020-2021,15,West Ham,Brighton,D,4,24.0,9.0,0.0,0.0,0.0,"RiskTaker, Disciplined",0
2020-2021_Liverpool_West Brom,2020-2021,15,Liverpool,West Brom,D,2,22.0,11.0,1.0,0.0,1.0,"Disciplined, ChaosInducer",0
2020-2021_Wolves_Tottenham,2020-2021,15,Wolves,Tottenham,D,2,17.0,11.0,5.0,0.0,5.0,"LowTempoController, Disciplined",0
2020-2021_Crystal Palace_Leicester,2020-2021,16,Crystal Palace,Leicester,D,2,21.0,7.0,1.0,0.0,1.0,"Disciplined, LowTempoController",0
2020-2021_Chelsea_Aston Villa,2020-2021,16,Chelsea,Aston Villa,D,2,26.0,15.0,4.0,0.0,4.0,"HighPressure, LowTempoController",0
2020-2021_Brighton_Arsenal,2020-2021,16,Brighton,Arsenal,A,1,24.0,9.0,2.0,0.0,2.0,"Disciplined, Opportunistic",0
2020-2021_Burnley_Sheffield United,2020-2021,16,Burnley,Sheffield United,H,1,12.0,8.0,3.0,0.0,3.0,"LowTempoController, ChaosInducer",0
2020-2021_Southampton_West Ham,2020-2021,16,Southampton,West Ham,D,0,16.0,7.0,4.0,0.0,4.0,"RiskTaker, LowTempoController",0
2020-2021_West Brom_Leeds,2020-2021,16,West Brom,Leeds,A,5,18.0,13.0,1.0,0.0,1.0,"Disciplined, LowTempoController",0
2020-2021_Man United_Wolves,2020-2021,16,Man United,Wolves,H,1,20.0,4.0,2.0,0.0,2.0,"Disciplined, LowTempoController",0
2020-2021_Newcastle_Liverpool,2020-2021,16,Newcastle,Liverpool,D,0,19.0,17.0,5.0,0.0,5.0,"HighPressure, LowTempoController",0
2020-2021_Everton_West Ham,2020-2021,17,Everton,West Ham,A,1,21.0,9.0,2.0,0.0,2.0,"Disciplined, ChaosInducer",0
2020-2021_Man United_Aston Villa,2020-2021,17,Man United,Aston Villa,H,3,24.0,15.0,4.0,0.0,4.0,"HighPressure, LowTempoController",0
2020-2021_Tottenham_Leeds,2020-2021,17,Tottenham,Leeds,H,3,38.0,8.0,3.0,1.0,5.0,"RiskTaker, HighPressure, ChaosInducer",1
2020-2021_Crystal Palace_Sheffield United,2020-2021,17,Crystal Palace,Sheffield United,H,2,16.0,9.0,4.0,0.0,4.0,"LowTempoController, DirectPlay",0
2020-2021_Brighton_Wolves,2020-2021,17,Brighton,Wolves,D,6,24.0,13.0,3.0,0.0,3.0,"RiskTaker, HighPressure, ChaosInducer, LowTempoController",1
2020-2021_West Brom_Arsenal,2020-2021,17,West Brom,Arsenal,A,4,28.0,8.0,3.0,0.0,3.0,"RiskTaker, HighPressure",0
2020-2021_Newcastle_Leicester,2020-2021,17,Newcastle,Leicester,A,3,17.0,9.0,2.0,0.0,2.0,"Disciplined, LowTempoController",0
2020-2021_Chelsea_Man City,2020-2021,17,Chelsea,Man City,A,4,27.0,8.0,4.0,0.0,4.0,"RiskTaker, ChaosInducer",1
2020-2021_Southampton_Liverpool,2020-2021,17,Southampton,Liverpool,H,1,24.0,11.0,4.0,0.0,4.0,"DirectPlay, ChaosInducer",0
2020-2021_Sheffield United_Newcastle,2020-2021,18,Sheffield United,Newcastle,H,1,24.0,7.0,5.0,1.0,7.0,"AggressiveTackler, LowTempoController",0
2020-2021_Burnley_Man United,2020-2021,18,Burnley,Man United,A,1,24.0,7.0,3.0,0.0,3.0,"Opportunistic, RiskTaker",0
2020-2021_Wolves_Everton,2020-2021,18,Wolves,Everton,A,3,17.0,11.0,4.0,0.0,4.0,"LowTempoController, Opportunistic",0
2020-2021_Man City_Brighton,2020-2021,18,Man City,Brighton,H,1,21.0,12.0,2.0,0.0,2.0,"Disciplined, LowTempoController",0
2020-2021_Tottenham_Fulham,2020-2021,18,Tottenham,Fulham,D,2,30.0,11.0,3.0,0.0,3.0,"HighPressure, Opportunistic",0
2020-2021_Arsenal_Crystal Palace,2020-2021,18,Arsenal,Crystal Palace,D,0,23.0,10.0,2.0,0.0,2.0,"Disciplined, Opportunistic",0
2020-2021_Wolves_West Brom,2020-2021,19,Wolves,West Brom,A,5,35.0,11.0,3.0,0.0,3.0,"RiskTaker, HighPressure, ChaosInducer",1
2020-2021_Leeds_Brighton,2020-2021,19,Leeds,Brighton,A,1,14.0,7.0,2.0,0.0,2.0,"Disciplined, LowTempoController",0
2020-2021_West Ham_Burnley,2020-2021,19,West Ham,Burnley,H,1,25.0,11.0,3.0,0.0,3.0,"LowTempoController, DirectPlay",0
2020-2021_Fulham_Chelsea,2020-2021,19,Fulham,Chelsea,A,1,31.0,13.0,5.0,1.0,7.0,"AggressiveTackler, HighPressure, Opportunistic",1
2020-2021_Leicester_Southampton,2020-2021,19,Leicester,Southampton,H,2,24.0,7.0,4.0,0.0,4.0,"RiskTaker, AggressiveTackler",0
2020-2021_Sheffield United_Tottenham,2020-2021,19,Sheffield United,Tottenham,A,4,29.0,12.0,4.0,0.0,4.0,"RiskTaker, HighPressure, ChaosInducer",1
2020-2021_Liverpool_Man United,2020-2021,19,Liverpool,Man United,D,0,25.0,10.0,3.0,0.0,3.0,"Disciplined, LowTempoController",0
2020-2021_Man City_Crystal Palace,2020-2021,19,Man City,Crystal Palace,H,4,15.0,12.0,0.0,0.0,0.0,"Disciplined, LowTempoController",0
2020-2021_Arsenal_Newcastle,2020-2021,19,Arsenal,Newcastle,H,3,24.0,9.0,0.0,0.0,0.0,"Disciplined, ChaosInducer",0
2020-2021_West Ham_West Brom,2020-2021,19,West Ham,West Brom,H,3,20.0,4.0,1.0,0.0,1.0,"Disciplined, AggressiveTackler",0
2020-2021_Leicester_Chelsea,2020-2021,19,Leicester,Chelsea,H,2,17.0,9.0,4.0,0.0,4.0,"LowTempoController, Disciplined",0
2020-2021_Man City_Aston Villa,2020-2021,19,Man City,Aston Villa,H,2,39.0,18.0,2.0,0.0,2.0,"HighPressure, Disciplined, Opportunistic",0
2020-2021_Fulham_Man United,2020-2021,19,Fulham,Man United,A,3,27.0,10.0,4.0,0.0,4.0,"RiskTaker, ChaosInducer",1
2020-2021_Liverpool_Burnley,2020-2021,19,Liverpool,Burnley,A,1,33.0,12.0,3.0,0.0,3.0,"HighPressure, Opportunistic",0
2020-2021_Aston Villa_Newcastle,2020-2021,19,Aston Villa,Newcastle,H,2,21.0,9.0,3.0,0.0,3.0,"Opportunistic, HighPressure",0
2020-2021_Crystal Palace_West Ham,2020-2021,20,Crystal Palace,West Ham,A,5,23.0,7.0,0.0,0.0,0.0,"RiskTaker, Disciplined",0
2020-2021_Newcastle_Leeds,2020-2021,20,Newcastle,Leeds,A,3,31.0,14.0,4.0,0.0,4.0,"RiskTaker, HighPressure",0
2020-2021_Southampton_Arsenal,2020-2021,20,Southampton,Arsenal,A,4,22.0,9.0,3.0,0.0,3.0,"ChaosInducer, RiskTaker",1
2020-2021_West Brom_Man City,2020-2021,20,West Brom,Man City,A,5,22.0,11.0,2.0,0.0,2.0,"RiskTaker, Disciplined",0
2020-2021_Burnley_Aston Villa,2020-2021,20,Burnley,Aston Villa,H,5,28.0,6.0,1.0,0.0,1.0,"RiskTaker, Disciplined",0
2020-2021_Chelsea_Wolves,2020-2021,20,Chelsea,Wolves,D,0,18.0,14.0,2.0,0.0,2.0,"Disciplined, LowTempoController",0
2020-2021_Brighton_Fulham,2020-2021,20,Brighton,Fulham,D,0,26.0,10.0,3.0,0.0,3.0,"RiskTaker, HighPressure",0
2020-2021_Everton_Leicester,2020-2021,20,Everton,Leicester,D,2,27.0,16.0,2.0,0.0,2.0,"HighPressure, Disciplined, LowTempoController, Opportunistic",0
2020-2021_Man United_Sheffield United,2020-2021,20,Man United,Sheffield United,A,3,21.0,9.0,2.0,0.0,2.0,"Disciplined, AggressiveTackler",0
2020-2021_Tottenham_Liverpool,2020-2021,20,Tottenham,Liverpool,A,4,17.0,3.0,3.0,0.0,3.0,"Disciplined, ChaosInducer",0
2020-2021_Everton_Newcastle,2020-2021,21,Everton,Newcastle,A,2,24.0,19.0,7.0,0.0,7.0,"AggressiveTackler, HighPressure, ChaosInducer, LowTempoController",1
2020-2021_Crystal Palace_Wolves,2020-2021,21,Crystal Palace,Wolves,H,1,17.0,7.0,3.0,0.0,3.0,"RiskTaker, AggressiveTackler",0
2020-2021_Man City_Sheffield United,2020-2021,21,Man City,Sheffield United,H,1,14.0,10.0,3.0,0.0,3.0,"LowTempoController, HighPressure",0
2020-2021_West Brom_Fulham,2020-2021,21,West Brom,Fulham,D,4,17.0,5.0,1.0,0.0,1.0,"Disciplined, DirectPlay",0
2020-2021_Arsenal_Man United,2020-2021,21,Arsenal,Man United,D,0,31.0,11.0,4.0,0.0,4.0,"HighPressure, Opportunistic",0
2020-2021_Southampton_Aston Villa,2020-2021,21,Southampton,Aston Villa,A,1,28.0,8.0,1.0,0.0,1.0,"Disciplined, Opportunistic",0
2020-2021_Chelsea_Burnley,2020-2021,21,Chelsea,Burnley,H,2,20.0,6.0,1.0,0.0,1.0,"Disciplined, LowTempoController",0
2020-2021_Leicester_Leeds,2020-2021,21,Leicester,Leeds,A,4,26.0,10.0,3.0,0.0,3.0,"RiskTaker, DirectPlay",0
2020-2021_West Ham_Liverpool,2020-2021,21,West Ham,Liverpool,A,4,22.0,11.0,2.0,0.0,2.0,"Disciplined, DirectPlay",0
2020-2021_Brighton_Tottenham,2020-2021,21,Brighton,Tottenham,H,1,24.0,11.0,3.0,0.0,3.0,"RiskTaker, Opportunistic",0
2020-2021_Sheffield United_West Brom,2020-2021,22,Sheffield United,West Brom,H,3,22.0,11.0,3.0,0.0,3.0,"Opportunistic, HighPressure",0
2020-2021_Wolves_Arsenal,2020-2021,22,Wolves,Arsenal,H,3,20.0,15.0,5.0,2.0,9.0,"AggressiveTackler, ChaosInducer, LowTempoController",0
2020-2021_Man United_Southampton,2020-2021,22,Man United,Southampton,H,9,27.0,8.0,5.0,2.0,9.0,"AggressiveTackler, RiskTaker, ChaosInducer",1
2020-2021_Newcastle_Crystal Palace,2020-2021,22,Newcastle,Crystal Palace,A,3,27.0,10.0,4.0,0.0,4.0,"RiskTaker, ChaosInducer",1
2020-2021_Burnley_Man City,2020-2021,22,Burnley,Man City,A,2,19.0,4.0,3.0,0.0,3.0,"Opportunistic, DirectPlay",0
2020-2021_Fulham_Leicester,2020-2021,22,Fulham,Leicester,A,2,17.0,7.0,4.0,0.0,4.0,"Opportunistic, DirectPlay",0
2020-2021_Leeds_Everton,2020-2021,22,Leeds,Everton,A,3,26.0,8.0,5.0,0.0,5.0,"ChaosInducer, Disciplined",0
2020-2021_Aston Villa_West Ham,2020-2021,22,Aston Villa,West Ham,A,4,29.0,10.0,2.0,0.0,2.0,"RiskTaker, HighPressure, Disciplined",0
2020-2021_Liverpool_Brighton,2020-2021,22,Liverpool,Brighton,A,1,24.0,9.0,1.0,0.0,1.0,"Disciplined, RiskTaker",0
2020-2021_Tottenham_Chelsea,2020-2021,22,Tottenham,Chelsea,A,1,25.0,9.0,5.0,0.0,5.0,"RiskTaker, ChaosInducer",1
2020-2021_Aston Villa_Arsenal,2020-2021,23,Aston Villa,Arsenal,H,1,26.0,10.0,5.0,0.0,5.0,"Opportunistic, Opportunistic",0
2020-2021_Burnley_Brighton,2020-2021,23,Burnley,Brighton,D,2,30.0,15.0,2.0,0.0,2.0,"HighPressure, Disciplined, Opportunistic",0
2020-2021_Newcastle_Southampton,2020-2021,23,Newcastle,Southampton,H,5,20.0,7.0,3.0,1.0,5.0,"RiskTaker, ChaosInducer",1
2020-2021_Fulham_West Ham,2020-2021,23,Fulham,West Ham,D,0,28.0,10.0,3.0,1.0,5.0,"Opportunistic, LowTempoController",0
2020-2021_Man United_Everton,2020-2021,23,Man United,Everton,D,6,20.0,6.0,3.0,0.0,3.0,"RiskTaker, ChaosInducer",1
2020-2021_Tottenham_West Brom,2020-2021,23,Tottenham,West Brom,H,2,17.0,8.0,3.0,0.0,3.0,"AggressiveTackler, Disciplined",0
2020-2021_Wolves_Leicester,2020-2021,23,Wolves,Leicester,D,0,26.0,10.0,4.0,0.0,4.0,"RiskTaker, Disciplined",0
2020-2021_Liverpool_Man City,2020-2021,23,Liverpool,Man City,A,5,16.0,7.0,3.0,0.0,3.0,"ChaosInducer, RiskTaker",1
2020-2021_Sheffield United_Chelsea,2020-2021,23,Sheffield United,Chelsea,A,3,17.0,9.0,1.0,0.0,1.0,"Disciplined, LowTempoController",0
2020-2021_Leeds_Crystal Palace,2020-2021,23,Leeds,Crystal Palace,H,2,25.0,8.0,2.0,0.0,2.0,"Disciplined, Disciplined",0
2020-2021_Leicester_Liverpool,2020-2021,24,Leicester,Liverpool,H,4,26.0,14.0,3.0,0.0,3.0,"RiskTaker, HighPressure, LowTempoController",0
2020-2021_Crystal Palace_Burnley,2020-2021,24,Crystal Palace,Burnley,A,3,29.0,11.0,0.0,0.0,0.0,"RiskTaker, HighPressure, Disciplined",0
2020-2021_Man City_Tottenham,2020-2021,24,Man City,Tottenham,H,3,22.0,6.0,4.0,0.0,4.0,"HighPressure, DirectPlay",0
2020-2021_Brighton_Aston Villa,2020-2021,24,Brighton,Aston Villa,D,0,30.0,11.0,5.0,0.0,5.0,"HighPressure, Opportunistic",0
2020-2021_Southampton_Wolves,2020-2021,24,Southampton,Wolves,A,3,17.0,10.0,4.0,0.0,4.0,"LowTempoController, RiskTaker",0
2020-2021_West Brom_Man United,2020-2021,24,West Brom,Man United,D,2,17.0,9.0,5.0,0.0,5.0,"LowTempoController, Disciplined",0
2020-2021_Arsenal_Leeds,2020-2021,24,Arsenal,Leeds,H,6,22.0,9.0,2.0,0.0,2.0,"RiskTaker, ChaosInducer, Disciplined",0
2020-2021_Everton_Fulham,2020-2021,24,Everton,Fulham,A,2,19.0,9.0,2.0,0.0,2.0,"Disciplined, Opportunistic",0
2020-2021_West Ham_Sheffield United,2020-2021,24,West Ham,Sheffield United,H,3,21.0,14.0,2.0,0.0,2.0,"Disciplined, LowTempoController",0
2020-2021_Chelsea_Newcastle,2020-2021,24,Chelsea,Newcastle,H,2,28.0,15.0,0.0,0.0,0.0,"HighPressure, Disciplined, Opportunistic",0
2020-2021_Burnley_Fulham,2020-2021,24,Burnley,Fulham,D,2,16.0,10.0,2.0,0.0,2.0,"Disciplined, LowTempoController",0
2020-2021_Everton_Man City,2020-2021,24,Everton,Man City,A,4,19.0,10.0,3.0,0.0,3.0,"LowTempoController, AggressiveTackler",0
2020-2021_Wolves_Leeds,2020-2021,25,Wolves,Leeds,H,1,33.0,16.0,1.0,0.0,1.0,"HighPressure, Disciplined, Opportunistic",0
2020-2021_Southampton_Chelsea,2020-2021,25,Southampton,Chelsea,D,2,13.0,9.0,2.0,0.0,2.0,"Disciplined, LowTempoController",0
2020-2021_Burnley_West Brom,2020-2021,25,Burnley,West Brom,D,0,16.0,10.0,3.0,1.0,5.0,"LowTempoController, HighPressure",0
2020-2021_Liverpool_Everton,2020-2021,25,Liverpool,Everton,A,2,24.0,9.0,3.0,0.0,3.0,"HighPressure, AggressiveTackler",1
2020-2021_Fulham_Sheffield United,2020-2021,25,Fulham,Sheffield United,H,1,19.0,10.0,3.0,0.0,3.0,"LowTempoController, Disciplined",0
2020-2021_West Ham_Tottenham,2020-2021,25,West Ham,Tottenham,H,3,24.0,12.0,7.0,0.0,7.0,"AggressiveTackler, ChaosInducer",1
2020-2021_Aston Villa_Leicester,2020-2021,25,Aston Villa,Leicester,A,3,27.0,15.0,3.0,0.0,3.0,"RiskTaker, HighPressure, LowTempoController",0
2020-2021_Arsenal_Man City,2020-2021,25,Arsenal,Man City,A,1,22.0,4.0,4.0,0.0,4.0,"Opportunistic, ChaosInducer",0
2020-2021_Man United_Newcastle,2020-2021,25,Man United,Newcastle,H,4,25.0,10.0,3.0,0.0,3.0,"RiskTaker, AggressiveTackler",1
2020-2021_Brighton_Crystal Palace,2020-2021,25,Brighton,Crystal Palace,A,3,28.0,13.0,2.0,0.0,2.0,"RiskTaker, HighPressure, Disciplined",0
2020-2021_Leeds_Southampton,2020-2021,25,Leeds,Southampton,H,3,24.0,6.0,3.0,0.0,3.0,"Disciplined, AggressiveTackler",0
2020-2021_Man City_West Ham,2020-2021,26,Man City,West Ham,H,3,19.0,6.0,2.0,0.0,2.0,"Disciplined, AggressiveTackler",0
2020-2021_West Brom_Brighton,2020-2021,26,West Brom,Brighton,H,1,21.0,11.0,0.0,0.0,0.0,"Disciplined, LowTempoController",0
2020-2021_Leeds_Aston Villa,2020-2021,26,Leeds,Aston Villa,A,1,22.0,12.0,5.0,0.0,5.0,"LowTempoController, RiskTaker",0
2020-2021_Newcastle_Wolves,2020-2021,26,Newcastle,Wolves,D,2,33.0,8.0,2.0,0.0,2.0,"HighPressure, Disciplined, Opportunistic",0
2020-2021_Crystal Palace_Fulham,2020-2021,26,Crystal Palace,Fulham,D,0,19.0,4.0,2.0,0.0,2.0,"Disciplined, Disciplined",0
2020-2021_Leicester_Arsenal,2020-2021,26,Leicester,Arsenal,A,4,20.0,9.0,3.0,0.0,3.0,"ChaosInducer, DirectPlay",1
2020-2021_Tottenham_Burnley,2020-2021,26,Tottenham,Burnley,H,4,26.0,7.0,0.0,0.0,0.0,"RiskTaker, Disciplined",0
2020-2021_Chelsea_Man United,2020-2021,26,Chelsea,Man United,D,0,29.0,7.0,3.0,0.0,3.0,"Opportunistic, RiskTaker",0
2020-2021_Sheffield United_Liverpool,2020-2021,26,Sheffield United,Liverpool,A,2,24.0,7.0,0.0,0.0,0.0,"Disciplined, AggressiveTackler",0
2020-2021_Everton_Southampton,2020-2021,26,Everton,Southampton,H,1,16.0,14.0,2.0,0.0,2.0,"Disciplined, LowTempoController",0
2020-2021_Man City_Wolves,2020-2021,26,Man City,Wolves,H,5,28.0,12.0,1.0,0.0,1.0,"RiskTaker, HighPressure, Disciplined",0
2020-2021_Burnley_Leicester,2020-2021,26,Burnley,Leicester,D,2,27.0,13.0,2.0,0.0,2.0,"HighPressure, Disciplined, Opportunistic",0
2020-2021_Sheffield United_Aston Villa,2020-2021,26,Sheffield United,Aston Villa,H,1,25.0,9.0,1.0,1.0,3.0,"DirectPlay, LowTempoController",0
2020-2021_Crystal Palace_Man United,2020-2021,26,Crystal Palace,Man United,D,0,19.0,10.0,1.0,0.0,1.0,"Disciplined, LowTempoController",0
2020-2021_Fulham_Tottenham,2020-2021,26,Fulham,Tottenham,A,1,20.0,5.0,3.0,0.0,3.0,"DirectPlay, AggressiveTackler",0
2020-2021_West Brom_Everton,2020-2021,26,West Brom,Everton,A,1,22.0,6.0,4.0,0.0,4.0,"AggressiveTackler, Opportunistic",0
2020-2021_Liverpool_Chelsea,2020-2021,26,Liverpool,Chelsea,A,1,18.0,7.0,0.0,0.0,0.0,"Disciplined, Disciplined",0
2020-2021_Burnley_Arsenal,2020-2021,27,Burnley,Arsenal,D,2,24.0,6.0,2.0,0.0,2.0,"Disciplined, Disciplined",0
2020-2021_Sheffield United_Southampton,2020-2021,27,Sheffield United,Southampton,A,2,23.0,10.0,7.0,0.0,7.0,"AggressiveTackler, ChaosInducer",1
2020-2021_Aston Villa_Wolves,2020-2021,27,Aston Villa,Wolves,D,0,19.0,8.0,1.0,0.0,1.0,"Disciplined, RiskTaker",0
2020-2021_Brighton_Leicester,2020-2021,27,Brighton,Leicester,A,3,15.0,12.0,1.0,0.0,1.0,"Disciplined, LowTempoController",0
2020-2021_West Brom_Newcastle,2020-2021,27,West Brom,Newcastle,D,0,22.0,16.0,0.0,0.0,0.0,"HighPressure, Disciplined, LowTempoController",0
2020-2021_Liverpool_Fulham,2020-2021,27,Liverpool,Fulham,A,1,26.0,13.0,5.0,0.0,5.0,"HighPressure, ChaosInducer",0
2020-2021_Man City_Man United,2020-2021,27,Man City,Man United,A,2,31.0,8.0,3.0,0.0,3.0,"Opportunistic, RiskTaker",0
2020-2021_Tottenham_Crystal Palace,2020-2021,27,Tottenham,Crystal Palace,H,5,17.0,6.0,5.0,0.0,5.0,"ChaosInducer, HighPressure",0
2020-2021_Chelsea_Everton,2020-2021,27,Chelsea,Everton,H,2,26.0,10.0,3.0,0.0,3.0,"AggressiveTackler, DirectPlay",0
2020-2021_West Ham_Leeds,2020-2021,27,West Ham,Leeds,H,2,33.0,12.0,2.0,0.0,2.0,"HighPressure, Disciplined, Opportunistic",0
2020-2021_Man City_Southampton,2020-2021,27,Man City,Southampton,H,7,28.0,10.0,1.0,0.0,1.0,"RiskTaker, ChaosInducer, Disciplined",1
2020-2021_Newcastle_Aston Villa,2020-2021,28,Newcastle,Aston Villa,D,2,27.0,4.0,5.0,0.0,5.0,"Opportunistic, LowTempoController",0
2020-2021_Leeds_Chelsea,2020-2021,28,Leeds,Chelsea,D,0,22.0,13.0,3.0,0.0,3.0,"LowTempoController, AggressiveTackler",0
2020-2021_Crystal Palace_West Brom,2020-2021,28,Crystal Palace,West Brom,H,1,18.0,5.0,4.0,0.0,4.0,"AggressiveTackler, RiskTaker",0
2020-2021_Everton_Burnley,2020-2021,28,Everton,Burnley,A,3,28.0,11.0,4.0,0.0,4.0,"RiskTaker, HighPressure",0
2020-2021_Fulham_Man City,2020-2021,28,Fulham,Man City,A,3,11.0,6.0,0.0,0.0,0.0,"Disciplined, LowTempoController",0
2020-2021_Southampton_Brighton,2020-2021,28,Southampton,Brighton,A,3,17.0,9.0,0.0,0.0,0.0,"Disciplined, LowTempoController",0
2020-2021_Leicester_Sheffield United,2020-2021,28,Leicester,Sheffield United,H,5,20.0,10.0,2.0,0.0,2.0,"RiskTaker, Disciplined",0
2020-2021_Arsenal_Tottenham,2020-2021,28,Arsenal,Tottenham,H,3,19.0,9.0,3.0,1.0,5.0,"ChaosInducer, LowTempoController",0
2020-2021_Man United_West Ham,2020-2021,28,Man United,West Ham,H,1,22.0,9.0,4.0,0.0,4.0,"LowTempoController, LowTempoController",0
2020-2021_Wolves_Liverpool,2020-2021,28,Wolves,Liverpool,A,1,22.0,5.0,3.0,0.0,3.0,"RiskTaker, AggressiveTackler",0
2020-2021_Fulham_Leeds,2020-2021,29,Fulham,Leeds,A,3,26.0,20.0,4.0,0.0,4.0,"HighPressure, LowTempoController",0
2020-2021_Brighton_Newcastle,2020-2021,29,Brighton,Newcastle,H,3,14.0,4.0,1.0,0.0,1.0,"Disciplined, RiskTaker",0
2020-2021_West Ham_Arsenal,2020-2021,29,West Ham,Arsenal,D,6,31.0,8.0,4.0,0.0,4.0,"RiskTaker, ChaosInducer",1
2020-2021_Aston Villa_Tottenham,2020-2021,29,Aston Villa,Tottenham,A,2,17.0,13.0,5.0,0.0,5.0,"LowTempoController, Disciplined",0
2020-2021_Chelsea_West Brom,2020-2021,30,Chelsea,West Brom,A,7,32.0,13.0,2.0,1.0,4.0,"RiskTaker, HighPressure, ChaosInducer",1
2020-2021_Leeds_Sheffield United,2020-2021,30,Leeds,Sheffield United,H,3,32.0,12.0,3.0,0.0,3.0,"RiskTaker, HighPressure",0
2020-2021_Leicester_Man City,2020-2021,30,Leicester,Man City,A,2,16.0,2.0,5.0,0.0,5.0,"Disciplined, RiskTaker",0
2020-2021_Arsenal_Liverpool,2020-2021,30,Arsenal,Liverpool,A,3,19.0,3.0,2.0,0.0,2.0,"Disciplined, LowTempoController",0
2020-2021_Southampton_Burnley,2020-2021,30,Southampton,Burnley,H,5,31.0,13.0,0.0,0.0,0.0,"RiskTaker, HighPressure, Disciplined",0
2020-2021_Newcastle_Tottenham,2020-2021,30,Newcastle,Tottenham,D,4,33.0,10.0,5.0,0.0,5.0,"RiskTaker, HighPressure, ChaosInducer",1
2020-2021_Aston Villa_Fulham,2020-2021,30,Aston Villa,Fulham,H,4,29.0,8.0,3.0,0.0,3.0,"RiskTaker, Opportunistic",0
2020-2021_Man United_Brighton,2020-2021,30,Man United,Brighton,H,3,20.0,11.0,4.0,0.0,4.0,"LowTempoController, AggressiveTackler",0
2020-2021_Everton_Crystal Palace,2020-2021,30,Everton,Crystal Palace,D,2,28.0,7.0,2.0,0.0,2.0,"Disciplined, Opportunistic",0
2020-2021_Wolves_West Ham,2020-2021,30,Wolves,West Ham,A,5,29.0,6.0,5.0,0.0,5.0,"RiskTaker, ChaosInducer",1
2020-2021_Fulham_Wolves,2020-2021,31,Fulham,Wolves,A,1,21.0,7.0,0.0,0.0,0.0,"Disciplined, RiskTaker",0
2020-2021_Man City_Leeds,2020-2021,31,Man City,Leeds,A,3,31.0,12.0,4.0,1.0,6.0,"AggressiveTackler, RiskTaker, HighPressure, ChaosInducer",1
2020-2021_Liverpool_Aston Villa,2020-2021,31,Liverpool,Aston Villa,H,3,32.0,7.0,6.0,0.0,6.0,"AggressiveTackler, RiskTaker, ChaosInducer",1
2020-2021_Crystal Palace_Chelsea,2020-2021,31,Crystal Palace,Chelsea,A,5,24.0,8.0,1.0,0.0,1.0,"RiskTaker, Disciplined",0
2020-2021_Burnley_Newcastle,2020-2021,31,Burnley,Newcastle,A,3,34.0,16.0,1.0,0.0,1.0,"RiskTaker, HighPressure, Disciplined",0
2020-2021_West Ham_Leicester,2020-2021,31,West Ham,Leicester,H,5,19.0,10.0,6.0,0.0,6.0,"AggressiveTackler, ChaosInducer, LowTempoController",0
2020-2021_Tottenham_Man United,2020-2021,31,Tottenham,Man United,A,4,24.0,12.0,6.0,0.0,6.0,"AggressiveTackler, RiskTaker, ChaosInducer",1
2020-2021_Sheffield United_Arsenal,2020-2021,31,Sheffield United,Arsenal,A,3,21.0,6.0,2.0,0.0,2.0,"Disciplined, RiskTaker",0
2020-2021_West Brom_Southampton,2020-2021,31,West Brom,Southampton,H,3,29.0,15.0,1.0,0.0,1.0,"RiskTaker, HighPressure, Disciplined",0
2020-2021_Brighton_Everton,2020-2021,31,Brighton,Everton,D,0,31.0,13.0,3.0,0.0,3.0,"HighPressure, Opportunistic",0
2020-2021_Everton_Tottenham,2020-2021,32,Everton,Tottenham,D,4,30.0,9.0,2.0,0.0,2.0,"RiskTaker, Disciplined",0
2020-2021_Newcastle_West Ham,2020-2021,32,Newcastle,West Ham,H,5,32.0,11.0,2.0,1.0,4.0,"RiskTaker, HighPressure, ChaosInducer",1
2020-2021_Wolves_Sheffield United,2020-2021,32,Wolves,Sheffield United,H,1,18.0,6.0,3.0,0.0,3.0,"RiskTaker, Opportunistic",0
2020-2021_Arsenal_Fulham,2020-2021,32,Arsenal,Fulham,D,2,21.0,12.0,3.0,0.0,3.0,"LowTempoController, Opportunistic",0
2020-2021_Man United_Burnley,2020-2021,32,Man United,Burnley,H,4,27.0,11.0,3.0,0.0,3.0,"RiskTaker, HighPressure",0
2020-2021_Leeds_Liverpool,2020-2021,32,Leeds,Liverpool,D,2,29.0,18.0,3.0,0.0,3.0,"HighPressure, LowTempoController, Opportunistic",0
2020-2021_Chelsea_Brighton,2020-2021,32,Chelsea,Brighton,D,0,18.0,3.0,2.0,1.0,4.0,"Disciplined, DirectPlay",0
2020-2021_Tottenham_Southampton,2020-2021,32,Tottenham,Southampton,H,3,22.0,10.0,3.0,0.0,3.0,"LowTempoController, ChaosInducer",0
2020-2021_Aston Villa_Man City,2020-2021,32,Aston Villa,Man City,A,3,21.0,12.0,1.0,2.0,5.0,"ChaosInducer, LowTempoController",0
2020-2021_Leicester_West Brom,2020-2021,32,Leicester,West Brom,H,3,21.0,10.0,2.0,0.0,2.0,"Disciplined, Opportunistic",0
2020-2021_Arsenal_Everton,2020-2021,33,Arsenal,Everton,A,1,22.0,10.0,4.0,0.0,4.0,"DirectPlay, Opportunistic",0
2020-2021_Liverpool_Newcastle,2020-2021,33,Liverpool,Newcastle,D,2,29.0,9.0,3.0,0.0,3.0,"Opportunistic, LowTempoController",0
2020-2021_West Ham_Chelsea,2020-2021,33,West Ham,Chelsea,A,1,26.0,6.0,4.0,1.0,6.0,"AggressiveTackler, ChaosInducer",1
2020-2021_Sheffield United_Brighton,2020-2021,33,Sheffield United,Brighton,H,1,24.0,14.0,3.0,0.0,3.0,"HighPressure, LowTempoController",0
2020-2021_Wolves_Burnley,2020-2021,33,Wolves,Burnley,A,4,26.0,13.0,3.0,0.0,3.0,"RiskTaker, HighPressure",1
2020-2021_Leeds_Man United,2020-2021,33,Leeds,Man United,D,0,22.0,8.0,5.0,0.0,5.0,"HighPressure, RiskTaker",0
2020-2021_Aston Villa_West Brom,2020-2021,33,Aston Villa,West Brom,D,4,34.0,15.0,2.0,0.0,2.0,"RiskTaker, HighPressure, Disciplined",0
2020-2021_Leicester_Crystal Palace,2020-2021,33,Leicester,Crystal Palace,H,3,17.0,9.0,1.0,0.0,1.0,"Disciplined, LowTempoController",0
2020-2021_Southampton_Leicester,2020-2021,34,Southampton,Leicester,D,2,28.0,10.0,1.0,1.0,3.0,"Opportunistic, HighPressure",0
2020-2021_Crystal Palace_Man City,2020-2021,34,Crystal Palace,Man City,A,2,29.0,8.0,2.0,0.0,2.0,"Disciplined, Opportunistic",0
2020-2021_Brighton_Leeds,2020-2021,34,Brighton,Leeds,H,2,28.0,11.0,2.0,0.0,2.0,"HighPressure, Disciplined, Opportunistic",0
2020-2021_Chelsea_Fulham,2020-2021,34,Chelsea,Fulham,H,2,19.0,9.0,2.0,0.0,2.0,"Disciplined, Opportunistic",0
2020-2021_Everton_Aston Villa,2020-2021,34,Everton,Aston Villa,A,3,29.0,9.0,2.0,0.0,2.0,"RiskTaker, Disciplined",0
2020-2021_Newcastle_Arsenal,2020-2021,34,Newcastle,Arsenal,A,2,24.0,10.0,3.0,1.0,5.0,"HighPressure, DirectPlay",0
2020-2021_Tottenham_Sheffield United,2020-2021,34,Tottenham,Sheffield United,H,4,28.0,12.0,2.0,0.0,2.0,"RiskTaker, HighPressure, Disciplined",0
2020-2021_West Brom_Wolves,2020-2021,34,West Brom,Wolves,D,2,30.0,11.0,2.0,0.0,2.0,"HighPressure, Disciplined, Opportunistic",0
2020-2021_Burnley_West Ham,2020-2021,34,Burnley,West Ham,A,3,30.0,9.0,3.0,0.0,3.0,"RiskTaker, AggressiveTackler",0
2020-2021_Leicester_Newcastle,2020-2021,35,Leicester,Newcastle,A,6,39.0,15.0,2.0,0.0,2.0,"RiskTaker, HighPressure, ChaosInducer, Disciplined",1
2020-2021_Leeds_Tottenham,2020-2021,35,Leeds,Tottenham,H,4,27.0,14.0,3.0,0.0,3.0,"RiskTaker, HighPressure",0
2020-2021_Sheffield United_Crystal Palace,2020-2021,35,Sheffield United,Crystal Palace,A,2,28.0,16.0,2.0,0.0,2.0,"HighPressure, Disciplined, LowTempoController, Opportunistic",0
2020-2021_Man City_Chelsea,2020-2021,35,Man City,Chelsea,A,3,28.0,8.0,2.0,0.0,2.0,"RiskTaker, Disciplined",0
2020-2021_Liverpool_Southampton,2020-2021,35,Liverpool,Southampton,H,2,26.0,12.0,1.0,0.0,1.0,"HighPressure, Disciplined",0
2020-2021_Wolves_Brighton,2020-2021,35,Wolves,Brighton,H,3,21.0,15.0,4.0,2.0,8.0,"AggressiveTackler, HighPressure, ChaosInducer, LowTempoController",1
2020-2021_Aston Villa_Man United,2020-2021,35,Aston Villa,Man United,A,4,29.0,11.0,2.0,1.0,4.0,"RiskTaker, HighPressure, ChaosInducer",1
2020-2021_West Ham_Everton,2020-2021,35,West Ham,Everton,A,1,20.0,11.0,3.0,0.0,3.0,"LowTempoController, Opportunistic",0
2020-2021_Arsenal_West Brom,2020-2021,35,Arsenal,West Brom,H,4,27.0,12.0,3.0,0.0,3.0,"RiskTaker, HighPressure",0
2020-2021_Fulham_Burnley,2020-2021,35,Fulham,Burnley,A,2,35.0,12.0,2.0,0.0,2.0,"HighPressure, Disciplined, Opportunistic",0
2020-2021_Man United_Leicester,2020-2021,35,Man United,Leicester,A,3,16.0,7.0,0.0,0.0,0.0,"Disciplined, Opportunistic",0
2020-2021_Southampton_Crystal Palace,2020-2021,35,Southampton,Crystal Palace,H,4,24.0,20.0,5.0,0.0,5.0,"RiskTaker, HighPressure, ChaosInducer, LowTempoController",1
2020-2021_Chelsea_Arsenal,2020-2021,35,Chelsea,Arsenal,A,1,24.0,10.0,1.0,0.0,1.0,"Disciplined, DirectPlay",0
2020-2021_Aston Villa_Everton,2020-2021,35,Aston Villa,Everton,D,0,28.0,10.0,2.0,0.0,2.0,"Disciplined, Opportunistic",0
2020-2021_Man United_Liverpool,2020-2021,35,Man United,Liverpool,A,6,35.0,10.0,3.0,0.0,3.0,"RiskTaker, HighPressure, ChaosInducer",1
2020-2021_Newcastle_Man City,2020-2021,36,Newcastle,Man City,A,7,26.0,9.0,4.0,0.0,4.0,"RiskTaker, ChaosInducer",1
2020-2021_Burnley_Leeds,2020-2021,36,Burnley,Leeds,A,4,32.0,14.0,2.0,0.0,2.0,"RiskTaker, HighPressure, Disciplined",0
2020-2021_Southampton_Fulham,2020-2021,36,Southampton,Fulham,H,4,21.0,11.0,1.0,0.0,1.0,"Disciplined, LowTempoController",0
2020-2021_Brighton_West Ham,2020-2021,36,Brighton,West Ham,D,2,25.0,6.0,2.0,0.0,2.0,"Disciplined, Disciplined",0
2020-2021_Crystal Palace_Aston Villa,2020-2021,36,Crystal Palace,Aston Villa,H,5,42.0,14.0,5.0,0.0,5.0,"RiskTaker, HighPressure, ChaosInducer",1
2020-2021_Tottenham_Wolves,2020-2021,36,Tottenham,Wolves,H,2,39.0,13.0,1.0,0.0,1.0,"HighPressure, Disciplined, Opportunistic",0
2020-2021_West Brom_Liverpool,2020-2021,36,West Brom,Liverpool,A,3,36.0,22.0,0.0,0.0,0.0,"RiskTaker, HighPressure, Disciplined, LowTempoController",0
2020-2021_Everton_Sheffield United,2020-2021,36,Everton,Sheffield United,A,1,26.0,15.0,4.0,0.0,4.0,"HighPressure, LowTempoController",0
2020-2021_Man United_Fulham,2020-2021,37,Man United,Fulham,D,2,21.0,7.0,5.0,0.0,5.0,"ChaosInducer, RiskTaker",1
2020-2021_Southampton_Leeds,2020-2021,37,Southampton,Leeds,A,2,33.0,9.0,3.0,0.0,3.0,"HighPressure, Opportunistic",0
2020-2021_Brighton_Man City,2020-2021,37,Brighton,Man City,H,5,27.0,8.0,6.0,1.0,8.0,"AggressiveTackler, RiskTaker, ChaosInducer",1
2020-2021_Chelsea_Leicester,2020-2021,37,Chelsea,Leicester,H,3,24.0,11.0,6.0,0.0,6.0,"AggressiveTackler, ChaosInducer",1
2020-2021_Everton_Wolves,2020-2021,37,Everton,Wolves,H,1,23.0,19.0,2.0,0.0,2.0,"HighPressure, Disciplined, LowTempoController",0
2020-2021_Newcastle_Sheffield United,2020-2021,37,Newcastle,Sheffield United,H,1,27.0,7.0,2.0,0.0,2.0,"Disciplined, Opportunistic",0
2020-2021_Tottenham_Aston Villa,2020-2021,37,Tottenham,Aston Villa,A,3,30.0,9.0,2.0,0.0,2.0,"RiskTaker, Disciplined",0
2020-2021_Crystal Palace_Arsenal,2020-2021,37,Crystal Palace,Arsenal,A,4,18.0,13.0,3.0,0.0,3.0,"LowTempoController, DirectPlay",0
2020-2021_Burnley_Liverpool,2020-2021,37,Burnley,Liverpool,A,3,30.0,13.0,0.0,0.0,0.0,"RiskTaker, HighPressure, Disciplined",0
2020-2021_West Brom_West Ham,2020-2021,37,West Brom,West Ham,A,4,35.0,14.0,4.0,0.0,4.0,"RiskTaker, HighPressure, ChaosInducer",1
2020-2021_Arsenal_Brighton,2020-2021,38,Arsenal,Brighton,H,2,21.0,14.0,0.0,0.0,0.0,"Disciplined, LowTempoController",0
2020-2021_Aston Villa_Chelsea,2020-2021,38,Aston Villa,Chelsea,H,3,29.0,11.0,6.0,1.0,8.0,"AggressiveTackler, RiskTaker, HighPressure, ChaosInducer",1
2020-2021_Fulham_Newcastle,2020-2021,38,Fulham,Newcastle,A,2,24.0,9.0,1.0,0.0,1.0,"Disciplined, ChaosInducer",0
2020-2021_Leeds_West Brom,2020-2021,38,Leeds,West Brom,H,4,31.0,11.0,3.0,0.0,3.0,"RiskTaker, HighPressure",0
2020-2021_Leicester_Tottenham,2020-2021,38,Leicester,Tottenham,A,6,21.0,15.0,2.0,0.0,2.0,"RiskTaker, HighPressure, ChaosInducer, Disciplined, LowTempoController",0
2020-2021_Liverpool_Crystal Palace,2020-2021,38,Liverpool,Crystal Palace,H,2,24.0,15.0,4.0,0.0,4.0,"HighPressure, LowTempoController",0
2020-2021_Man City_Everton,2020-2021,38,Man City,Everton,H,5,29.0,12.0,4.0,0.0,4.0,"RiskTaker, HighPressure, ChaosInducer",1
2020-2021_Sheffield United_Burnley,2020-2021,38,Sheffield United,Burnley,H,1,22.0,17.0,4.0,0.0,4.0,"HighPressure, LowTempoController",0
2020-2021_West Ham_Southampton,2020-2021,38,West Ham,Southampton,H,3,31.0,5.0,3.0,0.0,3.0,"RiskTaker, LowTempoController",0
2020-2021_Wolves_Man United,2020-2021,38,Wolves,Man United,A,3,23.0,8.0,5.0,0.0,5.0,"ChaosInducer, ChaosInducer",1
2021-2022_Brentford_Arsenal,2021-2022,1,Brentford,Arsenal,H,2,30.0,7.0,0.0,0.0,0.0,"Disciplined, Opportunistic",0
2021-2022_Man United_Leeds,2021-2022,1,Man United,Leeds,H,6,26.0,9.0,3.0,0.0,3.0,"RiskTaker, ChaosInducer",1
2021-2022_Burnley_Brighton,2021-2022,1,Burnley,Brighton,A,3,28.0,13.0,3.0,0.0,3.0,"RiskTaker, HighPressure",0
2021-2022_Chelsea_Crystal Palace,2021-2022,1,Chelsea,Crystal Palace,H,3,17.0,7.0,0.0,0.0,0.0,"Disciplined, LowTempoController",0
2021-2022_Everton_Southampton,2021-2022,1,Everton,Southampton,H,4,20.0,14.0,2.0,0.0,2.0,"Disciplined, LowTempoController",0
2021-2022_Leicester_Wolves,2021-2022,1,Leicester,Wolves,H,1,26.0,9.0,3.0,0.0,3.0,"DirectPlay, Opportunistic",0
2021-2022_Watford_Aston Villa,2021-2022,1,Watford,Aston Villa,H,5,24.0,6.0,4.0,0.0,4.0,"RiskTaker, ChaosInducer",1
2021-2022_Norwich_Liverpool,2021-2022,1,Norwich,Liverpool,A,3,33.0,14.0,2.0,0.0,2.0,"RiskTaker, HighPressure, Disciplined",0
2021-2022_Newcastle_West Ham,2021-2022,1,Newcastle,West Ham,A,6,25.0,13.0,1.0,0.0,1.0,"RiskTaker, HighPressure, Disciplined",0
2021-2022_Tottenham_Man City,2021-2022,1,Tottenham,Man City,H,1,31.0,14.0,3.0,0.0,3.0,"HighPressure, Opportunistic",0
2021-2022_Liverpool_Burnley,2021-2022,2,Liverpool,Burnley,H,2,36.0,12.0,0.0,0.0,0.0,"HighPressure, Disciplined, Opportunistic",0
2021-2022_Aston Villa_Newcastle,2021-2022,2,Aston Villa,Newcastle,H,2,19.0,7.0,7.0,0.0,7.0,"AggressiveTackler, ChaosInducer",1
2021-2022_Crystal Palace_Brentford,2021-2022,2,Crystal Palace,Brentford,D,0,21.0,8.0,4.0,0.0,4.0,"Opportunistic, Disciplined",0
2021-2022_Leeds_Everton,2021-2022,2,Leeds,Everton,D,4,34.0,13.0,6.0,0.0,6.0,"AggressiveTackler, RiskTaker, HighPressure, ChaosInducer",1
2021-2022_Man City_Norwich,2021-2022,2,Man City,Norwich,H,5,17.0,7.0,1.0,0.0,1.0,"Disciplined, DirectPlay",0
2021-2022_Brighton_Watford,2021-2022,2,Brighton,Watford,H,2,23.0,9.0,4.0,0.0,4.0,"LowTempoController, ChaosInducer",0
2021-2022_Southampton_Man United,2021-2022,2,Southampton,Man United,D,2,23.0,14.0,5.0,0.0,5.0,"HighPressure, LowTempoController",0
2021-2022_Wolves_Tottenham,2021-2022,2,Wolves,Tottenham,A,1,33.0,9.0,5.0,0.0,5.0,"HighPressure, Opportunistic",0
2021-2022_Arsenal_Chelsea,2021-2022,2,Arsenal,Chelsea,A,2,28.0,17.0,3.0,0.0,3.0,"HighPressure, LowTempoController, Opportunistic",0
2021-2022_West Ham_Leicester,2021-2022,2,West Ham,Leicester,H,5,18.0,10.0,1.0,1.0,3.0,"ChaosInducer, LowTempoController",0
